Post Name,Post Link,Author,Type,Date Posted,Game Version,Class Shorthand,"Notable Gear, Features, Concepts",Notes / Description,See Also,Archive Link,,,,,,,,,,specific patch,super secret patch 8 date,patch 7 date,patch 6 date,patch 5 date,patch 4 date,patch 3 date,patch 2 date,patch 1 date,release date
Level Up Spore Servants,https://www.reddit.com/r/BaldursGate3/comments/1qmvf3r/level_up_spore_servants/,H3XK1TT3N,game mechanic,2026-Jan-25,patch 8,(not a class build),"Sovereign Glut, Spore Servant",1. Have Glut and a bunch of spore servants attached. // 2. Switch to another character. // 3. That character does improvised Throw. // 4. Fast travel to Camp. // 5. Save. // 6. Reload. // 7. Glut and other creatures level up to your character level.,,Not Applicable (YouTube link),,,,,,,,,,patch 8,2025-Apr-15,2024-Sep-05,2024-Feb-16,2023-Nov-30,2023-Nov-02,2023-Sep-22,2023-Aug-31,2023-Aug-25,2023-Aug-03
The Dryad summon can free Aylin during Myrkul fight,https://www.reddit.com/r/BG3Builds/comments/1qmt4uw/the_dryad_summon_can_free_aylin_during_myrkul/,floormanifold,game mechanic,2026-Jan-25,patch 8,(not a class build),"Aylin, Nightsong, Ketheric, Myrkul, Dryad","The Dryad summon's aura Nature's Step essentially gives the Freedom of Movement condition to anyone in range, curing and preventing the Restrained and Paralyzed conditions.",,https://docs.google.com/document/d/1-colyf_tw0S30x7crMAtL5JLzfHpD5GETThUEVyKoAQ/edit?usp=sharing,,,,,,,,,,patch 8,2025-Apr-15,2024-Sep-05,2024-Feb-16,2023-Nov-30,2023-Nov-02,2023-Sep-22,2023-Aug-31,2023-Aug-25,2023-Aug-03
Transmutation Stone Camp Cast,https://www.reddit.com/r/BG3Builds/comments/1qmvbel/new_transmutation_stone_camp_cast/,Nisha_the_lawbringer,game mechanic,2026-Jan-25,patch 8,(not a class build),"Transmuter's Stone, Camp Casting","1. Transmuter makes stone targeting (let's say) Tav. // 2. Tav moves stone from inventory to any regular chest that is sitting on the ground in camp, or Send to Camp chest. // 3. Tav still has effect. // 4. Transmuter casts Enhance Leap (or whatever, this is ideal though) to refresh Transmuter Stone power. // 5. Repeat with as many stones as you want. // 6. Dismiss transmuter. // 7. Tav still has effect(s)!",,https://docs.google.com/document/d/1cVTIPwZlxMTjymba-i8HYOv3dLB1DGeq7bejTCKsqCQ/edit?usp=sharing,,,,,,,,,,patch 8,2025-Apr-15,2024-Sep-05,2024-Feb-16,2023-Nov-30,2023-Nov-02,2023-Sep-22,2023-Aug-31,2023-Aug-25,2023-Aug-03
"Orin Ain't So Unstoppable, And Here's Why",https://www.reddit.com/r/BG3Builds/comments/1qm1iuy/comment/o1nxqqg/,JRandall0308,game mechanic,2026-Jan-24,patch 8,(not a class build),"Orin, Unstoppable, Cull the Weak","When the fight with Orin starts, she is granted stacks of Unstoppable via a script. These stacks function properly and will reduce incoming damage to 1, as intended. However, as soon as the Boon of Bhaal activates each round, it overwrites the ""top"" stack of Unstoppable with a status condition that behind the scenes *does not* reduce incoming damage to 1. Confusingly, this status also appears as ""Unstoppable"" on screen and in the combat log. Therefor, with the exception of the very first set of proper Unstoppable stacks granted to Orin via script, the first attack against her in each round will do full damage.",,https://docs.google.com/document/d/1dUh7ClbiyjIMdo7YnfCyzJ-jXyM4CP3M95rmwsjwyec/edit?usp=sharing,,,,,,,,,,patch 8,2025-Apr-15,2024-Sep-05,2024-Feb-16,2023-Nov-30,2023-Nov-02,2023-Sep-22,2023-Aug-31,2023-Aug-25,2023-Aug-03
"Concentrated Rage: The ""Spells"" You Can Concentrate on while Raging",https://www.reddit.com/r/BG3Builds/comments/1qgkf98/concentrated_rage_the_spells_you_can_concentrate/,JRandall0308,game mechanic,2026-Jan-18,patch 8,Barbarian 1 / X,"Rage, Spellcasting","if you Rage first, you are able to cast a ""spell"" that requires Concentration as long as the ""spell"" lacks the IsSpell flag. After it's cast, you can continue to Concentrate on the ""spell"" even though Rage supposedly disallows Concentration.",,https://docs.google.com/document/d/1aEkLt-FstWe_S5f6Ka9L38zpYjkgAY3PfQb92GJ3cF0/edit?usp=sharing,,,,,,,,,,patch 8,2025-Apr-15,2024-Sep-05,2024-Feb-16,2023-Nov-30,2023-Nov-02,2023-Sep-22,2023-Aug-31,2023-Aug-25,2023-Aug-03
Storm Bard,https://www.reddit.com/r/BG3Builds/comments/1qg7k9j/the_storm_bard_66_swordcerer_patch_8_honor_mode/,c4b-Bg3,build,2026-Jan-18,patch 8,Sorcerer (Storm) 6 / Bard (Swords) 6,"Heart of the Storm, Arcane Acuity, RadOrbs","Pairing Swords Bard and Storm Sorcerer creates a very solid spellblade build, even though it comes fully online somewhat late. ",Appendices to the Storm Bard Guide: https://www.reddit.com/r/BG3Builds/comments/1qgi6nj/extra_appendices_to_the_storm_bard_guide_more/,https://docs.google.com/document/d/12CNlVKXXOZ7pvlbtH7kG6p-2WFcSmY6FeXdio3j4Hqw/edit?usp=sharing,,,,,,,,,,patch 8,2025-Apr-15,2024-Sep-05,2024-Feb-16,2023-Nov-30,2023-Nov-02,2023-Sep-22,2023-Aug-31,2023-Aug-25,2023-Aug-03
Appendices to the Storm Bard Guide,https://www.reddit.com/r/BG3Builds/comments/1qgi6nj/extra_appendices_to_the_storm_bard_guide_more/,c4b-Bg3,build,2026-Jan-18,patch 8,Sorcerer (Storm) 6 / Bard (Swords) 6,"Heart of the Storm, Arcane Acuity, RadOrbs",Expansions and appendices to the Storm Bard,Storm Bard https://www.reddit.com/r/BG3Builds/comments/1qg7k9j/the_storm_bard_66_swordcerer_patch_8_honor_mode/ ,https://docs.google.com/document/d/1iuYQdJP0NE6gY1TcOirsXwQnamnSTTEvkV_4Uen15vY/edit?usp=sharing,,,,,,,,,,patch 8,2025-Apr-15,2024-Sep-05,2024-Feb-16,2023-Nov-30,2023-Nov-02,2023-Sep-22,2023-Aug-31,2023-Aug-25,2023-Aug-03
Fire Punch Control,https://www.reddit.com/r/BG3Builds/comments/1qfk88w/karlach_build_fire_punch_control_sorcerer_monk/,dogfighter75,build,2026-Jan-17,patch 8,Sorcerer (any) 2 / Monk 1 / Cleric (any) 1 / X,"Karlach, Soul Coins, Flurry of Blows, Hat of Fire Acuity",Unarmed attacks after Karlach has consumed a Soul Coin deal +1d4 fire damage which enables the Hat of Fire Acuity,clarification regading the mechanics: https://www.reddit.com/r/BG3Builds/comments/1qfk88w/comment/o0ozpo7/ ,https://docs.google.com/document/d/11NI1us6TnVbkvdsAaIPZRhIMNWjf0EdyHRv779SKCfg/edit?usp=sharing,,,,,,,,,,patch 8,2025-Apr-15,2024-Sep-05,2024-Feb-16,2023-Nov-30,2023-Nov-02,2023-Sep-22,2023-Aug-31,2023-Aug-25,2023-Aug-03
Wild Magic Barbarian Can Cast Spells While Raging,https://www.reddit.com/r/BG3Builds/comments/1qbsn9k/wild_magic_barbarian_can_cast_spells_while_raging/,t-slothrop,game mechanic,2026-Jan-13,patch 8,Barbarian (Wild) 1 / X,"wild magic, spellcasting","When you activate rage, there is a brief window between when you gain the rage status and the wild magic surge activates. During that window, if you immediately initiate an attack, you will interrupt the surge before the surge status gets applied to you. So, you will get the pop-up window for the surge but you won't get the actual surge status. This means you won't be able to use the surge, but it also means you'll be able to cast spells during the rage.",,https://docs.google.com/document/d/10RAWGXKO-_30C1gPv0vfT3sQdPzu4zVDN5r09dIUwag/edit?usp=sharing,,,,,,,,,,patch 8,2025-Apr-15,2024-Sep-05,2024-Feb-16,2023-Nov-30,2023-Nov-02,2023-Sep-22,2023-Aug-31,2023-Aug-25,2023-Aug-03
Saving Kanon,https://www.reddit.com/r/BaldursGate3/comments/1qazjre/saving_kanon_complete/,Aero_Naught,game mechanic,2026-Jan-12,patch 8,(not a class build),Kanon,a method to save Kanon (the tiefling who normally dies during the Grove fight cutscene),,https://docs.google.com/document/d/1HuU-fDvB4kQnNe140v0lCOhB5vJPz4Q6nMSyioX2XwI/edit?usp=sharing,,,,,,,,,,patch 8,2025-Apr-15,2024-Sep-05,2024-Feb-16,2023-Nov-30,2023-Nov-02,2023-Sep-22,2023-Aug-31,2023-Aug-25,2023-Aug-03
Devilfoil Masks + Invoke Duplicity = +7 STR,https://www.reddit.com/r/BG3Builds/comments/1q2wcl4/devilfoil_masks_invoke_duplicity_7_str/,mirksmail,game mechanic,2026-Jan-03,patch 8,Cleric (Trickery) 2 / X,"Invoke Duplicity, Devilfoil Mask",A trickery domain cleric casting Invoke duplicity can make an illusionary copy of itself that can trigger an extra Infernal Legion condition. A full party of 2nd level clerics can each generate +7 STR bonus to each other.,,https://docs.google.com/document/d/1g5B1bHcdzB7LH6L6aD2-CXTWvyeIaDuCw4fiSDTwODE/edit?usp=sharing,,,,,,,,,,patch 8,2025-Apr-15,2024-Sep-05,2024-Feb-16,2023-Nov-30,2023-Nov-02,2023-Sep-22,2023-Aug-31,2023-Aug-25,2023-Aug-03
Hunger of Arcane Hadarcher,https://www.reddit.com/r/BG3Builds/comments/1q19mae/the_hunger_of_arcane_hadarcher/,_Legend_Of_The_Rent_,build,2026-Jan-01,patch 8,Fighter (Arcane Archer) 7 / Warlock (any) 5,"Hunger of Hadar, Bow of the Banshee, Mental Fatigue",The core idea is combining Hunger of Hadar (HoH) with The Bow of the Banshee to make sure our enemies stay inside.,,https://docs.google.com/document/d/1UpQOIonYeBwWKzRmenxClNsPWy4CoxC8Golt6bj8Wpw/edit?usp=sharing,,,,,,,,,,patch 8,2025-Apr-15,2024-Sep-05,2024-Feb-16,2023-Nov-30,2023-Nov-02,2023-Sep-22,2023-Aug-31,2023-Aug-25,2023-Aug-03
Complete Divination Wizard Guide,https://www.reddit.com/r/BG3Builds/comments/1pzxquj/the_complete_divination_wizard_guide/,LostAccount2099,build,2025-Dec-30,patch 8,Wizard (Div) 6 / X,"Divination, Portent","a Divination Wizard 6 can effectively use dozens of Portent dice in a single Long Rest interval, and by (ab)using real-time mode can use the same Portent die on multiple enemy saves",Multiactivating OncePerTurn Abilities in Real Time: https://www.reddit.com/r/BG3Builds/comments/1putq87/multiactivating_onceperturn_abilities_in_real_time/ ,https://docs.google.com/document/d/1RKsxo3I9315LtntAWMDZL8mwiJsXHpuNCUgunhqfzh0/edit?usp=sharing,,,,,,,,,,patch 8,2025-Apr-15,2024-Sep-05,2024-Feb-16,2023-Nov-30,2023-Nov-02,2023-Sep-22,2023-Aug-31,2023-Aug-25,2023-Aug-03
Multiactivating OncePerTurn Abilities in Real Time,https://www.reddit.com/r/BG3Builds/comments/1putq87/multiactivating_onceperturn_abilities_in_real_time/,Captain_ET,game mechanic,2025-Dec-24,patch 8,(not a class build),"real-time mode, once per turn abilities","the game can't properly track OncePerTurn limits in real time mode... Even though 1 turn = 6 seconds of real time based on duration; if there's no actual “turn”, the game can't make you do it just once. When you are out of combat, all OncePerTurn effects trigger against all enemies hit by the attack.",,https://docs.google.com/document/d/13lsVmQy-TuVHSzxvKSvV9yHlV429E_a6Lm1HS1NtkQk/edit?usp=sharing,,,,,,,,,,patch 8,2025-Apr-15,2024-Sep-05,2024-Feb-16,2023-Nov-30,2023-Nov-02,2023-Sep-22,2023-Aug-31,2023-Aug-25,2023-Aug-03
Deep Dive into Damage Mechanics,https://www.reddit.com/r/BG3Builds/comments/1pucbjn/a_deep_dive_into_damage_mechanics_in_baldurs_gate/,Routine_Ad3835,game mechanic,2025-Dec-23,patch 8,(not a class build),"Damage, DRS",an explanation of damage mechanics that builds on previous DRS work,,https://docs.google.com/document/d/1wrKyObMd8-SP-8uB_3Q8D0ShxO_NaAPNszHVP6TLS8k/edit?usp=sharing,,,,,,,,,,patch 8,2025-Apr-15,2024-Sep-05,2024-Feb-16,2023-Nov-30,2023-Nov-02,2023-Sep-22,2023-Aug-31,2023-Aug-25,2023-Aug-03
Two and One-Third Years of Interesting Posts,https://www.reddit.com/r/BG3Builds/comments/1pu2u3u/two_and_onethird_years_of_interesting_posts/,JRandall0308,game mechanic,2025-Dec-23,patch 8,(not a class build),this spreadsheet,a breakdown of the data in this spreadsheet (as of this date),,https://docs.google.com/document/d/1LdCGgF9eFeMyEBA5YjUKqOdEO6u6QSkdOoHodRcEBvw/edit?usp=sharing,,,,,,,,,,patch 8,2025-Apr-15,2024-Sep-05,2024-Feb-16,2023-Nov-30,2023-Nov-02,2023-Sep-22,2023-Aug-31,2023-Aug-25,2023-Aug-03
Stealth Rolls Are Completely Broken,https://www.reddit.com/r/BG3Builds/comments/1ppapf4/stealth_rolls_are_completely_broken/,Jukervic,game mechanic,2025-Dec-17,patch 8,(not a class build),"Stealth, Hiding","Because of a bug the RNG state is (sometimes?) not updated correctly after the enemy makes their roll and so the player will make the exact same D20 roll. That means, if you have any source of advantage to cancel the built-in disadvantage, the result is completely determined by your Stealth bonus vs. the enemy's Perception bonus. If you do have disadvantage, you will sometimes get this result and sometimes worse.",Stealth rolls to avoid entering combat ALWAYS have disadvantage: https://www.reddit.com/r/BG3Builds/comments/1p5nm8i/stealth_rolls_to_avoid_entering_combat_always/ ,https://docs.google.com/document/d/1RI8paSeqWS7bmzdRzqy2raIFo0KyeR9bGhXAXrm6Ku8/edit?usp=sharing,,,,,,,,,,patch 8,2025-Apr-15,2024-Sep-05,2024-Feb-16,2023-Nov-30,2023-Nov-02,2023-Sep-22,2023-Aug-31,2023-Aug-25,2023-Aug-03
Highlander: Paladin - Abjurer - Sorcerer 5/5/2,https://www.reddit.com/r/BG3Builds/comments/1pndz3e/the_highlander_paladin_abjurer_sorcerer_552_solo/,MrAamog,build,2025-Dec-15,patch 8,Paladin (Devotion) 5 / Wizard (Abj) 5 / Sorcerer (White) 2,"Booming Blade, Elixirs of STR, Gloves of Dexterity, Amulet of Greater Health","After many (Solo) HM campaigns, I wanted to experience an HM run where I would not skip any major encounter. This means

Not avoiding optional big fights (e.g.: Ansur, the Hag, Raphael, Upper City Courtyard, ...)

Actually fighting the fights (e.g.: not throwing Orin in the chasm with an invisible mage hand from outside the Temple of Bhaal, no barrelmancy ...including against the Netherbrain)",,https://docs.google.com/document/d/1AHwdBilrMB5QIoYYUyD7Qro8Xt36ngAH5tsCQS3B6iQ/edit?usp=sharing,,,,,,,,,,patch 8,2025-Apr-15,2024-Sep-05,2024-Feb-16,2023-Nov-30,2023-Nov-02,2023-Sep-22,2023-Aug-31,2023-Aug-25,2023-Aug-03
Poison Barbarian,https://www.reddit.com/r/BG3Builds/comments/1pupmr3/poison_barb/,K40005,build,2025-Dec-14,patch 8,Barbarian (Wolverine) 6 / X,"poison, bleeding, maimed, prone","The main idea is using poison/bleed with wolverine aspect to maim and various other conditions to remove actions, cultivating a full CC, all take elk heart for the potential for aoe prone. This interaction works with all sources of bleed and poison as long as you are considered the ""source"" which means you can apply maimed in many ways.",,https://docs.google.com/document/d/1Q2o6_Bjoe2mE7UNl9yRCx2_y8SvgDmZQsnr7ue0uEJM/edit?usp=sharing,,,,,,,,,,patch 8,2025-Apr-15,2024-Sep-05,2024-Feb-16,2023-Nov-30,2023-Nov-02,2023-Sep-22,2023-Aug-31,2023-Aug-25,2023-Aug-03
A Look Inside the Code for Unarmed Damage Bonuses and Improvised Melee Weapon,https://www.reddit.com/r/BG3Builds/comments/1plr2rp/a_look_inside_the_code_for_unarmed_damage_bonuses/,t-slothrop,game mechanic,2025-Dec-13,patch 8,(not a class build),"Improvised Melee Weapon, unarmed attack, throw","IMW, like Throw, is considered an unarmed attack... but only for certain effects. Which effects those are is not obvious without looking at the code.",,https://docs.google.com/document/d/1HOGY4qOfjSeaxAu_XzLgLXTglCzgoist7On60AWw1Tc/edit?usp=sharing,,,,,,,,,,patch 8,2025-Apr-15,2024-Sep-05,2024-Feb-16,2023-Nov-30,2023-Nov-02,2023-Sep-22,2023-Aug-31,2023-Aug-25,2023-Aug-03
How to turn Baldur’s Gate3 into a Real-Time Combat game,https://www.reddit.com/r/BaldursGate3/comments/1pi218y/how_to_turn_baldurs_gate3_into_a_realtime_combat/,Alternative_Lab_9112,build,2025-Dec-09,patch 8,Warlock (Hex) 2 / Druid (Swarm) 5 / Rogue 1 / Sorcerer (Shadow) 4,"Eldritch Blast, stealth, real-time mode",a build which turns this game into a Real-Time Combat game (infinite Eldritch Blast and non interrupt hiding),https://www.bilibili.com/video/BV1ifN9zgEP1/?vd_source=95f6e2d3495dc0107edb5131b44985a9,https://docs.google.com/document/d/1f22zohWm_G6WIVUL9bbbO6GQZDg9pbi-mED_7NPpnIk/edit?usp=drive_link,,,,,,,,,,patch 8,2025-Apr-15,2024-Sep-05,2024-Feb-16,2023-Nov-30,2023-Nov-02,2023-Sep-22,2023-Aug-31,2023-Aug-25,2023-Aug-03
4 - 5 Booming Blades per turn Sustained (with No Extra Attack required),https://www.reddit.com/r/BG3Builds/comments/1pfsa01/4_5_booming_blades_per_turn_sustained_with_no/,Orval11,game mechanic,2025-Dec-06,patch 8,(not a class build),"Booming Blade, Instinctive Charm","The ""Booming Blader"" uses (one of) their Bonus Action(s) to make an Attack on an ""Enchanter"" teammate who has at least 6 levels of the Enchantment wizard subclass. ... The attack triggers the Enchanter's ""Instinctive Charm"" reaction, which happens before an attack roll is even made ... If the Booming Blader fails the WIS Saving throw from Instinctive Charm, then they receive a special Charm that (a) negates the attack they were making on the Enchanter and (b) in it's place gives the Blader a single additional weapon Attack Action that they can use to attack any target except the Enchanter.",,https://docs.google.com/document/d/1fpmpTxmffv7xjPqAnp1H0SvjyFThy8dL-e_sLdASc1s/edit?usp=sharing,,,,,,,,,,patch 8,2025-Apr-15,2024-Sep-05,2024-Feb-16,2023-Nov-30,2023-Nov-02,2023-Sep-22,2023-Aug-31,2023-Aug-25,2023-Aug-03
Infinite Karlach Spell Slots,https://www.reddit.com/r/BG3Builds/comments/1pficer/infinite_karlach_spell_slots/,leof135,game mechanic,2025-Dec-06,patch 8,(not a class build),"Karlach, spell slots","if Karlach is injured, you can go to camp and remove her from your party, then use any method of healing her (throw potion, cast spell, etc). it's important that you don't heal all of her health. she will then use 'regain health' and restore all remaining health. the fun part is, if she is a spell caster, she also restores all her lvl 1-5 spell slots",,https://docs.google.com/document/d/1DyZH9pgm9EpbNqwzW5iaxFiDmSZAo0R4DOPTtqtRwGw/edit?usp=sharing,,,,,,,,,,patch 8,2025-Apr-15,2024-Sep-05,2024-Feb-16,2023-Nov-30,2023-Nov-02,2023-Sep-22,2023-Aug-31,2023-Aug-25,2023-Aug-03
Camp Warder - The Silent Hero We Don't Deserve,https://www.reddit.com/r/BG3Builds/comments/1pfeiws/buildhm_camp_warder_the_silent_hero_we_dont/,void-crus,game mechanic,2025-Dec-05,patch 8,(not a class build),"Warding Bond, HAM, camp caster",latest iteration of the camp caster with lots of damage reduction to soak damage via Warding Bond; dicussion thread includes numerous other optimizations,,https://docs.google.com/document/d/12GliaQ9qJi4B4b1UHWMsLpY6FlLhsMw_lti8Vq2Cfmc/edit?usp=sharing,,,,,,,,,,patch 8,2025-Apr-15,2024-Sep-05,2024-Feb-16,2023-Nov-30,2023-Nov-02,2023-Sep-22,2023-Aug-31,2023-Aug-25,2023-Aug-03
Midnight Beast - Moon Druid 6 / Shadow Sorcerer 6 (Darkness + Web Horror Controller),https://www.reddit.com/r/BG3Builds/comments/1pbfdsl/build_the_midnight_beast_moon_druid_6_shadow/,SynDeathage,build,2025-Dec-01,patch 8,Druid (Moon) 6 / Sorcerer (Shadow) 6,"Darkness, Web, wildshape","The Midnight Beast — a Level 6 Druid (Circle of the Moon) / Level 6 Shadow Sorcerer hybrid that becomes a predator hiding inside magical darkness, trapping enemies in webs and tearing them apart like a horror monster.",,https://docs.google.com/document/d/1oGLTgrcP_I4xteP0yYJAyTlSYZ6qwzn2b4oQyLwmzts/edit?usp=sharing,,,,,,,,,,patch 8,2025-Apr-15,2024-Sep-05,2024-Feb-16,2023-Nov-30,2023-Nov-02,2023-Sep-22,2023-Aug-31,2023-Aug-25,2023-Aug-03
Fire Vulnerability - How to Deep Fry with Arsonist's Oil,https://www.reddit.com/r/BG3Builds/comments/1p9zsbj/fire_vulnerability_how_to_deep_fry_with_arsonists/,moezilla-666,game mechanic,2025-Nov-29,patch 8,(not a class build),"Arsonist's Oil, fire",discusses how Arsonist's Oil functions and methods for imposing fire vulnerability,,https://docs.google.com/document/d/1Pf51Zk_pFpuHltfFS8oBoh9A0RMX88OU-33TVDvzB7g/edit?usp=sharing,,,,,,,,,,patch 8,2025-Apr-15,2024-Sep-05,2024-Feb-16,2023-Nov-30,2023-Nov-02,2023-Sep-22,2023-Aug-31,2023-Aug-25,2023-Aug-03
The Storm Controller - Patch 8 Storm Acuity Caster,https://www.reddit.com/r/BG3Builds/comments/1p91t6h/the_storm_controller_patch_8_storm_acuity_caster/,grousedrum,build,2025-Nov-28,patch 8,Sorcerer (Storm) 11 / Paladin (Vengeance) 1,"Booming Blade, arcane acuity, GOBMP, Hat of Storm Scion's Power",Storm Sorcerer that uses two acuity items to build acuity quickly and emphasizes cantrips and low-resource play,,https://docs.google.com/document/d/1c52KkrqxV4gngtXOSeYrHMoYe3Ecspju_QSah5WuXcw/edit?usp=sharing,,,,,,,,,,patch 8,2025-Apr-15,2024-Sep-05,2024-Feb-16,2023-Nov-30,2023-Nov-02,2023-Sep-22,2023-Aug-31,2023-Aug-25,2023-Aug-03
Improvised weapons attacks makes Magic Club carry Rage bonuses as well as many others,https://www.reddit.com/r/BG3Builds/comments/1p7ugrk/improvised_weapons_attacks_makes_magic_club_carry/,EbonyHelicoidalRhino,game mechanic,2025-Nov-27,patch 8,(not a class build),"Improvised Melee Attack, Twisted Branch / Magic Club","for some reason, ONLY when you use a Melee Improvised Weapon, the Twisted Branch DRS will carry things like: Rage bonus // Improvised Weapons bonuses from items (Ring of Flinging, Gloves of Uninhibited Kushigo) // Shadow-cloaked Ring. // All the thing Magic Club normally carries like Horns of the Berserker or Lightning charges",,https://docs.google.com/document/d/1gvSY3L8eXl5BQ1Xbg-C8jgVRz8jKhIeN4_c-uHFkV7c/edit?usp=sharing,,,,,,,,,,patch 8,2025-Apr-15,2024-Sep-05,2024-Feb-16,2023-Nov-30,2023-Nov-02,2023-Sep-22,2023-Aug-31,2023-Aug-25,2023-Aug-03
Getting Thousands of XP from Gekh Coal Zombies Even Faster,https://www.reddit.com/r/BG3Builds/comments/1ozbiae/getting_thousands_of_xp_from_gekh_coal_zombies/,Routine_Ad3835,game mechanic,2025-Nov-27,patch 8,(not a class build),"PolyDom, Gekh Coal, Invoke Duplicity","combines several exploits to enhance the ""Coal Mining"" zombie-farming technique","previous Coal Mining thread, https://www.reddit.com/r/BG3Builds/comments/1lvek0e/how_to_reach_level_12_using_zombies_aka_coal/?sort=new ",https://docs.google.com/document/d/1IUBTlkBYtAxiOPEwl4585s9ypgDDAy5XCa7mE2Bc3G8/edit?usp=sharing,,,,,,,,,,patch 8,2025-Apr-15,2024-Sep-05,2024-Feb-16,2023-Nov-30,2023-Nov-02,2023-Sep-22,2023-Aug-31,2023-Aug-25,2023-Aug-03
Stealth rolls to avoid entering combat ALWAYS have disadvantage,https://www.reddit.com/r/BG3Builds/comments/1p5nm8i/stealth_rolls_to_avoid_entering_combat_always/,t-slothrop,game mechanic,2025-Nov-24,patch 8,(not a class build),Stealth,"Stealth rolls made to avoid entering combat when attacking while unseen are always rolled with disadvantage, regardless of lighting level, equipment, or distance from the target.","video demo: https://imgur.com/a/stealth-always-has-disadvantage-bg3-XFKnMt8 

Stealth Rolls Are Completely Broken: https://www.reddit.com/r/BG3Builds/comments/1ppapf4/stealth_rolls_are_completely_broken/ ",https://docs.google.com/document/d/1Hf4vS1GSFU4UwVX4-lL1VWcZTJcuXr65vJfvF9RSn5g/edit?usp=sharing,,,,,,,,,,patch 8,2025-Apr-15,2024-Sep-05,2024-Feb-16,2023-Nov-30,2023-Nov-02,2023-Sep-22,2023-Aug-31,2023-Aug-25,2023-Aug-03
WarKeeper / SwarmLock,https://www.reddit.com/r/BG3Builds/comments/1p5onek/warkeeperswarmlock_swarm_those_eldrich_blasts/,moezilla-666,build,2025-Nov-24,patch 8,Ranger (Swarm) 4 / Warlock (any) 2 / Sorcerer (any) 6,"Hunter's Mark, Eldritch Blast, Cloud of Jellyfish",Minor illusion > Drop bottle > off hand hand crossbow > Wet > Surprise > Hunters Mark > EB > Cloud of Jellyfish. Your dmg potential is on 1 EB: 1d10 + CHA Mod + 1d6 (2d6 if wet) + 1d6 (2d6 if wet). Pretty darn good on lvl4.,,https://docs.google.com/document/d/1RaOpKsRG3PujIIH1uLsbw5nCFSYmhBrttkJq0keMXJM/edit?usp=sharing,,,,,,,,,,patch 8,2025-Apr-15,2024-Sep-05,2024-Feb-16,2023-Nov-30,2023-Nov-02,2023-Sep-22,2023-Aug-31,2023-Aug-25,2023-Aug-03
Shadow Blade Fiend Warlock,https://www.reddit.com/r/BG3Builds/comments/1p4fdo4/honor_mode_93_shadow_blade_fiend_warlock/,SuddenBag,build,2025-Nov-23,patch 8,"Warlock (Fiend, Pact of the Blade) 9 / Fighter (BM) 3","Booming Blade, arcane acuity, Eldritch Blast","I wanted a build with the following characteristics:, 4d8 Shadow Blade + Extra Attack, Max out Arcane Acuity in one turn and use it to cast control (usually Hold spells) within the same turn, Ability to do good damage other than Psychic (to deal with Psychic-immune enemies). [this build] Flavour: it feels very Warlock-y, very much a gish, utilizing Pact of the Blade melee attacks, Pact Magic and Eldritch Blast in equal measure",,https://docs.google.com/document/d/18NyhNfTDCmoWemhdj3Ok1-FFlnmUnfDuDNVY9u-ZrWg/edit?usp=sharing,,,,,,,,,,patch 8,2025-Apr-15,2024-Sep-05,2024-Feb-16,2023-Nov-30,2023-Nov-02,2023-Sep-22,2023-Aug-31,2023-Aug-25,2023-Aug-03
Summon Cheat Sheet,https://www.reddit.com/r/BG3Builds/comments/1ozhxlp/summon_cheat_sheet/,Captain_ET,game mechanic,2025-Nov-17,patch 8,(not a class build),summons,"I made a Google Sheet with a good amount of summon properties to reference, along with links to the BG3 wiki and Norbyte data.",Google Sheet: https://docs.google.com/spreadsheets/d/1VlcE2-JidvWwuABSnVnwvkxEKc7p9akD1odp-BKEK-U/edit?usp=sharing ,https://docs.google.com/document/d/1d2fvrC_JS0j3XcbZPub4qeE2ifRD7rA682QiqpyvAE0/edit?usp=sharing,,,,,,,,,,patch 8,2025-Apr-15,2024-Sep-05,2024-Feb-16,2023-Nov-30,2023-Nov-02,2023-Sep-22,2023-Aug-31,2023-Aug-25,2023-Aug-03
Save Mayrina from Getting Teleported to Ethel's Lair in the Teahouse,https://www.reddit.com/r/BG3/comments/1ow67au/fun_fact_you_can_save_mayrina_from_getting/,Wafflebuble,game mechanic,2025-Nov-13,patch 8,(not a class build),"Mayrina, Autie Ethel",throw invis potion at Mayrina so Autie Ethel / Hag does not see her and cannot teleport her; After this Mayrina continues with her usual dialogue which plays after you save her from the cage and moves to the grave. Her dialogue there is the same as well.,,(none because the entire explanation is in a video embedded into the Reddit post),,,,,,,,,,patch 8,2025-Apr-15,2024-Sep-05,2024-Feb-16,2023-Nov-30,2023-Nov-02,2023-Sep-22,2023-Aug-31,2023-Aug-25,2023-Aug-03
Recruit Friendlies into Combat,https://www.reddit.com/r/BG3Builds/comments/1ovfxjz/help_arka_get_real_revenge_recruiting_friendlies/,Conjectural__Tech,game mechanic,2025-Nov-12,patch 8,(not a class build),Minor Illusion,"use minor illusion to attract the friendly units over to the hostile units. Once within range, they join combat. It's a bit tricky. You need to make sure that the path of the not-yet-in-combat friendly units will draw them close enough to hostile units before Minor Illusion expires. You also need to make sure that no units in combat succeed on the Minor Illusion investigation check, which they can do from any distance, as that instantly dispels it.",proof of concept video: https://www.youtube.com/watch?v=0-JdZpXflTo&t=825s ,https://docs.google.com/document/d/13952ykJF7PdgTH5dsGgDmDHd8ihl5n_9_WIKzBIPM-c/edit?usp=sharing,,,,,,,,,,patch 8,2025-Apr-15,2024-Sep-05,2024-Feb-16,2023-Nov-30,2023-Nov-02,2023-Sep-22,2023-Aug-31,2023-Aug-25,2023-Aug-03
Charger Has Become My Favorite Feat,https://www.reddit.com/r/BG3Builds/comments/1ounc85/charger_has_quickly_become_my_absolute_favorite/,BigPassenger3837,game mechanic,2025-Nov-11,patch 8,(not a class build),"Charger feat, Darkness, Booming Blade","If you Charge from a cloud of darkness (or while hiding), you retain your advantage when the attack lands, no matter what.... and other notes on this underappreciated feat.",,https://docs.google.com/document/d/16CF4RNO9k1h5OTJ_0XZLQJ_wvVrCcMEkpSP8Di13oRM/edit?usp=sharing,,,,,,,,,,patch 8,2025-Apr-15,2024-Sep-05,2024-Feb-16,2023-Nov-30,2023-Nov-02,2023-Sep-22,2023-Aug-31,2023-Aug-25,2023-Aug-03
Throwing Nyrulna Triggers the Gloves of Battlemage's Power,https://www.reddit.com/r/BG3Builds/comments/1otf7c9/throwing_nyrulna_triggers_the_gloves_of/,t-slothrop,game mechanic,2025-Nov-10,patch 8,(not a class build),"GOBMP, Arcane Acuity, Nylruna","the thunder AOE from throwing Nyrulna triggers the Gloves of Battlemage's Power, giving you +2 Acuity. The reason for this is that, under the hood, the AOE deals damage via a status called MAG_THE_THORNS_EXPLOSION_DAMAGE_TECHNICAL. [and thus] anything that deals damage via a status will trigger them.","GOBMP research, https://reddit.com/r/BG3Builds/comments/1nchxz7/understanding_the_gloves_of_battlemages_power/ ",https://docs.google.com/document/d/1t9hoIZ7Oolu9PhtVu54voAPUiOiCZ3GmycOADzAn00U/edit?usp=sharing,,,,,,,,,,patch 8,2025-Apr-15,2024-Sep-05,2024-Feb-16,2023-Nov-30,2023-Nov-02,2023-Sep-22,2023-Aug-31,2023-Aug-25,2023-Aug-03
Great Ass Hunter (AKA The Goo Hunter),https://www.reddit.com/r/BG3Builds/comments/1ol1eb8/the_great_ass_hunter_aka_the_goo_hunter/,LostAccount2099,build,2025-Oct-31,patch 8,Warlock (GOO) 2 / Ranger (Hunter) 5 / Rogue (Assassin) 4 / Cleric (Trickery) 1,"Horde Breaker, Mortal Reminder, Mental Fatigue, Bow of the Banshee","a full lockdown level 4 build around the synergy between HB (Horde Breaker), the Vision of the Absolute (VotA) spear, and Warlock GOO's Mortal Reminder, for AoE Blinded and AoE Frightened activations",Complete Horde Breaker Guide: https://www.reddit.com/r/BG3Builds/comments/1o3exhv/comment/nj30m0o/ ,https://docs.google.com/document/d/1A_o_TajM7BG9HlcuIqxa7yrUmWxDIq-ND70A73jBESU/edit?usp=sharing,,,,,,,,,,patch 8,2025-Apr-15,2024-Sep-05,2024-Feb-16,2023-Nov-30,2023-Nov-02,2023-Sep-22,2023-Aug-31,2023-Aug-25,2023-Aug-03
Due to an engine bug DEX characters may be easier to Shove than they should be,https://www.reddit.com/r/BG3Builds/comments/1ojk5fv/psa_due_to_an_engine_bug_dex_characters_may_be/,Jukervic,game mechanic,2025-Oct-29,patch 8,(not a class build),Shove,"Shove is a contested skill check against the target's passive Athletics or Acrobatics skill, whichever is higher ... [but] due to an oversight in the engine code the check will be made against Athletics if the target has any conditioned Advantage boosts, which for a PC will be most of the time.",,https://docs.google.com/document/d/1Udulyhspc6uIvEZ2py6mBAUEHgQ5D-Aw1GjK2JLERMY/edit?usp=sharing,,,,,,,,,,patch 8,2025-Apr-15,2024-Sep-05,2024-Feb-16,2023-Nov-30,2023-Nov-02,2023-Sep-22,2023-Aug-31,2023-Aug-25,2023-Aug-03
Connormancy or How I Stopped Worrying and Love the MagicWand,https://www.reddit.com/r/BG3Builds/comments/1ogm9u7/connormancy_or_how_i_stopped_worrying_and_love/,-FriendlyLich-,game mechanic,2025-Oct-26,patch 8,(not a class build),"Connor, Bitter Divorce",A year ago or so I watched tbj_quag's live vod where he used Connor's wand (Bitter Divorce not Second Marriage) to do a lot of cool stuff. The wand that summon the aggressive/evil version of Connor can be abused for plenty of shenanigans.,YouTube demonstration: https://www.youtube.com/watch?v=sQhk5q3Lvcc ,https://docs.google.com/document/d/1jhmk_MmL8X77KMWfjnY_sPyFfrBoFJC-DLI5GoH0SHc/edit?usp=sharing,,,,,,,,,,patch 8,2025-Apr-15,2024-Sep-05,2024-Feb-16,2023-Nov-30,2023-Nov-02,2023-Sep-22,2023-Aug-31,2023-Aug-25,2023-Aug-03
The Acuity Avengers,https://www.reddit.com/r/BG3Builds/comments/1o6iemk/meet_the_acuity_avengers_a_busted_team_comp_for/,peppsDC,party,2025-Oct-24,patch 8,Fighter (AA) 11 / Wizard 1 ; Sorcerer 12 ; Wizard (Bladesinger) 7 / Bard (Swords) 5 ; Paladin (Oathbreaker) 6 / Cleric (War) 4 / Warlock 2,Arcane Acuity,there are four acuity items and four party slots [so here's a party that uses all four],,https://docs.google.com/document/d/19i05DK7duQMli_uoXYR4eVUlCVa1IF_b7JSz6qeTla8/edit?usp=sharing,,,,,,,,,,patch 8,2025-Apr-15,2024-Sep-05,2024-Feb-16,2023-Nov-30,2023-Nov-02,2023-Sep-22,2023-Aug-31,2023-Aug-25,2023-Aug-03
Void Bulbs Trivialize the Game,https://www.reddit.com/r/BG3Builds/comments/1nhpymb/void_bulbs_trivialize_the_game/,Cocohomlogy,game mechanic,2025-Oct-15,patch 8,(not a class build),Void Bulbs,"Two peculiarities of this grenade make it extremely OP. (1) It is able to ""multiproc"". Each damage rider you are put on it will trigger it to pop again. With lightning charges and callous glow ring, throwing a single void bulb will proc 3 times. (3) Unlike every other grenade in the game, throwing a stack of void bulbs will pop each bulb in the stack.",,https://docs.google.com/document/d/1bbyw5sKYmdza1baIEITT5YBObvsMbbIeExEYOWO2MFU/edit?usp=sharing,,,,,,,,,,patch 8,2025-Apr-15,2024-Sep-05,2024-Feb-16,2023-Nov-30,2023-Nov-02,2023-Sep-22,2023-Aug-31,2023-Aug-25,2023-Aug-03
Horde Breaker Guide [2025],https://www.reddit.com/r/BG3Builds/comments/1o3exhv/the_complete_horde_breaker_guide/,LostAccount2099,game mechanic,2025-Oct-11,patch 8,Ranger (Hunter) 3 / X,Horde Breaker,"By its description, HB is a regular single-target attack that allows an additional attack against a nearby enemy. In reality, Horde Breaker is like a reverse Ice Knife: instead of an attack that explodes into an AoE, HB is an AoE attack that spreads a condition (Horde Breaker, which enables a free follow-up attack) while dealing weapon damage only to the target in the center of the AoE zone.",previous version: https://www.reddit.com/r/BG3Builds/comments/1hqkzhv/horde_breaker_guide_the_follow_up_post/ ,https://docs.google.com/document/d/17hawhmHrZUThfDlTSgFiOjNHOWtl7IoCQjwSsun0YRA/edit?usp=sharing,,,,,,,,,,patch 8,2025-Apr-15,2024-Sep-05,2024-Feb-16,2023-Nov-30,2023-Nov-02,2023-Sep-22,2023-Aug-31,2023-Aug-25,2023-Aug-03
Accidental Selunite 2.0,https://www.reddit.com/r/BG3Builds/comments/1o2qlrg/the_accidental_sel%C3%BBnite_20/,IfItsPizza,build,2025-Oct-09,patch 8,Rogue (AT) 3 / Wizard (Div) 2 / Cleric (Tempest) 2 / Druid (Moon) 2 / [flex],"Moonlight Glaive, Selune",role-playing build,,https://docs.google.com/document/d/1g528almPeO34uDCeQoaNWG8dqVOb5TkJR_CE-odduOE/edit?usp=sharing,,,,,,,,,,patch 8,2025-Apr-15,2024-Sep-05,2024-Feb-16,2023-Nov-30,2023-Nov-02,2023-Sep-22,2023-Aug-31,2023-Aug-25,2023-Aug-03
Karmic Dice - an in-depth look,https://www.reddit.com/r/BG3Builds/comments/1o0sjdv/karmic_dice_an_indepth_look/,Jukervic,game mechanic,2025-Oct-07,patch 8,(not a class build),"Karmic Dice, statistics","the math behind how Karmic Dice actually work, and implications for gameplay",,https://docs.google.com/document/d/1h_IMhJCkL3AYAjZMfQE5YOsJumyJNvj0IRUXRmBMfjw/edit?usp=sharing,,,,,,,,,,patch 8,2025-Apr-15,2024-Sep-05,2024-Feb-16,2023-Nov-30,2023-Nov-02,2023-Sep-22,2023-Aug-31,2023-Aug-25,2023-Aug-03
Swashbuckler: Sand Toss Guide and Build,https://www.reddit.com/r/BG3Builds/comments/1nzfnds/swashbuckler_sand_toss_guide_and_build/,Captain_ET,build,2025-Oct-06,patch 8,Rogue (Swashbuckler) 4 / Fighter (Battle Master) 6 / Warlock (Hex) 2,"Dirty Trick: Sand Toss, DRS","What if your target doesn’t have a weapon to flick? What if you want to use a weapon that isn’t finesse? These scenarios are where being a dirty tosser shines.  So what we are going to do here is analyze Sand Toss, and then make a couple of Opt 3 style honour mode builds to make the most of Swashbuckler’s unique mechanics. This is the deep dive on Sand Toss that no one asked for.",,https://docs.google.com/document/d/1KaSfvGPIsrGd8TJ41-uT4Uhyb_RIKQt3qA1Evd7cNS8/edit?usp=sharing,,,,,,,,,,patch 8,2025-Apr-15,2024-Sep-05,2024-Feb-16,2023-Nov-30,2023-Nov-02,2023-Sep-22,2023-Aug-31,2023-Aug-25,2023-Aug-03
Carrie-on-Bleeding,https://www.reddit.com/r/BG3Builds/comments/1nzp13s/solo_honour_build_carrieonbleeding/,moezilla-666,build,2025-Oct-06,patch 8,Barbarian (Wildheart) 6 / Rogue (Assassin) 5 / Warlock (Hex) 1 ,"bleeding, Maimed",Make bleed > Maim > Create AoE Darkness effect through BA disengage > Further Debuff,,https://docs.google.com/document/d/1flVtR6ZvGwk-1PMNsp0yxLQNzUqrnvT9c_-m6oRjWog/edit?usp=sharing,,,,,,,,,,patch 8,2025-Apr-15,2024-Sep-05,2024-Feb-16,2023-Nov-30,2023-Nov-02,2023-Sep-22,2023-Aug-31,2023-Aug-25,2023-Aug-03
Bugged Experience Rewards in the game,https://www.reddit.com/r/BG3Builds/comments/1nxofle/a_tally_of_bugged_experience_rewards_in_the_game/,Routine_Ad3835,game mechanic,2025-Oct-04,patch 8,(not a class build),XP,A number of experience rewards in the game are bugged. This post documents the most notable.,spreadsheet with more detail: https://docs.google.com/spreadsheets/d/1fW0m_kk5mT6wDzvQJAUnP0JRJIdUnGiO2w_S3TCyAS4/edit?gid=0#gid=0,https://docs.google.com/document/d/12xRJyU1VrM1OS7hEtBembrwr4ZyIfNMnZTcW7e2ILls/edit?usp=sharing,,,,,,,,,,patch 8,2025-Apr-15,2024-Sep-05,2024-Feb-16,2023-Nov-30,2023-Nov-02,2023-Sep-22,2023-Aug-31,2023-Aug-25,2023-Aug-03
Arcane Trickster Multiclasses,https://www.reddit.com/r/BG3Builds/s/oZni25Jx4c,Captain_ET,game mechanic,2025-Sep-30,patch 8,Rogue (AT) / various,"Arcane Trickster, Mage Hand Legerdemain","a reference for various Arcane Trickster multiclasses, level splits, and pros/cons",a later comment by ET with some updated thoughts: https://www.reddit.com/r/BG3Builds/comments/1pdgoy2/comment/ns5ksy1/?context=3 ,https://docs.google.com/document/d/1YR1lwwm37qWrHDIoZwx0VOctrrYS8YZqUjaT-oEWRgI/edit?usp=sharing,,,,,,,,,,patch 8,2025-Apr-15,2024-Sep-05,2024-Feb-16,2023-Nov-30,2023-Nov-02,2023-Sep-22,2023-Aug-31,2023-Aug-25,2023-Aug-03
Embracing the Wolf - Champion of Selune,https://www.reddit.com/r/BG3Builds/s/MbwJJRI9Io,xSILH,build,2025-Sep-26,patch 8,Druid (Stars) 12,"Tavern Brawler, Gloves of Dexterity, wolves","Wild Shapes benefit from permanent stat increases like these and they're the only consistent way to really push them beyond their normal thresholds. As a Champion of Selune, I really wanted to make the Wolf Wild Shape feel as grand as possible, which is largely what this build plays around. This character will be versatile- a powerful caster from afar, and a dangerous bite up close.",,https://docs.google.com/document/d/17brjSuI6olamwAYq4-fe-USRwIRl4FrMzygdKqGdjkA/edit?usp=sharing,,,,,,,,,,patch 8,2025-Apr-15,2024-Sep-05,2024-Feb-16,2023-Nov-30,2023-Nov-02,2023-Sep-22,2023-Aug-31,2023-Aug-25,2023-Aug-03
"Valour Cleave - Valiant Damage, Radiant Tiger Barb, GOO Hunter, & Optimizing the Selune Spear",https://www.reddit.com/r/BG3Builds/comments/1nl8rpt/valour_cleave_honor_mode_party_showcase_valiant/,grousedrum,party,2025-Sep-19,patch 8,Bard (Swords) 10 / Paladin 2 ; Barbarian (Tiger) 6 / Cleric (War) 2 / Wizard (Abj) 4 ; Ranger (Hunter) 11 / Warlock (GOO) 1 ; Bard (Valor) 10 / Warlock (Fiend) 2,"cleave, AOEs, Selune's Spear","we make use of both Valiant damage (h/t u/meph6148795), and Arcane Ward refresh methods (h/t u/LostAccount2099).  We also make heavy use of Horde Breaker’s interactions with multiple other abilities - Bow of the Banshee, Mortal Reminder, and the Mental Fatigue gear set - some of which have not been well known or documented previously.",,https://docs.google.com/document/d/1OkMBVv8HR58OJslSgODR15TW5JshiDircCDaxUsU668/edit?usp=sharing,,,,,,,,,,patch 8,2025-Apr-15,2024-Sep-05,2024-Feb-16,2023-Nov-30,2023-Nov-02,2023-Sep-22,2023-Aug-31,2023-Aug-25,2023-Aug-03
On Save Retribution,https://www.reddit.com/r/BG3Builds/comments/1neeil6/on_save_retribution_a_silly_goose_production/,Cocohomlogy,game mechanic,2025-Sep-11,patch 8,(not a class build),"Circlet of Psionic Revenge, Moon Devotion Robe, grease","The question is this: can we force ourselves to roll lots of saving throws against an enemy in one turn?

After lots of experimentation it turns out that we can!

If you make an opponent ""burn"" then when they ignite a grease (or unstable blood) surface the damage done is attributed to them. That also means that any grenades which were pre-placed will be ""popped"" by them. If you drop a ton of acid vials, each one will trigger both the circlet and the robe!",,https://docs.google.com/document/d/1_yLwcoGgMPuLBKERmaPnTjiJzUD00YAbawifwPrmfrQ/edit?usp=sharing,,,,,,,,,,patch 8,2025-Apr-15,2024-Sep-05,2024-Feb-16,2023-Nov-30,2023-Nov-02,2023-Sep-22,2023-Aug-31,2023-Aug-25,2023-Aug-03
Cosmic Avenger - A Shadowheart Story Build,https://www.reddit.com/r/BG3Builds/comments/1ndt72c/the_cosmic_avenger_a_shadowheart_spoiler_story/,Who_Is_HRPickens,build,2025-Sep-10,patch 8,Druid (Stars) 2 / Ranger (Gloom) 5 / Rogue (Thief) 5,"Shar's Spear of Evening, Trident of the Waves, RadOrb gear","get a bunch of enemies wet, blind them in a cloud of impenetrable darkness, and then vanish while your friends turn them into frozen, electrocuted statues. She’s the setup. The ghost in the machine. She starts the storm and is gone before the first drop of rain hits, already on her way to the next group of schmucks.

",,https://docs.google.com/document/d/1FSvJT0lmaQxzp1X3lbt5FiUi1PGojYMMe-7ZptN1zBs/edit?usp=sharing,,,,,,,,,,patch 8,2025-Apr-15,2024-Sep-05,2024-Feb-16,2023-Nov-30,2023-Nov-02,2023-Sep-22,2023-Aug-31,2023-Aug-25,2023-Aug-03
Understanding the Gloves of Battlemage’s Power: Notes from a Journey Into Madness,https://www.reddit.com/r/BG3Builds/comments/1nchxz7/understanding_the_gloves_of_battlemages_power/,"t-slothrop, JRandall0308, LostAccount2099",game mechanic,2025-Sep-09,patch 8,(not a class build),Gloves of Battlemage's Power (GOBMP),"The Gloves of Battlemage’s Power trigger off smite spells, spells that use a weapon, throw and fall damage, and from all game effects that deal damage via a status, such as “burning” and “Cloudkill”. Additionally, they have a hidden “once per attack” limitation that affects how often they will trigger. Between that limitation and the unintuitive way the game defines things like “attack,” “spell,” and “status,” The Gloves can feel inconsistent. But their behavior is predictable.",later found that Nylruna also works: https://www.reddit.com/r/BG3Builds/comments/1otf7c9/throwing_nyrulna_triggers_the_gloves_of/ ,https://docs.google.com/document/d/1JLGcbKfhaFUWpAnR0XjQfTQ7Fyxe1OdBGW4fz2lXHd0/edit?usp=sharing,,,,,,,,,,patch 8,2025-Apr-15,2024-Sep-05,2024-Feb-16,2023-Nov-30,2023-Nov-02,2023-Sep-22,2023-Aug-31,2023-Aug-25,2023-Aug-03
Draconic Ice Archer,https://www.reddit.com/r/BG3Builds/comments/1n6vpzf/draconic_ice_archer_a_guide_to_my_favourite_ever/,olwen_of_ice,build,2025-Sep-02,patch 8,Ranger (Gloom) 5 / Sorcerer (White Draconic) 7,Cold gear,"This build sneaks around from the high ground, throwing down ice and frost with bow attacks and spells alike, her frightened and/or frozen enemies slipping over constantly as she leaps off into the distance.",,https://docs.google.com/document/d/1oRTRpvp331XXVagbJQVQFJXndNN__FJUCChbfHyfwp0/edit?usp=sharing,,,,,,,,,,patch 8,2025-Apr-15,2024-Sep-05,2024-Feb-16,2023-Nov-30,2023-Nov-02,2023-Sep-22,2023-Aug-31,2023-Aug-25,2023-Aug-03
Bowsinger - A Control Archer Guide,https://www.reddit.com/r/BG3Builds/comments/1n5k07h/bowsinger_a_control_archer_guide/,Thestrongman420,build,2025-Sep-01,patch 8,Wizard (Bladesinger) 6 / Sorcerer 4 / Fighter 1 / Cleric (War) 1,"Acuity gear, BOMS, Titanstring Bow","combine one of the strongest frameworks for control, Arcane acuity + Band of the Mystic Scoundrel, with one of the strongest frameworks for damage, Titanstring Bow + Sharpshooter + consumable arrows to create a build that can provide very strong damage paired with strong versatility and control. We will do this by using a core of 6 levels of bladesinger for extra attack paired with spellcaster progression. The rest of our levels will be used to enhance our spellcasting or our archery.",,https://docs.google.com/document/d/1J52WPIeNHBda64b-mPJMWcLC4ZAqDNTnBwfe0fwgYno/edit?usp=sharing,,,,,,,,,,patch 8,2025-Apr-15,2024-Sep-05,2024-Feb-16,2023-Nov-30,2023-Nov-02,2023-Sep-22,2023-Aug-31,2023-Aug-25,2023-Aug-03
War Magic / Eldritch Blast / Fast Hands Interaction,https://www.reddit.com/r/BG3Builds/comments/1n0lexl/war_magiceldritch_blastfast_hands_interaction/,[deleted],game mechanic,2025-Aug-26,patch 8,(not a class build),"War Magic, Eldritch Blast, Fast Hands","War Magic allows you to use 1 bonus action for a normal attack after casting a cantrip. If you have 2 bonus actions you can use only 1 for a B.A. attack. However, if you start with Eldritch Blast (possibly with other cantrips as well, haven't tested) you can use BOTH of your bonus actions to attack with your main hand, and it seems like one of those can be a Booming Blade",,https://docs.google.com/document/d/1y2qJTf6fECsxxwAHWa8JcOvTfjZ1cCfzP7YKQ-FciuY/edit?usp=sharing,,,,,,,,,,patch 8,2025-Apr-15,2024-Sep-05,2024-Feb-16,2023-Nov-30,2023-Nov-02,2023-Sep-22,2023-Aug-31,2023-Aug-25,2023-Aug-03
Slashing Flourish Or... Massacre Flourish? (2000+ DMG),https://www.reddit.com/r/BG3Builds/comments/1n0i65v/slashing_flourish_or_massacre_flourish_2000_dmg/,Salmonaru,game mechanic,2025-Aug-26,patch 8,(not a class build),"Slashing Flourish, DRS","via specific setup and lots of DRS, you can deal 2000+ damage with Slashing Flourish",,https://docs.google.com/document/d/1H-GE5bjvFhyWpi8dZ6PVZfVzU43aw_j5Dcs7pDMtBIA/edit?usp=sharing,,,,,,,,,,patch 8,2025-Apr-15,2024-Sep-05,2024-Feb-16,2023-Nov-30,2023-Nov-02,2023-Sep-22,2023-Aug-31,2023-Aug-25,2023-Aug-03
Infinite reverb cheese with Wild Magic (and other Bend Luck shenanigans),https://www.reddit.com/r/BG3Builds/comments/1mzuk6x/infinite_reverb_cheese_with_wild_magic_and_other/,t-slothrop,game mechanic,2025-Aug-25,patch 8,Sorcerer (Wild Magic) 6 / X,"Bend Luck, Reverberation","INFINITE DAMAGE IN 4 SIMPLE STEPS. 1.  Get 6 levels of Wild Magic sorcerer, for access to Bend Luck. // 2. Get hundreds of sorcery points by abusing the Shield of Devotion exploit or short/long rest potions. // 3. Equip the Boots of Stormy Clamour. // 4. Use the ability check penalty variation of Bend Luck over and over. Each stack counts as applying a condition, so each stack triggers the Boots and applies 2 Reverb. Every third trigger will clear Reverb, dealing 1d4 thunder damage. Since Bend Luck does not use any action when used this way, you can do this as many times as you want, provided you have enough sorcery points.",,https://docs.google.com/document/d/1W1-mWV8_BCeY8WHGPLhXUeQrXyrt8GE_1XEjk8gwF9Q/edit?usp=sharing,,,,,,,,,,patch 8,2025-Apr-15,2024-Sep-05,2024-Feb-16,2023-Nov-30,2023-Nov-02,2023-Sep-22,2023-Aug-31,2023-Aug-25,2023-Aug-03
Swashbuckler's Dirty Trick: Uranium Toss,https://www.reddit.com/r/BG3Builds/comments/1mz7itv/swashbucklers_dirty_trick_uranium_toss/,-FriendlyLich-,game mechanic,2025-Aug-24,patch 8,Rogue (Swash) 4 / X,Sand Toss,"Here’s dirty trick sand toss doing a respectable 379 damage.

I was watching soblakismyself doing a solo swashbuckler run and he casually mentioned that sand toss can actually proc some weapon effects. Stuff like Fly Trap and Rupturing as long as the weapon is in the main hand. Sounds very interesting, inevitable shenanigans afoot!",,https://docs.google.com/document/d/1AmzNbBLDX5_bLPFb48YD68zgu5adQHGWAuvlKs24EOo/edit?usp=sharing,,,,,,,,,,patch 8,2025-Apr-15,2024-Sep-05,2024-Feb-16,2023-Nov-30,2023-Nov-02,2023-Sep-22,2023-Aug-31,2023-Aug-25,2023-Aug-03
How to Abandon the Churches of Bhaal and Resonance: A Bludgeon Mechanics Guide,https://www.reddit.com/r/BG3Builds/comments/1k6ee6t/how_to_abandon_the_churches_of_bhaal_and/,GimlionTheHunter,game mechanic,2025-Aug-23,patch 8,(not a class build),"Brittle, bludgeoning damage",Brittle is a relatively easy to setup condition that gives vulnerability to 2 damage types that are both common and quite abusable at level 7,,https://docs.google.com/document/d/1z5l4vwN98eGNV9meoxLqqS2466FYCf_pIFKPtzOlR20/edit?usp=sharing,,,,,,,,,,patch 8,2025-Apr-15,2024-Sep-05,2024-Feb-16,2023-Nov-30,2023-Nov-02,2023-Sep-22,2023-Aug-31,2023-Aug-25,2023-Aug-03
Halsin the Love Machine,https://www.reddit.com/r/BG3Builds/comments/1mydiip/halsin_the_love_machine_climax_will_oneshot_any/,Cocohomlogy,build,2025-Aug-23,patch 8,Wizard (Bladesinger) 2 / Monk (any) 6 / Rogue (Thief) 4,"Halsin, putting the climax in Bladesong Climax",We managed to deal 3534 force damage in a single hit by using 500 Bladesong Climax charges against a frozen opponent.,,https://docs.google.com/document/d/1Ai-wrWz6VVRbSFZOTPNQzjioMIN7_PcoLJk2abPNLqo/edit?usp=sharing,,,,,,,,,,patch 8,2025-Apr-15,2024-Sep-05,2024-Feb-16,2023-Nov-30,2023-Nov-02,2023-Sep-22,2023-Aug-31,2023-Aug-25,2023-Aug-03
Permaboosting Your Weapons: +1d6 Psychic (Kar'niss Hack),https://www.reddit.com/r/BG3Builds/comments/1mxai5y/permaboosting_your_weapons_1d6_psychic_karniss/,LostAccount2099,game mechanic,2025-Aug-22,patch 8,(not a class build),"Kar'niss, Cruel Sting, Polymorph, Dominate Beast","Once dominated, Kar'niss becomes your ally and will apply the Psychic bonus to his main-hand weapon at the start of combat. The trick is to swap that weapon before combat begins.",Wild Magic Sorcerer method: https://www.reddit.com/r/BG3Builds/comments/1mxagi0/permaboosting_your_weapons_1d4_force_wild_magic/,https://docs.google.com/document/d/13Yp9-_vRqbYXzbkReG4EyZDFeXin7GMWaCZS3CMtFiY/edit?usp=sharing,,,,,,,,,,patch 8,2025-Apr-15,2024-Sep-05,2024-Feb-16,2023-Nov-30,2023-Nov-02,2023-Sep-22,2023-Aug-31,2023-Aug-25,2023-Aug-03
Permaboosting Your Weapons: +1d4 Force (Wild Magic Sorcerer),https://www.reddit.com/r/BG3Builds/comments/1mxagi0/permaboosting_your_weapons_1d4_force_wild_magic/,LostAccount2099,game mechanic,2025-Aug-22,patch 8,(not a class build),"Wild Magic Sorcerer, Enchant Weapons","once you get Enchant Weapons from Wild Magic Sorcerer, you can make the boost permanent by stashing weapon in chest (or drop on ground) before Long Rest","Kar'niss method: https://www.reddit.com/r/BG3Builds/comments/1mxai5y/permaboosting_your_weapons_1d6_psychic_karniss/
Enchant Your Weapons With +1d4 Starting at Level 1: https://www.reddit.com/r/BG3Builds/comments/1mpncw8/did_you_know_you_can_enchant_your_weapons_with/",https://docs.google.com/document/d/1nvKuvGSgR0bRKS9g8pERhrNcTHP15Qv5wDlSlve69eU/edit?usp=sharing,,,,,,,,,,patch 8,2025-Apr-15,2024-Sep-05,2024-Feb-16,2023-Nov-30,2023-Nov-02,2023-Sep-22,2023-Aug-31,2023-Aug-25,2023-Aug-03
Fire Marshal,https://www.reddit.com/r/BG3Builds/comments/1mxem4i/the_fire_marshal_utilizing_heat_as_a_melee_martial/,AIDSofSPACE,build,2025-Aug-22,patch 8,Paladin (Oathbreaker) 7 / Warlock (Fiend) 5,Heat,"Heat-based martial builds have been suggested before, but what I've done is trying to optimize the details.",,https://docs.google.com/document/d/1LQNOGdFGOepAK2fXZUi8z9N_PlAhiUi1v3Fuf3f9I0g/edit?usp=sharing,,,,,,,,,,patch 8,2025-Apr-15,2024-Sep-05,2024-Feb-16,2023-Nov-30,2023-Nov-02,2023-Sep-22,2023-Aug-31,2023-Aug-25,2023-Aug-03
Arcane Trickster [Remus71],https://www.reddit.com/r/BG3Builds/comments/1mweznl/arcane_trickster_build_guide/,Remus71,build,2025-Aug-21,patch 8,Rogue (AT) 7 / Wizard (Abj) 5,"bombs, Arcane Ward, Uncanny Dodge, retribution","Arcane Trickster, more than any other other class, can consolidate four notable recent advancements into one coherent build: Bomb Striking, Arcane Ward Refreshing, Uncanny Dodge Abuse & Retribution Stacking. The aim of this guide is to offer fun, thematic and accessible Trickster/Artificer gameplay that feels impactful at all stages of the game whether solo or in a party.",,https://docs.google.com/document/d/1sr33A8QSAmYM80Ygr3QmGHw-FHpdhYzI5D1qL90AtOA/edit?usp=sharing,,,,,,,,,,patch 8,2025-Apr-15,2024-Sep-05,2024-Feb-16,2023-Nov-30,2023-Nov-02,2023-Sep-22,2023-Aug-31,2023-Aug-25,2023-Aug-03
A Case Against Crit Fishing,https://www.reddit.com/r/BG3Builds/comments/1mw3cro/a_case_against_crit_fishing/,Imoa,game mechanic,2025-Aug-21,patch 8,(not a class build),critical hits,I want to lay out a case for why crit fishing is bad for the express goal of dealing damage in Baldur's Gate 3.,,https://docs.google.com/document/d/1YPRhJb1PmQC9HjZCgpCl7Lpd9PoHp8Xelz4FODlqsfY/edit?usp=sharing,,,,,,,,,,patch 8,2025-Apr-15,2024-Sep-05,2024-Feb-16,2023-Nov-30,2023-Nov-02,2023-Sep-22,2023-Aug-31,2023-Aug-25,2023-Aug-03
One Bomb - 4750 Damage,https://www.reddit.com/r/BG3Builds/comments/1mrdhln/one_bomb_4750_damage/,meph6148795,game mechanic,2025-Aug-15,patch 8,Rogue (AT) 7 / Wizard (Abj) 5,"bombs, DRS","Stack yourself up with the buffs noted in the spreadsheet. There are a few important bits. For every different line of damage to the bomb, it explodes. This happens twice per line if you hit the bomb from a reload.","Remus71's Four Elements Monk bomb punching video, https://www.youtube.com/watch?v=cs-czvIB7hs",https://docs.google.com/document/d/1cLLk8cxwZtQnd71Nm1Dtrtqgb-LlZ9WAPgHB-U-sh2g/edit?usp=sharing,,,,,,,,,,patch 8,2025-Apr-15,2024-Sep-05,2024-Feb-16,2023-Nov-30,2023-Nov-02,2023-Sep-22,2023-Aug-31,2023-Aug-25,2023-Aug-03
Checklist for Saving Tieflings for Leave No One Behind Achievement,https://www.reddit.com/r/BG3/comments/1mr8cpl/i_made_a_checklist_for_saving_the_tieflings_for/,silverstargg,game mechanic,2025-Aug-15,patch 8,(not a class build),achievements,all the tieflings you need to save for the Leave No One Behind achievement; see direct link to Google Sheet to the right,https://docs.google.com/spreadsheets/d/1k3FmjTqvsIN73mVSp1JUhXhnoMvgMUrcNDCsJrKhzKg/edit?usp=sharing,https://docs.google.com/document/d/1hMJSaW1XDRGRMwEuoq-XxU2o7Wf_VCLvayzuFnzUXHg/edit?usp=sharing,,,,,,,,,,patch 8,2025-Apr-15,2024-Sep-05,2024-Feb-16,2023-Nov-30,2023-Nov-02,2023-Sep-22,2023-Aug-31,2023-Aug-25,2023-Aug-03
Enchant Your Weapons With +1d4 Starting at Level 1,https://www.reddit.com/r/BG3Builds/comments/1mpncw8/did_you_know_you_can_enchant_your_weapons_with/,ProxyGateTactician,game mechanic,2025-Aug-13,patch 8,(not a class build),"Wild Magic Surge, Enchant Weapons","All you need is a wild magic sorcerer with feather fall. From there you group up the party to stand in melee range of eachother, and begin casting feather fall on repeat. When you get an enchant weapons magic surge you then need to un-equip the weapons from your entire party, and kill each party member 1 by 1. After they die they will lose the ""enchant weapons magic surge"" buff they have on them, but the weapon will keep its 1D4 bonus force damage. You will not get the 100% crit chance though.",,https://docs.google.com/document/d/1RjGWutAJW2xOwqDqxQ6wERqBXCi-_Nt-_689mOIFzQ0/edit?usp=sharing,,,,,,,,,,patch 8,2025-Apr-15,2024-Sep-05,2024-Feb-16,2023-Nov-30,2023-Nov-02,2023-Sep-22,2023-Aug-31,2023-Aug-25,2023-Aug-03
Arcane Trickster Saves the World with 600+ Psychic Damage,https://www.reddit.com/r/BG3Builds/comments/1momyee/arcane_trickster_saves_the_world_600_psychic/,meph6148795,game mechanic,2025-Aug-12,patch 8,Rogue (AT) 11 / Warlock (Hexblade) 1,"Mage Hand Legerdemain, DRS","after extensive (extensive!) buffing, you too can make one hit deal hundreds of damage",,https://docs.google.com/document/d/19mYB5hHEBye1Xxn7hiaeHWJWB2vLyrqMB3b0ZcB0F6A/edit?usp=sharing,,,,,,,,,,patch 8,2025-Apr-15,2024-Sep-05,2024-Feb-16,2023-Nov-30,2023-Nov-02,2023-Sep-22,2023-Aug-31,2023-Aug-25,2023-Aug-03
Unlimited Spore Servants Glitch Tutorial,https://www.reddit.com/r/BaldursGate3/comments/1mo8cl6/unlimited_spore_servants_glitch_tutorial/,H3XK1TT3N,game mechanic,2025-Aug-12,patch 8,(not a class build),"Sovereign Glut, Spore Servant","Normally when Glut reanimates a new Spore Servant, the previous one dies. However, if you first put Death Ward on the previous Spore Servant(s), and then kill it (them) at the same time that Glut's animation is playing, you end up with the new Spore Servant *and* the old one(s). This can be repeatedly any arbitrary number of times.",YouTube video: https://www.youtube.com/watch?v=F_F7bj1eCus ,(none because the entire explanation is in a video embedded into the Reddit post),,,,,,,,,,patch 8,2025-Apr-15,2024-Sep-05,2024-Feb-16,2023-Nov-30,2023-Nov-02,2023-Sep-22,2023-Aug-31,2023-Aug-25,2023-Aug-03
Throwing Shoe for 420+ Damage,https://www.reddit.com/r/BG3Builds/comments/1mo0fea/throwing_shoe_is_op_420_damage/,Salmonaru,game mechanic,2025-Aug-12,patch 8,(not a class build),"Slinging Shoes, DRS",using the Slinging Shoes and a wee bit of DRS to do absurd damage,,https://docs.google.com/document/d/1Y1WmYbCpXlqT6pNGbwnI1H19XCaExeZvVMkOjN79dc4/edit?usp=sharing,,,,,,,,,,patch 8,2025-Apr-15,2024-Sep-05,2024-Feb-16,2023-Nov-30,2023-Nov-02,2023-Sep-22,2023-Aug-31,2023-Aug-25,2023-Aug-03
Death Cleric 2500 Damage in One Attack,https://www.reddit.com/r/BG3Builds/comments/1mm2apx/death_cleric_is_op_2500_damage_in_one_attack/,meph6148795,game mechanic,2025-Aug-09,patch 8,Cleric (Death) 4 / Monk (Elem) 3 / Paladin (any) 2 / Druid (Spores) 2 / Warlock (Hexblade) 1,"DRS, Magic Club, Twisting Branch, Craterflesh Gloves","apply many, many, many riders onto some glitched weapons and explode your combat log with damage",,https://docs.google.com/document/d/1-g-YxUcQDq7RSVlSlxwDnadHndjU4aqeITSF4-UsJ7Q/edit?usp=sharing,,,,,,,,,,patch 8,2025-Apr-15,2024-Sep-05,2024-Feb-16,2023-Nov-30,2023-Nov-02,2023-Sep-22,2023-Aug-31,2023-Aug-25,2023-Aug-03
Random Party Generator,https://www.reddit.com/r/BG3/comments/1mkt51v/simple_random_party_generator/,MaxwellScourge,party,2025-Aug-08,patch 8,(not a class build),randomness,To reroll reload page or download to excel and press F9 -->,https://docs.google.com/spreadsheets/d/1iOdRc_M-UPWuocwbt953J_zU8MSsqPpLgTQiNHbi5vA/edit?usp=sharing,https://docs.google.com/document/d/1pYK8CiHbpB2dGa5qm7Az4xCN3gLisjFLGKThd44CHg8/edit?usp=sharing,,,,,,,,,,patch 8,2025-Apr-15,2024-Sep-05,2024-Feb-16,2023-Nov-30,2023-Nov-02,2023-Sep-22,2023-Aug-31,2023-Aug-25,2023-Aug-03
Extended Arcane Wards Explained,https://www.reddit.com/r/BG3Builds/comments/1miuwp9/abjuration_wizard_extended_arcane_wards_explained/,Captain_ET,game mechanic,2025-Aug-06,patch 8,Wizard (Abj) 2 / Sorcerer 2 / X,"Arcane Ward, Extended spell","by using Extended spell, you can overcap the normal Arcane Wards limit all the way up to four times your wizard level, rather than the usual two times your wizard level",Restoring Arcane Ward Charges: https://www.reddit.com/r/BG3Builds/comments/1mc8d4l/free_shields_every_turn_arcane_ward_has_a_secret/,https://docs.google.com/document/d/1gyOS8QP4PWNTzexpHeoacz_A2V_Rcz979QndSxsPnGQ/edit?usp=sharing,,,,,,,,,,patch 8,2025-Apr-15,2024-Sep-05,2024-Feb-16,2023-Nov-30,2023-Nov-02,2023-Sep-22,2023-Aug-31,2023-Aug-25,2023-Aug-03
Valour Bard - The Marriage of Player Choice and Optimizing Damage,https://www.reddit.com/r/BG3Builds/comments/1mg17e7/valour_bard_the_marriage_of_player_choice_and/,meph6148795,game mechanic,2025-Aug-02,patch 8,Bard (Valor) 3 / X,"Combat Inspiration, Valiant Damage, DRS",how you can use Valour Bard to skyrocket the damage of your other characters [because Valiant Damage is a kind of DRS],,https://docs.google.com/document/d/1dD4jXc3v2XJ45RCPdwKgjSxFhVXzWyw0aICZKJPgecc/edit?usp=sharing,,,,,,,,,,patch 8,2025-Apr-15,2024-Sep-05,2024-Feb-16,2023-Nov-30,2023-Nov-02,2023-Sep-22,2023-Aug-31,2023-Aug-25,2023-Aug-03
X Should Be a Companion - Make Almost Any NPC Join Your Party,https://www.reddit.com/r/BG3Builds/comments/1meotpy/x_should_be_a_companion_make_any_npc_join_your/,JayCanWriteIt,game mechanic,2025-Aug-01,patch 8,(not a class build),"kidnapping, Polymorph, Dominate Beast","uses polymorph and dominate beast to get any NPC first attached to a hireling, then to your character",,https://docs.google.com/document/d/1Ek30BVcrYThUGck-3Lh9SQSqZCXfdWxkINohHhUeALI/edit?usp=sharing,,,,,,,,,,patch 8,2025-Apr-15,2024-Sep-05,2024-Feb-16,2023-Nov-30,2023-Nov-02,2023-Sep-22,2023-Aug-31,2023-Aug-25,2023-Aug-03
Melee Mindmaster - Swashbuckler Hordebreaker Hexblade,https://www.reddit.com/r/BG3Builds/comments/1md7edi/the_melee_mindmaster_swashbuckler_hordebreaker/,lamaros,build,2025-Jul-30,patch 8,Rogue (Swash) 5 / Ranger (Hunter) 5 / Warlock (Hex) 2,"Horde Breaker, The Baneful, Gloves of Baneful Striking","""a SAD sneaky (mostly) melee build, who runs around messing with the (figurative and literal) brains of those who try and touch them // attack up to 4 times a turn, using a combination of Extra Attack, Horde Breaker, and Flick o' the Wrist // freely move around and debuff enemies by attacking them, through The Baneful, Gloves of Baneful Striking, Stormy Clamour, and Ring of Mental Inhibition""",,https://docs.google.com/document/d/1MShKWkoImMnXPIhvyplIKLw3lzIccQlVZUeg5yIZU1U/edit?usp=sharing,,,,,,,,,,patch 8,2025-Apr-15,2024-Sep-05,2024-Feb-16,2023-Nov-30,2023-Nov-02,2023-Sep-22,2023-Aug-31,2023-Aug-25,2023-Aug-03
Free Shields Every Turn? Arcane Ward Has a Secret Recharge Mechanic,https://www.reddit.com/r/BG3Builds/comments/1mc8d4l/free_shields_every_turn_arcane_ward_has_a_secret/,LostAccount2099,game mechanic,2025-Jul-29,patch 8,(not a class build),Arcane Ward,"when you have NO CHARGES of Arcane Ward, you can restore them in a great variety of ways both out of and in combat",,https://docs.google.com/document/d/1mxQoF9Xc7p0uKGKTxzwhQEFqTSDDH9O-t_BLkKNoKCA/edit?usp=sharing,,,,,,,,,,patch 8,2025-Apr-15,2024-Sep-05,2024-Feb-16,2023-Nov-30,2023-Nov-02,2023-Sep-22,2023-Aug-31,2023-Aug-25,2023-Aug-03
Surface Update Mechanics,https://www.reddit.com/r/BG3Builds/comments/1mbjh2l/surface_update_mechanics/,floormanifold,game mechanic,2025-Jul-28,patch 8,(not a class build),surfaces,"When a surface overwrites another, any effects from the new surface will not trigger immediately.

Any instance of bludgeoning, piercing, or slashing damage (bps) produces the surface https://bg3.wiki/wiki/Blood_(surface) under targets (not undead or constructs).",,https://docs.google.com/document/d/1plvk03d3y4NakzTHCd_97szMq5WpGtRHNY8iiiuX_8A/edit?usp=sharing,,,,,,,,,,patch 8,2025-Apr-15,2024-Sep-05,2024-Feb-16,2023-Nov-30,2023-Nov-02,2023-Sep-22,2023-Aug-31,2023-Aug-25,2023-Aug-03
"Even My Weapon Has A Weapon (or, Behold the Giga-Chad Spiritual Weapon)",https://www.reddit.com/r/BG3Builds/comments/1m8cqd0/even_my_weapon_has_a_weapon_or_behold_the/,JRandall0308,game mechanic,2025-Jul-24,patch 8,(not a class build),Spiritual Weapon,"You can fix SW's terrible movement speed with a Potion of Flying. (Its innate Fly speed seems bugged.)

Hastened SW gains a Standard Action which it can use to Consume items on Gale's list, effectively equipping them. SW benefits from items' passives and can use any item powers that are *not* weapon actions. (Weapon actions require proficiency in that weapon type, but SW is not proficient in anything.)",,https://docs.google.com/document/d/1xj-CyikR6s1PZcGVGoXmMO_U1Eu8MuKt_gm3DNeqQbo/edit?usp=sharing\,,,,,,,,,,patch 8,2025-Apr-15,2024-Sep-05,2024-Feb-16,2023-Nov-30,2023-Nov-02,2023-Sep-22,2023-Aug-31,2023-Aug-25,2023-Aug-03
Rakanishu and The Frozen Fish - Build Your Custom Spellblade,https://www.reddit.com/r/BG3Builds/comments/1m5kwie/rakanishu_the_frozen_fish_build_your_custom/,c4b-Bg3,build,2025-Jul-21,patch 8,too many to list,too many to list,"""a cluster of similar builds that are spellblade builds, homebrewed with unusual classes: those sort of Sorcadin-adjacent builds that aren't quite Sorcadin or SSB, but they're still funny, powerful and play out reasonably well""",,https://docs.google.com/document/d/1zk4R5V8bAU9iH6eCJBjoyUGk_aIbifb6lkrs7S9C3R0/edit?usp=sharing,,,,,,,,,,patch 8,2025-Apr-15,2024-Sep-05,2024-Feb-16,2023-Nov-30,2023-Nov-02,2023-Sep-22,2023-Aug-31,2023-Aug-25,2023-Aug-03
Mage Hand Legerdemain Guide,https://www.reddit.com/r/BG3Builds/comments/1m3kdk8/mage_hand_legerdemain_guide/,Captain_ET,game mechanic,2025-Jul-18,patch 8,Rogue (AT) / [various],"Arcane Trickster, Mage Hand Legerdemain",the many awesome capabilities of Mage Hand Legerdemain on the Arcane Trickster chassis,,https://docs.google.com/document/d/1rAqF7Wtv_1gCusDftgO31eO-xS0K8ZpYV7uUC5KS5_I/edit?usp=sharing,,,,,,,,,,patch 8,2025-Apr-15,2024-Sep-05,2024-Feb-16,2023-Nov-30,2023-Nov-02,2023-Sep-22,2023-Aug-31,2023-Aug-25,2023-Aug-03
Ultimate Alchemist - Guide on High Damage from Bombs,https://www.reddit.com/r/BG3Builds/comments/1m2t1hl/the_ultimate_alchemist_a_guide_on_getting_very/,chilovehan,game mechanic,2025-Jul-18,patch 8,(not a class build),"Craterflesh Gloves, bombs","The tech here is that a grenade explodes every time it is “killed”, namely each separate row in combat log that does at least one damage to it gives one explosion.",Remus71's YouTube video: https://youtu.be/cs-czvIB7hs?si=2yC8rj1blRtV-KuO,https://docs.google.com/document/d/1ojzzhJzVaGto082ej5gUccKnA7efOop1lvqqofRA2PU/edit?usp=sharing,,,,,,,,,,patch 8,2025-Apr-15,2024-Sep-05,2024-Feb-16,2023-Nov-30,2023-Nov-02,2023-Sep-22,2023-Aug-31,2023-Aug-25,2023-Aug-03
The Waterdeep Brat,https://www.reddit.com/r/BG3Builds/comments/1m0uk9b/the_waterdeep_brat_eldritch_knight_111_hexblade/,c4b-Bg3,build,2025-Jul-15,patch 8,Fighter (EK) 11 / Warlock (Hex) 1,"Shadow Blade, War Magic, Booming Blade","Eldritch Knight’s War Magic, Booming Blade, and triple multiattack at level 11, makes Shadowblade EK the strongest Shadowblade gish in the game despite not being able to upcast it to level 5",,https://docs.google.com/document/d/1C7hOO5-7PP1P_JvmCiCAtBb2UK4i52TH5zKAtRhGFDU/edit?usp=sharing,,,,,,,,,,patch 8,2025-Apr-15,2024-Sep-05,2024-Feb-16,2023-Nov-30,2023-Nov-02,2023-Sep-22,2023-Aug-31,2023-Aug-25,2023-Aug-03
Deep Dive on Extended Spell Booming Blade,https://www.reddit.com/r/BG3Builds/comments/1ly921c/will_it_extend_a_deep_dive_on_extend_spell/,t-slothrop,game mechanic,2025-Jul-12,patch 8,(not a class build),"Booming Blade, Extended Spell","""As with any other spell that includes a weapon attack, extending BB will extend any other effect applied by the attack itself.

But unlike smite spells, ensnaring strike, etc, BB is a cantrip, so you can spam extend spell with it for the low price of a single sorcery point.""",,https://docs.google.com/document/d/1FkOUyoB8rj_033PMx6ZSkkaMq88Y7mxABQCyWP--oww/edit?usp=sharing,,,,,,,,,,patch 8,2025-Apr-15,2024-Sep-05,2024-Feb-16,2023-Nov-30,2023-Nov-02,2023-Sep-22,2023-Aug-31,2023-Aug-25,2023-Aug-03
In Defense of Arcane Trickster,https://www.reddit.com/r/BG3Builds/comments/1lxolgm/comment/n2nx6sb/?context=3,Captain_ET,build,2025-Jul-11,patch 8,Rogue (AT) / [various],"Arcane Trickster, Mage Hand Legerdemain","fiive shorthand builds around Arcane Trickster and Mage Hand Legerdemain:
* Shadow blade assassin: 11 trickster / 1 hexblade
* Stealth sniper: 11 trickster / 1 fighter
* Subtle Trickster scroll sniper: 9 trickster / 3 sorcerer
* Tricky Swarm brawler: 7 trickster / 5 swarmkeeper
* Frostbite trickster freezer: 9 trickster / 2 divination / 1 fighter",,https://docs.google.com/document/d/1pb4XFGCdRg8bGzVafFJdsP0m5OXKaDVQdgvzVfp5Jy4/edit?usp=sharing,,,,,,,,,,patch 8,2025-Apr-15,2024-Sep-05,2024-Feb-16,2023-Nov-30,2023-Nov-02,2023-Sep-22,2023-Aug-31,2023-Aug-25,2023-Aug-03
Terraformers Redux,https://www.reddit.com/r/BG3Builds/comments/1lww6c7/terraformers_redux_a_patch_8_honor_mode_terrain/,grousedrum,party,2025-Jul-10,patch 8,Paladin (Crown) 6 / Bard (Lore) 6 ; Druid (Moon) 11 / Cleric (War) 1 ; Druid (Stars) 9 / Cleric (Tempest) 3 ; Warlock (GOO) 9 / Sorcerer 3,terrain,"full terrain control party, updated to make use of Patch 8 classes and abilities",Patch 7 version: https://www.reddit.com/r/BG3Builds/comments/1hqp0wc/terraformers_an_honor_mode_terrain_control_party/,https://docs.google.com/document/d/1tL_gpzpRWSq8mce4m-UIH1K64Kaw28sPLd1kTibG-Eo/edit?usp=sharing,,,,,,,,,,patch 8,2025-Apr-15,2024-Sep-05,2024-Feb-16,2023-Nov-30,2023-Nov-02,2023-Sep-22,2023-Aug-31,2023-Aug-25,2023-Aug-03
The Lucky Bastard,https://www.reddit.com/r/BG3Builds/comments/1lwrjgk/the_lucky_b_lucky_halfling_roguebarbarian/,Expensive_Key_4340,build,2025-Jul-10,patch 8,Rogue 7 (Swashbuckler) / Barbarian 5 (Wild),"Halfling Luck, Lucky feat","combines Halfling Luck, the Lucky feat, and as many other luck type features as possible into a build",,https://docs.google.com/document/d/1qorbmtITk5UyH34tsXV7V7EAtutmgLZN_L_QRpKZOlA/edit?usp=sharing,,,,,,,,,,patch 8,2025-Apr-15,2024-Sep-05,2024-Feb-16,2023-Nov-30,2023-Nov-02,2023-Sep-22,2023-Aug-31,2023-Aug-25,2023-Aug-03
Giant Barb: The Elemental Terrain Archer You Didn’t Know Existed,https://www.reddit.com/r/BG3Builds/comments/1lwoids/giant_barb_the_elemental_terrain_archer_you_didnt/,GimlionTheHunter,build,2025-Jul-10,patch 8,Barbarian (Giant) 12,"Elemental Cleaver, Tavern Brawler","Giant barbarian’s special ability, Elemental Cleaver, functions with ranged weapons.",,https://docs.google.com/document/d/1Cjb-tCyulVWWTLfFhRNfTmC1A1LGApZyeuJ8gddJMJQ/edit?usp=sharing,,,,,,,,,,patch 8,2025-Apr-15,2024-Sep-05,2024-Feb-16,2023-Nov-30,2023-Nov-02,2023-Sep-22,2023-Aug-31,2023-Aug-25,2023-Aug-03
Life Cleric Support Guide,https://www.reddit.com/r/BG3Builds/comments/1lvrf9w/life_cleric_support_guide_honor_mode_tactician/,Peepo93,build,2025-Jul-09,patch 8,Cleric (Life) 6 / Druid (Stars) 2 / Wizard 1,Healer's gear,"""The core idea of the build is to get resistance and flat damage reduce effects from magical plate and heavy armor master and later on force conduit as well to be able to put Warding Bond on the entire party while also being in the frontline without exploding.""",,,,,,,,,,,,patch 8,2025-Apr-15,2024-Sep-05,2024-Feb-16,2023-Nov-30,2023-Nov-02,2023-Sep-22,2023-Aug-31,2023-Aug-25,2023-Aug-03
Coal Mining (How To Reach Level 12 Using Zombies),https://www.reddit.com/r/BG3Builds/comments/1lvek0e/how_to_reach_level_12_using_zombies_aka_coal/,Routine_Ad3835,game mechanic,2025-Jul-09,patch 8,(not a class build),"Gehk Coal, zombies",farm unlimited amounts of XP by repeatedly killing Gehk Coal's zombies,,,,,,,,,,,,patch 8,2025-Apr-15,2024-Sep-05,2024-Feb-16,2023-Nov-30,2023-Nov-02,2023-Sep-22,2023-Aug-31,2023-Aug-25,2023-Aug-03
Table of Multiclass Proficiencies,https://www.reddit.com/r/BG3Builds/comments/1ltzi0a/table_of_multiclass_proficiencies_a_guide_for/,EndoQuestion1000,game mechanic,2025-Jul-07,patch 8,(not a class build),Proficiencies,"a table of equipment, saving throw, and skill proficiencies that can be obtained through your character’s class, subclass, race, and background",,,,,,,,,,,,patch 8,2025-Apr-15,2024-Sep-05,2024-Feb-16,2023-Nov-30,2023-Nov-02,2023-Sep-22,2023-Aug-31,2023-Aug-25,2023-Aug-03
Fire Vulnerability in Two Attacks,https://www.reddit.com/r/BG3Builds/comments/1lt6qc3/fire_vulnerability_in_two_attacks/,chilovehan,game mechanic,2025-Jul-06,patch 8,(not a class build),"Snowburst Ring, Arsonist Oil, Fire vuln","a loop to create fire vulnerability in two shots.

1. Equip snowbust ring and add cold damage to your bow //  2. Drop alchemist fire at enemy foot. // 3. Apply arsonist oil. // 4. Shoot fire arrow at enemy. This should first create ice surface with snowbust ring, then melts such surface with fire arrow and then the alchemist fire triggered by fire arrow creates steam cloud. // 5. Shoot darkness arrow at enemy. This would apply arsonist oils and replace steam cloud with darkness cloud, removing resistance to fire and leave fire vulnerability.",,,,,,,,,,,,patch 8,2025-Apr-15,2024-Sep-05,2024-Feb-16,2023-Nov-30,2023-Nov-02,2023-Sep-22,2023-Aug-31,2023-Aug-25,2023-Aug-03
Nature's Snare Plus Eldritch Knight,https://www.reddit.com/r/BG3Builds/comments/1lsrae4/natures_snare_x_eldritch_knight/,SarSean,game mechanic,2025-Jul-05,patch 8,(not a class build),Nature's Snare,"combine the two to force disadvantage on the Nature's Snare DC 12 STR save; additional comments about further ways to debuff saves, including Reverse Acuity (q.v.)",https://www.reddit.com/r/BG3Builds/comments/1ioxz71/rip_arcane_acuity_gone_but_not_forgotten/,,,,,,,,,,,patch 8,2025-Apr-15,2024-Sep-05,2024-Feb-16,2023-Nov-30,2023-Nov-02,2023-Sep-22,2023-Aug-31,2023-Aug-25,2023-Aug-03
Bludgesinger,https://www.reddit.com/r/BG3Builds/comments/1lsip9c/i_hope_you_got_your_shitting_pants_on_the/,Holmsky11,build,2025-Jul-05,patch 8,Druid (Stars) 4 / Wizard (Bladesinger) 8,"Mourning Frost, Snoburst Ring, Acuity gear","""Can you solo honour mode with a bladesinger who, instead of fencing with a slender sword, whacks with a bludgeon for more than 100 damage per round?"" - Yes, you can.",,,,,,,,,,,,patch 8,2025-Apr-15,2024-Sep-05,2024-Feb-16,2023-Nov-30,2023-Nov-02,2023-Sep-22,2023-Aug-31,2023-Aug-25,2023-Aug-03
Single Action AOE Frozen,https://www.reddit.com/r/BG3Builds/comments/1lsc4wr/single_action_aoe_frozen_in_bg3_and_technical/,floormanifold,game mechanic,2025-Jul-05,patch 8,(not a class build),"Frozen, Encrusted with Frost","Extended Ice Storm with Cold Marko and Winter's Clutches inflicts 8 Encrusted with Frost. Updating status of enemy in any way, eg Bhaalist Aura, Hold Person, Threatened, causes the game to update and the Frozen save occurs.",Captain_ET on how to freeze in one attack using water elemental + water bottle: https://www.reddit.com/r/BG3Builds/comments/1lsc4wr/comment/n1jf98o/?context=3,,,,,,,,,,,patch 8,2025-Apr-15,2024-Sep-05,2024-Feb-16,2023-Nov-30,2023-Nov-02,2023-Sep-22,2023-Aug-31,2023-Aug-25,2023-Aug-03
Maximizing Divine Strike: Cold,https://www.reddit.com/r/BG3Builds/comments/1lsao58/maximizing_divine_strike_cold/,Cocohomlogy,build,2025-Jul-05,patch 8,Fighter 1 / Rogue (Thief) 3 / Cleric (Nature) 8,"Frozen, Cold gear, Markoheskir","combine this build with a debuff archer --> ""come in and attack twice with Cold Snap. The first of these will trigger Divine Strike: Cold, which applies its own stacks of Encrusted with Frost. The enemy is hopefully frozen. If not, have the archer hit it again and attempt to freeze. Once frozen, Booming Blade with Markoheskir attuned to cold and imbued with cold damage from Drakethroat. Booming Blade cold gets the cold bonus from Marko!""","Blow Your Load Cleric, https://www.reddit.com/r/BG3Builds/comments/1lryxo1/blow_your_load_cleric_a_build_concept/",,,,,,,,,,,patch 8,2025-Apr-15,2024-Sep-05,2024-Feb-16,2023-Nov-30,2023-Nov-02,2023-Sep-22,2023-Aug-31,2023-Aug-25,2023-Aug-03
Blow Your Load Cleric,https://www.reddit.com/r/BG3Builds/comments/1lryxo1/blow_your_load_cleric_a_build_concept/,Dry_Bus7151,build,2025-Jul-04,patch 8,Cleric (Death) 8 / Paladin 2 / X,Divine Strike,"""it's possible to use Divine Strike, Divine Smite and Chanel Divinty: Touch of Death on one melee attack. This is achieved by setting all three to automatic and uncheck ask in the reaction menu. This makes it possible to proverbially blow one's load with a melee attack.""",Maximizing Divine Strike: Cold https://www.reddit.com/r/BG3Builds/comments/1lsao58/maximizing_divine_strike_cold/,,,,,,,,,,,patch 8,2025-Apr-15,2024-Sep-05,2024-Feb-16,2023-Nov-30,2023-Nov-02,2023-Sep-22,2023-Aug-31,2023-Aug-25,2023-Aug-03
We Have Sentinel At Home,https://www.reddit.com/r/BG3Builds/comments/1lqw5qy/psa_we_have_sentinel_at_home/,Holmsky11,game mechanic,2025-Jul-03,patch 8,(not a class build),"Polearm Master, Cold gear","""A combination of Polearm Master, Elemental Weapon - Cold (e.g. from Drakethroat Glaive), Snowburst Ring and any polearm (especially Halberd of Vigilance which grants advantage to reactions) forces (if you hit) Dex save against your spell save DC (8 + Proficiency Bonus + spellcasting modifier) to evade prone condition. In case of Paladin or Warlock DC can be bonkers and will almost guarantee immediate prone for most enemies, which is even better than what Sentinel: Snare provides.

Even if the enemy saves, their movement speed is halved which in some cases might deny their attack.""",,need backup copy - check Wayback machine,,,,,,,,,,patch 8,2025-Apr-15,2024-Sep-05,2024-Feb-16,2023-Nov-30,2023-Nov-02,2023-Sep-22,2023-Aug-31,2023-Aug-25,2023-Aug-03
Optimization Scale - Is the BG3 Metagame Even Real?,https://www.reddit.com/r/BG3Builds/comments/1lpuntq/the_optimization_scale_is_the_bg3_metagame_even/,c4b-Bg3,game mechanic,2025-Jul-02,patch 8,(not a class build),(not applicable),conceptual framework for categorizing the level of optimization of various builds,,,,,,,,,,,,patch 8,2025-Apr-15,2024-Sep-05,2024-Feb-16,2023-Nov-30,2023-Nov-02,2023-Sep-22,2023-Aug-31,2023-Aug-25,2023-Aug-03
Death Domain Cleric Plus Duelist's Prerogative,https://www.reddit.com/r/BG3Builds/comments/1lq01lk/death_domain_cleric_duellists_prerogative_bonus/,Recognition-Silver,game mechanic,2025-Jul-02,patch 8,(not a class build),"Death Domain, Duelist's Prerogative","""TLDR: grab Defensive Duellists, get lots of Dex, equip necklace that gives Shield spell, Mirror Image, talent that gives 2 Maneuvers, grab Warmaster Gauntlets to get Advantage of Bleed from Challenge to Duel (helps overcome Con saving throws) and have an extremely hard to hit, extremely hard-hitting Cleric...""",,,,,,,,,,,,patch 8,2025-Apr-15,2024-Sep-05,2024-Feb-16,2023-Nov-30,2023-Nov-02,2023-Sep-22,2023-Aug-31,2023-Aug-25,2023-Aug-03
"Weaponising Halsin: Free Spells, Weird Synergies, and Build Ideas",https://www.reddit.com/r/BG3Builds/comments/1lo84yr/weaponising_halsin_free_spells_weird_synergies/,LostAccount2099,game mechanic,2025-Jun-30,patch 8,(not a class build),"Halsin, Healing Word, Thunderwave, Misty Step, Call Lightning","""as long as you don’t have 2nd-level spell slots (either from regular spellcasting, a Warlock 2nd slot, or even via Arcane Cultivation elixirs), you can cast Healing Word and Thunderwave without spending a spell slot ... The same happens with Misty Step and Call Lightning. If Halsin has 2nd level spells but no 3rd level spells, Misty Step costs only a Bonus Action. If Halsin has 3rd level but no 4th level slots, Call Lightning becomes the zero-cost spell.""",https://www.reddit.com/r/BG3Builds/comments/1l36nhh/halsins_free_lv2_and_3_spells_only_appearing_with/,,,,,,,,,,,patch 8,2025-Apr-15,2024-Sep-05,2024-Feb-16,2023-Nov-30,2023-Nov-02,2023-Sep-22,2023-Aug-31,2023-Aug-25,2023-Aug-03
Guide to High Damage Retribution Builds,https://www.reddit.com/r/BG3Builds/comments/1ll1zij/a_guide_to_very_high_damage_retribution_builds/,LostAccount2099,game mechanic,2025-Jun-26,patch 8,(not a class build),"Psionic Overload, Elemental Infusion",retribution / retaliation builds with extensive lists and explanation of how various mechanics interact,,,,,,,,,,,,patch 8,2025-Apr-15,2024-Sep-05,2024-Feb-16,2023-Nov-30,2023-Nov-02,2023-Sep-22,2023-Aug-31,2023-Aug-25,2023-Aug-03
Surviving Impossible Difficulty,https://www.reddit.com/r/BG3Builds/comments/1ljjqhh/surviving_the_impossible_difficulty_500_health_3/,Peepo93,game mechanic,2025-Jun-24,patch 8,(not a class build),difficulty,Using the Tactician Enhanced mod (see link to the right) you can set enemies to have +500% health and 3 extra actions. This post goes over some tricks to survive on that so-called impossible difficulty.,https://mod.io/g/baldursgate3/m/tactician-enhanced#description,,,,,,,,,,,patch 8,2025-Apr-15,2024-Sep-05,2024-Feb-16,2023-Nov-30,2023-Nov-02,2023-Sep-22,2023-Aug-31,2023-Aug-25,2023-Aug-03
Jolly Rager (or Chaos Corsair),https://www.reddit.com/r/BG3Builds/comments/1ljguv7/the_jolly_rager_the_chaos_corsair_a_mostly_for/,hearthebeard,build,2025-Jun-24,patch 8,Barbarian (Wild) 8 / Rogue (Swashbuckler) 4,wild magic,"Unlike Wild Magic Sorcerer, Wild Magic Barbarian almost always gives beneficial effects. WMB gives you a reason to invest in Charisma—which comes with real OOC skill value and flavor. So what about... Swashbuckler Rogue. Patch 8 gave us another non-caster Charisma-heavy class with personality. ",,https://docs.google.com/document/d/1wXTWnXOSlcjjxv6PNnbhUXOz8SD7fxBTdZHWLSoRabk/edit?usp=sharing,,,,,,,,,,patch 8,2025-Apr-15,2024-Sep-05,2024-Feb-16,2023-Nov-30,2023-Nov-02,2023-Sep-22,2023-Aug-31,2023-Aug-25,2023-Aug-03
Glamorous Sword Bard,https://www.reddit.com/r/BG3Builds/comments/1liy9q6/glamorous_sword_bard_a_flavor_build_for/,EmperorPartyStar,build,2025-Jun-23,patch 8,Rogue (Swashbuckler) 4 / Wizard (Bladesinger) 2 / Bard (Glamor) 6,"Headband of Warped Intellect, Shadow Blade Ring, BOTMS","instead of utilizing two attacks, you’re going to hit the enemy one strong time and then disappear. This forces them to attack your allies, and more importantly move, triggering your charm effects and Booming Blade damage",,,,,,,,,,,,patch 8,2025-Apr-15,2024-Sep-05,2024-Feb-16,2023-Nov-30,2023-Nov-02,2023-Sep-22,2023-Aug-31,2023-Aug-25,2023-Aug-03
Workshopping a Healer / Necromancy Build,https://www.reddit.com/r/BG3Builds/comments/1lhn33r/workshopping_a_healernecromancy_build/,Routine_Ad3835,game mechanic,2025-Jun-22,patch 8,(not a class build),"Gemini Gloves, Twinned Spell, Toll the Dead, Ghouish Touch","a fun interaction with Gemini Gloves, Twinned Spell and certain cantrips like Sacred Flame and Vicious Mockery (and even Guidance to an extent), where if you combined the toggles in the right way you could turn these cantrips into area of effect spells which could overlap with itself to deal some not insignificant damage",,https://docs.google.com/document/d/1UAan1MC-XWDsTw1vQl8UoIM1Fh2DFovRPZSrO0iNI-8/edit?usp=sharing,,,,,,,,,,patch 8,2025-Apr-15,2024-Sep-05,2024-Feb-16,2023-Nov-30,2023-Nov-02,2023-Sep-22,2023-Aug-31,2023-Aug-25,2023-Aug-03
Uncanny Dodge Workshop,https://www.reddit.com/r/BG3Builds/comments/1lgqucq/ucanny_dodge_workshop/,Remus71,game mechanic,2025-Jun-21,patch 8,Rogue (Thief) 5 / Barbarian (Bear) 5 / Fighter 2,"Uncanny Dodge, retaliation gear","Uncanny Dodge, unlike most mechanics, multiplicatively stacks with Resistance, enabling 75% damage reduction. This post has an experimental build, discussion, and links to some video showcases.",,,,,,,,,,,,patch 8,2025-Apr-15,2024-Sep-05,2024-Feb-16,2023-Nov-30,2023-Nov-02,2023-Sep-22,2023-Aug-31,2023-Aug-25,2023-Aug-03
Arcane Archer Arrow Extra Damage is Sort Of DRS [Tactician],https://www.reddit.com/r/BG3Builds/comments/1lfs28g/arcane_archer_arrow_extra_damage_is_a_sort_of/,Gy4rgh,game mechanic,2025-Jun-19,patch 8,Fighter (Arcane Archer),(not applicable),Arcane Archer's elemental arrow damage is re-added by DRS on Tactician,,,,,,,,,,,,patch 8,2025-Apr-15,2024-Sep-05,2024-Feb-16,2023-Nov-30,2023-Nov-02,2023-Sep-22,2023-Aug-31,2023-Aug-25,2023-Aug-03
Chosen of Jergal,https://www.reddit.com/r/BG3Builds/comments/1l88ikw/the_chosen_of_jergal_death_cleric_solo_honor_mode/,t-slothrop,build,2025-Jun-10,patch 8,Cleric (Death) 9 / Druid (Stars) 2 / [flex] 1,Gloves of Battlemage's Power,"""This build is all about maximizing value from the reworked Gloves of Battlemage's Power. Our goal will be to trigger the gloves as often as possible, stacking Acuity to enable Cleric's many non-concentration saving throw spells, particularly Command and Blindness but also Death domain's twinned cantrips.""",,,,,,,,,,,,patch 8,2025-Apr-15,2024-Sep-05,2024-Feb-16,2023-Nov-30,2023-Nov-02,2023-Sep-22,2023-Aug-31,2023-Aug-25,2023-Aug-03
Tempest Monk,https://www.reddit.com/r/BG3Builds/comments/1l87ee8/tempest_monk/,Weckatron,build,2025-Jun-10,patch 8,Monk (OH) 6 / Cleric (Tempest) 6,"Watersparkers, Sparkswall, reverb gear",stand in electrified water while enemies futilely try to approach you,,,,,,,,,,,,patch 8,2025-Apr-15,2024-Sep-05,2024-Feb-16,2023-Nov-30,2023-Nov-02,2023-Sep-22,2023-Aug-31,2023-Aug-25,2023-Aug-03
Making the Most of Slayer Form,https://www.reddit.com/r/BG3Builds/comments/1l81p8z/making_the_most_of_slayer_form/,Cocohomlogy,game mechanic,2025-Jun-10,patch 8,Slayer form,Acuity gear,how to get the most out of Slayer form,,,,,,,,,,,,patch 8,2025-Apr-15,2024-Sep-05,2024-Feb-16,2023-Nov-30,2023-Nov-02,2023-Sep-22,2023-Aug-31,2023-Aug-25,2023-Aug-03
Harry Spotter - The Boy Who Lifted,https://www.reddit.com/r/BG3Builds/comments/1l55tfp/harry_spotter_the_boy_who_lifted_wizard_barbarian/,Flat-Wrongdoer-1693,build,2025-Jun-10,patch 8,Barbarian (4) / Sorcerer 2 / Wizard (Abj) 6,"Helmet of Grit, Cindermoth Cloak, Bonespike or Bhaalist Armor",throw weapons at point-blank range while being tanky,,,,,,,,,,,,patch 8,2025-Apr-15,2024-Sep-05,2024-Feb-16,2023-Nov-30,2023-Nov-02,2023-Sep-22,2023-Aug-31,2023-Aug-25,2023-Aug-03
Patch 8 Gold Exploits That Work on Console,https://www.reddit.com/r/BG3Builds/comments/1l8fstb/comment/mxtm529/?utm_source=share&utm_medium=web3x&utm_name=web3xcss&utm_term=1&utm_content=share_button,No-Locksmith-9377,game mechanic,2025-Jun-10,patch 8,(not a class build),Gold,"Gold exploints that have been confirmed (by me, JRandall0308) to work on console. To the left uses wildhsaped druid's equipped armor. To the right uses wildshaped druid's thrown item. Both require another party member to initiate conversation with the trader / merchant.",https://www.reddit.com/r/BG3Builds/comments/1l8fstb/comment/mxyo5n5/,,,,,,,,,,,patch 8,2025-Apr-15,2024-Sep-05,2024-Feb-16,2023-Nov-30,2023-Nov-02,2023-Sep-22,2023-Aug-31,2023-Aug-25,2023-Aug-03
How To Disable Mods on Console,https://www.reddit.com/r/BG3/comments/1l6lz98/solution_enlever_les_mod_sur_consoles_marche/,AcanthisittaGold3429,game mechanic,2025-Jun-08,patch 8,(not a class build),(not applicable),"1. Disable, but don't delete, all mods. // 2. Create new save with no mods. // 3. Reload the modded save (enable all mods used) // 4. enter Load Game menu, select vanilla save, but don't start game // 5. disable all mods you no longer want // 6. back out to options (i.e., keep pressing your back/cancel button, 'B' on Xbox) and then quick-load (hold 'X' on Xbox) // 7. warning will appear about disabled mods - select Yes // 8. check if game is stable - if yes, save game. // [confirmed by me (JRandall0308) to work on Xbox, and the original post was for PS, so that's the two main consoles covered)","confirmed by me (JRandall0308) to work on Xbox, and original post was for PS, so that covers both major consoles",,,,,,,,,,,patch 8,2025-Apr-15,2024-Sep-05,2024-Feb-16,2023-Nov-30,2023-Nov-02,2023-Sep-22,2023-Aug-31,2023-Aug-25,2023-Aug-03
Cryogenicist: A Frozen Boomer,https://www.reddit.com/r/BG3Builds/comments/1l6fg54/the_cryogenicist_a_frozen_boomer/,Cocohomlogy,build,2025-Jun-08,patch 8,Warlock (Hexblade) 1 / Ranger (Hunter) 5 / Sorcerer (cold draconic) 6,"Encrusted with Frost, Booming Blade","This build focuses on freezing enemies via Encrusted with Frost and then using Booming Blade. ... We will Twin Hail of Thorns, Extend Booming Blade to double inflicted conditions, and Quicken Booming Blade. The level 6 bonus of Cold Draconic will also apply to Booming Blade when our weapon is cold-imbued!",,,,,,,,,,,,patch 8,2025-Apr-15,2024-Sep-05,2024-Feb-16,2023-Nov-30,2023-Nov-02,2023-Sep-22,2023-Aug-31,2023-Aug-25,2023-Aug-03
Master of Hands,https://www.reddit.com/r/BG3Builds/comments/1l5wkjv/the_master_of_hands_a_hracknir_valor_bard/,Kind-Driver-5999,build,2025-Jun-07,patch 8,Bard (Valor) 8 / Sorcerer (Storm) 3 / Wizard 1,"Hr'a'cknir Bracers, Mage Hand","""we use the bracers, Bloodlust, elemental arrows, and Chromatic Orb to create steam clouds and hit for 100-200 damage a turn while spreading tons of debuffs and being very tanky/mobile""",,,,,,,,,,,,patch 8,2025-Apr-15,2024-Sep-05,2024-Feb-16,2023-Nov-30,2023-Nov-02,2023-Sep-22,2023-Aug-31,2023-Aug-25,2023-Aug-03
Shadowbard,https://www.reddit.com/r/BG3Builds/comments/1l53vfq/comment/mwe178p/?context=3,ModernDrifterr,build,2025-Jun-06,patch 8,Bard 6 / Paladin 2 / Sorcerer 4,(not applicable),"""This gets you smites, extra attack, full caster spell slots and shadow blade with your bardics resetting on short rest.""",,,,,,,,,,,,patch 8,2025-Apr-15,2024-Sep-05,2024-Feb-16,2023-Nov-30,2023-Nov-02,2023-Sep-22,2023-Aug-31,2023-Aug-25,2023-Aug-03
Tricky Swarm,https://www.reddit.com/r/BG3Builds/comments/1l527fc/the_tricky_swarm_5_swarmkeeper_7_arcane_trickster/,CrownWBG,build,2025-Jun-06,patch 8,Ranger (Swarm) 5 / Rogue (AT) 7,"crit knives, Yuan-Ti Scale Mail","""a high AC, mobile melee rogue that uses Swarmkeeper’s teleport and Arcane Trickster’s magic to stay slippery and hit hard. Early on it's about surviving and poking; by Act 3, you can go full crit-fishing dual-wield if you want.""",,,,,,,,,,,,patch 8,2025-Apr-15,2024-Sep-05,2024-Feb-16,2023-Nov-30,2023-Nov-02,2023-Sep-22,2023-Aug-31,2023-Aug-25,2023-Aug-03
Death Domain Plus Shadow Magic,https://www.reddit.com/r/BG3Builds/comments/1l4rzjg/death_domain_shadow_magic_doable/,Heliwizzard,build,2025-Jun-06,patch 8,Cleric (Death) 6 / Sorcerer (Shadow) 6,(not applicable),general discussion of viability of this fun combo,,,,,,,,,,,,patch 8,2025-Apr-15,2024-Sep-05,2024-Feb-16,2023-Nov-30,2023-Nov-02,2023-Sep-22,2023-Aug-31,2023-Aug-25,2023-Aug-03
Swarmkeeper [Remus71],https://www.reddit.com/r/BG3Builds/comments/1l4s5w4/swarmkeeper_build_guide/,Remus71,build,2025-Jun-06,patch 8,Ranger (Swarm) 9 / Cleric (War) 3,"Titanstring Bow, Mourning Frost, Boots of Stormy Clamor, Ring of Elemental Infusion, Spiked Bulb, Void Bulb","""Gathered Swarm gives us Cloud_of_Jellyfish which adds elemental flavour, disadvantage on dex saves and a pseudo disengage/leap to the ranger chassis. Writhing_Tide provides surface immunity & top tier mobility. Taken together we can see the Swarmkeeper really wants to create surfaces, leverage its immunity and attack wet/chilled.""",,,,,,,,,,,,patch 8,2025-Apr-15,2024-Sep-05,2024-Feb-16,2023-Nov-30,2023-Nov-02,2023-Sep-22,2023-Aug-31,2023-Aug-25,2023-Aug-03
Generic Spellcasting Ability Re-Visited,https://www.reddit.com/r/BG3Builds/comments/1l0moos/generic_spellcasting_ability_revisited/,EndoQuestion1000,game mechanic,2025-Jun-01,patch 8,(not a class build),(not applicable),how Generic Spellcasting Ability (GSA) works as of Patch 8,https://www.reddit.com/r/BG3Builds/comments/1kysrk9/comment/mv256yx/,,,,,,,,,,,patch 8,2025-Apr-15,2024-Sep-05,2024-Feb-16,2023-Nov-30,2023-Nov-02,2023-Sep-22,2023-Aug-31,2023-Aug-25,2023-Aug-03
One Turn Kill (OTK) Party,https://www.reddit.com/r/BG3Builds/comments/1kxpxle/the_otk_party_end_every_fight_before_it_begins/,CrownWBG,party,2025-May-28,patch 8,(party) Ranger (Gloom) 5 / Fighter (Arcane Archer) 4 / Rogue (Assassin) 3 ; Wizard (Evoc) 10 / Fighter 2 ; Monk (Elem) 4 / Rogue (Thief) 4 / Fighter 2 ; Bard (Swords) 6 / Rogue (Assassin) 4 / Paladin 2,Stealth,"""OTK = One Turn Knockout. Fight starts. We alpha strike. Fight ends. No setup. No mid-combat casting. No consumables. Just raw initiative, stealth, burst, and execution.""",,,,,,,,,,,,patch 8,2025-Apr-15,2024-Sep-05,2024-Feb-16,2023-Nov-30,2023-Nov-02,2023-Sep-22,2023-Aug-31,2023-Aug-25,2023-Aug-03
I Turned the Game into a Text Adventure,https://www.reddit.com/r/BG3Builds/comments/1kuis8m/oops_i_turned_baldurs_gate_3_into_a_text_based/,williamsus,party,2025-May-24,patch 8,(party),too many to list,party with as many reactions as possible; similar to Withers' Cheaters under See Also column,https://www.reddit.com/r/BG3Builds/comments/1c81k40/withers_cheaters_all_my_broken_reactions_honor/,,,,,,,,,,,patch 8,2025-Apr-15,2024-Sep-05,2024-Feb-16,2023-Nov-30,2023-Nov-02,2023-Sep-22,2023-Aug-31,2023-Aug-25,2023-Aug-03
How To Acquire Svartlebee's Woundseeker,https://www.reddit.com/r/BG3Builds/comments/1kshwnh/comment/mtlw00m/,Uriham,game mechanic,2025-May-22,patch 8,(not a class build),Svartlebee's Woundseeker,how to obtain this weapon from Fist Yeva without aggro-ing them,https://youtu.be/f05dWdewzpw?si=vlbYU2nDefPdCS86,,,,,,,,,,,patch 8,2025-Apr-15,2024-Sep-05,2024-Feb-16,2023-Nov-30,2023-Nov-02,2023-Sep-22,2023-Aug-31,2023-Aug-25,2023-Aug-03
Immortal Four,https://www.reddit.com/r/BG3Builds/comments/1kpgnhc/the_immortal_four_my_favorite_bg3_party_that/,CrownWBG,party,2025-May-18,patch 8,(party) Barbarian (Bear) 7 / Wizard (Bladesinger) 5 ; Barbarian (Tiger) 8 / Rogue (Thief) 4 ; Ranger (Swarm) 5 / Rogue (AT) 7 ; Fighter (EK) 11 / Cleric 1,"Shattered Flail, Periapt of Wound Closure, Knife of the Undermountain King, Gloves of Dexterity, Ring of Free Action, Amulet of Greater Health",balanced defence party built around martials,,,,,,,,,,,,patch 8,2025-Apr-15,2024-Sep-05,2024-Feb-16,2023-Nov-30,2023-Nov-02,2023-Sep-22,2023-Aug-31,2023-Aug-25,2023-Aug-03
Booming Smite Assassin (BSS 2.0),https://www.reddit.com/r/BG3Builds/comments/1kpv4yl/the_booming_smite_assassin_bss_20/,redhoborum,build,2025-May-18,patch 8,Paladin (Oathbreaker) 5 / Rogue (Assassin) 3 / Sorcerer (Shadow) 4,"Bhaalist Armor, Diadem of Arcane Synergy, Dolor Amarus, crit gear","""new and improved version of my Booming Smite Sorcerer (BSS) build ... capable of dealing massive amounts of burst damage and excels at killing bosses""",,,,,,,,,,,,patch 8,2025-Apr-15,2024-Sep-05,2024-Feb-16,2023-Nov-30,2023-Nov-02,2023-Sep-22,2023-Aug-31,2023-Aug-25,2023-Aug-03
Rope Mommy Minthara,https://www.reddit.com/r/BG3Builds/comments/1ko8krt/rope_mommy_minthara/,Legs_With_Snake,build,2025-May-16,patch 8,Ranger 2 / Fighter 2 / Rogue (Thief) 3 / Monk (OH) 5,"Cruel Sting, Thorn Blade, Sharpened Snare Cuirass, Poisoner's Ring, Derivation Cloak",build around ensnaring strike and similar items,,,,,,,,,,,,patch 8,2025-Apr-15,2024-Sep-05,2024-Feb-16,2023-Nov-30,2023-Nov-02,2023-Sep-22,2023-Aug-31,2023-Aug-25,2023-Aug-03
Bonespike Boots Can Turn Any 0 Movement Condition into Reliable Hard CC,https://www.reddit.com/r/BG3Builds/comments/1ko7dly/the_bonespike_boots_can_turn_any_0_movement/,t-slothrop,game mechanic,2025-May-16,patch 8,(not a class build),Bonespike Boots,"Brutal Leap only costs a bonus action and some movement, so almost any character that applies movement-negating debuffs can turn the boots into a very reliable hard CC",,https://docs.google.com/document/d/1JzfkLWbtE80YDhWVshLOW8zn878Uv8x98S53LsGsDlw/edit?usp=sharing,,,,,,,,,,patch 8,2025-Apr-15,2024-Sep-05,2024-Feb-16,2023-Nov-30,2023-Nov-02,2023-Sep-22,2023-Aug-31,2023-Aug-25,2023-Aug-03
Arcane Archer [Remus71],https://www.reddit.com/r/BG3Builds/comments/1kncags/arcane_archer_build_guide/,Remus71,build,2025-May-15,patch 8,Fighter (Arcane Archer) 12,"Bow of the Banshee, Heat gear, Hat of Fire Acuity","Piercing Arrow, skirmishing",,,,,,,,,,,,patch 8,2025-Apr-15,2024-Sep-05,2024-Feb-16,2023-Nov-30,2023-Nov-02,2023-Sep-22,2023-Aug-31,2023-Aug-25,2023-Aug-03
Gimmicky Infinite Extra Attacks Fighter,https://www.reddit.com/r/BG3Builds/comments/1kmre50/gimmicky_infinite_extra_attacks_fighter_build/,CCYellow,build,2025-May-14,patch 8,Fighter (EK) 12,"Vest of Soul Rejuvenation, Duelist's Prerogative","""when an EK Fighter binds the Duelist’s Prerogative to their main hand, which grants them an extra reaction every turn… that also refreshes if you throw the Duelist’s Prerogative and it returns to your hand. This means you can now trigger Sentinel/Greater Kushigo Counter as many times as you can trigger opportunity attacks from enemies.""",,,,,,,,,,,,patch 8,2025-Apr-15,2024-Sep-05,2024-Feb-16,2023-Nov-30,2023-Nov-02,2023-Sep-22,2023-Aug-31,2023-Aug-25,2023-Aug-03
Unexpected Triggers for the Gloves of Battlemage's Power,https://www.reddit.com/r/BG3Builds/comments/1kmto0v/spikes_and_tentacles_and_flasks_oh_my_some/,t-slothrop,game mechanic,2025-May-14,patch 8,(not a class build),Gloves of Battlemage's Power,list of actions and items that trigger the Patch 8 Gloves of Battlemage's Power,"they also trigger on thrown potions, https://www.reddit.com/r/BG3Builds/comments/1kxmu2v/protip_any_class_or_build_can_now_use_the_gloves/",,,,,,,,,,,patch 8,2025-Apr-15,2024-Sep-05,2024-Feb-16,2023-Nov-30,2023-Nov-02,2023-Sep-22,2023-Aug-31,2023-Aug-25,2023-Aug-03
Charm Person is absolutely busted for a Solo Run,https://www.reddit.com/r/BG3Builds/comments/1kmv5lr/charm_person_is_absolutely_busted_for_a_solo_run/,Cocohomlogy,game mechanic,2025-May-14,patch 8,(not a class build),Charm Person,Charm Person is a pretty terrible spell if you have more than one character: while the affected enemy cannot attack you they can attack your other characters. This limitation does not apply to a solo run. You get 10 turns of concentration free hard CC per cast.,,https://docs.google.com/document/d/1lSym1brYSmwMY6lcwivaJIC_a0S6bR3trIOSGVF8UPY/edit?usp=sharing,,,,,,,,,,patch 8,2025-Apr-15,2024-Sep-05,2024-Feb-16,2023-Nov-30,2023-Nov-02,2023-Sep-22,2023-Aug-31,2023-Aug-25,2023-Aug-03
Patch 8 Smite Swords Bard (SSB),https://www.reddit.com/r/BG3Builds/comments/1kl8srf/comprehensive_guide_on_patch_8_smite_swords_bards/,Zentakeru,build,2025-May-12,patch 8,Bard (Swords) 10 / Paladin 2 ; or Sorcerer 4 / Bard 6 / Paladin 2 (SSSB),"Hag's Hair, Acuity gear, Band of the Mystic Scoundrel","""In this guide, we will be going over STR SSB, DEX SSB and Sorcerer SSB and functionalities.""",,,,,,,,,,,,patch 8,2025-Apr-15,2024-Sep-05,2024-Feb-16,2023-Nov-30,2023-Nov-02,2023-Sep-22,2023-Aug-31,2023-Aug-25,2023-Aug-03
Radiant Protector,https://www.reddit.com/r/BG3Builds/comments/1kilwey/the_radiant_protector_a_patch_8_oath_of_the_crown/,JRStors,build,2025-May-09,patch 8,Paladin (Crown) 12,"Acuity gear, RadOrb gear, Band of the Mystic Scoundrel",Spirit Guardians and RadOrbs on a tough chassis,,,,,,,,,,,,patch 8,2025-Apr-15,2024-Sep-05,2024-Feb-16,2023-Nov-30,2023-Nov-02,2023-Sep-22,2023-Aug-31,2023-Aug-25,2023-Aug-03
Dual Wield Charisma Weapons on Any Class,https://www.reddit.com/r/BG3Builds/comments/1kie40g/dualwield_charisma_weapons_on_any_class_hexblades/,ShandrensCorner,game mechanic,2025-May-09,patch 8,(not a class build),Hexblade's Curse,how to dual-wield weapons on a CHA-based chassis,,,,,,,,,,,,patch 8,2025-Apr-15,2024-Sep-05,2024-Feb-16,2023-Nov-30,2023-Nov-02,2023-Sep-22,2023-Aug-31,2023-Aug-25,2023-Aug-03
Unique Weapon Actions Add DRS in HM,https://www.reddit.com/r/BG3Builds/comments/1khiy83/i_think_any_weapon_that_has_a_unique_weapon/,boozkoo,game mechanic,2025-May-08,patch 8,(not a class build),DRS,"""any weapon that has a unique ability can be taken advantage of DRS abuse as long as the weapon ability adds extra damage to the hit""",,,,,,,,,,,,patch 8,2025-Apr-15,2024-Sep-05,2024-Feb-16,2023-Nov-30,2023-Nov-02,2023-Sep-22,2023-Aug-31,2023-Aug-25,2023-Aug-03
Rupturing Blade Damage Output,https://www.reddit.com/r/BG3Builds/comments/1kgos45/rupturing_blade_damage_output_can_be_pretty/,boozkoo,game mechanic,2025-May-07,patch 8,(not a class build),"Rupturing Blade, DRS","What's so unique about this particular rapier is it's special attack ""Searing Blood"" which you can use once per short rest. The attack deals 1d6 slashing damage to the user, but in return deals 3 instances of damage to the target [each of which is DRS]",,,,,,,,,,,,patch 8,2025-Apr-15,2024-Sep-05,2024-Feb-16,2023-Nov-30,2023-Nov-02,2023-Sep-22,2023-Aug-31,2023-Aug-25,2023-Aug-03
Guide to Early Act 1 on Impossible Difficulty,https://www.reddit.com/r/BG3Builds/comments/1kgex4y/guide_to_early_act_1_on_impossible_challenge/,grousedrum,game mechanic,2025-May-06,patch 8,(not a class build),difficulty,Using the Tactician Enhanced mod (see link to the right) you can set enemies to have +500% health and 3 extra actions. This post goes over some tricks to survive on that so-called impossible difficulty.,https://mod.io/g/baldursgate3/m/tactician-enhanced#description,,,,,,,,,,,patch 8,2025-Apr-15,2024-Sep-05,2024-Feb-16,2023-Nov-30,2023-Nov-02,2023-Sep-22,2023-Aug-31,2023-Aug-25,2023-Aug-03
"Life Cleric Plus Circle of Stars Druid ""Tank"" build",https://www.reddit.com/r/BG3Builds/comments/1kfhgrt/life_cleric_circle_of_stars_druid_tank_build/,AGayThrow_Away,build,2025-May-05,patch 8,Druid (Stars) 2 / Cleric (Life) 10,"Warding Bond, Heavy Armor Master, Force Conduit gear",absorb damage for the party,,,,,,,,,,,,patch 8,2025-Apr-15,2024-Sep-05,2024-Feb-16,2023-Nov-30,2023-Nov-02,2023-Sep-22,2023-Aug-31,2023-Aug-25,2023-Aug-03
Wise Fire Giant,https://www.reddit.com/r/BG3Builds/comments/1kf11r9/the_wise_fire_giant_a_giant_barb_4e_monk_build/,GimlionTheHunter,build,2025-May-04,patch 8,Barbarian (Giant) 6 / Monk (Elem) 4 / [flex] 2,"throwing gear, monk gear","play like a classic fire giant mixing fire, two-handed swords, and TB",,,,,,,,,,,,patch 8,2025-Apr-15,2024-Sep-05,2024-Feb-16,2023-Nov-30,2023-Nov-02,2023-Sep-22,2023-Aug-31,2023-Aug-25,2023-Aug-03
Fatepiercer Eldritch Machine-Gun Bard,https://www.reddit.com/r/BG3Builds/comments/1ker5jw/guide_fatepiercer_the_eldritch_machinegun_bard/,CrownWBG,build,2025-May-04,patch 8,Warlock (Hex) 2 / Bard (Lore) 7 / Druid (Stars) 2 / Wizard 1,"Potent Robe, Eldritch Blast","""A cosmic sharpshooter who solo-clears Honour Mode (Rebalanced) with Eldritch Blast + radiant nova spam. Machine-guns out EB + AoE each round, tanks like a god, and sings while doing it.""",,,,,,,,,,,,patch 8,2025-Apr-15,2024-Sep-05,2024-Feb-16,2023-Nov-30,2023-Nov-02,2023-Sep-22,2023-Aug-31,2023-Aug-25,2023-Aug-03
Dual Wielder Oathbreaker,https://www.reddit.com/r/BG3Builds/comments/1kd14pw/dual_wielder_oathbreaker_a_guide/,deathadder99,build,2025-May-02,patch 8,Paladin (Oathbreaker) 8 / [various],"Crimson Mischief, Bhaalist Armor","""This build revolves around Crimson Mischief, and maximising the amount of damage you do with it. Unfortunately this means that it comes online rather late.""",,,,,,,,,,,,patch 8,2025-Apr-15,2024-Sep-05,2024-Feb-16,2023-Nov-30,2023-Nov-02,2023-Sep-22,2023-Aug-31,2023-Aug-25,2023-Aug-03
Rashemi Berserker [Minsc],https://www.reddit.com/r/BG3Builds/comments/1kd1sp4/the_rashemi_berserker_a_minsc_build/,rosymourning,build,2025-May-02,patch 8,Ranger (Beastmaster) 5 / Barbarian (Berzerker) 3 / Fighter (Champion) 4,Berzerker Rage,"designed to approximate Minsc’s gameplay in previous games: rushing to the front lines of combat and swinging a big sword. The Ranger and Barbarian levels are used largely for lore purposes, and don’t have too much gameplay benefit - this is a true example of a multiclass that is weaker than any of its components. That being said, unlocking the Berserker ability (instead of the generic Rage) and having the ability to Summon Companion (even though you probably won’t, because you have Boo automatically) adds to the roleplay of being Minsc.",,,,,,,,,,,,patch 8,2025-Apr-15,2024-Sep-05,2024-Feb-16,2023-Nov-30,2023-Nov-02,2023-Sep-22,2023-Aug-31,2023-Aug-25,2023-Aug-03
Magical Ambush Guide and Discussion,https://www.reddit.com/r/BG3Builds/comments/1kcdkmg/magical_ambush_guide_and_discussion/,Captain_ET,game mechanic,2025-May-01,patch 8,Rogue (AT) 9,Magical Ambush,discussion of how Magical Ambush was fixed in patch 8 and what that enables,,,,,,,,,,,,patch 8,2025-Apr-15,2024-Sep-05,2024-Feb-16,2023-Nov-30,2023-Nov-02,2023-Sep-22,2023-Aug-31,2023-Aug-25,2023-Aug-03
Bhaalist Hexblade Battle Master,https://www.reddit.com/r/BG3Builds/comments/1kcrlpq/patch_8_honor_mode_111_bhaalist_hexblade_battle/,SuddenBag,build,2025-May-01,patch 8,Fighter (BM) 11 / Warlock (Hex) 1,"Booming Blade, Bhaalist Armor, Shar's Spear of Evening","This is one of those patch 8 builds that was obvious from the get go that it's going to be super strong. It combines the 1 Hexblade dip -- possibly the best 1 level dip in the game, with Battle Master Fighter 11, already a known powerhouse. The 11/1 split almost feels like a match made in heaven, unlike a few other builds that can't really make room for the 1 dip. We are combining both Arcane Synergy from a build like Great Wisdom Fighter, and single-ability dependence of a natural STR Fighter 12 build. We are also combining Booming Blade with Battle Master maneuvers for maximum damage.",,,,,,,,,,,,patch 8,2025-Apr-15,2024-Sep-05,2024-Feb-16,2023-Nov-30,2023-Nov-02,2023-Sep-22,2023-Aug-31,2023-Aug-25,2023-Aug-03
I’ve Been Playing Bladesinger Wrong,https://www.reddit.com/r/BG3Builds/comments/1kalmzi/ive_been_playing_bladesinger_wrong_and_maybe_you/,Bravest_Coward,build,2025-Apr-29,patch 8,Wizard (Bladesinger) 8 / Rogue (Thief) 4,"Booming Blade, skirmisher gear, Mobile feat",Remus71 browbeat the author into changing his fun Bladesinger into a more optimal skirmisher version,https://www.reddit.com/r/BG3Builds/comments/1k8cok6/the_best_roleplay_bladesinger_build_the_amazing/,,,,,,,,,,,patch 8,2025-Apr-15,2024-Sep-05,2024-Feb-16,2023-Nov-30,2023-Nov-02,2023-Sep-22,2023-Aug-31,2023-Aug-25,2023-Aug-03
Squid Healer,https://www.reddit.com/r/BG3Builds/comments/1k9wwuw/a_refreshing_new_healing_build_the_squid_healer/,Hoss_Tremendo,build,2025-Apr-28,patch 8,Cleric (Life) 9 / Rogue (Thief) 3,Transfuse Health (illithid power),combines squid power with healer chassis to support the party,,,,,,,,,,,,patch 8,2025-Apr-15,2024-Sep-05,2024-Feb-16,2023-Nov-30,2023-Nov-02,2023-Sep-22,2023-Aug-31,2023-Aug-25,2023-Aug-03
Potent Robe and Render of Mind and Body Interactions with DRS,https://www.reddit.com/r/BG3Builds/comments/1k8yq6b/swashbuckler_potent_robe_and_render_of_mind_and/,thefury1337,game mechanic,2025-Apr-27,patch 8,(not a class build),"Potent Robe, Render of Mind and Body, Booming Blade",DRS seems to let Booming Blade apply extra,,,,,,,,,,,,patch 8,2025-Apr-15,2024-Sep-05,2024-Feb-16,2023-Nov-30,2023-Nov-02,2023-Sep-22,2023-Aug-31,2023-Aug-25,2023-Aug-03
Darkness Party You Can Use,https://www.reddit.com/r/BG3Builds/comments/1k8o85o/a_darkness_party_you_can_use_act_23_spoilers/,AGayThrow_Away,party,2025-Apr-26,patch 8,"(party) ShadowSorLock, ShadowMonk / Thief, Beastmaster, flex",darkness gear,an effective Darkness party — not just min-max but extremely strong and not game-breaking!,,,,,,,,,,,,patch 8,2025-Apr-15,2024-Sep-05,2024-Feb-16,2023-Nov-30,2023-Nov-02,2023-Sep-22,2023-Aug-31,2023-Aug-25,2023-Aug-03
Giant Drunken Ice Knife Throwing Ninja,https://www.reddit.com/r/BG3Builds/comments/1k8l0l7/giant_drunken_ice_knife_throwing_ninja/,Remus71,build,2025-Apr-26,patch 8,Barbarian (Giant) 6 / Monk (Drunk) 6,"Armor of Uninhibited Kushigo, Vest of Soul Rejuvenation, Cold Snap","""evasion tank that leverages Kushigo_Counter to generate disadvantage on attack rolls against it, 4 Giant Barbarian powered knife throws every round, progressing to generating double vulnerability at will while crit fishing and skirmishing""",https://www.youtube.com/watch?v=PO5TdvMgrXo&t=2026s,,,,,,,,,,,patch 8,2025-Apr-15,2024-Sep-05,2024-Feb-16,2023-Nov-30,2023-Nov-02,2023-Sep-22,2023-Aug-31,2023-Aug-25,2023-Aug-03
Loviatar's Space Cowboy,https://www.reddit.com/r/BG3Builds/comments/1k8fwuy/loviatars_space_cowboy_30_attack_solo_bowslinger/,Captain_ET,build,2025-Apr-26,patch 8,Rogue (Assassin) 4 / Ranger (Gloom) 4 / Druid (Stars) 2 / Fighter 1 / Wizard 1,"Helmet of Grit, Boots of Speed, Loviatar's Love","""optimized the 30 attack mechanical abuse build for solo play""",,,,,,,,,,,,patch 8,2025-Apr-15,2024-Sep-05,2024-Feb-16,2023-Nov-30,2023-Nov-02,2023-Sep-22,2023-Aug-31,2023-Aug-25,2023-Aug-03
Role-Play Bladesinger,https://www.reddit.com/r/BG3Builds/comments/1k8cok6/the_best_roleplay_bladesinger_build_the_amazing/,Bravest_Coward,build,2025-Apr-26,patch 8,Wizard (Bladesinger) 10 / Druid (Stars) 2,"Phalar Aluve, concentration spells",fun build to live the Bladesinger fantasy,https://www.reddit.com/r/BG3Builds/comments/1kalmzi/ive_been_playing_bladesinger_wrong_and_maybe_you/ ; https://www.reddit.com/r/BG3Builds/comments/1jzjbcd/the_weirdest_bladeslinger_youll_ever_see_patch_8/,,,,,,,,,,,patch 8,2025-Apr-15,2024-Sep-05,2024-Feb-16,2023-Nov-30,2023-Nov-02,2023-Sep-22,2023-Aug-31,2023-Aug-25,2023-Aug-03
Flick o' the Wrist works with GWM and The Dancing Breeze,https://www.reddit.com/r/BG3Builds/comments/1k6s92d/dirty_trick_flick_o_the_wrist_works_with_gwm_and/,BlackerZilla69,game mechanic,2025-Apr-24,patch 8,(not a class build),"Dancing Breeze, Phalar Aluve, Larethian's Wrath",finesse-able weapons that work with GWM + Flick o' the Wrist,,,,,,,,,,,,patch 8,2025-Apr-15,2024-Sep-05,2024-Feb-16,2023-Nov-30,2023-Nov-02,2023-Sep-22,2023-Aug-31,2023-Aug-25,2023-Aug-03
Thunder and Lightning Team,https://www.reddit.com/r/BG3Builds/comments/1k6rom7/honor_mode_full_team_comp_7_thunder_and_lightning/,deathadder99,party,2025-Apr-24,patch 8,(party) Sorcerer (Shadow) 1 / Cleric (Tempest) 9 / Druid (Stars) 2 ; Barbarian (Giant) 10 / Fighter 2 ; Paladin (Vengeance) 6 / Sorcerer (Storm) 6 ; Ranger (Swarm) 5 / Rogue (Assassin) 4 / Fighter 2 / Cleric (War) 1,too many to list,"party that uses wet, thunder, and lightning for HM run",,,,,,,,,,,,patch 8,2025-Apr-15,2024-Sep-05,2024-Feb-16,2023-Nov-30,2023-Nov-02,2023-Sep-22,2023-Aug-31,2023-Aug-25,2023-Aug-03
Shadow Sorcerer Beastmaster,https://www.reddit.com/r/BG3Builds/s/JZeZl3PWKh,Remus71,build,2025-Apr-24,patch 8,Sorcerer (Shadow) 9 / Ranger (Hunter) 3,"Darkness, Shadow Lantern","cripple enemy saves with Reverse Acuity, send in Nimbus, harvest Sorcery points, twin Ranger spells",,,,,,,,,,,,patch 8,2025-Apr-15,2024-Sep-05,2024-Feb-16,2023-Nov-30,2023-Nov-02,2023-Sep-22,2023-Aug-31,2023-Aug-25,2023-Aug-03
Infinite Grit with Cloud of Daggers,https://www.reddit.com/r/BG3Builds/comments/1k6jdeq/easy_infinite_grit_with_cloud_of_daggers/,Captain_ET,game mechanic,2025-Apr-24,patch 8,(not a class build),"Helmet of Grit, Cloud of Daggers",1. Drop a potion into the cloud to heal yourself. // 2. Make a small movement into the cloud to damage yourself and then make a small movement back out. The cloud is in your status list which can help. // 3. Ranged attack with your bonus action. It can also help to cunning action dash a couple times first if needed. // 4. Repeat until all the enemies are dead.,evolved into Loviatar's Space Cowboy: https://www.reddit.com/r/BG3Builds/comments/1k8fwuy/loviatars_space_cowboy_30_attack_solo_bowslinger/ ,https://docs.google.com/document/d/18F5gNYD07SblQsVtVUmMkua3iIECHTkbwYsP1mUDoGs/edit?usp=sharing,,,,,,,,,,patch 8,2025-Apr-15,2024-Sep-05,2024-Feb-16,2023-Nov-30,2023-Nov-02,2023-Sep-22,2023-Aug-31,2023-Aug-25,2023-Aug-03
Drunken Master [Remus71],https://www.reddit.com/r/BG3Builds/comments/1k69s59/drunken_master_build_guide/,Remus71,build,2025-Apr-23,patch 8,Monk (Drunk) 8 / Rogue (Thief) 4,"TB, skirmisher gear",shines a spotlight on skirmishing on the drunk monk chassis,,,,,,,,,,,,patch 8,2025-Apr-15,2024-Sep-05,2024-Feb-16,2023-Nov-30,2023-Nov-02,2023-Sep-22,2023-Aug-31,2023-Aug-25,2023-Aug-03
Bugs and Undocumented Changes in Patch 8,https://www.reddit.com/r/BG3Builds/comments/1k4qbnl/bugs_and_undocumentedunintuitive_changes_in_patch/,Phantomsplit,game mechanic,2025-Apr-21,patch 8,(not a class build),(not applicable),bugs and undocumented changes in Patch 8,,,,,,,,,,,,patch 8,2025-Apr-15,2024-Sep-05,2024-Feb-16,2023-Nov-30,2023-Nov-02,2023-Sep-22,2023-Aug-31,2023-Aug-25,2023-Aug-03
How To Kidnap People on Console,https://www.reddit.com/r/BG3/comments/1k4i062/ive_seen_some_comments_saying_you_cant_kidnapp/,OsirisAvoidTheLight,game mechanic,2025-Apr-21,patch 8,(not a class build),(not applicable),how to kidnap people on consoles,,,,,,,,,,,,patch 8,2025-Apr-15,2024-Sep-05,2024-Feb-16,2023-Nov-30,2023-Nov-02,2023-Sep-22,2023-Aug-31,2023-Aug-25,2023-Aug-03
Giant Barbarian 10 Attacks Per Round,https://www.reddit.com/r/BG3Builds/comments/1k4awny/giant_barbarian_10_attacks_per_round_every_round/,Remus71,game mechanic,2025-Apr-21,patch 8,(not a class build),"Vest of Soul Rejuvenation, Duelist's Prerogative","""Greater_Kushigo_Counter on your own turn triggers extra attack. When we throw Duellist and it return it resets our reactions. So we have another kushigo counter. Throw it, proc another opportunity attack, and you have another throw.""",,,,,,,,,,,,patch 8,2025-Apr-15,2024-Sep-05,2024-Feb-16,2023-Nov-30,2023-Nov-02,2023-Sep-22,2023-Aug-31,2023-Aug-25,2023-Aug-03
Bladesinging is my Favorite Subclass,https://www.reddit.com/r/BG3Builds/comments/1k3ucn5/bladesinging_is_quickly_becoming_my_favorite/,Bravest_Coward,build,2025-Apr-20,patch 8,Wizard (Bladesinger) 12,"Shadow Blade, Resonance Stone, Light Armor",pure Bladesinger using Shadow Blade cheese,,,,,,,,,,,,patch 8,2025-Apr-15,2024-Sep-05,2024-Feb-16,2023-Nov-30,2023-Nov-02,2023-Sep-22,2023-Aug-31,2023-Aug-25,2023-Aug-03
Swashbuckler Multiclasses - Version and Level Split Analysis,https://www.reddit.com/r/BG3Builds/comments/1k3vf15/swashbuckler_multiclasses_version_and_level_split/,Captain_ET,build,2025-Apr-20,patch 8,Rogue (Swash) 3 / X,"Flick of the Wrist, Sand Toss, Vicious Mockery",an analysis on the strengths and best play styles associated with each multiclass split,,https://docs.google.com/document/d/1gSpnFLLZWprex36U37rHWa7vfn0T856cxjPhH9tOnJk/edit?usp=sharing\,,,,,,,,,,patch 8,2025-Apr-15,2024-Sep-05,2024-Feb-16,2023-Nov-30,2023-Nov-02,2023-Sep-22,2023-Aug-31,2023-Aug-25,2023-Aug-03
Psychic and Piercing Team,https://www.reddit.com/r/BG3Builds/comments/1k276yt/patch_8_psychic_piercing_team/,sillas007,party,2025-Apr-18,patch 8,"(party) Bard (Lore) 6 / Sorcerer 6 ; Ranger (Swarm) 11 / Cleric 1 ; Figher (Arcane Archer) 11 / Wizard 1 ; ""melee gish""",too many to list,psychic plus piercing evil party,,,,,,,,,,,,patch 8,2025-Apr-15,2024-Sep-05,2024-Feb-16,2023-Nov-30,2023-Nov-02,2023-Sep-22,2023-Aug-31,2023-Aug-25,2023-Aug-03
Alcohol Poisoning,https://www.reddit.com/r/BG3Builds/comments/1k2lste/alcohol_poisoning/,Remus71,build,2025-Apr-18,patch 8,Monk (Drunk),skirmisher gear,experiementation that evolved into the Drunken Master build,https://www.reddit.com/r/BG3Builds/comments/1k69s59/drunken_master_build_guide/,,,,,,,,,,,patch 8,2025-Apr-15,2024-Sep-05,2024-Feb-16,2023-Nov-30,2023-Nov-02,2023-Sep-22,2023-Aug-31,2023-Aug-25,2023-Aug-03
Shadow Bard,https://www.reddit.com/r/BG3Builds/comments/1k1wqnl/shadow_bard_642_barderdin_darkness_party_honor/,FearIsOurImagination,build,2025-Apr-18,patch 8,Bard (Swords) 6 / Sorcerer (Shadow) 4 / Paladin (Crown) 2,"Shadow Blade, Resonance Stone, Darkness","""my new control martial build, which is not to rival other control martial build, but to play alongside it, especially the Smite Swords Bard (SSB) and his Darkness party""",,,,,,,,,,,,patch 8,2025-Apr-15,2024-Sep-05,2024-Feb-16,2023-Nov-30,2023-Nov-02,2023-Sep-22,2023-Aug-31,2023-Aug-25,2023-Aug-03
"Shadow Blade Math Spreadsheet With GWM Comparison 
[possibly outdated]",https://www.reddit.com/r/BG3Builds/comments/1k2km52/et_shadow_blade_math_spreadsheet_with_gwm/,Captain_ET,game mechanic,2025-Apr-18,patch 8,(not a class build),"Shadow Blade, math","This post is probably out of date and lacking a lot, but general concepts are sound.

mathematical analysis of Shadow Blade, the second most stupidly powerful Blade-named spell in the game [editorial comment]",.xlsx download: https://docs.google.com/spreadsheets/d/e/2PACX-1vRvgqs9szc2NKyAYNvAuIzLTpQWvYBDfelw8KGpEuyWVDcgVzZihU_rGsfIur4KK0zkND3tLZQrIZ-3/pub?output=xlsx ,https://docs.google.com/document/d/1GnCvXQCz9dknb-6eyyuPAB7WpcqTJzVJPPBK42d12kU/edit?usp=sharing,,,,,,,,,,patch 8,2025-Apr-15,2024-Sep-05,2024-Feb-16,2023-Nov-30,2023-Nov-02,2023-Sep-22,2023-Aug-31,2023-Aug-25,2023-Aug-03
Analysis: Shadow Blade Plus Resonance Stone,https://www.reddit.com/r/BG3Builds/comments/1k1eq8x/analysis_shadow_blade_resonance_stone/,needmywifi,game mechanic,2025-Apr-17,patch 8,(not a class build),"Shadow Blade, Resonance Stone",mathematical analysis of the psychic vuln gear combo,,,,,,,,,,,,patch 8,2025-Apr-15,2024-Sep-05,2024-Feb-16,2023-Nov-30,2023-Nov-02,2023-Sep-22,2023-Aug-31,2023-Aug-25,2023-Aug-03
Psychic Cleave,https://www.reddit.com/r/BG3Builds/comments/1k1tiik/another_patch_8_party_comp_psychic_cleave/,GimlionTheHunter,party,2025-Apr-17,patch 8,"Fighter (AA) 12 ; Ranger (Hunter) 11 / Cleric (War) 1 ; Warlock (Hex, Blade) 12 ; Barbarian (Giant) 6 / Ranger (Swarm) 4 / Fighter 2","Resonance Stone, Psychic vuln",a psychic cleave party utilizing mostly short rest resources and consumables ... We are using one glitched shadowblade but I’ll offer a substitute weapon for the build in its description.,,https://docs.google.com/document/d/1aVyEQpu6ZqMV4bVZfcVsm1asL_UZbni-XZtFBLq5CnM/edit?usp=sharing,,,,,,,,,,patch 8,2025-Apr-15,2024-Sep-05,2024-Feb-16,2023-Nov-30,2023-Nov-02,2023-Sep-22,2023-Aug-31,2023-Aug-25,2023-Aug-03
The Privateer - Crown Swashbuckler,https://www.reddit.com/r/BG3Builds/comments/1k1sm64/evasion_tank_build_the_privateer_crown/,Captain_ET,build,2025-Apr-17,patch 8,Rogue (Swash) 9 / Paladin (Crown) 3,"Holy Lance Helm, RevOrbs",The idea of the build is using as many taunt abilities as possible and then severely debuffs enemies by evading attacks.,,https://docs.google.com/document/d/18pDZyNgLfHrKU5W4ea-v9k04Kdb-dc_5UTWNDicPWDc/edit?usp=sharing,,,,,,,,,,patch 8,2025-Apr-15,2024-Sep-05,2024-Feb-16,2023-Nov-30,2023-Nov-02,2023-Sep-22,2023-Aug-31,2023-Aug-25,2023-Aug-03
New Ice Knight: Booming the Frozen,https://www.reddit.com/r/BG3Builds/comments/1jyvsw5/a_new_ice_knight_dbooming_the_frozen_more/,LostAccount2099,build,2025-Apr-14,patch 7,Fighter (EK) 7 / Cleric (Nature) 1 / Wizard (Abj) 4,"Mourning Frost, cold gear",Freeze enemies then do massive damage with Booming Blade. Pair with Frostbite Trickster.,pairs with Frostbite Trickster: https://www.reddit.com/r/BG3Builds/comments/1jyvsw5/a_new_ice_knight_dbooming_the_frozen_more/ ,,,,,,,,,,,patch 7,2025-Apr-15,2024-Sep-05,2024-Feb-16,2023-Nov-30,2023-Nov-02,2023-Sep-22,2023-Aug-31,2023-Aug-25,2023-Aug-03
Frostbite Trickster,https://www.reddit.com/r/BG3Builds/comments/1jyvtkq/frostbite_trickster_an_arcane_trickster_patch_8/,LostAccount2099,build,2025-Apr-14,patch 7,Fighter 1 / Rogue (AT) 9 / Wizard (Div) 2,Hag's Hair,"""A thematic build focused on Cold/Frozen mechanics, chaining related conditions like Chilled and Frozen, and exploiting Cold, Bludgeoning, Thunder, and Force vulnerabilities with sneak attacks or spells."" Plus, Mage Hand.",pairs with Ice Knight: https://www.reddit.com/r/BG3Builds/comments/1jyvsw5/a_new_ice_knight_dbooming_the_frozen_more/ ,,,,,,,,,,,patch 7,2025-Apr-15,2024-Sep-05,2024-Feb-16,2023-Nov-30,2023-Nov-02,2023-Sep-22,2023-Aug-31,2023-Aug-25,2023-Aug-03
Two Honor Mode Frozen Parties,https://www.reddit.com/r/BG3Builds/comments/1jz677c/two_honor_mode_frozen_parties_on_the_eve_of_patch/,grousedrum,party,2025-Apr-14,patch 7,"(parties, too many to list)",cold gear,Chilled / Frozen - Damage Vulnerabilities and Encrusted With Frost / Reverbation - Save Debuffing,,,,,,,,,,,,patch 7,2025-Apr-15,2024-Sep-05,2024-Feb-16,2023-Nov-30,2023-Nov-02,2023-Sep-22,2023-Aug-31,2023-Aug-25,2023-Aug-03
Poison Beastmaster,https://www.reddit.com/r/BG3Builds/comments/1jyfide/poison_beastmaster/,BankStJ,build,2025-Apr-13,patch 7,Ranger (Beastmaster),"Drow, poison gear","""I saw Thorn Blade and Cruel Sting, and thought it could be cool to play a Drow Beastmaster with the spider companion. Concentrate on anything pre-battle, enweb enemies with the spider, double stab them with poison.""",,,,,,,,,,,,patch 7,2025-Apr-15,2024-Sep-05,2024-Feb-16,2023-Nov-30,2023-Nov-02,2023-Sep-22,2023-Aug-31,2023-Aug-25,2023-Aug-03
"Yo Ho, Yo Ho, A Pirate’s Life for Me",https://www.reddit.com/r/BG3Builds/comments/1jxu2bk/yo_ho_yo_ho_a_pirates_life_for_me/,GimlionTheHunter,party,2025-Apr-12,patch 7,Rogue (Swash) 10 / Warlock (Hex) 2 ; Paladin (Crown) 10 / Druid (Stars) 2 ; Ranger (Swarm) 7 / Cleric (Storm) 5 ; Barbarian (Giant) 6 / Rogue (Thief) 3 / Monk (Drunk) 3,"pirates, Bhaalist Armor, piercing vuln","an all tav/hireling party. I haven’t run an “evil” tav run yet so this will be a self-serving, pay me or die, and sometimes both, kind of run",,https://docs.google.com/document/d/1GSChgrOvhoaHtCmJZSlAUKBJeZDo4bQYhMFHuTNnhcI/edit?usp=sharing,,,,,,,,,,patch 7,2025-Apr-15,2024-Sep-05,2024-Feb-16,2023-Nov-30,2023-Nov-02,2023-Sep-22,2023-Aug-31,2023-Aug-25,2023-Aug-03
"Harvard Willoughby, the Secret Sheep Pet in Act 3",https://www.reddit.com/r/BG3/comments/1jvhqdv/just_found_out_about_the_secret_sheep_pet_in_act_3/,CaptainXplosionz,game mechanic,2025-Apr-09,patch 7,(not a class build),"Harvard Willoughby, sheep",how to obtain the secret sheep pet in act 3: ,,,,,,,,,,,,patch 7,2025-Apr-15,2024-Sep-05,2024-Feb-16,2023-Nov-30,2023-Nov-02,2023-Sep-22,2023-Aug-31,2023-Aug-25,2023-Aug-03
Punch Drunk Bastard Enhance Shaman,https://www.reddit.com/r/BG3Builds/comments/1ju8baj/punch_drunk_bastard_enhance_shaman_patch_8/,BeyondBlunderdome,build,2025-Apr-08,patch 7,Cleric (Tempest) 8 / Monk (Drunk) 4,"Punch Drunk Bastard, reverb gear","""This is my ""why the hell is punch drunk bastard not a monk weapon"" build that took inspiration from vanilla WoW enhance shaman gameplay, that is; swinging a giant 2H weapon at someone that does a load of damage when it connects, with multiple instances of damage from the one swing (like windfury) and blasting your enemies with thunder & lightning.""",,,,,,,,,,,,patch 7,2025-Apr-15,2024-Sep-05,2024-Feb-16,2023-Nov-30,2023-Nov-02,2023-Sep-22,2023-Aug-31,2023-Aug-25,2023-Aug-03
So You Want to Romance Karlach,https://www.reddit.com/r/BG3Builds/comments/1jqygtq/so_you_want_to_romance_karlach/,xSILH,build,2025-Apr-03,patch 7,Wizard (Evocation) 12,"Helldusk Armor, fire gear","""With Barbs and Wizards being such a classic pairing due to being perfect opposites, this is ultimately the angle I chose to play to be Karlach's perfect counterpart.""",,,,,,,,,,,,patch 7,2025-Apr-15,2024-Sep-05,2024-Feb-16,2023-Nov-30,2023-Nov-02,2023-Sep-22,2023-Aug-31,2023-Aug-25,2023-Aug-03
Arrow of Many Cheeses,https://www.reddit.com/r/BG3Builds/comments/1jp96al/arrow_of_many_cheeses/,Remus71,game mechanic,2025-Apr-01,patch 7,(not a class build),Arrow of Many Targets,if you fire an Arrow_of_Many_Targets at a grenade or a consumable and it splashes to an enemy you gain the additional action from Elixir_of_Bloodlust,"YouTube demo: https://www.youtube.com/watch?v=rukWQoSkbow 
demo 2: https://www.youtube.com/watch?v=wkYKys9lrFI ",https://docs.google.com/document/d/1xRtSuyRfIWnu52hA_FQBLQsKstdFCKabKSwdt_bdOGo/edit?usp=sharing,,,,,,,,,,patch 7,2025-Apr-15,2024-Sep-05,2024-Feb-16,2023-Nov-30,2023-Nov-02,2023-Sep-22,2023-Aug-31,2023-Aug-25,2023-Aug-03
Guardian of Faith Optimization,https://www.reddit.com/r/BG3Builds/s/rmMBfiU9hL,OkMarsupial4959,game mechanic,2025-Mar-31,patch 7,(not a class build),"Guardian of Faith, Creation's Echo, Holy Lance Helm",buff up Guardian of Faith to make it useful in combat,,,,,,,,,,,,patch 7,2025-Apr-15,2024-Sep-05,2024-Feb-16,2023-Nov-30,2023-Nov-02,2023-Sep-22,2023-Aug-31,2023-Aug-25,2023-Aug-03
So You Want to Romance Shadowheart,https://www.reddit.com/r/BG3Builds/comments/1jmpp7e/so_you_want_to_romance_shadowheart/,xSILH,build,2025-Mar-29,patch 7,Cleric (War) 4 / Paladin (Vengeance) 8,"Acuity gear, BOTMS","a counterpart to SH's ""Sassy, sweet, defensive anti-hero"" that plays into the light-vs.-dark vibe",,,,,,,,,,,,patch 7,2025-Apr-15,2024-Sep-05,2024-Feb-16,2023-Nov-30,2023-Nov-02,2023-Sep-22,2023-Aug-31,2023-Aug-25,2023-Aug-03
Portable Owlbear,https://www.reddit.com/r/BG3Builds/comments/1jj2lwq/portable_owl_bear/,Remus71,game mechanic,2025-Mar-24,patch 7,(not a class build),"Telekinesis, Earth Elemental","The Earth Elemental is large in size, which means when we feed him an Elixir_of_the_Colossus gives us 5005kg in weight: [...] Next, we use Telekinesis - This enables us to throw the 5005kg Elemental like a football.",YouTube video demonstration https://www.youtube.com/watch?v=mIuB-2lP000,,,,,,,,,,,patch 7,2025-Apr-15,2024-Sep-05,2024-Feb-16,2023-Nov-30,2023-Nov-02,2023-Sep-22,2023-Aug-31,2023-Aug-25,2023-Aug-03
Shadow Lantern Fish Tank,https://www.reddit.com/r/BG3Builds/comments/1jfgmqx/shadow_lantern_fish_tank/,Remus71,game mechanic,2025-Mar-20,patch 7,(not a class build),Shadow Lantern,"conceptual post that evolved into part of the Shadow Sorcerer ""Beastmaster"" build",,,,,,,,,,,,patch 7,2025-Apr-15,2024-Sep-05,2024-Feb-16,2023-Nov-30,2023-Nov-02,2023-Sep-22,2023-Aug-31,2023-Aug-25,2023-Aug-03
Amulet Of Branding Applies To Fall Damage,https://www.reddit.com/r/BG3Builds/comments/1jfplr8/amulet_of_branding_applies_to_fall_damage/,Remus71,game mechanic,2025-Mar-20,patch 7,(not a class build),"Amulet of Branding, Bludgeon the Weak",The calculation for fall damage scales off max HP. Bludgeon the weak effectively reduces this in half.,YouTube demo vs: Gerringothe: https://youtu.be/TRaA3pcg81c?si=j2Hdx_59udHJ4uNo ,https://docs.google.com/document/d/1XQhrBeIaCeVBo6SyQtQ869qUb0C5JoALstL6hZB2HD8/edit?usp=sharing,,,,,,,,,,patch 7,2025-Apr-15,2024-Sep-05,2024-Feb-16,2023-Nov-30,2023-Nov-02,2023-Sep-22,2023-Aug-31,2023-Aug-25,2023-Aug-03
Warlock Cleric is Real,https://www.reddit.com/r/BG3Builds/comments/1jezkiv/warlock_cleric_is_real_7_archfey_5_nature/,grousedrum,build,2025-Mar-19,patch 7,Warlock (Archfey) 7 / Cleric (Nature) 5,"Sorrow, Helmet of Arcane Acuity, Gloves of Dexterity",position controller with darkness; also contains darkness party notes,,,,,,,,,,,,patch 7,2025-Apr-15,2024-Sep-05,2024-Feb-16,2023-Nov-30,2023-Nov-02,2023-Sep-22,2023-Aug-31,2023-Aug-25,2023-Aug-03
Smite Shadow Singer (SSS),https://www.reddit.com/r/BG3Builds/comments/1je59xl/smite_shadow_singer_sss_102_wizardin_honor_mode/,c4b-Bg3,build,2025-Mar-18,patch 7,Wizard (Bladesinger) 10 / Paladin (Crown) 2,"Shadowblade, Resonance Stone, Ring of Arcane Synergy, Helmet of Arcane Acuity","""Spellblade Carry build with double attack and almost full caster progression""",,,,,,,,,,,,patch 7,2025-Apr-15,2024-Sep-05,2024-Feb-16,2023-Nov-30,2023-Nov-02,2023-Sep-22,2023-Aug-31,2023-Aug-25,2023-Aug-03
Lore Bard Tavern Brawler,https://www.reddit.com/r/BG3Builds/comments/1je3uqo/lore_bard_solo_honour_mode/,Remus71,build,2025-Mar-18,patch 7,Bard (Lore),"TB, throwing, Displace",17 Successful Athletics checks in a row,https://www.youtube.com/watch?v=r3q8whq5pRU,,,,,,,,,,,patch 7,2025-Apr-15,2024-Sep-05,2024-Feb-16,2023-Nov-30,2023-Nov-02,2023-Sep-22,2023-Aug-31,2023-Aug-25,2023-Aug-03
Tavern Brawler Assassin,https://www.reddit.com/r/BG3Builds/comments/1jasf7h/tavern_brawler_assassin/,Remus71,build,2025-Mar-13,patch 7,Rogue (Assassin),"TB, Hunter's Dagger, Dragon's Grasp",The set up only works with an Eldritch Knight binding a dagger for you. ... When dual wielding your thrown weapon re-equips to your offhand so you can throw and also use your offhand action to Rupture. on the same turn. ... The end result is an Assassin that feels very good even after the insane initial burst thanks to Tavern Brawlers hilarious accuracy and your crazy mobility,https://www.youtube.com/watch?v=joGMOCHMWmU,,,,,,,,,,,patch 7,2025-Apr-15,2024-Sep-05,2024-Feb-16,2023-Nov-30,2023-Nov-02,2023-Sep-22,2023-Aug-31,2023-Aug-25,2023-Aug-03
Rainbow Draconic Bloodline,https://www.reddit.com/r/BG3Builds/comments/1j7yjwa/rainbow_draconic_bloodline/,Remus71,build,2025-Mar-10,patch 7,Sorcerer (Storm),"Blade Ward, resistance",I decided to build a tank into my Storm Sorcerer. The end result is roughly 80% of the tank of a raging Bearheart. How do we do this? We stack Resistances.,https://www.youtube.com/watch?v=aQdIHp8IUFI,,,,,,,,,,,patch 7,2025-Apr-15,2024-Sep-05,2024-Feb-16,2023-Nov-30,2023-Nov-02,2023-Sep-22,2023-Aug-31,2023-Aug-25,2023-Aug-03
You Could Be Booming with Hunter's Dagger,https://www.reddit.com/r/BG3Builds/comments/1j3ahn3/psa_dont_wait_for_booming_blade_you_could_be/,LostAccount2099,game mechanic,2025-Mar-04,patch 7,(not a class build),"Hunter's Dagger, Ruptured, Moondrop Pendant, Cap of Wrath",how to use Hunter's Dagger and Ruptured in a skirmishing playstyle,,,,,,,,,,,,patch 7,2025-Apr-15,2024-Sep-05,2024-Feb-16,2023-Nov-30,2023-Nov-02,2023-Sep-22,2023-Aug-31,2023-Aug-25,2023-Aug-03
"30 Attacks and 1500 Damage on Turn 1 (or, Grit Jesus)",https://www.reddit.com/r/BG3Builds/comments/1izfenn/the_most_insane_bg3_mechanical_abuse_build_30/,LostAccount2099,game mechanic,2025-Feb-27,patch 7,Fighter (Champion) 12,"Helm of Grit, Death Ward","""the goal is to repeatedly trigger Helm of Grit within a single turn. As long as you keep dipping below and above 50% HP, you’ll keep regaining a bonus actions ... if you die on your turn while under Death Ward and sharing initiative with a teammate, you instantly revive with all your actions restored","https://www.reddit.com/r/BG3Builds/comments/1fdwa1z/post_patch_7_death_ward_still_restores_all_your/ 
and https://www.reddit.com/r/BG3Builds/comments/1inemvi/activating_helm_of_grit_for_8_attacks_in_a_turn/",,,,,,,,,,,patch 7,2025-Apr-15,2024-Sep-05,2024-Feb-16,2023-Nov-30,2023-Nov-02,2023-Sep-22,2023-Aug-31,2023-Aug-25,2023-Aug-03
Alternate Universe Shadowheart Roleplay Build,https://www.reddit.com/r/BG3Builds/comments/1iwhrkv/alternate_universe_shadowheart_roleplay_build/,xSILH,build,2025-Feb-23,patch 7,"Warlock (Pact of the Blade, The Hexblade) 12",too many to list,"What if in an alternate timeline, SH was discarded, sent to the Shadowfell, and came back as a Hexblade?",,,,,,,,,,,,patch 7,2025-Apr-15,2024-Sep-05,2024-Feb-16,2023-Nov-30,2023-Nov-02,2023-Sep-22,2023-Aug-31,2023-Aug-25,2023-Aug-03
Bearheart Tempest Cleric,https://www.reddit.com/r/BG3Builds/comments/1ismzp8/bearheart_tempest_cleric/,Remus71,build,2025-Feb-18,patch 7,Barbarian (Bear) 8 / Cleric (Tempest) 4,"Phalar Aluve, Reverb gear, Force Conduit gear","By combining Water Sparklers, Phalar Aluve, Reverb gear, Holy Lance Helm, Rippling Forcemail and Fire Shield Cold you create a hyper tank that has 4 sources of retaliation that all carry lightening charges and Phalar Aluve. Start a fight, create water, rage. Its so tanky you don't even need to pre-load Phalar Aluve etc. To be honest you don't need to do anything, just exist.",,,,,,,,,,,,patch 7,2025-Apr-15,2024-Sep-05,2024-Feb-16,2023-Nov-30,2023-Nov-02,2023-Sep-22,2023-Aug-31,2023-Aug-25,2023-Aug-03
Getting the Most from Polearm Master Bonus Attack,https://www.reddit.com/r/BG3Builds/comments/1ir4l4j/getting_most_of_polearm_master_bonus_attack/,LostAccount2099,game mechanic,2025-Feb-16,patch 7,(not a class build),"Nature's Snare, Watcher's Guide, Jagged Spear, Skinburster, Unseen Menace, Staff of the Ram",how PAM works with BA,,,,,,,,,,,,patch 7,2025-Apr-15,2024-Sep-05,2024-Feb-16,2023-Nov-30,2023-Nov-02,2023-Sep-22,2023-Aug-31,2023-Aug-25,2023-Aug-03
Reverse Acuity,https://www.reddit.com/r/BG3Builds/comments/1ioxz71/rip_arcane_acuity_gone_but_not_forgotten/,Remus71,game mechanic,2025-Feb-13,patch 7,(not a class build),"Gloves of Baneful Striking, Phalar Aluve Shriek, Harold","""Once an enemy is Shrieked and DOUBLE Baned you can do pretty much anything you want to them and you will have an 80/90% success""",,,,,,,,,,,,patch 7,2025-Apr-15,2024-Sep-05,2024-Feb-16,2023-Nov-30,2023-Nov-02,2023-Sep-22,2023-Aug-31,2023-Aug-25,2023-Aug-03
Activating Helmet of Grit for 8 Attacks in a Turn,https://www.reddit.com/r/BG3Builds/comments/1inemvi/activating_helm_of_grit_for_8_attacks_in_a_turn/,LostAccount2099,game mechanic,2025-Feb-11,patch 7,(not a class build),Helmet of Grit,how to exploit Helm of Grit ability to trigger multiple times per turn,evolved into Grit Jesus: https://www.reddit.com/r/BG3Builds/comments/1izfenn/the_most_insane_bg3_mechanical_abuse_build_30/ ,https://docs.google.com/document/d/1wkGGdO0ozn_eZYXW6rBA0o7uUiSZPVuhI4xzT-ICMyY/edit?usp=sharing,,,,,,,,,,patch 7,2025-Apr-15,2024-Sep-05,2024-Feb-16,2023-Nov-30,2023-Nov-02,2023-Sep-22,2023-Aug-31,2023-Aug-25,2023-Aug-03
"Slayer Form: Tips, Tricks, and Builds",https://www.reddit.com/r/BG3Builds/comments/1imj1vf/slayer_form_tips_tricks_and_builds/,BarnabyJones21,game mechanic,2025-Feb-10,patch 7,Slayer Form,Slayer Form,"information about what works, and doesn't, in Slayer Form; as well as some proto-builds and suggestions for gameplay",,,,,,,,,,,,patch 7,2025-Apr-15,2024-Sep-05,2024-Feb-16,2023-Nov-30,2023-Nov-02,2023-Sep-22,2023-Aug-31,2023-Aug-25,2023-Aug-03
"Slayer Form: Tips, Tricks, and Builds",https://www.reddit.com/r/BaldursGate3/comments/1im4mad/slayer_form_tips_tricks_and_builds/,BarnabyJones21,game mechanic,2025-Feb-10,patch 8,(not a class build),Slayer,what works and doesn't in Slayer form; persistent buffs; tips and tricks,,https://docs.google.com/document/d/1LEQVFRMWlOpe37JAkEveJmfbqyRizUOrLwLsfsrAw-I/edit?usp=sharing,,,,,,,,,,patch 7,2025-Apr-15,2024-Sep-05,2024-Feb-16,2023-Nov-30,2023-Nov-02,2023-Sep-22,2023-Aug-31,2023-Aug-25,2023-Aug-03
Astral Tempest,https://www.reddit.com/r/BG3Builds/comments/1ilwdi4/astral_tempest_9_tempest_domain_cleric_2_circle/,CuttyMink,build,2025-Feb-09,patch 7,Cleric (Tempest) 9 / Druid (Stars) 2 / Wizard 1,RadOrb gear,RadOrbs plus Booming Blade (via Wizard) plus Water Elemental plus etc.,,,,,,,,,,,,patch 7,2025-Apr-15,2024-Sep-05,2024-Feb-16,2023-Nov-30,2023-Nov-02,2023-Sep-22,2023-Aug-31,2023-Aug-25,2023-Aug-03
Dark Justiciar Bruiser [Shadowheart],https://www.reddit.com/r/BG3Builds/comments/1ikx52t/build_shadowheart_dark_justicar_bruiser/,klimuk777,build,2025-Feb-08,patch 7,Fighter (EK) 6 / Rogue (Thief) 4 / Cleric (War) 2,"Shar's Spear of Evening, DJ gear","Justiciar gear flies in the face of everything Cleric stands for. It is in fact clearly made for martial characters. [...] War Cleric is the most flexible element of the build. If you want to scrap Cleric altogether: Eldritch Knight 5, Thief 7 may be the optimal setup due to Evasion outshining Shield Master.",,,,,,,,,,,,patch 7,2025-Apr-15,2024-Sep-05,2024-Feb-16,2023-Nov-30,2023-Nov-02,2023-Sep-22,2023-Aug-31,2023-Aug-25,2023-Aug-03
Moonlight Knight,https://www.reddit.com/r/BG3Builds/comments/1ik2grk/the_moonlight_knight_7_ek_5_war_cleric_moonlight/,grousedrum,build,2025-Feb-07,patch 7,Fighter (EK) 7 / Cleric (War) 5,"Moonlight Glaive, radiant / reverb gear",Moonlight Glaive control martial. Author's later discussion evolves the build to EK 6 / War 6 or Hunter 5 / War 5 / Stars 2. https://www.reddit.com/r/BG3Builds/comments/1ik2grk/comment/msyqugt/?utm_source,,,,,,,,,,,,patch 7,2025-Apr-15,2024-Sep-05,2024-Feb-16,2023-Nov-30,2023-Nov-02,2023-Sep-22,2023-Aug-31,2023-Aug-25,2023-Aug-03
Oops All Crits,https://www.reddit.com/r/BG3Builds/comments/1ijchnk/comment/mbcwpzr/,axofrogl,build,2025-Feb-06,patch 7,"Warlock (GOO, Blade)","Bhaalist Armor, crit gear","""maximises the chances and effectiveness of critical hits""",,,,,,,,,,,,patch 7,2025-Apr-15,2024-Sep-05,2024-Feb-16,2023-Nov-30,2023-Nov-02,2023-Sep-22,2023-Aug-31,2023-Aug-25,2023-Aug-03
Ranger Sorcerer,https://www.reddit.com/r/BG3Builds/comments/1i4k2r5/ranger_sorcerer_is_honestly_completely_overpowered/,Remus71,build,2025-Jan-18,patch 7,Ranger (Gloom) 5 / Sorcerer 2,Ensnaring Strike,"Start fights with an arrow of many targets the follow up with an unsavable ensnare on two priority/nearest targets to pin them down. Run/Fly out of everyone's range attack range and end turn. Everyone will dash towards you. Pin the next nearest two with twinned ensnaring strike. Anyone gets to close prone them with hamerhaft, run away and ensnare them. If two enemies get on top of you twin cast Hail Of Thorns and delete them. In Solo play you string the enemy across the map killing them one by one and there is nothing they can do about it. Anyone who gets closed is pinned down by full ranger damage.",https://www.youtube.com/watch?v=KY9WWsAaLX4,,,,,,,,,,,patch 7,2025-Apr-15,2024-Sep-05,2024-Feb-16,2023-Nov-30,2023-Nov-02,2023-Sep-22,2023-Aug-31,2023-Aug-25,2023-Aug-03
Shadeclinger Sorceror [Shadowheart],https://www.reddit.com/r/BG3Builds/comments/1hxnblc/shadeclinger_sorceror_a_solohm_optimized/,smilesbythemiles,build,2025-Jan-09,patch 7,Sorcerer (Draconic) 10 / Warlock (Fiend) 2,Shadeclinger Armor,"""Constant advantage on all saving throws! Combined wet+prone, darkness + hide, or ice fields on bonus action! Spell slot/long rest efficient! Never break concentration! Semi-online by Creche, fully online by early Act 2!""",,,,,,,,,,,,patch 7,2025-Apr-15,2024-Sep-05,2024-Feb-16,2023-Nov-30,2023-Nov-02,2023-Sep-22,2023-Aug-31,2023-Aug-25,2023-Aug-03
Swiss Army Knife Sorcadin,https://www.reddit.com/r/BG3Builds/comments/1huwcyp/the_swiss_army_knife_sorcadin_the_complete_guide/,c4b-Bg3,build,2025-Jan-06,patch 7,Paladin (Oathbreaker) 7 / Sorcerer (White Draconic) 5,synergy or acuity gear,variations include 6 Vengeance / 6 Storm or 7 Ancients / 5 White Draconic,,,,,,,,,,,,patch 7,2025-Apr-15,2024-Sep-05,2024-Feb-16,2023-Nov-30,2023-Nov-02,2023-Sep-22,2023-Aug-31,2023-Aug-25,2023-Aug-03
Horde Breaker Guide [2024],https://www.reddit.com/r/BG3Builds/comments/1hqkzhv/horde_breaker_guide_the_follow_up_post/,LostAccount2099,build,2024-Dec-31,patch 7,Ranger (Hunter) 8 / Cleric (War) 4 ; [variations],"Horde Breaker, Staff of the Ram, The Baneful, Rat Bat",various combinations with the Horde Breaker feature,https://www.reddit.com/r/BG3Builds/comments/1hkkv3a/a_guide_to_hunter_rangers_horde_breaker_from/,,,,,,,,,,,patch 7,2025-Apr-15,2024-Sep-05,2024-Feb-16,2023-Nov-30,2023-Nov-02,2023-Sep-22,2023-Aug-31,2023-Aug-25,2023-Aug-03
Terraformers: An Honor Mode Terrain Control Party,https://www.reddit.com/r/BG3Builds/comments/1hqp0wc/terraformers_an_honor_mode_terrain_control_party/,grousedrum,party,2024-Dec-31,patch 7,"(party) Warlock (Blade, Archfey) 5 / Sorcerer (Wild) 5 / Paladin (Ancients) 2 ; Cleric (Nature) 11 / Wizard 1 ; Druid (Land) 9 / Cleric (Tempest) 3 ; Warlock (Tome, GOO) 9 / Sorcerer (Black Draconic) 3",Terrain,"""This party composition has a simple, but very entertaining and effective goal: to maximize the value of overlapping terrain control and area denial effects, and to reposition enemies consistently to lock them down and neutralize them inside these effects.""","Terrain Control and Area Denial https://www.reddit.com/r/BG3Builds/comments/1g2pdq5/bg3_terrain_control_and_area_denial_interactions/ ; 
and a previous iteration of this party, https://www.reddit.com/r/BG3Builds/comments/1dixewz/completed_hm_with_nature_guardians_summoning/",,,,,,,,,,,patch 7,2025-Apr-15,2024-Sep-05,2024-Feb-16,2023-Nov-30,2023-Nov-02,2023-Sep-22,2023-Aug-31,2023-Aug-25,2023-Aug-03
Horde Breaker Guide: Follow Up,https://www.reddit.com/r/BG3Builds/comments/1hqkzhv/horde_breaker_guide_the_follow_up_post/,LostAccount2099,game mechanic,2024-Dec-31,patch 7,Ranger (Hunter) 3 / X,Horde Breaker,additional findings related to Horde Breaker,Horde Breaker Guide [2025]: https://www.reddit.com/r/BG3Builds/comments/1o3exhv/the_complete_horde_breaker_guide/ ,https://docs.google.com/document/d/1hVUOOtFznYFpHWVwi2FmpbE7R-hqBur1Aa7--8GEVV0/edit?usp=sharing,,,,,,,,,,patch 7,2025-Apr-15,2024-Sep-05,2024-Feb-16,2023-Nov-30,2023-Nov-02,2023-Sep-22,2023-Aug-31,2023-Aug-25,2023-Aug-03
Dark Urge Oathbreaker Caster: Inflicting Wounds from a Distance,https://www.reddit.com/r/BG3Builds/comments/1hpxps3/dark_urge_oathbreaker_caster_inflicting_wounds/,Intensional,build,2024-Dec-30,patch 7,Paladin (Oathbreaker) 4 / Wizard (Necro) 2 / Sorcerer (Wild) 6,"Staff of Cherished Necromancy, spell DC gear",instead of multiclassing Cleric with Sorcerer and Wizard to get Inflict Wounds modified with metamagics to do tons of damage ... Picking up Inflict Wounds from Oathbreaker lets you use CHA as your sole spellcasting ability in a Paladin/Sorc multiclass,,https://docs.google.com/document/d/1G_WoV-vqkF1_ICZOlMM9WmVgw43kdBc6lzHq3Z39szg/edit?usp=sharing,,,,,,,,,,patch 7,2025-Apr-15,2024-Sep-05,2024-Feb-16,2023-Nov-30,2023-Nov-02,2023-Sep-22,2023-Aug-31,2023-Aug-25,2023-Aug-03
Keeper of Balance - Solo Land Druid,https://www.reddit.com/r/BG3Builds/comments/1hkmmp4/guide_keeper_of_balance_solo_land_druid_no/,CrownWBG,build,2024-Dec-23,patch 7,Druid (Land) 12,Moonbeam,pure Land Druid build for Solo run with additional restrictions on what you're allowed to use,,,,,,,,,,,,patch 7,2025-Apr-15,2024-Sep-05,2024-Feb-16,2023-Nov-30,2023-Nov-02,2023-Sep-22,2023-Aug-31,2023-Aug-25,2023-Aug-03
A Guide to Hunter Ranger's Horde Breaker (from level 3 and up),https://www.reddit.com/r/BG3Builds/comments/1hkkv3a/a_guide_to_hunter_rangers_horde_breaker_from/,LostAccount2099,game mechanic,2024-Dec-23,patch 7,Ranger (Hunter) 3 / X,Horde Breaker,initial Horde Breaker research that evolved into several later posts,Horde Breaker Guide [2025]: https://www.reddit.com/r/BG3Builds/comments/1o3exhv/the_complete_horde_breaker_guide/ ,https://docs.google.com/document/d/1T9X8bNZagc1AeQOd01VWd8wjiuOb8nmipL7sjHXRSd0/edit?usp=sharing,,,,,,,,,,patch 7,2025-Apr-15,2024-Sep-05,2024-Feb-16,2023-Nov-30,2023-Nov-02,2023-Sep-22,2023-Aug-31,2023-Aug-25,2023-Aug-03
Sorrow Hunter,https://www.reddit.com/r/BG3Builds/comments/1hgdsqa/the_sorrow_hunter_nohaste_4_attacksturn_at_level/,LostAccount2099,build,2024-Dec-17,patch 7,Ranger (Hunter) 8 / Rogue (Thief) 4,"Sorrow, skirmisher gear, +damage gear","""No-haste, 4 Attacks/Turn at level 9"" built around Sorrow (the glaive from the Emerald Grove)",,,,,,,,,,,,patch 7,2025-Apr-15,2024-Sep-05,2024-Feb-16,2023-Nov-30,2023-Nov-02,2023-Sep-22,2023-Aug-31,2023-Aug-25,2023-Aug-03
Whiplash Druid,https://www.reddit.com/r/BG3Builds/comments/1hfpmz2/whiplash_druid/,LostAccount2099,build,2024-Dec-16,patch 7,Druid (Land) 6 / X,"Thorn Whip, Sorrow, Sparkle Hands",use both Thorn Whip and Sorrowful Lash cantrips every turn to get a lot of extra damage out of Druid’s awesome 2nd-level spells: Moonbeam and Spike Growth,https://www.reddit.com/r/BG3Builds/comments/1hgdsqa/the_sorrow_hunter_nohaste_4_attacksturn_at_level/,,,,,,,,,,,patch 7,2025-Apr-15,2024-Sep-05,2024-Feb-16,2023-Nov-30,2023-Nov-02,2023-Sep-22,2023-Aug-31,2023-Aug-25,2023-Aug-03
Building Around Intransigent Warhammer,https://www.reddit.com/r/BG3Builds/comments/1h3dxjx/building_around_intransigent_warhammer/,Cocohomlogy,game mechanic,2024-Nov-30,patch 7,(not a class build),Intransigent Warhammer,Intransigent Warhammer is an an uncommon Warhammer that knocks nearby foes Prone after killing a hostile target or landing a Critical Hit. This AOE prone (called Impulse Blast) has a fixed DC of 12 DEX. Despite this relatively low DC it is still possible to build a really effective prone-control melee build around this item.,,,,,,,,,,,,patch 7,2025-Apr-15,2024-Sep-05,2024-Feb-16,2023-Nov-30,2023-Nov-02,2023-Sep-22,2023-Aug-31,2023-Aug-25,2023-Aug-03
Extra Health Bars: A Love Story,https://www.reddit.com/r/BG3Builds/comments/1h1sjbd/warding_bond_stacking_force_conduit_and_extra/,LostAccount2099,game mechanic,2024-Nov-28,patch 7,(not a class build),"Warding Bond, Rippling Force Mail, Vivacious Cloak, Vital Conduit Boots, Force Conduit",damage sponge concept,,,,,,,,,,,,patch 7,2025-Apr-15,2024-Sep-05,2024-Feb-16,2023-Nov-30,2023-Nov-02,2023-Sep-22,2023-Aug-31,2023-Aug-25,2023-Aug-03
Fey Princess,https://web.archive.org/web/20250313150011/https://www.reddit.com/r/BG3Builds/comments/1h0aghe/fey_princess_solo_hm_build_for_rebalanced_hardcore/,Holmsky11,build,2024-Nov-26,patch 7,Warlock (Archfey) 5 / Bard (Swords) 5 / Paladin (Vengeance) 2,"Charge-Bound Warhammer, Synergy items, Acuity items","sowing mischief, surprising enemies not just in combat, blinking around the battlefield smacking enemies with melee weapons, cantrips and crowd control",,,,,,,,,,,,patch 7,2025-Apr-15,2024-Sep-05,2024-Feb-16,2023-Nov-30,2023-Nov-02,2023-Sep-22,2023-Aug-31,2023-Aug-25,2023-Aug-03
Radiant Poisoner,https://www.reddit.com/r/BG3Builds/comments/1gxefyv/radiant_poisoner_20/,LostAccount2099,build,2024-Nov-22,patch 7,Fighter 1 / Sorcerer (Green Draconic) 2 / Thief (Rogue) 4 / Cleric (Trickery) 5,"RadOrb gear, Poison gear","variation of the classic Radiant Cleric, going full debuffer using Poison gear and with high mobility",https://www.reddit.com/r/BG3Builds/comments/1fl8x7s/the_best_poisoner_is_a_radiant_cleric_and_the/,,,,,,,,,,,patch 7,2025-Apr-15,2024-Sep-05,2024-Feb-16,2023-Nov-30,2023-Nov-02,2023-Sep-22,2023-Aug-31,2023-Aug-25,2023-Aug-03
Complete Guide to Every Gloomstalker Assassin,https://www.reddit.com/r/BG3Builds/comments/1gv368a/the_complete_guide_to_every_gloomstalker_assassin/,OCD124,build,2024-Nov-19,patch 7,Ranger (Gloom) 5 / Thief (Assassin) 4 / [various],too many to list,various combinations on the GloomSassin chassis,,,,,,,,,,,,patch 7,2025-Apr-15,2024-Sep-05,2024-Feb-16,2023-Nov-30,2023-Nov-02,2023-Sep-22,2023-Aug-31,2023-Aug-25,2023-Aug-03
Fiery Stabber,https://www.reddit.com/r/BG3Builds/comments/1guqac7/the_fiery_stabber/,Cocohomlogy,build,2024-Nov-19,patch 7,Warlock (Fiend) 5 / Fighter (Champion) 6 / Sorcerer (Draconic) 1,"Daredevil Gloves, Pyroquickness Hat","relies on bug for permanent Pact Weapon, which may not work any more; and bugged interactions among Daredevil Gloves, Pyroquickness Hat, and Firebolt",https://www.reddit.com/r/BG3Builds/comments/1gn5nyw/the_daredevil_an_hm_fire_gish_build_guide/,,,,,,,,,,,patch 7,2025-Apr-15,2024-Sep-05,2024-Feb-16,2023-Nov-30,2023-Nov-02,2023-Sep-22,2023-Aug-31,2023-Aug-25,2023-Aug-03
Fiery Stabber,https://www.reddit.com/r/BG3Builds/comments/1guqac7/the_fiery_stabber/,Cocohomlogy,build,2024-Nov-19,patch 7,Fighter 1 / Rogue (Thief) 5 / Sorcerer (fire draconic) 6,"Daredevil Gloves, Pyroquickness Hat, Firebolt","This build is inspired by u/awspear's 4/4/4 Eldritch Blaster and u/yonkzoid's Daredevil which uses a very similar mechanic. ... A cool interaction between daredevil gloves, pyroquickness hat, and firebolt: we can get an extra bonus action when using all three together.",,,,,,,,,,,,patch 7,2025-Apr-15,2024-Sep-05,2024-Feb-16,2023-Nov-30,2023-Nov-02,2023-Sep-22,2023-Aug-31,2023-Aug-25,2023-Aug-03
Reduce Damage to Zero,https://www.reddit.com/r/BG3Builds/comments/1guo39u/lifewbond_cleric_gear_loadout_that_reduces_damage/,CannotThonk96,build,2024-Nov-18,patch 7,Cleric (Life) 12,"HAM, Emblazoned Plate of the Marshal, healer's gear, Helm of Balduran","""This is a gear loadout for an invincible frontline cleric. This isn't a radiant orb thing either, zero radiant orbs.""",,,,,,,,,,,,patch 7,2025-Apr-15,2024-Sep-05,2024-Feb-16,2023-Nov-30,2023-Nov-02,2023-Sep-22,2023-Aug-31,2023-Aug-25,2023-Aug-03
Solo Honor Mode Like a Lady,https://www.reddit.com/r/BG3Builds/comments/1gqaktq/solo_honor_mode_like_a_lady_rebalanced_no/,CrownWBG,build,2024-Nov-13,patch 7,Barbarian (Wildheart) 8 / Rogue (Thief) 4,Sword of Chaos or Shattered Flail,"Rage, spam Tiger's Bloodlust, self-heal",,,,,,,,,,,,patch 7,2025-Apr-15,2024-Sep-05,2024-Feb-16,2023-Nov-30,2023-Nov-02,2023-Sep-22,2023-Aug-31,2023-Aug-25,2023-Aug-03
Cloudkill Plus Wolvervine Barbarian,https://www.reddit.com/r/BG3Builds/comments/1gpbodg/cloudkill_and_wolverine_barb/,bingammj,game mechanic,2024-Nov-11,patch 7,Barbarian (Wolverine) 6 / X,"Cloudkill, Maimed","you can apply Maimed to targets of Cloudkill, even though it does not apply the Poisoned condition",,,,,,,,,,,,patch 7,2025-Apr-15,2024-Sep-05,2024-Feb-16,2023-Nov-30,2023-Nov-02,2023-Sep-22,2023-Aug-31,2023-Aug-25,2023-Aug-03
Markoheshkir and Draconic Ancestry Interactions with Smite Spells,https://www.reddit.com/r/BG3Builds/comments/1gogbdo/markoheshkir_and_draconic_ancestry_have_strange/,Low_Tier_Skrub,game mechanic,2024-Nov-10,patch 7,Sorcerer (Draconic) / Paladin,"Markoheshkir, Smite","""Smite spells, not reactions, are spells so they can interact with with damage boosting passives like the ones from Markoheshkir or Draconic Ancestry. What makes this interesting is that the requirements and effect on damage work completely differently between the two.""",,,,,,,,,,,,patch 7,2025-Apr-15,2024-Sep-05,2024-Feb-16,2023-Nov-30,2023-Nov-02,2023-Sep-22,2023-Aug-31,2023-Aug-25,2023-Aug-03
The Daredevil - an HM Fire Gish,https://www.reddit.com/r/BG3Builds/comments/1gn5nyw/the_daredevil_an_hm_fire_gish_build_guide/,yonkzoid,build,2024-Nov-09,patch 7,Warlock (Fiend) 5 / Fighter (Champion) 6 / Sorcerer (Draconic) 1,"Daredevil Gloves, Pyroquickness Hat","""while wearing the Daredevil Gloves, we can cast Fire Bolt as a melee spell attack, proccing Fiery Return. This will give us a second bonus action to make an extra off-hand attack using our Pact Weapon. Fire Bolt will also proc the Ring of Arcane Synergy, allowing us to add our CHA modifier to our weapon attacks""",,,,,,,,,,,,patch 7,2025-Apr-15,2024-Sep-05,2024-Feb-16,2023-Nov-30,2023-Nov-02,2023-Sep-22,2023-Aug-31,2023-Aug-25,2023-Aug-03
Fanged Assassin [Astarion],https://www.reddit.com/r/BG3Builds/comments/1gh889h/the_fanged_assassin_an_astarion_build/,rosymourning,build,2024-Nov-01,patch 7,Rogue (Assassin) 5 / Ranger (Gloom) 5 / Fighter 2,crit gear,"By prioritizing lowering the Critical Hit threshold and making use of several game mechanics around hiding and surprising enemies, this build builds toward having very high damage in the first round of combat. A stronger version of this build would prioritize ranged attacks, but this build is all about melee.",,,,,,,,,,,,patch 7,2025-Apr-15,2024-Sep-05,2024-Feb-16,2023-Nov-30,2023-Nov-02,2023-Sep-22,2023-Aug-31,2023-Aug-25,2023-Aug-03
Legacy of Avernus [Karlach],https://www.reddit.com/r/BG3Builds/comments/1gfaa2e/legacy_of_avernus_karlach_build/,HestiaBestia,build,2024-Oct-29,patch 7,Paladin (Vengeance) 6 / Sorcerer (fire Draconic) 6,"Heat gear, Hellfire Greataxe",build around Heat Convergence on a fire-resistant chassis,,,,,,,,,,,,patch 7,2025-Apr-15,2024-Sep-05,2024-Feb-16,2023-Nov-30,2023-Nov-02,2023-Sep-22,2023-Aug-31,2023-Aug-25,2023-Aug-03
Teddy Bear [Halsin],https://www.reddit.com/r/BG3Builds/comments/1g7i5u9/the_teddy_bear_a_halsin_build/,rosymourning,build,2024-Oct-19,patch 7,Druid (Moon) 12,"Armor of Moonbasking, Wild Shape, bears","What else did you expect? Halsin is a Circle of the Moon Druid and is in Wild Shape pretty much the entire time. The closest thing Baldur's Gate 3 has to a tank build, he has a massive health pool and can goad enemies to attack him.",,,,,,,,,,,,patch 7,2025-Apr-15,2024-Sep-05,2024-Feb-16,2023-Nov-30,2023-Nov-02,2023-Sep-22,2023-Aug-31,2023-Aug-25,2023-Aug-03
Go for the eyes Boo! [Minsc],https://www.reddit.com/r/BG3Builds/comments/17aq0ht/a_flavorful_and_goofy_build_for_minsc_go_for_the/,NoohjXLVII,build,2024-Oct-18,patch 7,"Barbarian (Eagle, Chimp) 6 / Ranger (any) 4 / X",Boo,"""the general flow of combat would be to throw Boo in at an enemy, (which blinds them), and then eagle diving and joining in on the fun and hacking or throwing whatever else you want""",,,,,,,,,,,,patch 7,2025-Apr-15,2024-Sep-05,2024-Feb-16,2023-Nov-30,2023-Nov-02,2023-Sep-22,2023-Aug-31,2023-Aug-25,2023-Aug-03
Terrain Control and Area Denial Interactions,https://www.reddit.com/r/BG3Builds/comments/1g2pdq5/bg3_terrain_control_and_area_denial_interactions/,grousedrum,game mechanic,2024-Oct-13,patch 7,(not a class build),(not applicable),how terrain interacts with other surfaces or clouds,https://docs.google.com/spreadsheets/d/1aCScfzi_NZdjSk1VvnUuqEx1kCVc0J8wF70o3qt7BQ8/edit?usp=sharing,,,,,,,,,,,patch 7,2025-Apr-15,2024-Sep-05,2024-Feb-16,2023-Nov-30,2023-Nov-02,2023-Sep-22,2023-Aug-31,2023-Aug-25,2023-Aug-03
Camp Cast Concentration Spells,https://www.reddit.com/r/BG3Builds/comments/1g1xh0y/you_can_in_fact_camp_cast_concentration_spells_by/,CCYellow,game mechanic,2024-Oct-12,patch 7,(not a class build),(not applicable),how to camp cast concentration spells by kicking out the camp caster while the spellcasting animation is in progress,,,,,,,,,,,,patch 7,2025-Apr-15,2024-Sep-05,2024-Feb-16,2023-Nov-30,2023-Nov-02,2023-Sep-22,2023-Aug-31,2023-Aug-25,2023-Aug-03
Storm Cleave Redux,https://www.reddit.com/r/BG3Builds/comments/1g1d2ap/honor_mode_full_party_comp_4_storm_cleave_redux/,deathadder99,party,2024-Oct-11,patch 7,(party) Sorcerer (Blue Draconic) 6 / Cleric (Tempest) 6 ; Wizard (Div) 6 / Cleric (Tempest) 6 ; Ranger (Hunter) 12 ; Fighter (EK) 12,too many to list,modified version of P_J's Storm Cleave party built around wet + lightning,,,,,,,,,,,,patch 7,2025-Apr-15,2024-Sep-05,2024-Feb-16,2023-Nov-30,2023-Nov-02,2023-Sep-22,2023-Aug-31,2023-Aug-25,2023-Aug-03
Optimized Dual Wielding Build,https://www.reddit.com/r/BG3Builds/comments/1g0vnes/comment/lrbz2a8/,Sorry-Analysis8628,build,2024-Oct-10,patch 7,Rogue (Thief) 3 / Bard (Swords) 6 / Paladin 2 / Barbarian 1,AC gear,"""That 1 lvl of Barbarian in the late game makes armor completely unnecessary. [...] You'll also get the rage bonus to damage and resistance to physical damage.""",,,,,,,,,,,,patch 7,2025-Apr-15,2024-Sep-05,2024-Feb-16,2023-Nov-30,2023-Nov-02,2023-Sep-22,2023-Aug-31,2023-Aug-25,2023-Aug-03
Ordinary Hireling Becomes the Strongest Necromancer,https://www.reddit.com/r/BG3Builds/comments/1fzdq48/an_ordinary_hireling_becomes_the_strongest/,CCYellow,build,2024-Oct-08,patch 7,Paladin 7 / X,"Aura of Hate, Shadow Blade and Flame Blade glitches",abuses several hireling related glitches to buff summoned skeletons,https://www.reddit.com/r/BG3Builds/comments/1frb05i/classexclusive_active_buffs_that_are_usually/,,,,,,,,,,,patch 7,2025-Apr-15,2024-Sep-05,2024-Feb-16,2023-Nov-30,2023-Nov-02,2023-Sep-22,2023-Aug-31,2023-Aug-25,2023-Aug-03
Ranged Character Can Take Infinite Potshots By Running Away to Camp Before Their Projectile Hits,https://www.reddit.com/r/BG3Builds/comments/1fx679v/a_ranged_character_can_take_infinite_potshots_at/,CCYellow,game mechanic,2024-Oct-05,patch 7,(not a class build),Ranged attacks,"""So long as you're not in a restricted zone where the camp is inaccessible, a ranged character can launch a projectile at an enemy, then quickly enter camp before the projectile actually hits, and avoid entering combat altogether.""",needs re-test in patch 8,,,,,,,,,,,patch 7,2025-Apr-15,2024-Sep-05,2024-Feb-16,2023-Nov-30,2023-Nov-02,2023-Sep-22,2023-Aug-31,2023-Aug-25,2023-Aug-03
Dual Wielding Tempest Cleric Spellblade,https://www.reddit.com/r/BG3Builds/comments/1fukpn1/dual_wielding_tempest_cleric_spellblade/,waterzxc,build,2024-Oct-02,patch 7,Cleric (Tempest) 8 / Fighter (EK) 4,"Ring of Elemental Infusion, Diadem of Arcane Synergy, Gloves of Belligerent Skies",Tempest Cleric that is a dual wielding spellblade with high burst damage,,,,,,,,,,,,patch 7,2025-Apr-15,2024-Sep-05,2024-Feb-16,2023-Nov-30,2023-Nov-02,2023-Sep-22,2023-Aug-31,2023-Aug-25,2023-Aug-03
Gemini Gloves Area Effect Damage Mechanics,https://www.reddit.com/r/BG3Builds/comments/1fsly2u/gemini_gloves_area_effect_damage_mechanics/,keener91,game mechanic,2024-Sep-29,patch 7,(not a class build),Gemini Gloves,"""Once you enable Twinned Spell, you will get a second circle with a new primary target, however the secondary targets are unlimited [...]""",,,,,,,,,,,,patch 7,2025-Apr-15,2024-Sep-05,2024-Feb-16,2023-Nov-30,2023-Nov-02,2023-Sep-22,2023-Aug-31,2023-Aug-25,2023-Aug-03
Eldritch Druid [Jaheira],https://www.reddit.com/r/BG3Builds/comments/1freic5/the_eldritch_druid_a_jaheira_build/,rosymourning,build,2024-Sep-28,patch 7,Druid (Land) 7 / Fighter (EK) 5,"Belm, Sylvan Scimitar",attempt at lore-accurate Jaheira,,,,,,,,,,,,patch 7,2025-Apr-15,2024-Sep-05,2024-Feb-16,2023-Nov-30,2023-Nov-02,2023-Sep-22,2023-Aug-31,2023-Aug-25,2023-Aug-03
Class-Exclusive Buffs Are NOT Removed from Hirelings Returning from Fugue Plane,https://www.reddit.com/r/BG3Builds/comments/1frb05i/classexclusive_active_buffs_that_are_usually/,CCYellow,game mechanic,2024-Sep-28,patch 7,(not a class build),Hirelings,"""This means a hireling can stack EVERY barbarian/paladin aura (except hate), maxed out arcane ward AND fiendish resilience AT THE SAME TIME, on ANY class""",https://www.reddit.com/r/BG3Builds/comments/1fzdq48/an_ordinary_hireling_becomes_the_strongest/,,,,,,,,,,,patch 7,2025-Apr-15,2024-Sep-05,2024-Feb-16,2023-Nov-30,2023-Nov-02,2023-Sep-22,2023-Aug-31,2023-Aug-25,2023-Aug-03
Normies Team,https://www.reddit.com/r/BG3Builds/comments/1fqs5n5/honor_mode_full_party_build_3_normies/,deathadder99,party,2024-Sep-27,patch 7,(party) Paladin (Vengeance) 6 / Sorcerer (Storm or White Draconic) 6 ; Sorcerer (Blue Draconic) 6 / Cleric (Tempest) 6 ; Bard (Swords) 10 / Fighter 1 / Wizard 1 ; Monk (OH) 9 / Rogue (Thief) 3,too many to list,needs many Elixirs of STR and Water Bottles,,,,,,,,,,,,patch 7,2025-Apr-15,2024-Sep-05,2024-Feb-16,2023-Nov-30,2023-Nov-02,2023-Sep-22,2023-Aug-31,2023-Aug-25,2023-Aug-03
Lore Friendly Trickery Cleric Build - Dark Justiciar [Shadowheart],https://www.reddit.com/r/BG3Builds/comments/1fqy6x8/shadowheart_lore_friendly_trickery_cleric_build/,zanuffas,build,2024-Sep-27,patch 7,Cleric (Trickery) 6 / Monk (Shadow) 6,"Shar's Spear of Evening, Acuity gear, BOTMS",leans into the Trickery cleric part of SH and pairs it with Shadow monk,https://gamestegy.com/post/bg3/1550/shadowheart-trickery-cleric-build,,,,,,,,,,,patch 7,2025-Apr-15,2024-Sep-05,2024-Feb-16,2023-Nov-30,2023-Nov-02,2023-Sep-22,2023-Aug-31,2023-Aug-25,2023-Aug-03
Throwing Dagger Build,https://www.reddit.com/r/BG3Builds/comments/1forgu1/op_throwing_dagger_build_and_tips_for_throwing/,DaveyDave420,build,2024-Sep-24,patch 7,Monk (OH) 5 / Thief (Rogue) 4 / Warlock 2 / Fighter 1,"Throwing gear, daggers, Soul Branding [Minthara]","Over 60 Die rolls per turn, 320+ average damage per turn;  “Secret” Fire/Lightning/Bleed and/or Force damage with Advantage on all attacks",,,,,,,,,,,,patch 7,2025-Apr-15,2024-Sep-05,2024-Feb-16,2023-Nov-30,2023-Nov-02,2023-Sep-22,2023-Aug-31,2023-Aug-25,2023-Aug-03
Eight F-ing Bears,https://www.reddit.com/r/BG3Builds/comments/1fnqll1/wrote_it_for_the_meme_figured_id_share_heres_my/,MossyPyrite,build,2024-Sep-23,patch 7,Ranger (Beastmaster) 5 / Druid (Moon) 6 / X,bears,wrote this after discussing tank builds (since bears get one of the few aggro mechanics in the game) and the Eight F-ing Bears Magic The Gathering meme,,,,,,,,,,,,patch 7,2025-Apr-15,2024-Sep-05,2024-Feb-16,2023-Nov-30,2023-Nov-02,2023-Sep-22,2023-Aug-31,2023-Aug-25,2023-Aug-03
Retrive Bodies from Chasms with Telekinesis,https://www.reddit.com/r/BG3Builds/comments/1fnyekn/many_chasms_will_actually_let_you_fish_the_bodies/,CCYellow,game mechanic,2024-Sep-23,patch 7,(not a class build),Telekinesis,"""some enemy corpses continue to stick around at the bottom of these chasms. With Telekinesis, you can actually toss them back onto land and safely loot the body""",needs re-test in patch 8,,,,,,,,,,,patch 7,2025-Apr-15,2024-Sep-05,2024-Feb-16,2023-Nov-30,2023-Nov-02,2023-Sep-22,2023-Aug-31,2023-Aug-25,2023-Aug-03
Nature Avenger,https://www.reddit.com/r/BG3Builds/comments/1fjsqfh/nature_avenger/,LostAccount2099,build,2024-Sep-18,patch 7,Fighter 1 / Druid (Spores) 5 / Rogue (Thief) 4 / Cleric (Tempest) 2,"Concentration, Shillelagh","combining multiple damage types, also with spellcasting and melee at same time",,,,,,,,,,,,patch 7,2025-Apr-15,2024-Sep-05,2024-Feb-16,2023-Nov-30,2023-Nov-02,2023-Sep-22,2023-Aug-31,2023-Aug-25,2023-Aug-03
Dual Wielding Without Those Same 4 Daggers or Stealth,https://www.reddit.com/r/BG3Builds/comments/1fj80p6/whats_a_funbutviable_dual_wielding_melee_build/,ALL-H0PE-IS-G0NE,build,2024-Sep-17,patch 7,(not a class build),too many to list,start of a discussion of how to make a fun dual wielding build that doesn't use the OP late game daggers,,,,,,,,,,,,patch 7,2025-Apr-15,2024-Sep-05,2024-Feb-16,2023-Nov-30,2023-Nov-02,2023-Sep-22,2023-Aug-31,2023-Aug-25,2023-Aug-03
30 Strength as Dark Urge,https://www.reddit.com/r/BG3Builds/comments/1fhl4ld/30_strength_as_dark_urge/,Cocohomlogy,game mechanic,2024-Sep-15,patch 7,(not a class build),"Dark Urge, Slayer form","""It is indeed possible to achieve 30 strength as the Dark Urge by being level 10, using slayer form (base 25 str), and getting the permanent buffs +1 hag's hair, +2 potion of everlasting vigor, +2 mirror of loss .""",,,,,,,,,,,,patch 7,2025-Apr-15,2024-Sep-05,2024-Feb-16,2023-Nov-30,2023-Nov-02,2023-Sep-22,2023-Aug-31,2023-Aug-25,2023-Aug-03
Wet Plus Lightning Team,https://www.reddit.com/r/BG3Builds/comments/1fgsdc8/full_honor_mode_party_comp_wet_lightning/,deathadder99,party,2024-Sep-14,patch 7,"(party) Warlock (Fiend, Blade) 12 ; Wizard (Div) 2 / Sorcerer (Storm) 8 / Cleric (Tempest) 2 ; Sorcerer (Storm) 6 / Paladin 6 ; Sorcerer (White Draconic) 9 / Rogue (Thief) 3",too many to list,team built around the wet + lightning vuln combo,,,,,,,,,,,,patch 7,2025-Apr-15,2024-Sep-05,2024-Feb-16,2023-Nov-30,2023-Nov-02,2023-Sep-22,2023-Aug-31,2023-Aug-25,2023-Aug-03
Custody Battle,https://www.reddit.com/r/BG3Builds/comments/1fgmw7u/the_custody_battle_a_tav_build/,rosymourning,build,2024-Sep-14,patch 7,"Warlock (GOO, Pact of the Chain) 12",Illithid Powers,"At its core, this is an Eldritch Blaster build with as many unlocked Illithid powers as possible. Great Old One’s physic damage resistance and general vibe make for a strong Warlock build to pair with powerful abilities like Cull The Weak, Black Hole, Psionic Overload, etc.",,,,,,,,,,,,patch 7,2025-Apr-15,2024-Sep-05,2024-Feb-16,2023-Nov-30,2023-Nov-02,2023-Sep-22,2023-Aug-31,2023-Aug-25,2023-Aug-03
Weirdest Bard,https://www.reddit.com/r/BG3Builds/comments/1fem7kv/the_weirdest_bard_build_youll_ever_see/,xSILH,build,2024-Sep-11,patch 7,Bard (Valor) 8 / [Wizard 4 or Cleric (War) 4],"Concentration, Legacy of the Masters","The goal for this ""build"" was simply on a whim to create a constant +6 weapon to go around bonking people with.",,,,,,,,,,,,patch 7,2025-Apr-15,2024-Sep-05,2024-Feb-16,2023-Nov-30,2023-Nov-02,2023-Sep-22,2023-Aug-31,2023-Aug-25,2023-Aug-03
Ice Mage,https://www.reddit.com/r/BG3Builds/comments/1femxnp/ice_mage_is_such_a_fun_and_op_build_cant_believe/,CoachDigginBalls,build,2024-Sep-11,patch 7,Sorcerer (White Draconic) 10 / Wizard (Evo) 2,Cold gear,basic listing of Ice Mage or Cold Sorcerer,,,,,,,,,,,,patch 7,2025-Apr-15,2024-Sep-05,2024-Feb-16,2023-Nov-30,2023-Nov-02,2023-Sep-22,2023-Aug-31,2023-Aug-25,2023-Aug-03
Weirdest Eldritch Knight,https://www.reddit.com/r/BG3Builds/comments/1fdliv0/the_weirdest_eldritch_knight_build_youll_ever_see/,xSILH,build,2024-Sep-10,patch 7,Fighter (EK) 8 / Wizard 2 / Paladin 2,"Gloves of Dexterity, Elixir of Strength, Phalar Aluve, Syngery gear",revolves around bolstering our Cantrips using two different stat modifiers in order to reach pseudo-Warlock levels of damage without Eldritch Blast,,,,,,,,,,,,patch 7,2025-Apr-15,2024-Sep-05,2024-Feb-16,2023-Nov-30,2023-Nov-02,2023-Sep-22,2023-Aug-31,2023-Aug-25,2023-Aug-03
Alternate Way to Beastmaster,https://www.reddit.com/r/BG3Builds/comments/1fdifek/an_alternate_way_to_beast_master/,boachl,build,2024-Sep-10,patch 7,Ranger (Beastmaster) 12,"PAM, Sentinel",a pure 12 level Beast Master DEX based character utilizing the Polearm Master and Sentinel combo that does not depend on any consumables,,,,,,,,,,,,patch 7,2025-Apr-15,2024-Sep-05,2024-Feb-16,2023-Nov-30,2023-Nov-02,2023-Sep-22,2023-Aug-31,2023-Aug-25,2023-Aug-03
List of No Action Heal Food Items,https://www.reddit.com/r/BG3Builds/comments/1fbs4yp/list_of_no_action_heal_food_items/,Nissan_al_Gaib,game mechanic,2024-Sep-08,patch 7,(not a class build),"healing, food","List of food items that require no action to consume yet still heal you, which can trigger related gear. // Raspberry (bushes near Blighted Village, Wyrm's Lookout campsite) ; Roasted Dwarf parts (DUrge only, Goblin Camp) ; Okta's Gruel (Emerald Grove) ; Suspicous Meat (Warg Pens)",,,,,,,,,,,,patch 7,2025-Apr-15,2024-Sep-05,2024-Feb-16,2023-Nov-30,2023-Nov-02,2023-Sep-22,2023-Aug-31,2023-Aug-25,2023-Aug-03
Solo Like A Gentleman,https://www.reddit.com/r/BG3Builds/comments/1fbhcsn/honor_mode_guide_to_solo_like_a_gentleman/,CrownWBG,build,2024-Sep-07,patch 7,Paladin (Devotion) 6 / Rogue (Thief) 3 / Sorcerer (Storm) 3,"Gloves of Dexterity, AC gear","doesn't use scrolls, elixirs, etc. but does optimize within its self restraints",,,,,,,,,,,,patch 7,2025-Apr-15,2024-Sep-05,2024-Feb-16,2023-Nov-30,2023-Nov-02,2023-Sep-22,2023-Aug-31,2023-Aug-25,2023-Aug-03
Free Dual Wielding,https://www.reddit.com/r/BG3Builds/comments/1fb9ig7/free_dual_wielding_no_ac_bonus/,skulkra,game mechanic,2024-Sep-07,patch 7,(not a class build),Dual Wielding,This method lets you take two party members and swap weapons between them until one is holding two non-heavy weapons of your choice WITHOUT having any feats.,,,,,,,,,,,,patch 7,2025-Apr-15,2024-Sep-05,2024-Feb-16,2023-Nov-30,2023-Nov-02,2023-Sep-22,2023-Aug-31,2023-Aug-25,2023-Aug-03
Fallen Paladin - Redeemed Dark Urge,https://www.reddit.com/r/BG3Builds/comments/1fbeq91/the_fallen_paladin_a_redeemed_dark_urge_build/,rosymourning,build,2024-Sep-07,patch 7,Paladin (Vengeance) 6 / Sorcerer (Storm) 6,The Dark Urge,"Like most Sorcadin builds, Durge will be making melee attacks and smiting using the high spell slots from Sorcerer for impressive damage.",,,,,,,,,,,,patch 7,2025-Apr-15,2024-Sep-05,2024-Feb-16,2023-Nov-30,2023-Nov-02,2023-Sep-22,2023-Aug-31,2023-Aug-25,2023-Aug-03
Savage Poisoner,https://www.reddit.com/r/BG3Builds/comments/1f7yupd/savage_poisoner/,LostAccount2099,build,2024-Sep-03,patch 6,Ranger (Gloom or Beastmaster) 5 / Rogue (Thief) 3 / X,"Poison gear, Thorn Blade","Poisoner's Gloves → Derivation Cloak → Broodmother Revenge is the base flow we want to trigger for conditions, heal, extra damage and more opportunities to retrigger the flow.",,,,,,,,,,,,patch 6,2025-Apr-15,2024-Sep-05,2024-Feb-16,2023-Nov-30,2023-Nov-02,2023-Sep-22,2023-Aug-31,2023-Aug-25,2023-Aug-03
Optimal Sneak Attack Timing,https://www.reddit.com/r/BG3Builds/comments/1f568lc/optimal_sneak_attack_timing/,floormanifold,game mechanic,2024-Aug-30,patch 6,(not a class build),Sneak Attack,"With a hit rate h and crit rate c, you should only sneak attack on a non-crit if the number of remaining attacks after the current hit is less than log( c/(c+h) )/log(1-h). In particular, if h + c > 1, we should only sneak attack on a non-crit if it is our final attack of the round.",,https://docs.google.com/document/d/1jrXN9G8JqP6HSzhkM0_RGngxQoO8upBFoW7N2a1PL-E/edit?usp=sharing,,,,,,,,,,patch 6,2025-Apr-15,2024-Sep-05,2024-Feb-16,2023-Nov-30,2023-Nov-02,2023-Sep-22,2023-Aug-31,2023-Aug-25,2023-Aug-03
Skip Barbarian,https://www.reddit.com/r/BG3Builds/comments/1f35con/the_ultimate_skip_barbarian_control_dozens_of/,Noskmare311,build,2024-Aug-28,patch 6,Barbarian (Wildheart) 8 / Fighter (BM) 4,RadOrb gear,"force enemies to get knocked prone or otherwise skip their turns and easily win fights that way, while also applying dozens of Radiating Orbs in case that they do get up",,,,,,,,,,,,patch 6,2025-Apr-15,2024-Sep-05,2024-Feb-16,2023-Nov-30,2023-Nov-02,2023-Sep-22,2023-Aug-31,2023-Aug-25,2023-Aug-03
Keep Astarion Romance and Potion of Everlasting Vigor,https://www.reddit.com/r/BG3/comments/1f2pwwn/how_to_keep_astarion_romance_and_get_potion_of/,ShayDeeMon,game mechanic,2024-Aug-27,patch 6,(not a class build),Potion of Everlasting Vigor,guide for how to obtain the Potion of Everlasting Vigor (STR potion) while maintaining romance with Astarion,,,,,,,,,,,,patch 6,2025-Apr-15,2024-Sep-05,2024-Feb-16,2023-Nov-30,2023-Nov-02,2023-Sep-22,2023-Aug-31,2023-Aug-25,2023-Aug-03
Honor Mode Supporter,https://www.reddit.com/r/BG3Builds/comments/1ezollw/the_ultimate_supporter_to_make_honour_mode_a_joke/,Noskmare311,build,2024-Aug-23,patch 6,Sorcerer 2 / Bard 2 / Wizard 2 / Cleric (Life) 6,Healer's gear,all-purpose support build that does a little bit of everything,,,,,,,,,,,,patch 6,2025-Apr-15,2024-Sep-05,2024-Feb-16,2023-Nov-30,2023-Nov-02,2023-Sep-22,2023-Aug-31,2023-Aug-25,2023-Aug-03
Valor Bard Support,https://www.reddit.com/r/BG3Builds/comments/1eyrmz0/valor_bard_a_support/,AerieSpare7118,build,2024-Aug-22,patch 6,Bard (Valor) 10 / Sorcerer (Black Draconic) 2,healer's gear,"""This build focuses on the on-heal effects from various different gear-pieces and the ability to add healing to the application of bardic inspirations. Effectively, this build makes bardic inspirations into free healing words that also buff the ally’s damage or AC.""",https://www.reddit.com/r/BG3Builds/comments/1l7e3tx/build_ideas_for_a_solo_valor_bard_that_buffs/,,,,,,,,,,,patch 6,2025-Apr-15,2024-Sep-05,2024-Feb-16,2023-Nov-30,2023-Nov-02,2023-Sep-22,2023-Aug-31,2023-Aug-25,2023-Aug-03
Bhaals Out: A Dex Barbarian Murder Machine,https://www.reddit.com/r/BG3Builds/comments/1evljf6/bhaals_out_a_dex_barbarian_murder_machine/,cpaoi88,build,2024-Aug-18,patch 6,Barbarian (Wildheart) 9 / Rogue (Thief) 3,"Bhaalist Armor, crit gear",DEX-based dual wielding barbarian,,,,,,,,,,,,patch 6,2025-Apr-15,2024-Sep-05,2024-Feb-16,2023-Nov-30,2023-Nov-02,2023-Sep-22,2023-Aug-31,2023-Aug-25,2023-Aug-03
Snowstorm Sorcerer,https://www.reddit.com/r/BG3Builds/comments/1eukbny/the_snowstorm_sorcerer_a_comprehensive_guide/,purplebanjo,build,2024-Aug-17,patch 6,Sorcerer (Draconic) 11 / Cleric (Tempest) 1,Cold gear,"use the Draconic Ancestry subclass perks, the Wet condition, and various items found throughout the game to maximize Cold damage",,,,,,,,,,,,patch 6,2025-Apr-15,2024-Sep-05,2024-Feb-16,2023-Nov-30,2023-Nov-02,2023-Sep-22,2023-Aug-31,2023-Aug-25,2023-Aug-03
Various Gloom / Assassin / Fighter Crit Builds,https://www.reddit.com/r/BG3Builds/comments/1etcy8o/comment/lie4wms/?context=3,JDruid2,game mechanic,2024-Aug-16,patch 6,(not a class build),crit gear,various combinations for crit-fishing,,,,,,,,,,,,patch 6,2025-Apr-15,2024-Sep-05,2024-Feb-16,2023-Nov-30,2023-Nov-02,2023-Sep-22,2023-Aug-31,2023-Aug-25,2023-Aug-03
Jack of All Trades,https://www.reddit.com/r/BG3Builds/comments/1esvgjf/comment/li9m8ee/?context=3,Liberkhaos,build,2024-Aug-15,patch 6,too many to list,too many to list,build order for the Jack of All Trades achievement,,,,,,,,,,,,patch 6,2025-Apr-15,2024-Sep-05,2024-Feb-16,2023-Nov-30,2023-Nov-02,2023-Sep-22,2023-Aug-31,2023-Aug-25,2023-Aug-03
GWM Applies to All Damage Dice,https://www.reddit.com/r/BG3Builds/comments/1es83x2/great_weapon_fighting_fighting_style_applies_to/,Reasonable_Quit_9432,game mechanic,2024-Aug-14,patch 6,(not a class build),GWM,proof that GWM applies to ALL damage dice not just the weapon's damage dice,,,,,,,,,,,,patch 6,2025-Apr-15,2024-Sep-05,2024-Feb-16,2023-Nov-30,2023-Nov-02,2023-Sep-22,2023-Aug-31,2023-Aug-25,2023-Aug-03
Feywild Trickster,https://www.reddit.com/r/BG3Builds/comments/1eqzn4b/feywild_trickster_a_dumb_blink_build/,Herd_of_Koalas,build,2024-Aug-13,patch 6,Warlock (Archfey) 5 / Druid 4 / Warlock (Blade) 3,Blink,build around the Blink spell,,,,,,,,,,,,patch 6,2025-Apr-15,2024-Sep-05,2024-Feb-16,2023-Nov-30,2023-Nov-02,2023-Sep-22,2023-Aug-31,2023-Aug-25,2023-Aug-03
Get BOOOAL's Blessing On Entire Party,https://www.reddit.com/r/BG3Builds/comments/1ei73f1/how_to_get_boooalls_benediction_without/,BoshyBoshington,game mechanic,2024-Aug-02,patch 6,(not a class build),BOOOAL's Blessing,Patch 8 - still works. BOOOAL's Blessing grants advantage against Bleeding targets.,,,,,,,,,,,,patch 6,2025-Apr-15,2024-Sep-05,2024-Feb-16,2023-Nov-30,2023-Nov-02,2023-Sep-22,2023-Aug-31,2023-Aug-25,2023-Aug-03
Abyss Beckoners Immunity,https://www.reddit.com/r/BG3Builds/comments/1ehh29q/abyss_beckoners_immunity/,BoshyBoshington,game mechanic,2024-Aug-01,patch 6,(not a class build),Abyss Beckoners,list of creatures that are and are not immune to Abyss Beckoners' Demonspirit Madness,,,,,,,,,,,,patch 6,2025-Apr-15,2024-Sep-05,2024-Feb-16,2023-Nov-30,2023-Nov-02,2023-Sep-22,2023-Aug-31,2023-Aug-25,2023-Aug-03
Restless Assassin,https://www.reddit.com/r/BG3Builds/comments/1egwdgc/the_restless_assassin/,iKrivetko,build,2024-Jul-31,patch 6,Rogue (Assassin) 3 / Monk (Shadow) 6 / Ranger (Gloom) 3,Crit gear,skirmishing assassin build,,,,,,,,,,,,patch 6,2025-Apr-15,2024-Sep-05,2024-Feb-16,2023-Nov-30,2023-Nov-02,2023-Sep-22,2023-Aug-31,2023-Aug-25,2023-Aug-03
All-Around Terrain Controller,https://www.reddit.com/r/BG3Builds/comments/1egttvl/the_allaround_terrain_controller_a_guide_to_111/,grousedrum,build,2024-Jul-31,patch 6,Cleric (Nature) 11 / Wizard 1 [or 10/2 split],Terrain,terrain control via spells,https://www.reddit.com/r/BG3Builds/comments/1g2pdq5/bg3_terrain_control_and_area_denial_interactions/,,,,,,,,,,,patch 6,2025-Apr-15,2024-Sep-05,2024-Feb-16,2023-Nov-30,2023-Nov-02,2023-Sep-22,2023-Aug-31,2023-Aug-25,2023-Aug-03
"Walk, Walk Fashion Baby: Drip-Based Builds",https://www.reddit.com/r/BG3Builds/comments/1egmv3y/walk_walk_fashion_baby_dripbased_builds_tactician/,jynsersos,build,2024-Jul-31,patch 6,too many to list,too many to list,builds based around some of the nice late-game fashion,,,,,,,,,,,,patch 6,2025-Apr-15,2024-Sep-05,2024-Feb-16,2023-Nov-30,2023-Nov-02,2023-Sep-22,2023-Aug-31,2023-Aug-25,2023-Aug-03
Disciple of Lathander,https://www.reddit.com/r/BG3Builds/comments/1efyity/the_disciple_of_lathander_a_radiant_monkcleric/,JRStors,build,2024-Jul-30,patch 6,Cleric (Light) 6 / Monk (OH) 6,"Spirit Guardians, RadOrb gear, Monk gear",combines typical radiant cleric with monk,,,,,,,,,,,,patch 6,2025-Apr-15,2024-Sep-05,2024-Feb-16,2023-Nov-30,2023-Nov-02,2023-Sep-22,2023-Aug-31,2023-Aug-25,2023-Aug-03
Pride of Creche K'liir [Lae'zel],https://www.reddit.com/r/BG3Builds/comments/1efx38i/the_pride_of_creche_kliir_a_laezel_build/,rosymourning,build,2024-Jul-30,patch 6,Fighter (BM) 12,Githyanki gear,"She hits. Hard. Lae'zel is a Battle Master Fighter, commanding the battlefield and striking fear into the hearts of her foes. This build is a very basic fighter, but a ridiculously strong one nonetheless.",,,,,,,,,,,,patch 6,2025-Apr-15,2024-Sep-05,2024-Feb-16,2023-Nov-30,2023-Nov-02,2023-Sep-22,2023-Aug-31,2023-Aug-25,2023-Aug-03
Mirror of Loss Mechanics,https://www.reddit.com/r/BG3Builds/comments/1efioyg/hidden_mirror_of_loss_mechanics_explained/,Accomplished_Buddy65,game mechanic,2024-Jul-29,patch 6,(not a class build),Mirror of Loss,explains the mirror of loss mechanics around both Patriar's Memory (+1 CHA) and the subsequent check for +2 to any ability score,https://www.youtube.com/watch?v=AnKitg1eWb0&lc=UgzSu7ZA-OLPVOhaCON4AaABAg.A6VIZ4BWXSBA6VKpk-eGDA,,,,,,,,,,,patch 6,2025-Apr-15,2024-Sep-05,2024-Feb-16,2023-Nov-30,2023-Nov-02,2023-Sep-22,2023-Aug-31,2023-Aug-25,2023-Aug-03
Magic Missile Machinegun,https://www.reddit.com/r/BG3Builds/comments/1ea536w/a_guide_to_the_honor_mode_magic_missile_machinegun/,JRStors,build,2024-Jul-23,patch 6,Wizard (Evocation) 10 / Fighter 2,"Psyhic Spark, Phalar Aluve, RadOrb gear",optimizes Magic Missile using DRS,https://www.reddit.com/r/BG3Builds/comments/1e4acde/comment/lddjvpn/,,,,,,,,,,,patch 6,2025-Apr-15,2024-Sep-05,2024-Feb-16,2023-Nov-30,2023-Nov-02,2023-Sep-22,2023-Aug-31,2023-Aug-25,2023-Aug-03
Bitch Clergyman,https://www.reddit.com/r/BG3Builds/comments/1e6tibf/the_bitch_clergyman_wavemothers_robe_build/,xSILH,build,2024-Jul-18,patch 6,Cleric (Tempest) 6 / Monk (OH) 6,"Wavemother's Robe, Trident of the Waves",Act 3 version of how to live the fantasy of wearing the best looking armor in the game,,,,,,,,,,,,patch 6,2025-Apr-15,2024-Sep-05,2024-Feb-16,2023-Nov-30,2023-Nov-02,2023-Sep-22,2023-Aug-31,2023-Aug-25,2023-Aug-03
"Top 3 Builds by Category 
[historical reference]",https://www.reddit.com/r/BG3Builds/comments/1e4m41v/comment/ldgajv1/,c4b-Bg3,build,2024-Jul-16,patch 6,(not a class build),(not applicable),"c4b's list of top 3 builds by category: melee, ranged, magical damage dealer, support, and all-rounder; FOR HISTORICAL REFERENCE",,,,,,,,,,,,patch 6,2025-Apr-15,2024-Sep-05,2024-Feb-16,2023-Nov-30,2023-Nov-02,2023-Sep-22,2023-Aug-31,2023-Aug-25,2023-Aug-03
Psychic Whirlwind: Githyanki Melee Hunter,https://www.reddit.com/r/BG3Builds/comments/1e1zax9/the_psychic_whirlwind_githyanki_melee_hunter/,grousedrum,build,2024-Jul-12,patch 6,Ranger (Hunter) 11 / Cleric (War) 1,"Resonance Stone, Horde Breaker, Whirlwind, Githyanki items","The overall build concept is to stack dice rolling damage riders as high as possible; maximize their DPR value through Savage Attacker, the Resonance Stone, and this class combination’s unique AOE/multiattack abilities; and debuff everyone against your casters’ control spells while doing it.",,https://docs.google.com/document/d/1Wnl57yMtxdTW47ee_vdfgBLaZzDB_pnjyf_Ff58D8fQ/edit?usp=sharing,,,,,,,,,,patch 6,2025-Apr-15,2024-Sep-05,2024-Feb-16,2023-Nov-30,2023-Nov-02,2023-Sep-22,2023-Aug-31,2023-Aug-25,2023-Aug-03
Storm of the Shadowfell [Shadowheart],https://www.reddit.com/r/BG3Builds/comments/1dqnd4u/the_storm_of_the_shadowfell_a_shadowheart_build/,rosymourning,build,2024-Jun-28,patch 6,Cleric (Tempest) 11 / Wizard 1,"DJ gear, reverb gear","Instead of leaning into Darkness and melee attacks, this build has Shadowheart respeccing to Tempest Domain and becoming a terrifying force of nature, following the general gameplay loop for Clerics much more closely (similar to my previous full-cleric build, The Beating Heart). Lightning and Thunder damage will be the main sources of damage, thanks to some awesome Domain Spells and the Tempest Domain Channel Divinity.",,,,,,,,,,,,patch 6,2025-Apr-15,2024-Sep-05,2024-Feb-16,2023-Nov-30,2023-Nov-02,2023-Sep-22,2023-Aug-31,2023-Aug-25,2023-Aug-03
"End Game Moon Druid: Water Myrmidon, Sabre-Toothed Tiger, and Deep Rothe",https://www.reddit.com/r/BG3Builds/comments/1dqmlcj/dpr_optimized_end_game_moon_druid_guide_water/,floormanifold,build,2024-Jun-28,patch 6,Druid (Moon) 12,"Wild Shape, Bhaalist Armor","In current Patch 6 Honor Mode, GWM Water Myrmidon with Bloodlust Elixir and 22 STR from Potion + Mirror is optimal, dealing an average of 353-447 damage per turn to single targets depending on AC, and 688-865 damage per turn against three enemies.

If Tavern Brawler is patched to work with Wild Shape in Honor mode, Sabre-Tooth and Deep Rothe can beat Water Myrmidon in single target damage (against prone enemies) and AoE respectively depending on number of enemies and AC.",,https://docs.google.com/document/d/1Rve0VUl_4nro5YCANMt1ZIPFHB3Qxt60j39OVDSOPoQ/edit?usp=sharing,,,,,,,,,,patch 6,2025-Apr-15,2024-Sep-05,2024-Feb-16,2023-Nov-30,2023-Nov-02,2023-Sep-22,2023-Aug-31,2023-Aug-25,2023-Aug-03
Fiendish Ranger [Wyll],https://www.reddit.com/r/BG3Builds/comments/1dptyap/the_fiendish_ranger_a_wyll_build/,rosymourning,build,2024-Jun-27,patch 6,"Warlock (Fiend, Pact of the Blade) 5 / Ranger (Hunter) 7",Helldusk item set,"The goal here is to make Wyll a decent melee fighter, without dipping into the Fighter or Paladin classes [either of which would, to be clear, make this build so much stronger]. Ranger gives a lot of utility and there are several lore-friendly and strong items that work great with Wyll’s character, so the build is perfectly serviceable in lower difficulty levels.",,,,,,,,,,,,patch 6,2025-Apr-15,2024-Sep-05,2024-Feb-16,2023-Nov-30,2023-Nov-02,2023-Sep-22,2023-Aug-31,2023-Aug-25,2023-Aug-03
"""Solo"" Levelling - a Sung Jinwoo Build",https://www.reddit.com/r/BG3Builds/comments/1dbguiv/solo_levelling_a_sung_jinwoo_build_210_vengeance/,psychoactive-drug,build,2024-Jun-08,patch 6,Paladin (Vengeance) 2 / Wizard (Necro) 10,"summons, Danse Macabre, Rhapsody, Bloodthirst","There's a popular webtoon / anime called Solo Levelling with a main character that dual wields daggers, who can resurrect slain enemies as his summons. I wanted to make a similar build, so I took some inspiration from [Smite Swords Bard] and [a not very good YouTube slop content ""build""]. Late game, we will have a Mummy, four Flying Ghouls, a Myrmidon, a Deva, two Mephits, and five walking Ghouls. If enemies make it past our summons and into melee range, we'll smite them until they go away.",,https://docs.google.com/document/d/1ggoEzlFMWNPe8NDIlhrGq2im_SPwwGwU3H-GVp-81XE/edit?usp=sharing,,,,,,,,,,patch 6,2025-Apr-15,2024-Sep-05,2024-Feb-16,2023-Nov-30,2023-Nov-02,2023-Sep-22,2023-Aug-31,2023-Aug-25,2023-Aug-03
On Demand Inspiration,https://www.reddit.com/r/BG3Builds/comments/1d38lhy/psa_ondemand_inspirations/,Holmsky11,game mechanic,2024-May-29,patch 6,(not a class build),Inspiration,many backgrounds have on-demand inspirations that you can keep and then activate anytime,,,,,,,,,,,,patch 6,2025-Apr-15,2024-Sep-05,2024-Feb-16,2023-Nov-30,2023-Nov-02,2023-Sep-22,2023-Aug-31,2023-Aug-25,2023-Aug-03
Self Healing Barbarian,https://www.reddit.com/r/BG3Builds/comments/1cwk6e0/comment/l4wctvu/,awspear,build,2024-May-28,patch 6,Barbarian (Tiger) 6 / Cleric (War) 4 / Paladin 2,"Warding Bond, Healer's gear, Sword of Chaos","soak damage via Warding Bond and gear, particularly Sword of Chaos",,,,,,,,,,,,patch 6,2025-Apr-15,2024-Sep-05,2024-Feb-16,2023-Nov-30,2023-Nov-02,2023-Sep-22,2023-Aug-31,2023-Aug-25,2023-Aug-03
4/4/4 Eldritch Blaster,https://www.reddit.com/r/BG3Builds/comments/1cylo5a/honor_mode_444_eldritch_blaster_build_guide/,awspear,build,2024-May-23,patch 6,"Warlock (GOO, Blade) 4 / Rogue (Thief) 4 / Fighter (Champion) 4","Potent Robe, Ring of Arcane Synergy","""The playstyle of this build come Act 2-3 is to use eldrich blast with its main action, then follow that up with 2 off-hand attacks. Mortal Reminder serves as a powerful utility tool enhanced in effectiveness by our crit build.""",Leveling Order: https://www.reddit.com/r/BG3Builds/comments/1gtv09a/leveling_order_for_444_eldritch_blast_build/,,,,,,,,,,,patch 6,2025-Apr-15,2024-Sep-05,2024-Feb-16,2023-Nov-30,2023-Nov-02,2023-Sep-22,2023-Aug-31,2023-Aug-25,2023-Aug-03
Rivington Rat,https://www.reddit.com/r/BG3Builds/comments/1cnz4s3/the_rivington_rat_eldritch_knight_12_archer_top/,c4b-Bg3,build,2024-May-09,patch 6,Fighter (EK) 12,"Titanstring Bow, Band of the Mystic Scoundrel",consumables-based archer that is in contention for highest theoretical damage output in the game,,,,,,,,,,,,patch 6,2025-Apr-15,2024-Sep-05,2024-Feb-16,2023-Nov-30,2023-Nov-02,2023-Sep-22,2023-Aug-31,2023-Aug-25,2023-Aug-03
Warlock Pact of the Blade Multi-Class for Solo Honour Mode,https://www.reddit.com/r/BG3Builds/comments/1cmn6sb/a_warlock_pact_of_the_blade_multiclass_for_solo/,-FriendlyLich-,build,2024-May-07,patch 6,"Fighter 2 / Warlock (Fiend, Pact of the Blade) 10","Eldritch Blast, Hunger of Hadar",my sole goal with it was to kill Myrkul and everything else was just a bonus,YouTube build video: https://www.youtube.com/watch?v=yEN9jksPLEM ,https://docs.google.com/document/d/1ue3qKnBDP25olGXtrbXiBjrj2x2pcWm8ZknusyauTnw/edit?usp=sharing,,,,,,,,,,patch 6,2025-Apr-15,2024-Sep-05,2024-Feb-16,2023-Nov-30,2023-Nov-02,2023-Sep-22,2023-Aug-31,2023-Aug-25,2023-Aug-03
Magic Missile Gear,https://www.reddit.com/r/BG3Builds/comments/1ch98c4/comment/l214kg0/,OCD124,game mechanic,2024-May-01,patch 6,(not a class build),too many to list,list of gear that works with Magic Missile builds,,,,,,,,,,,,patch 6,2025-Apr-15,2024-Sep-05,2024-Feb-16,2023-Nov-30,2023-Nov-02,2023-Sep-22,2023-Aug-31,2023-Aug-25,2023-Aug-03
Apostate of the Absolute [Minthara],https://www.reddit.com/r/BG3Builds/comments/1chu63m/the_apostate_of_the_absolute_a_minthara_build/,rosymourning,build,2024-May-01,patch 6,Paladin (Oathbreaker) 12,"Blackguard's item set, maces","the main gameplay loop is to hit hard and smite for a bunch of extra damage. As expected, the build has several good options for spellcasting outside of smites as well, with a bit of an added bonus of itemizing towards Poison damage. I chose to keep a mace as the main weapon, largely based on some character consistencies.",,,,,,,,,,,,patch 6,2025-Apr-15,2024-Sep-05,2024-Feb-16,2023-Nov-30,2023-Nov-02,2023-Sep-22,2023-Aug-31,2023-Aug-25,2023-Aug-03
Rough Tempest [Gale],https://www.reddit.com/r/BG3Builds/comments/1cd218e/the_rough_tempest_a_gale_build/,rosymourning,build,2024-Apr-25,patch 6,Wizard (Evocation) 12,"Wet, Lightning vuln, Reverberation","make use of Lightning Charges and Reverberation, prioritizing Lightning and Thunder damage to do so. If you have a Druid or Cleric in the party who can cast Create Water, that's even better, since Wet targets are vulnerable to Lightning and will take double damage.",,,,,,,,,,,,patch 6,2025-Apr-15,2024-Sep-05,2024-Feb-16,2023-Nov-30,2023-Nov-02,2023-Sep-22,2023-Aug-31,2023-Aug-25,2023-Aug-03
Opportunity Attacks from Sentinel Still Proc Extra Attacks in HM,https://www.reddit.com/r/BG3Builds/comments/1c8k051/twelve_attacks_in_a_single_round_in_honor_mode/,CCYellow,game mechanic,2024-Apr-20,patch 6,(not a class build),Sentinel,"""under a specific set of circumstances, the opportunity attack from Sentinel: Vengeance will proc your extra attack(s), without using your action. On top of this, using your action to attack will still proc extra attack on the same turn!""",needs re-test in patch 8,,,,,,,,,,,patch 6,2025-Apr-15,2024-Sep-05,2024-Feb-16,2023-Nov-30,2023-Nov-02,2023-Sep-22,2023-Aug-31,2023-Aug-25,2023-Aug-03
Wither's Cheaters: All My Broken Reactions,https://www.reddit.com/r/BG3Builds/comments/1c81k40/withers_cheaters_all_my_broken_reactions_honor/,c4b-Bg3,party,2024-Apr-19,patch 6,(party) Wizard (Div) 8 / Sorc ) ; Bard (Lore) 10 / Warlock 2 ; Cleric (Light) 11 / 1 ; Fighter (BM) 11 / Cleric (War) 1 ; ...,too many to list,as many dice-manipulation popups as possible one party,https://www.reddit.com/r/BG3Builds/comments/1kuis8m/oops_i_turned_baldurs_gate_3_into_a_text_based/,,,,,,,,,,,patch 6,2025-Apr-15,2024-Sep-05,2024-Feb-16,2023-Nov-30,2023-Nov-02,2023-Sep-22,2023-Aug-31,2023-Aug-25,2023-Aug-03
Blaze of Glory [Karlach],https://www.reddit.com/r/BG3Builds/comments/1c8chyu/the_blaze_of_glory_a_karlach_build/,rosymourning,build,2024-Apr-19,patch 6,Barbarian (Wildheart) 8 / Fighter (Champion) 4,"Hellfire Gretaxe, Soul Coins, Heat, Wrath","This build makes use of the Hellfire Greataxe, Karlach’s propensity to munch on Soul Coins, and the Heat condition to deal lots of physical and Fire damage. Early game, the build will itemize towards the Wrath condition as well.",,,,,,,,,,,,patch 6,2025-Apr-15,2024-Sep-05,2024-Feb-16,2023-Nov-30,2023-Nov-02,2023-Sep-22,2023-Aug-31,2023-Aug-25,2023-Aug-03
Owlbear From the Top Rope Plus Step of the Wind Dash,https://www.reddit.com/r/BG3Builds/comments/1bhli94/i_mightve_underestimated_how_gamebreaking_the/,CCYellow,game mechanic,2024-Apr-18,patch 6,Monk 2 / Druid (Moon) 2 / [flex],"Owlbear, Step of the Wind Dash","""a 2/2 Monk/Moon Druid can activate Step of the Wind:Dash, then enter turn-based mode with their bonus action refreshed and wildshape into a bear before Step of the Wind expires and initiate battle. Now your jumps don't cost any actions, only movement speed""",needs re-test in patch 8,,,,,,,,,,,patch 6,2025-Apr-15,2024-Sep-05,2024-Feb-16,2023-Nov-30,2023-Nov-02,2023-Sep-22,2023-Aug-31,2023-Aug-25,2023-Aug-03
"Take Minthara Back to Act 1 
[still works on Patch 8]",https://www.reddit.com/r/BaldursGate3/comments/1c5kr48/you_can_take_minthara_back_to_the_act_i/,Important_End_2492,game mechanic,2024-Apr-16,patch 6,(not a class build),Minthara,"In summary: after you rescue Minthara from the Moonrise Tower prison, cast Silence on her, then use a Waypoint back to Act 1. Long Rest to remove the Silence effect. Any future fast travel that changes regions may require another application of Silence, else Minthara will (temporarily) leave the party. [Confirmed on Patch 8 by me (JRandall0308).]",,,,,,,,,,,,patch 6,2025-Apr-15,2024-Sep-05,2024-Feb-16,2023-Nov-30,2023-Nov-02,2023-Sep-22,2023-Aug-31,2023-Aug-25,2023-Aug-03
Dominate Person + Polymorph + Gaseous Form = Instant Kill,https://www.reddit.com/r/BG3Builds/comments/1c4jdrf/dominate_person_polymorph_gaseous_form_instant/,CCYellow,game mechanic,2024-Apr-15,patch 6,(not a class build),"Dominate Person, Polymorph, Gaseous Form","1. Cast Dominate Person on an enemy, they are now an ally
2. Cast Polymorph on your newfound ""ally"", they are now a sheep with 3 HP
3. Cast Gaseous Form on your new pet sheep, they are now a... gaseous sheep?
4. Hit them with anything that will do at least 3 damage
5. ???
6. The game has an aneurysm and they die instantly, rather than reverting to their original form like they're supposed to",needs re-test in patch 8,,,,,,,,,,,patch 6,2025-Apr-15,2024-Sep-05,2024-Feb-16,2023-Nov-30,2023-Nov-02,2023-Sep-22,2023-Aug-31,2023-Aug-25,2023-Aug-03
Dominate Person + Feign Death is 10 Turns of Concentration-Free Hard CC,https://www.reddit.com/r/BG3Builds/comments/1c45rf9/dominate_person_feign_death_is_10_turns_of/,CCYellow,game mechanic,2024-Apr-14,patch 6,(not a class build),"Dominate Person, Feign Death","TACTICIAN OR BELOW ONLY

""unlike Sleep, which enemies can remove via shoving, Feign Death can only be removed via the Help action... which enemies don't have access to""",needs re-test in patch 8,,,,,,,,,,,patch 6,2025-Apr-15,2024-Sep-05,2024-Feb-16,2023-Nov-30,2023-Nov-02,2023-Sep-22,2023-Aug-31,2023-Aug-25,2023-Aug-03
Beating Heart [Shadowheart],https://www.reddit.com/r/BG3Builds/comments/1c46fm4/the_beating_heart_a_shadowheart_build/,rosymourning,build,2024-Apr-14,patch 6,Cleric (Life) 12,Healer's gear,"Pretty much a utility healer through and through. This build can have insane survivability if you keep Sanctuary up during fights, which is doable as a pure support. Even when your party is at full health, so many items have helpful on-heal effects (Bless and Blade Ward, essentially) that it may be helpful to throw out a Mass Healing Word regardless. This is a great build to cast Warding Bond with as well.",,,,,,,,,,,,patch 6,2025-Apr-15,2024-Sep-05,2024-Feb-16,2023-Nov-30,2023-Nov-02,2023-Sep-22,2023-Aug-31,2023-Aug-25,2023-Aug-03
"Turn NPCs into Sleeper Agent by Reverse Pickpcoketing Scrolls onto Them, Then Casting Contagion Mindfire",https://www.reddit.com/r/BG3Builds/comments/1c3e30v/you_can_turn_unassuming_npcs_into_sleeper_agents/,CCYellow,game mechanic,2024-Apr-13,patch 6,(not a class build),"Contagion, reverse pickpocket, scrolls","""You can weaponize this behavior by reverse pickpocketing powerful consumables onto NPCs and then turning them against their allies with various control spells. Even your average unassuming filler NPC can become a force of nature if you put a Potion of Speed, an Elixir of Battlemage's Power, maybe some Scrolls of Chain Lightning, and some Potions of Supreme Healing into their inventory....""",needs re-test in patch 8,,,,,,,,,,,patch 6,2025-Apr-15,2024-Sep-05,2024-Feb-16,2023-Nov-30,2023-Nov-02,2023-Sep-22,2023-Aug-31,2023-Aug-25,2023-Aug-03
Permanent Globe of Invlunerability in Combat,https://www.reddit.com/r/BG3Builds/comments/1c243jr/you_can_create_a_permanent_globe_of/,CCYellow,game mechanic,2024-Apr-12,patch 6,(not a class build),"Globe of Invulnerability, Greater Invisibility","""One of the few high-impact actions an out-of-combat ally can do without being dragged into combat is cast globe of invulnerability while under the effects of greater invisibility. Since this technically doesn't deal any damage or inflicts any conditions, if they succeed on their stealth check, they will remain out of combat. By entering turn-based mode, the duration of the globe will stop counting down and remain effectively infinite until combat ends (out-of-combat allies have a separate turn counter from in-combat allies).""",needs re-test in patch 8,,,,,,,,,,,patch 6,2025-Apr-15,2024-Sep-05,2024-Feb-16,2023-Nov-30,2023-Nov-02,2023-Sep-22,2023-Aug-31,2023-Aug-25,2023-Aug-03
"Arcane Ward and Armor of Agathys Persist in Wildshape, Displacer Beast, or Slayer Form",https://www.reddit.com/r/BG3Builds/comments/1c17dza/arcane_ward_and_armor_of_agathys_persist_while/,CCYellow,game mechanic,2024-Apr-11,patch 6,(not a class build),"Arcane Ward, Armor of Agathys, Wildshape, Slayer","""If you top up your Arcane Ward and cast Armor of Agathys before entering battle and and wildshaping, all the effects will persist, including the damage reduction, temporary HP, and damage reflection.""",needs re-test in patch 8,,,,,,,,,,,patch 6,2025-Apr-15,2024-Sep-05,2024-Feb-16,2023-Nov-30,2023-Nov-02,2023-Sep-22,2023-Aug-31,2023-Aug-25,2023-Aug-03
The Dark Justiciar [Shadowheart],https://www.reddit.com/r/BG3Builds/comments/1c1vyqt/the_dark_justiciar_a_shadowheart_build/,rosymourning,build,2024-Apr-11,patch 6,Cleric (Trickery) 5 / Ranger (Gloom) 7,DJ gear,"at the end of Act 2, the build really comes online with some incredibly strong items. What were small bonuses to Necrotic damage are now worth building around, and what used to be a somewhat finnicky mechanic of trying to maintain obscurity is now dwarfed by near constant Darkness",,,,,,,,,,,,patch 6,2025-Apr-15,2024-Sep-05,2024-Feb-16,2023-Nov-30,2023-Nov-02,2023-Sep-22,2023-Aug-31,2023-Aug-25,2023-Aug-03
Electric Spike Growth,https://www.reddit.com/r/BG3Builds/comments/1c14hmh/electric_spike_growth_one_of_the_most_fun_cheese/,OKMarsupial4959,build,2024-Apr-10,patch 6,Cleric (Tempest) 6 / Druid 3 / X,"Spike Growth, The Watersparkers",Thunderbolt Strike (Tempest feature) pushes enemies back into damaging terrain,https://www.reddit.com/r/BG3Builds/comments/1g2pdq5/bg3_terrain_control_and_area_denial_interactions/,,,,,,,,,,,patch 6,2025-Apr-15,2024-Sep-05,2024-Feb-16,2023-Nov-30,2023-Nov-02,2023-Sep-22,2023-Aug-31,2023-Aug-25,2023-Aug-03
Devil Tongue,https://www.reddit.com/r/BG3Builds/comments/1bzwvqi/the_devil_tongue_102_lorelock_honor_mode_support/,c4b-Bg3,build,2024-Apr-09,patch 6,Bard (Lore) 10 / Warlock (Fiend) 2,"Potent Robe, RadOrb gear",versatile support caster,,,,,,,,,,,,patch 6,2025-Apr-15,2024-Sep-05,2024-Feb-16,2023-Nov-30,2023-Nov-02,2023-Sep-22,2023-Aug-31,2023-Aug-25,2023-Aug-03
"Throw Underwear, Inflict Ability Drain, ???, Profit (via Shadow Lantern Wraith)",https://www.reddit.com/r/BG3Builds/comments/1bwh3mv/throwing_underwear_at_people_can_inflict_stacks/,CCYellow,game mechanic,2024-Apr-05,patch 6,(not a class build),"Ability Drain, Shadow Lantern","throwing non-weapons at enemies doesn't aggro them, inflicts ability drain that lasts forever, so you can drain them to STR 1 and then have the Shadow Lantern Wraith insta-kill them",,,,,,,,,,,,patch 6,2025-Apr-15,2024-Sep-05,2024-Feb-16,2023-Nov-30,2023-Nov-02,2023-Sep-22,2023-Aug-31,2023-Aug-25,2023-Aug-03
Spellsword of Frontiers [Wyll],https://www.reddit.com/r/BG3Builds/comments/1bv2k34/the_spellsword_of_frontiers_a_loreaccurate_honor/,JRStors,build,2024-Apr-03,patch 6,"Fighter (EK) 8 / Warlock (Fiend, Blade) 4",EB gear,"""A Lore-Accurate Honor Mode Build for Wyll""",,,,,,,,,,,,patch 6,2025-Apr-15,2024-Sep-05,2024-Feb-16,2023-Nov-30,2023-Nov-02,2023-Sep-22,2023-Aug-31,2023-Aug-25,2023-Aug-03
Book-Burner: Hunter That Makes Explosives out of Tomes and Oil of Combustion,https://www.reddit.com/r/BG3Builds/comments/1buvw7b/the_bookburner_a_hunter_that_fashions_improvised/,CCYellow,build,2024-Apr-03,patch 6,Ranger (Hunter) 12,"Shadow Blade, Horns of the Berserker, Whirlwind Attack","""fill a backpack with a ton of objects and break it on some poor sap's face so that we can coat all of them in oil of combustion and light them up for 3d6 fire damage multiplied by a billion""",needs re-test in patch 8,https://docs.google.com/document/d/1eL0FPkAJCvbR6XL9Y4yJ68IBIAjqodiZKTMVPKow__A/edit?usp=sharing,,,,,,,,,,patch 6,2025-Apr-15,2024-Sep-05,2024-Feb-16,2023-Nov-30,2023-Nov-02,2023-Sep-22,2023-Aug-31,2023-Aug-25,2023-Aug-03
Hunter Spamming Volley from Stealth with Snowburst Ring,https://www.reddit.com/r/BG3Builds/comments/1bo2hs7/hunters_spamming_volley_from_stealth_with_the/,CCYellow,build,2024-Mar-26,patch 6,Ranger (Hunter) 12,"Snowburst Ring, Darkness, Volley",method to create a loop where enemies slip on ice while attempting to investigate who is shooting them,needs re-test in patch 8,,,,,,,,,,,patch 6,2025-Apr-15,2024-Sep-05,2024-Feb-16,2023-Nov-30,2023-Nov-02,2023-Sep-22,2023-Aug-31,2023-Aug-25,2023-Aug-03
Introduction to BG3 Strategy: Eight Mechanics More Important Than Builds,https://www.reddit.com/r/BG3Builds/comments/1bnh5t8/introduction_to_bg3_strategy_eight_mechanics_more/,c4b-Bg3,game mechanic,2024-Mar-25,patch 6,(not a class build),(not applicable),"This is an article aimed at beginner or intermediate players and it contains simple, basic truths about strategy and fighting.",,https://docs.google.com/document/d/1hFCdXkcoGlOKeAkb4JeBMecC0gp4EZQn_Oh_X6apqcI/edit?usp=sharing,,,,,,,,,,patch 6,2025-Apr-15,2024-Sep-05,2024-Feb-16,2023-Nov-30,2023-Nov-02,2023-Sep-22,2023-Aug-31,2023-Aug-25,2023-Aug-03
Mindbreakers [Party],https://www.reddit.com/r/BG3Builds/comments/1bls5aw/hm_party_composition_the_mindbreakers_maximize/,boachl,party,2024-Mar-23,patch 6,(party),"Resonance Stone, Psychic vuln",This party build revolves around making your enemies weak to psychic damage using the Resonance Stone and then using the most potent psychic damage spells and attacks to end most encounters in 1 or 2 turns. The cornerstone of this build is a dual wielding Paladin using the Shadow Blade in the main hand and a Bard/Sorcerer that will spam CC and high level Dissonant Whispers.,https://docs.google.com/document/d/1Lmfb4NAFMWrVoWpcj5ec6-LZ_GC9endYMePEF0llDS8/edit?hl=de,https://docs.google.com/document/d/19yu6bEUQNwobSQVuNmWLlsEIHc0XO-x3FBE7I40oPNI/edit?usp=sharing,,,,,,,,,,patch 6,2025-Apr-15,2024-Sep-05,2024-Feb-16,2023-Nov-30,2023-Nov-02,2023-Sep-22,2023-Aug-31,2023-Aug-25,2023-Aug-03
All Companions' Builds & Gear: A Guide,https://www.reddit.com/r/BG3Builds/comments/1bld5x0/all_companions_builds_gear_a_guide/,Chapolin_Colorado,party,2024-Mar-22,patch 6,(too many to list),(too many to list),"an early collection of builds for each companion, sourced from other posts and the bg3.wiki, with an emphasis on non-overlapping gear",,https://docs.google.com/document/d/19AmM0GGBHFn8O3MpiYnD1AtZ4VHIwFhPmE2RM1azvtQ/edit?usp=sharing,,,,,,,,,,patch 6,2025-Apr-15,2024-Sep-05,2024-Feb-16,2023-Nov-30,2023-Nov-02,2023-Sep-22,2023-Aug-31,2023-Aug-25,2023-Aug-03
Time-Out Corner,https://www.reddit.com/r/BG3Builds/comments/1bk0gbe/the_timeout_corner_using_wall_of_stone_globe_of/,CCYellow,game mechanic,2024-Mar-21,patch 6,(not a class build),"Wall of Stone, Globe of Invulnerability, Hunger of Hadar","trap enemies in a ""control spell smorgasbord of death""",needs re-test in patch 8,https://docs.google.com/document/d/1s4ITzVqBW152-AYsMWtvqQ8sjpmykOIWaAPqu0Kw_3o/edit?usp=sharing,,,,,,,,,,patch 6,2025-Apr-15,2024-Sep-05,2024-Feb-16,2023-Nov-30,2023-Nov-02,2023-Sep-22,2023-Aug-31,2023-Aug-25,2023-Aug-03
Turn Regular Containers into Bombs with Oil of Combustion,https://www.reddit.com/r/BG3Builds/comments/1bjexxg/an_extremely_silly_method_to_turn_regular/,CCYellow,game mechanic,2024-Mar-20,patch 6,Ranger (Hunter) 12,"Oil of Combustion, Volley, Alchemist's Fire","a method to scatter containers around a victim, use Volley to coat them all with Oil of Combustion, then set off a massive chain reaction with Alchemist's Fire",still works in patch 8! YouTube demo: https://youtu.be/UvvZHk5aXKY ,https://docs.google.com/document/d/1l1uEK2N_7CAaWSxSm1oYZ38zYtQBIWhUiR2ZpfHh5dw/edit?usp=sharing,,,,,,,,,,patch 6,2025-Apr-15,2024-Sep-05,2024-Feb-16,2023-Nov-30,2023-Nov-02,2023-Sep-22,2023-Aug-31,2023-Aug-25,2023-Aug-03
BOOOAL's Blessing Plus Tiger Barbarian,https://www.reddit.com/r/BG3Builds/comments/1bipb3k/psa_boooals_blessing_was_buffed_in_patch_6_in_an/,r-ymond,build,2024-Mar-19,patch 6,"Barbarian (Wildheart, Tiger) X","BOOAL's Blessing, bleeding, Reverb gear","Advantage on attack rolls for your whole party (via BOOOAL's Blessing), Disadvantage on Constitution saving throws, Disadvantage on Dexterity saving throws, Reduced enemy movement to zero, 6 stacks of Reverberation (extra 1d4 thunder damage, -6 on the next physical saving throw), Wet (vulnerability to cold and lightning), Prone (conditionally)",,https://docs.google.com/document/d/1fkm02Xa08D8PcywBjuYx7wTJhHxHLe6m4E0junktNqA/edit?usp=sharing,,,,,,,,,,patch 6,2025-Apr-15,2024-Sep-05,2024-Feb-16,2023-Nov-30,2023-Nov-02,2023-Sep-22,2023-Aug-31,2023-Aug-25,2023-Aug-03
Short-Form Guides for the Impatient,https://www.reddit.com/r/BG3Builds/comments/1bgmkww/a_set_of_shortform_guides_all_grouped_together/,Kastorev,party,2024-Mar-16,patch 6,(too many to list),(too many to list),"Patch 8 updated! condensed, short-form guide to several iconic builds",updated for patch 8: https://www.reddit.com/r/BG3Builds/comments/1k2b0kj/patch_8_update_post_to_my_guides_and_the_notable/ ,https://docs.google.com/document/d/1ydeeC444PiUJTGW4cOoxdr-ZGbi1Y2lQVt79YKIC2rg/edit?usp=sharing,,,,,,,,,,patch 6,2025-Apr-15,2024-Sep-05,2024-Feb-16,2023-Nov-30,2023-Nov-02,2023-Sep-22,2023-Aug-31,2023-Aug-25,2023-Aug-03
Great Wisdom Master,https://www.reddit.com/r/BG3Builds/comments/1bevls2/111_great_wisdom_master_the_best_melee_fighter/,c4b-Bg3,build,2024-Mar-14,patch 6,Fighter (BM) 11 / Cleric (War) 1,"Bhaalist Armor, Diadem of Arcane Synergy",consistent reliable damage with BM maneuvers,,https://docs.google.com/document/d/1kV6QEF8sqf4ce78IY0A_HQRQrPFkbn2ioixK-io3j6A/edit?usp=sharing,,,,,,,,,,patch 6,2025-Apr-15,2024-Sep-05,2024-Feb-16,2023-Nov-30,2023-Nov-02,2023-Sep-22,2023-Aug-31,2023-Aug-25,2023-Aug-03
Water Elementals Are a TB Monk's Best Friend,https://www.reddit.com/r/BG3Builds/comments/1bej80x/water_elementals_are_a_tb_monks_best_friend/,CCYellow,game mechanic,2024-Mar-14,patch 6,(not a class build),"Water Elemental, Brittle","inflict Brittle (perhaps after increasing its DC with Elixir of Battlemage's Power), then punch the target which is now vulnerable to Bludgeoning",needs re-test in patch 8,https://docs.google.com/document/d/1vbP8AIKx1QuoptvPduwVqMTFgzJNNAX3TkRIS5YSiSA/edit?usp=sharing,,,,,,,,,,patch 6,2025-Apr-15,2024-Sep-05,2024-Feb-16,2023-Nov-30,2023-Nov-02,2023-Sep-22,2023-Aug-31,2023-Aug-25,2023-Aug-03
Eldritch Strike Control Archer,https://www.reddit.com/r/BG3Builds/comments/1bdk5sw/eldritch_knight_warmagic_and_eldritch_strike/,OkMarsupial4959,build,2024-Mar-13,patch 6,Fighter (EK) 12,"Strange Conduit Ring, Cold gear","""using war-magic and eldritch strike to get encrusting with frost to freeze an enemy. 7 stacks of encrusting with frost are required to freeze an enemy""",,https://docs.google.com/document/d/1cd96GAyDKlonMb_0j_OPhAL12zw6ToYiHPtErDszDhs/edit?usp=sharing,,,,,,,,,,patch 6,2025-Apr-15,2024-Sep-05,2024-Feb-16,2023-Nov-30,2023-Nov-02,2023-Sep-22,2023-Aug-31,2023-Aug-25,2023-Aug-03
Tempest Cleric's Hamarhraft Abuse,https://www.reddit.com/r/BG3Builds/comments/1bda017/tempest_clerics_hamarhraft_abuse/,smashsenpai,build,2024-Mar-12,patch 6,Sorcerer (Blue Draconic) 2 / Cleric (Tempest) 6 / Rogue (Thief) 3 / Wizard 1,"Hamarhraft, Acuity items",combines the jackhammer-power of goomba stomp with the arcane acuity stacking and mystic scoundrel spice,,https://docs.google.com/document/d/1LW9K4PHjMhDmhIYtY2a7a13GML8le8snhUh_9_DNJ5I/edit?usp=sharing,,,,,,,,,,patch 6,2025-Apr-15,2024-Sep-05,2024-Feb-16,2023-Nov-30,2023-Nov-02,2023-Sep-22,2023-Aug-31,2023-Aug-25,2023-Aug-03
Spell Save DC 30 Control Water Elemental,https://www.reddit.com/r/BG3Builds/comments/1bc0j5d/i_introduce_to_you_the_spell_save_dc_30_control/,CCYellow,game mechanic,2024-Mar-11,patch 6,(not a class build),too many to list,PC only! (sorry console players) - how to gear up a Water Elemental for high save DC,similar to Gigachad Mage Hand: https://www.reddit.com/r/BG3Builds/comments/1b7u9m7/comment/ktkyexl/,https://docs.google.com/document/d/1B2vlVch60CuY0TLibrYhary4oIuAXWkqpAYgt6nADy8/edit?usp=sharing,,,,,,,,,,patch 6,2025-Apr-15,2024-Sep-05,2024-Feb-16,2023-Nov-30,2023-Nov-02,2023-Sep-22,2023-Aug-31,2023-Aug-25,2023-Aug-03
Psyblade,https://www.reddit.com/r/BG3Builds/comments/1bcgjlp/psyblade_shadow_monk_build_guide_average_over/,AerieSpare7118,build,2024-Mar-11,patch 6,Rogue 1 / Monk (Shadow) 11,"Resonance Stone, Psychic vuln",early psychic vuln build,,https://docs.google.com/document/d/1I56sbN-iRm6oUAE35QK12_k6rlJRTHVcey-Paw7V334/edit?usp=sharing,,,,,,,,,,patch 6,2025-Apr-15,2024-Sep-05,2024-Feb-16,2023-Nov-30,2023-Nov-02,2023-Sep-22,2023-Aug-31,2023-Aug-25,2023-Aug-03
DEX-Based Eldritch Knight,https://www.reddit.com/r/BG3Builds/comments/1bbwrm8/comment/kuc3xm1/?context=3,EarthpacShakur,build,2024-Mar-11,patch 6,Fighter (EK) 12,"Graceful Cloth, Arcane Synergy gear",short guide to a pure EK that is DEX-based; note that this predates the modern recognition of EK as a top-tier subclass,,https://docs.google.com/document/d/1t5CDPfP5Y9uwhlBYEf6jGsH-_z_NyeOs0wNEzNFW89A/edit?usp=sharing,,,,,,,,,,patch 6,2025-Apr-15,2024-Sep-05,2024-Feb-16,2023-Nov-30,2023-Nov-02,2023-Sep-22,2023-Aug-31,2023-Aug-25,2023-Aug-03
Very Angry Paladin,https://www.reddit.com/r/BG3Builds/comments/1bbhv1e/the_very_angry_paladin/,Missing_Links,build,2024-Mar-10,patch 6,Rogue (Thief) 4 / Paladin (Oathbreaker) 8 *or* Fighter 2 / Rogue (Thief) 3 / Paladin (Oathbreaker) 7,"Bhaalist Armor, Linebreaker Boots, Aura of Hate, Diadem of Arcane Synergy","multi-dip CHA bonus to damage, and other +damage, for big hits and smites",,https://docs.google.com/document/d/1EsXy3TgtU7TAIltSTafDR4MMF9D_e179mC_RRXF5qtc/edit?usp=sharing,,,,,,,,,,patch 6,2025-Apr-15,2024-Sep-05,2024-Feb-16,2023-Nov-30,2023-Nov-02,2023-Sep-22,2023-Aug-31,2023-Aug-25,2023-Aug-03
Bob-omb Stomp Build,https://www.reddit.com/r/BG3Builds/comments/1bb2jps/the_hamarhraft_may_have_been_nerfed_to_neuter_the/,CCYellow,build,2024-Mar-10,patch 6,Monk 7,"Hamarhraft, barrelmancy","""you know what Hamarhraft can still do? Detonate explosives. Do you know what also doesn't cost an action? Dropping explosives from your inventory. The Bob-omb Stomp Monk terrorizes the battlefield by leaping around dropping explosives everywhere and then literally jumps on them to detonate them.""",needs re-test in patch 8,https://docs.google.com/document/d/1zjMKv5Y4jrFIeiX_76BTq5hfnbTCoTQ1yJqKZl9TLSc/edit?usp=sharing,,,,,,,,,,patch 6,2025-Apr-15,2024-Sep-05,2024-Feb-16,2023-Nov-30,2023-Nov-02,2023-Sep-22,2023-Aug-31,2023-Aug-25,2023-Aug-03
Introduction to BG3 Character Building,https://www.reddit.com/r/BG3Builds/comments/1b8z4d5/introduction_to_bg3_character_building_frequently/,c4b-Bg3,build,2024-Mar-07,patch 6,(not a class build),(not applicable),"an article aimed at beginner players and it contains simple, basic truths about character building and the game in general",,https://docs.google.com/document/d/1dx5Zmitr87QabHfFyD-r7MUU1uhMO5OCavjYt0tnoIk/edit?usp=sharing,,,,,,,,,,patch 6,2025-Apr-15,2024-Sep-05,2024-Feb-16,2023-Nov-30,2023-Nov-02,2023-Sep-22,2023-Aug-31,2023-Aug-25,2023-Aug-03
Gigachad Mage Hand,https://www.reddit.com/r/BG3Builds/comments/1b7u9m7/comment/ktkyexl/,CCYellow,game mechanic,2024-Mar-06,patch 6,(not a class build),too many to list,PC only! (sorry console players) - how to gear up a Mage Hand with tons of items,similar to Spell Save DC 30 Water Elemental: https://www.reddit.com/r/BG3Builds/comments/1bc0j5d/i_introduce_to_you_the_spell_save_dc_30_control/,https://docs.google.com/document/d/1KhyqvUPhGUtoA5m6vjK9UpCkj1z-HFG9OxM0wVVOWzA/edit?usp=sharing,,,,,,,,,,patch 6,2025-Apr-15,2024-Sep-05,2024-Feb-16,2023-Nov-30,2023-Nov-02,2023-Sep-22,2023-Aug-31,2023-Aug-25,2023-Aug-03
Spell Economics for Infinite Spells in One Turn,https://www.reddit.com/r/BG3Builds/comments/1b5fi7f/spell_economics_ftk_a_yugio_i_mean/,CCYellow,game mechanic,2024-Mar-03,patch 6,Sorcerer,Potion of Angelic Reprieve,Abuses Death Ward and Sorcery Points for INFINITE SPELLS in one turn,similar to Sorconomics: https://www.reddit.com/r/BG3Builds/comments/177t93c/sorconomics/,https://docs.google.com/document/d/1PGOMJQvxGQcgrPimMQ2G20oK9FC_xc9GmfZLEoogfPY/edit?usp=sharing,,,,,,,,,,patch 6,2025-Apr-15,2024-Sep-05,2024-Feb-16,2023-Nov-30,2023-Nov-02,2023-Sep-22,2023-Aug-31,2023-Aug-25,2023-Aug-03
Commonly Confused and Misunderstood Mechanics,https://www.reddit.com/r/BG3Builds/comments/1b4cogh/commonly_confusedmisunderstood_mechanics_for_bg3/,Phantomsplit,game mechanic,2024-Mar-01,patch 6,(not a class build),(not applicable),"mechanics that are easily confused or misunderstood by newer players, particularly those who assume BG3 works like tabletop Dungeons & Dragons",,https://docs.google.com/document/d/1IH0yfdkusycIyn4pWdv3m39kSpOhku7emC7WiroEzzk/edit?usp=sharing,,,,,,,,,,patch 6,2025-Apr-15,2024-Sep-05,2024-Feb-16,2023-Nov-30,2023-Nov-02,2023-Sep-22,2023-Aug-31,2023-Aug-25,2023-Aug-03
Comprehensive Druid Multiclassing Cheatsheet,https://www.reddit.com/r/BG3Builds/comments/1b3zoo0/a_comprehensive_druid_multiclassing_cheatsheet/,rimgar2345,build,2024-Mar-01,patch 6,Druid / X,(not applicable),Jevin the Paladin's guide to multiclass combinations with Druid. Updated for Patch 8 (mentions Circle of Stars).,,https://docs.google.com/document/d/1p5KK5NRii-OgDr8dH7WLyZ7pLJoIwtPgl54auhTApWc/edit?usp=sharing,,,,,,,,,,patch 6,2025-Apr-15,2024-Sep-05,2024-Feb-16,2023-Nov-30,2023-Nov-02,2023-Sep-22,2023-Aug-31,2023-Aug-25,2023-Aug-03
Ranger Longbow Crit Fisher,https://www.reddit.com/r/BG3Builds/comments/1b3xc5u/comment/ksvm0be/,godoflemmings,build,2024-Mar-01,patch 6,Rogue (Assassin) 6 / Ranger (Gloom) 5 / Fighter (Champion) 3,"Titanstring, Dead Shot, Gontr Mael, crit gear",short guide in response to a request for a real archer based around Ranger,,https://docs.google.com/document/d/1iw2qBs_94eeug7wsYtiQwvKqPr9hBhJ8rL5Xkc7sIBU/edit?usp=sharing,,,,,,,,,,patch 6,2025-Apr-15,2024-Sep-05,2024-Feb-16,2023-Nov-30,2023-Nov-02,2023-Sep-22,2023-Aug-31,2023-Aug-25,2023-Aug-03
Table of Enemy Initiative Bonuses,https://www.reddit.com/r/BG3Builds/comments/1b3c863/table_of_enemy_initiative_bonuses/,jackofslayers,game mechanic,2024-Feb-29,patch 6,(not a class build),initiative,a table of enemies sorted by their Initiative Bonus then Level,https://www.reddit.com/r/BG3Builds/comments/1944d9d/the_complete_initiative_guide_simplifying_stat/,https://drive.google.com/file/d/1KDHmUeDxT4Ng5ZxPRqlY-xfUuM5l9veW/view?usp=drive_link,,,,,,,,,,patch 6,2025-Apr-15,2024-Sep-05,2024-Feb-16,2023-Nov-30,2023-Nov-02,2023-Sep-22,2023-Aug-31,2023-Aug-25,2023-Aug-03
Thunder Blood Barbarian,https://www.reddit.com/r/BG3Builds/comments/1b28upq/thunder_blood_barbarian_build_guide/,Gyoto,build,2024-Feb-28,patch 6,Barbarian (Wildheart) 9 / Rogue (Thief) 3,"BOOOAL's Blessing, RadOrb gear",Bleed + Reverb + Maimed to make enemies skip turns,,https://docs.google.com/document/d/1SHxBccIKoUoUo-BLOd7D3S-1TS-i-Jn69-0fvUp2nNU/edit?usp=sharing,,,,,,,,,,patch 6,2025-Apr-15,2024-Sep-05,2024-Feb-16,2023-Nov-30,2023-Nov-02,2023-Sep-22,2023-Aug-31,2023-Aug-25,2023-Aug-03
Top 10 BG3 Broken Items: A guide to optimization through gear,https://www.reddit.com/r/BG3Builds/comments/1b2ak0c/top_10_bg3_broken_items_a_guide_to_optimization/,c4b-Bg3,build,2024-Feb-28,patch 6,(not a class build),"Titanstring Bow, Phalar Aluve, Bhaalist Armor, Monk gear, BOMS, RevOrb gear, Acuity gear","A common mistake beginner players make is to think Baldur’s Gate 3 optimized gameplay is more about classes and subclasses than it is about combat strategy and items. ... Items are much-more build defining than classes themselves, and should be accounted first when considering how to build an optimized party.",,https://docs.google.com/document/d/1awEI6Ya583pCBtKCcuDx6nfLmOW6grHWZsWdb7g0UhM/edit?usp=sharing,,,,,,,,,,patch 6,2025-Apr-15,2024-Sep-05,2024-Feb-16,2023-Nov-30,2023-Nov-02,2023-Sep-22,2023-Aug-31,2023-Aug-25,2023-Aug-03
Lonewolf Fire Sorcerer,https://www.reddit.com/r/BG3Builds/comments/1b1l99p/lonewolf_fire_sorcerer_honour_mode/,SleenTiidVo,build,2024-Feb-27,patch 6,Sorcerer (Fire Draconic) 12,"Gloves of Dexterity, Spell Save gear",short guide for a solo fire sorcerer,,https://docs.google.com/document/d/1Yc2PiKZyqp32YC7svND9jv4f700454qzEYzfy0kL64Q/edit?usp=sharing,,,,,,,,,,patch 6,2025-Apr-15,2024-Sep-05,2024-Feb-16,2023-Nov-30,2023-Nov-02,2023-Sep-22,2023-Aug-31,2023-Aug-25,2023-Aug-03
Answering Paladin FAQs,https://www.reddit.com/r/BG3Builds/comments/1b0nont/answering_paladin_faqs/,rimgar2345,game mechanic,2024-Feb-26,patch 6,Paladin X,(not applicable),"Jevin the Paladin's answers to FAQs regarding... the paladin. Includes: ranged paladin (!), action surge, divine smite, hexblade, oaths. Updated for patch 8.",,https://docs.google.com/document/d/1o5HWAZ-SacG-I3cfIe36I-HbGZwEZC6wJllJHdLoFKM/edit?usp=sharing,,,,,,,,,,patch 6,2025-Apr-15,2024-Sep-05,2024-Feb-16,2023-Nov-30,2023-Nov-02,2023-Sep-22,2023-Aug-31,2023-Aug-25,2023-Aug-03
Otiluke's Snowball Dispenser,https://www.reddit.com/r/BG3Builds/comments/1azio9h/otilukes_snowball_dispenser_build_the_evocation/,CCYellow,build,2024-Feb-25,patch 6,Sorcerer (White Draconic) 10 / Wizard (Evo) 2,Otiluke's Freezing Sphere,"gimmick where caster makes a bunch of spheres, manipulate duration via turn-based and real-time mode, and let them explode from another character's inventory",,https://docs.google.com/document/d/1flIB_LOhOZeLUObomz0-D6sA8o5RPgO_RHALU7rdQKQ/edit?usp=sharing,,,,,,,,,,patch 6,2025-Apr-15,2024-Sep-05,2024-Feb-16,2023-Nov-30,2023-Nov-02,2023-Sep-22,2023-Aug-31,2023-Aug-25,2023-Aug-03
Arcane Controller (Divcerer),https://www.reddit.com/r/BG3Builds/comments/1axg648/the_arcane_controller_84_divination_wizcerer/,c4b-Bg3,build,2024-Feb-22,patch 6,Wizard (Div) 8 / Sorcerer (Storm or Draconic) 4,Spell DC gear,combines Divination's dice roll manipulating with Metamagic,,https://docs.google.com/document/d/1aJeXwU6FbGlEMhq2IsOoMtzqHzXJ-0S2hkYwvwgIjmQ/edit?usp=sharing,,,,,,,,,,patch 6,2025-Apr-15,2024-Sep-05,2024-Feb-16,2023-Nov-30,2023-Nov-02,2023-Sep-22,2023-Aug-31,2023-Aug-25,2023-Aug-03
Hunter Specializing in Crits and Survivability,https://www.reddit.com/r/BG3Builds/comments/1axa0pc/honour_mode_hunter_build_specialized_in_dealing/,Ashjrethull,build,2024-Feb-22,patch 6,Ranger (Hunter) 4 / Rogue (Thief) 3 / Fighter (Champion) 3 / Sorcerer 1,"Crit gear, Titanstring Bow","a well balanced, easy to use and efficient build which can help a lot in order to get that sweet golden dice",,https://docs.google.com/document/d/1ZzW2AofA8oIQyJ7Y6t6eo6cFX77P1P4182F9zCPBJnE/edit?usp=sharing,,,,,,,,,,patch 6,2025-Apr-15,2024-Sep-05,2024-Feb-16,2023-Nov-30,2023-Nov-02,2023-Sep-22,2023-Aug-31,2023-Aug-25,2023-Aug-03
Testing the Knife of the Undermountain King,https://www.reddit.com/r/BG3Builds/comments/1axmz2h/psa_testing_the_knife_of_the_undermountain_king/,Llyko,game mechanic,2024-Feb-22,patch 6,(not a class build),KOTUK,testing on Knife of the Undermountain King's abilities,,https://docs.google.com/document/d/1kTUwRKm7YoXGw_EshSmwDF9T6Dic_tP8_m8X_3nZJF0/edit?usp=sharing,,,,,,,,,,patch 6,2025-Apr-15,2024-Sep-05,2024-Feb-16,2023-Nov-30,2023-Nov-02,2023-Sep-22,2023-Aug-31,2023-Aug-25,2023-Aug-03
Really Makes You FEEL like Batman [Shadowheart],https://www.reddit.com/r/BG3Builds/comments/1auflts/really_makes_you_feel_like_batman_a_shadowheart/,CCYellow,build,2024-Feb-19,patch 6,Monk (Shadow) 9 / Rogue (Thief) 3,"Darkness gear, Stealth",leans into the Batman fantasy; contains details of how to abuse stealth and invis (PC centric),,https://docs.google.com/document/d/1M7TPGx0hpZqIzFkWfOFLzoNnoAfbb4kvgasvVmu01pY/edit?usp=sharing,,,,,,,,,,patch 6,2025-Apr-15,2024-Sep-05,2024-Feb-16,2023-Nov-30,2023-Nov-02,2023-Sep-22,2023-Aug-31,2023-Aug-25,2023-Aug-03
"Invisible, Invincible Demoman",https://www.reddit.com/r/BG3Builds/comments/1atszb0/the_invisible_invincible_demoman_a_comprehensive/,CCYellow,build,2024-Feb-18,patch 6,Rogue (AT) 11 / Bard 1,"barrelmancy, bombs","""The goals of this build are as follows:

to blow up entire neutral NPC factions without ever giving them a chance to become hostile.

to sneak into hostile areas and nuke them without ever exiting stealth.

To finish forced combat encounters with no option of approaching stealthily in one turn.

To provide multiple safety buffers in case shit goes sideways.""",,https://docs.google.com/document/d/1KyRCWT0PmRNO7B0FhIu1V1aUdZxu_IFjHsJeJN5xzjs/edit?usp=sharing,,,,,,,,,,patch 6,2025-Apr-15,2024-Sep-05,2024-Feb-16,2023-Nov-30,2023-Nov-02,2023-Sep-22,2023-Aug-31,2023-Aug-25,2023-Aug-03
Solo Level 1 Honor Mode,https://www.reddit.com/r/BG3Builds/comments/1arxp6d/honor_mode_level_1/,BG3_Camera_Is_Bad,game mechanic,2024-Feb-15,patch 5,(not a class build),"Barrelmancy, crates","Stack 2 barrels + 1 crate, jump on the crate, Hide. Enemies cannot reach where you used Hide so they end turn without doing anything (not constant surprise). Then Bonus Action offhand Hand Crossbow + Action Hide a million times.",Tactician version: https://www.reddit.com/r/BG3Builds/comments/17f31if/solo_level_1_tactician_playthrough/,https://docs.google.com/document/d/1FVK2QYlpRyGIMdhNxH2vt6qpxXN2loAsCtidB7Ygj7Y/edit?usp=sharing,,,,,,,,,,patch 5,2025-Apr-15,2024-Sep-05,2024-Feb-16,2023-Nov-30,2023-Nov-02,2023-Sep-22,2023-Aug-31,2023-Aug-25,2023-Aug-03
"It's possible for a character to have 0 INT, 0 WIS and 0 CHA",https://www.reddit.com/r/BaldursGate3/comments/1ap8eix/its_possible_for_a_character_to_have_0_int_0_wis/,Exos_VII,game mechanic,2024-Feb-12,patch 5,(not a class build),"Devilfoil Mask, Harmonium Halberd","used Self-Same trial reflections to stack up the debuffs from Devilfoil Mask and Harmonium Halberd; nowadays we would use Invoke Duplicity

NOTE: BG3 isn't D&D. Your character does not die at 0 ability score.",Devilfoil Masks + Invoke Duplicity = +7 STR : https://www.reddit.com/r/BG3Builds/comments/1q2wcl4/devilfoil_masks_invoke_duplicity_7_str/ ,https://docs.google.com/document/d/14_bw1MlmiP8nDnnESz8onPfWv8VsElh26665UKHhv9s/edit?usp=sharing,,,,,,,,,,patch 5,2025-Apr-15,2024-Sep-05,2024-Feb-16,2023-Nov-30,2023-Nov-02,2023-Sep-22,2023-Aug-31,2023-Aug-25,2023-Aug-03
Item Routing Tool,https://www.reddit.com/r/BG3Builds/comments/1amckio/major_update_to_my_bg3_routing_tool_in_addition/,kincle,game mechanic,2024-Feb-08,patch 5,(not a class build),(not applicable),"Google Sheet (URL to the right) that shows where to find any items in the game, as well as inspiration and approval points",https://docs.google.com/spreadsheets/d/1OWDOb_O3UhJPnwdExaAira7Ou_5F_h2PD7S14szm-f8/edit?usp=sharing,https://docs.google.com/spreadsheets/d/1aS-lFO3cZpdOP5BBPlAlap292V8WgI3G9iq5DdTqAAs/edit?usp=drive_link,,,,,,,,,,patch 5,2025-Apr-15,2024-Sep-05,2024-Feb-16,2023-Nov-30,2023-Nov-02,2023-Sep-22,2023-Aug-31,2023-Aug-25,2023-Aug-03
Shadowheart Dark Justiciar,https://www.reddit.com/r/BG3Builds/comments/1akevdo/shadowheart_dark_justiciar_build/,thhbeard,build,2024-Feb-06,patch 5,Cleric (War) 7 / Ranger (Gloom) 5,"DJ gear, Darkness",early example of Edge of Darkness into multiattack,,https://docs.google.com/document/d/1yNdkz7z8LQ7zXoCOHPQ3my9pHp8slsu0fusqbVaj908/edit?usp=sharing,,,,,,,,,,patch 5,2025-Apr-15,2024-Sep-05,2024-Feb-16,2023-Nov-30,2023-Nov-02,2023-Sep-22,2023-Aug-31,2023-Aug-25,2023-Aug-03
Weapons Only Obtainable on Disarm,https://www.reddit.com/r/BG3Builds/comments/1akhriv/what_are_uncommonly_known_weapons_you_only_loot/,Accad501,game mechanic,2024-Feb-06,patch 5,(not a class build),too many to list,"various weapons that can only be obtained by disarming the wielder, and *not* by killing and looting them",needs re-test on patch 8,https://docs.google.com/document/d/1izi1DxgblZIPOnPjMLsXvNfhlTyTAeV7IR9OUg8z90s/edit?usp=sharing,,,,,,,,,,patch 5,2025-Apr-15,2024-Sep-05,2024-Feb-16,2023-Nov-30,2023-Nov-02,2023-Sep-22,2023-Aug-31,2023-Aug-25,2023-Aug-03
Nifty Tricks with Potions,https://www.reddit.com/r/BG3Builds/comments/1ajc44x/nifty_tricks_with_potions_a_small_selection_of/,ShandrensCorner,game mechanic,2024-Feb-05,patch 5,(not a class build),Potions,documents several ways to save actions while using potions,https://www.reddit.com/r/BG3Builds/comments/17j31ou/the_ultimate_healer_frontliner_allinone_optimal/,https://docs.google.com/document/d/1neqir-gm8CSUXHUPRLzafy5GVoQRCj5r9H-9AjLqtAg/edit?usp=sharing,,,,,,,,,,patch 5,2025-Apr-15,2024-Sep-05,2024-Feb-16,2023-Nov-30,2023-Nov-02,2023-Sep-22,2023-Aug-31,2023-Aug-25,2023-Aug-03
Reverberation Wildheart Archer Barb,https://www.reddit.com/r/BG3Builds/comments/1ajuqdg/reverberation_wildheart_archer_barb/,Cocohomlogy,build,2024-Feb-05,patch 5,Fighter 2 / Barbarian (Wildheart) 10,"Amulet of Bhaal, reverb gear, bleeding, maimed",two Wildheart aspects synergize really well with Amulet of Bhaal and reverberation gloves and boots to make a powerful control archer [...] Aspect of the Wolverine maims bleeding or poisoned targets [which] plus reverberation equals skipped turns.,,https://docs.google.com/document/d/1N5PLrur7kUl4DdIDJgSoLK4WyNGODUCTS_MS1_l84fY/edit?usp=sharing,,,,,,,,,,patch 5,2025-Apr-15,2024-Sep-05,2024-Feb-16,2023-Nov-30,2023-Nov-02,2023-Sep-22,2023-Aug-31,2023-Aug-25,2023-Aug-03
How to Obtain Awakened and Guaranteed Mirror of Loss,https://www.reddit.com/r/BG3Builds/comments/1aditbc/guide_how_to_obtain_awakened_and_get_a_guaranteed/,Amudeauss,game mechanic,2024-Jan-28,patch 5,(not a class build),"Zaith'isk, Mirror of Loss",How to Obtain Awakened and Guaranteed Mirror of Loss,,https://docs.google.com/document/d/1NsQxfeMc4mAbsK_LFrwRvI875Mok-hElK9pmDn3h3IU/edit?usp=sharing,,,,,,,,,,patch 5,2025-Apr-15,2024-Sep-05,2024-Feb-16,2023-Nov-30,2023-Nov-02,2023-Sep-22,2023-Aug-31,2023-Aug-25,2023-Aug-03
Hail the Thorns,https://www.reddit.com/r/BG3Builds/comments/1adduek/hail_the_thorns_top5_fun_and_unique_hail_of_thorn/,truthatenvy,game mechanic,2024-Jan-28,patch 5,(not a class build),"Hail of Thorns, Bhaalist Armor",exploit Hail of Thorns unique multi-targeting with piercing vuln,,https://docs.google.com/document/d/1_1GtIkf8xTaIvPYkbeMnFyfaE5a66Ndp0q6ZXPYJL2s/edit?usp=sharing,,,,,,,,,,patch 5,2025-Apr-15,2024-Sep-05,2024-Feb-16,2023-Nov-30,2023-Nov-02,2023-Sep-22,2023-Aug-31,2023-Aug-25,2023-Aug-03
Way Over the Top Camp Cleric,https://www.reddit.com/r/BG3Builds/comments/1adfym5/the_way_over_the_top_camp_cleric/,xshap369,game mechanic,2024-Jan-28,patch 5,(not a class build),(not applicable),"guide to the camp cleric or camp casting; there is much more that can and has been done, but this is a good example of the concept. [Note that as of recent patches, Transmutation Stones no longer function when the caster is not in your party.]",,https://docs.google.com/document/d/1t_OIlULzg0fD1z_2zRvVxeS-5MJCG6-C8hZLQF4S7Xk/edit?usp=sharing,,,,,,,,,,patch 5,2025-Apr-15,2024-Sep-05,2024-Feb-16,2023-Nov-30,2023-Nov-02,2023-Sep-22,2023-Aug-31,2023-Aug-25,2023-Aug-03
Umberlee's Crashing Wave,https://www.reddit.com/r/BG3Builds/comments/19brnoa/build_umberlees_crashing_wave_wavemothers_robe/,HandsomeKrom,build,2024-Jan-20,patch 5,Fighter (EK) 7 / Cleric (Tempest) 1 / Sorcerer (Storm) 4,"Wavemother's Robe, Trident of the Waves",Act 3 version of how to live the fantasy of wearing the best looking armor in the game,,https://docs.google.com/document/d/100Ymbpn_xsDxp05Xe2aVC-b4KnR4slhIJ1y0UrqGBL8/edit?usp=sharing,,,,,,,,,,patch 5,2025-Apr-15,2024-Sep-05,2024-Feb-16,2023-Nov-30,2023-Nov-02,2023-Sep-22,2023-Aug-31,2023-Aug-25,2023-Aug-03
Vicious Mocker,https://www.reddit.com/r/BG3Builds/comments/199pe3w/vicious_mocker/,Cocohomlogy,build,2024-Jan-18,patch 5,Sorcerer (cold draconic) 2 / Wizard (Ench) 10,"Vicious Mockery, Split Enchantment",Level 10 enchanter gives split enchantment and level 2 sorc gives twinned spell and AoA. Now twinning vicious mockery allows us to target 3 opponents! Resonance stone makes those opponents vulnerable to psychic damage.,,https://docs.google.com/document/d/1CR1feH4OQbmHil2e9BjE2uwuO4de7CIDi7oak5C704c/edit?usp=sharing,,,,,,,,,,patch 5,2025-Apr-15,2024-Sep-05,2024-Feb-16,2023-Nov-30,2023-Nov-02,2023-Sep-22,2023-Aug-31,2023-Aug-25,2023-Aug-03
Shocking Grasp Gish,https://www.reddit.com/r/BG3Builds/comments/199qkd5/shocking_grasp_gish/,Cocohomlogy,build,2024-Jan-18,patch 5,Fighter (EK) 7 / Rogue (Thief) 3 / Sorcerer 2,"War Magic, Shocking Grasp, Twinned Spell",This is a Gish who will use twinned Shocking Grasp 3 times a turn and hit twice with their main weapon.,,https://docs.google.com/document/d/1ezJQZrX7Lx1ivFm9vBXY2j-qAn8xNxiLovE3HWlZPB0/edit?usp=sharing,,,,,,,,,,patch 5,2025-Apr-15,2024-Sep-05,2024-Feb-16,2023-Nov-30,2023-Nov-02,2023-Sep-22,2023-Aug-31,2023-Aug-25,2023-Aug-03
Double-Eldritch Thrower,https://www.reddit.com/r/BG3Builds/comments/199gvsr/8_eldritch_knight4_warlock_eldritch_blastthrow/,Ensurdagen,build,2024-Jan-17,patch 5,Fighter (EK) 8 / Warlock (GOO) 4,"EB gear, Throwing",uses no resources to do ~90-100 reliable damage per turn at level 10+ by using eldritch blast then throwing as a bonus action,,https://docs.google.com/document/d/1SwJpok-TfZFYbCk10pEYuTQBq_VESJ3WCESweAPZvKs/edit?usp=sharing,,,,,,,,,,patch 5,2025-Apr-15,2024-Sep-05,2024-Feb-16,2023-Nov-30,2023-Nov-02,2023-Sep-22,2023-Aug-31,2023-Aug-25,2023-Aug-03
Fire Sorlock,https://www.reddit.com/r/BG3Builds/comments/196mpii/honor_mode_111_fire_sorlock_complete_build_guide/,Prestigious_Juice341,build,2024-Jan-14,patch 5,Sorcerer (Red Draconic) 11 / Warlock 1,"Command, Hat of Fire Acuity",stack acuity to cast irresistable Command or Hold Person while blasting with fire,,https://docs.google.com/document/d/15F-ASGBFSP9Q37cw0yl7uPeNohYrQsuG9MiR8wHqAdc/edit?usp=sharing,,,,,,,,,,patch 5,2025-Apr-15,2024-Sep-05,2024-Feb-16,2023-Nov-30,2023-Nov-02,2023-Sep-22,2023-Aug-31,2023-Aug-25,2023-Aug-03
Initiative Guide - Simplifying Stat Goals by Act,https://www.reddit.com/r/BG3Builds/comments/1944d9d/the_complete_initiative_guide_simplifying_stat/,RyanoftheDay,game mechanic,2024-Jan-11,patch 5,(not a class build),initiative,"""covering why high initiative is beneficial, what the initiative benchmark goals are for each Act and for specific boss fights, and the options we have to reach these goals- including itemization breakdowns per Act and example builds""",https://www.reddit.com/r/BG3Builds/comments/1b3c863/table_of_enemy_initiative_bonuses/,https://docs.google.com/document/d/1bAm2LDjW6yXrpVPzWfRRbWsaG-pkRvdtgQIBSIz4CFE/edit?usp=sharing,,,,,,,,,,patch 5,2025-Apr-15,2024-Sep-05,2024-Feb-16,2023-Nov-30,2023-Nov-02,2023-Sep-22,2023-Aug-31,2023-Aug-25,2023-Aug-03
Psy-Gunner,https://www.reddit.com/r/BG3Builds/comments/193gcnk/late_game_build_the_psygunner/,truthatenvy,build,2024-Jan-10,patch 5,Ranger (Hunter) 9 / Sorcerer (White Draconic) 2 / Wizard 1,"Resonance Stone, Psychic vuln",older Resonance + Psychic build on Ranger chassis,,https://docs.google.com/document/d/18qhoFxCaoRTFE8HZEkCFccredODPBv-IIt1uK1F7MrI/edit?usp=sharing,,,,,,,,,,patch 5,2025-Apr-15,2024-Sep-05,2024-Feb-16,2023-Nov-30,2023-Nov-02,2023-Sep-22,2023-Aug-31,2023-Aug-25,2023-Aug-03
Party Building Templates,https://www.reddit.com/r/BG3Builds/comments/190r158/bg3_party_building_templates/,Prestigious_Juice341,party,2024-Jan-07,patch 5,(party),too many to list,PJ's seminal collection of (pre patch 8) parties for HM runs; direct link to the spreadsheet is to the right,https://docs.google.com/spreadsheets/d/1HhiUZcQ1gXjvsaJSpvccG_0Jm0fn7lgYaOYdQxuWSQs/edit?usp=sharing,https://docs.google.com/document/d/1rmSnVhOT_hEz8ay01U6p-6_4tKi1ZojAkqfh3AjxI08/edit?usp=sharing,backup of spreadsheet https://docs.google.com/spreadsheets/d/1MrsvvbVrXSEVHVbpQji9AS2fOJ-RMMzMgy7KK9Z2FMs/edit?usp=sharing,,,,,,,,,patch 5,2025-Apr-15,2024-Sep-05,2024-Feb-16,2023-Nov-30,2023-Nov-02,2023-Sep-22,2023-Aug-31,2023-Aug-25,2023-Aug-03
How to Prepare Scarlet Remittance Stacks [Patch 5],https://www.reddit.com/r/BG3Builds/comments/18v715t/so_how_do_you_guys_prepare_scarlet_remittance/,truthatenvy,game mechanic,2023-Dec-31,patch 5,(not a class build),Rhapsody,table listing ways to stack up Scarlet Remittance from Rhapsody,,https://docs.google.com/document/d/1KWtn3PYHRjXygoiqGfuMqwnk-oUixl_AeaJ41n9ISq8/edit?usp=sharing,,,,,,,,,,patch 5,2025-Apr-15,2024-Sep-05,2024-Feb-16,2023-Nov-30,2023-Nov-02,2023-Sep-22,2023-Aug-31,2023-Aug-25,2023-Aug-03
Consider Kidnapping People,https://www.reddit.com/r/BG3Builds/comments/18uqkx4/consider_kidnapping_people/,Monk-Ey,game mechanic,2023-Dec-30,patch 5,(not a class build),(not applicable),How to kidnap people using Improvised Melee Weapon,https://www.reddit.com/r/BG3/comments/1k4i062/ive_seen_some_comments_saying_you_cant_kidnapp/,https://docs.google.com/document/d/195-TZ4dbYVpElbPSJ3St5vLGClXlPwbWtesgDUClhgo/edit?usp=sharing,,,,,,,,,,patch 5,2025-Apr-15,2024-Sep-05,2024-Feb-16,2023-Nov-30,2023-Nov-02,2023-Sep-22,2023-Aug-31,2023-Aug-25,2023-Aug-03
Smite Swords Bard (SSB),https://www.reddit.com/r/BG3Builds/comments/18pxoy9/honor_mode_102_smite_swords_bard_ssb_complete/,Prestigious_Juice341,build,2023-Dec-24,patch 5,Bard (Swords) 10 / Paladin 2,"Gloves of Dexterity, Helmet of Arcane Acuity, BOTMS",melee character that uses Acuity stack for irresistable Command-Approach into Slashing Flourish + Smite,,https://docs.google.com/document/d/1jln6T9FZsrRIc6epwokWRV0D3P4meILs7QFc8ysFCeY/edit?usp=sharing,,,,,,,,,,patch 5,2025-Apr-15,2024-Sep-05,2024-Feb-16,2023-Nov-30,2023-Nov-02,2023-Sep-22,2023-Aug-31,2023-Aug-25,2023-Aug-03
Comprehensive Warlock Multiclassing Cheatsheet,https://www.reddit.com/r/BG3Builds/comments/18omf99/a_comprehensive_warlock_multiclassing_cheatsheet/,rimgar2345,build,2023-Dec-22,patch 5,Warlock / X,(not applicable),Jevin the Paladin's guide to multiclass combinations with Warlock. Updated for Patch 8 (mentions Hexblade).,,https://docs.google.com/document/d/1nPPuHwrGKShfQgn0JjLsU4617_LOKKaVOmbar5_Jqt4/edit?usp=sharing,,,,,,,,,,patch 5,2025-Apr-15,2024-Sep-05,2024-Feb-16,2023-Nov-30,2023-Nov-02,2023-Sep-22,2023-Aug-31,2023-Aug-25,2023-Aug-03
List of Myconid Reanimations,https://www.reddit.com/r/BG3/comments/18j77jy/the_incomplete_list_of_mycanoid_reanimation/,The_Shadow_Watches,game mechanic,2023-Dec-15,patch 5,(not a class build),(not applicable),"list of creatures that can or cannot be reanimated by Sovereign Glut with Animating Spores, as well as what abilities said creatures can or cannot use",https://bg3.wiki/wiki/Animating_Spores,https://docs.google.com/document/d/1ia2uwETdzpEtswYKM1yk0jUAdXwAGq3OdyWp8oiBX4s/edit?usp=sharing,,,,,,,,,,patch 5,2025-Apr-15,2024-Sep-05,2024-Feb-16,2023-Nov-30,2023-Nov-02,2023-Sep-22,2023-Aug-31,2023-Aug-25,2023-Aug-03
Honor Mode Tavern Brawler (TB) Throw,https://www.reddit.com/r/BG3Builds/comments/18eguld/honor_mode_tb_throw_complete_build_guide/,Prestigious_Juice341,build,2023-Dec-09,patch 5,Barbarian (Berserker) 5 / Rogue (Thief) 4 / Fighter 3,"TB, Helmet of Grit, throwing weapon","""Barb/Rogue ""Thiefzerker"" is a stronger thrower than 11 Fighter in Honor mode""",,https://docs.google.com/document/d/1KfYQbweZj_vzS5902dIHMTfNPUhb0sDQ7BxamkipbtM/edit?usp=sharing,,,,,,,,,,patch 5,2025-Apr-15,2024-Sep-05,2024-Feb-16,2023-Nov-30,2023-Nov-02,2023-Sep-22,2023-Aug-31,2023-Aug-25,2023-Aug-03
Reach Level 4 Without Combat,https://www.reddit.com/r/BaldursGate3/comments/18ebd26/beginners_guide_for_bg3_no_fighting_to_lv_4/,Balthierlives,game mechanic,2023-Dec-09,patch 5,(not a class build),(not applicable),"Early guide to reach level 4 without combat. This route has since been refined and surpassed, but remains the best early example.",,https://docs.google.com/document/d/1__V4ZVdOxPIxMGcrARji90BumnFuEv11PKjZZPfNiyw/edit?usp=sharing,,,,,,,,,,patch 5,2025-Apr-15,2024-Sep-05,2024-Feb-16,2023-Nov-30,2023-Nov-02,2023-Sep-22,2023-Aug-31,2023-Aug-25,2023-Aug-03
Gas Cloud Wizard,https://www.reddit.com/r/BG3Builds/comments/18dyk1b/like_abjuration_wizard_but_looking_for_a_breath/,Rawbzilla7,build,2023-Dec-08,patch 5,Wizard (Abj) 10 / Sorcerer (White Draconic) 1 / Monk 1,"AOA, Gaseous Form","go into Gaseous Form, provoke OAs, retaliate with Armor of Agathys",https://youtu.be/Acy3Xvbt_4k,https://docs.google.com/document/d/1cFr5q-xhaKacFVUgTR4--YKZMAFJD5BNzVOpv5L48rI/edit?usp=sharing,,,,,,,,,,patch 5,2025-Apr-15,2024-Sep-05,2024-Feb-16,2023-Nov-30,2023-Nov-02,2023-Sep-22,2023-Aug-31,2023-Aug-25,2023-Aug-03
Arcane Spellbow,https://www.reddit.com/r/BG3Builds/comments/18cxtqc/the_arcane_spellbow/,Holiday-Driver-9439,build,2023-Dec-07,patch 5,Fighter 2 / Sorcerer (Storm) 4 / Bard (Swords) 6,Lightning gear,striker/blaster hybrid. The gameplay is simple; fire a bunch of arrows and finish off with a cloud of daggers or magic missile,,https://docs.google.com/document/d/1pqeeqwlckhUk50BSUTKISCwPIYJ7nKHBxs2XrGe-am8/edit?usp=sharing,,,,,,,,,,patch 5,2025-Apr-15,2024-Sep-05,2024-Feb-16,2023-Nov-30,2023-Nov-02,2023-Sep-22,2023-Aug-31,2023-Aug-25,2023-Aug-03
Three-Handed Storm Rogue,https://www.reddit.com/r/BG3Builds/comments/187aqu4/threehanded_storm_rogue_even_if_others_can/,Rawbzilla7,build,2023-Nov-30,patch 5,Sorcerer (Storm) 1 / Rogue (AT) 3 / Cleric (Tempest) 2 / Wizard (Evo) 6,Mage Hand,(PC only!) load up Mage Hand with gear while also able to shoot Chain Lightning for 735+ Damage,,https://docs.google.com/document/d/1ooTT8fb0ZYDAm91f1V0OQIyCJqRbJ0o85wQZx2Nbbh8/edit?usp=sharing,,,,,,,,,,patch 5,2025-Apr-15,2024-Sep-05,2024-Feb-16,2023-Nov-30,2023-Nov-02,2023-Sep-22,2023-Aug-31,2023-Aug-25,2023-Aug-03
Why is Tavern Brawler (TB) so OP? [YouTube Link],https://www.reddit.com/r/BG3Builds/comments/1851wy2/why_exactly_is_tavern_brawler_so_op/,Prestigious_Juice341,game mechanic,2023-Nov-27,patch4 (pre HM),(not a class build),TB,early explanation of what makes Tavern Brawler (TB) so strong,https://youtu.be/hnNoKqwdvLs,Not Applicable (YouTube link),,,,,,,,,,patch4 (pre HM),2025-Apr-15,2024-Sep-05,2024-Feb-16,2023-Nov-30,2023-Nov-02,2023-Sep-22,2023-Aug-31,2023-Aug-25,2023-Aug-03
Comprehensive Rogue Multiclassing Cheatsheet,https://www.reddit.com/r/BG3Builds/comments/1859oyv/a_comprehensive_rogue_multiclassing_cheatsheet/,rimgar2345,build,2023-Nov-27,patch4 (pre HM),Rogue / X,(not applicable),Jevin the Paladin's guide to multiclass combinations with Rogue. Updated for Patch 8 (mentions Swashbuckler).,,https://docs.google.com/document/d/1D0Y3WR1Dzp43TgGd7-N4tGeha2LBnsNxOPcNLxA6vbY/edit?usp=sharing,,,,,,,,,,patch4 (pre HM),2025-Apr-15,2024-Sep-05,2024-Feb-16,2023-Nov-30,2023-Nov-02,2023-Sep-22,2023-Aug-31,2023-Aug-25,2023-Aug-03
Lightning Returns,https://www.reddit.com/r/BG3Builds/comments/17vu0c6/lightning_returns/,Holiday-Driver-9439,build,2023-Nov-25,patch4 (pre HM),Sorcerer (Silver Draconic) 4 / Cleric (Tempest) 6 / Fighter 2,Lightning gear,This build functions like most wet lightning builds. It's a blaster that spams call lightning on wet enemies and maximizes the dmg with destructive wrath while providing defensive support via twinned sanctuary. The build was thematically inspired by a ravager version of Lightning from FFXIII.,,https://docs.google.com/document/d/1Bo4JgSh1W5E6MK_Dh-bFxwRQauSmDIQN9QHk8eLCz70/edit?usp=sharing,,,,,,,,,,patch4 (pre HM),2025-Apr-15,2024-Sep-05,2024-Feb-16,2023-Nov-30,2023-Nov-02,2023-Sep-22,2023-Aug-31,2023-Aug-25,2023-Aug-03
DRS Explained Part 2 [YouTube Link},https://www.reddit.com/r/BG3Builds/comments/1831aov/drs_explained_part_2_how_to_break_the_game/,Prestigious_Juice341,game mechanic,2023-Nov-24,patch4 (pre HM),(not a class build),DRS,second part of PJ's explanation of DRS; there is extensive discussion in the comments to the original post (which is a link to a YouTube video -- see to the right) (watch the video to hear PJ's radio quality voice!),https://youtu.be/1UnaW-U7dU0,Not Applicable (YouTube link),,,,,,,,,,patch4 (pre HM),2025-Apr-15,2024-Sep-05,2024-Feb-16,2023-Nov-30,2023-Nov-02,2023-Sep-22,2023-Aug-31,2023-Aug-25,2023-Aug-03
Control Martial 10/1/1 Swords Bard,https://www.reddit.com/r/BG3Builds/comments/17y9kyp/the_control_martial_allpurpose_1011_swords_bard/,Prestigious_Juice341,build,2023-Nov-18,patch4 (pre HM),Fighter 1 / Wizard 1 / Bard (Swords) 10,"Gloves of Dexterity, Helmet of Arcane Acuity, BOTMS",ranged character that uses Acuity stacks to land irresistable control spells,,https://docs.google.com/document/d/1qX6X1FtcSnc7oz9S0uZSa8geNCNBn4VeGCuLAmAtOJ0/edit?usp=sharing,,,,,,,,,,patch4 (pre HM),2025-Apr-15,2024-Sep-05,2024-Feb-16,2023-Nov-30,2023-Nov-02,2023-Sep-22,2023-Aug-31,2023-Aug-25,2023-Aug-03
Lore Friendly Minsc,https://www.reddit.com/r/BG3Builds/comments/17wxa7c/lore_friendly_minsc_ranger_4_barbarian_8_build/,revchj,build,2023-Nov-16,patch4 (pre HM),Ranger (Hunter) 4 / Barbarian (Tiger) 8,"Shattered Flail, Periapt of Wound Closure",attempts to replicate Minsc from previous games,,https://docs.google.com/document/d/1ZLrPSrWijeQpeQuH_59JPW9frvdpI5nvvXivang2wwY/edit?usp=sharing,,,,,,,,,,patch4 (pre HM),2025-Apr-15,2024-Sep-05,2024-Feb-16,2023-Nov-30,2023-Nov-02,2023-Sep-22,2023-Aug-31,2023-Aug-25,2023-Aug-03
Bear Heart Barbarian / Spore Druid,https://www.reddit.com/r/BG3Builds/comments/17rcqff/my_bear_heart_barbarian_5spore_druid_7_tanky_and/,Phantomsplit,build,2023-Nov-09,patch4 (pre HM),Barbarian (Bear) 5 / Druid (Spores) 7,KOTUK,"Barbarian gives extra attack and rage damage and damage resistance, while spore druid gives a bunch of temp HP and extra necrotic damage on your weapon attacks, as well as some out of combat spell utility. Mix these two together and you have a tanky frontliner who packs a powerful punch in combat, but can also buff and support outside of combat.",,https://docs.google.com/document/d/1uJ7yKZwYSE6vctgU85IOpEqsTWc32tTDFl6TcBbs63c/edit?usp=sharing,,,,,,,,,,patch4 (pre HM),2025-Apr-15,2024-Sep-05,2024-Feb-16,2023-Nov-30,2023-Nov-02,2023-Sep-22,2023-Aug-31,2023-Aug-25,2023-Aug-03
Symbiotic Assassin,https://www.reddit.com/r/BG3Builds/comments/17pwnej/symbiotic_assassin/,Holiday-Driver-9439,build,2023-Nov-07,patch4 (pre HM),Fighter (EK) 5 / Rogue (Assassin) 3 / Druid (Spore) 4,"Throwing gear, Armor of the Sporekeeper","instead of using melee, ranged or spells, it throws stuff to kill enemies, much like the marvel villain ""Bullseye."" you can use weapons or whatever you find in the environment. To give it more flavor, we add symbiotic defenses",,https://docs.google.com/document/d/1vaYEnTR1gh7Zw_rvak-aBYZ5kISDaqsiwV3-xjU8xAw/edit?usp=sharing,,,,,,,,,,patch4 (pre HM),2025-Apr-15,2024-Sep-05,2024-Feb-16,2023-Nov-30,2023-Nov-02,2023-Sep-22,2023-Aug-31,2023-Aug-25,2023-Aug-03
Comprehensive Paladin Multiclassing Cheatsheet,https://www.reddit.com/r/BG3Builds/comments/17pwq6j/a_comprehensive_paladin_multiclassing_cheatsheet/,rimgar2345,build,2023-Nov-07,patch4 (pre HM),Paladin / X,(not applicable),Jevin the Paladin's guide to multiclass combinations with Paladin. Updated for Patch 8 (mentions Oath of Crown).,,https://docs.google.com/document/d/1bx9rrW9rLG_W1KnMqf6a90GoOIzJgJSOb2jqFWcxzq0/edit?usp=sharing,,,,,,,,,,patch4 (pre HM),2025-Apr-15,2024-Sep-05,2024-Feb-16,2023-Nov-30,2023-Nov-02,2023-Sep-22,2023-Aug-31,2023-Aug-25,2023-Aug-03
Spartan Build,https://www.reddit.com/r/BG3Builds/comments/17nqne3/comment/k7vq9if/,ManBearCannon1,build,2023-Nov-04,patch4 (pre HM),Fighter (BM) 6 / Barbarian (Bear) 3 / Ranger (Hunter) 3,"Trident, Shield","in response to a request for a ""no armor Spartan build"" (which is an oxymoron, because the historical Spartans absolutely wore armor, the movie ""300"" notwithstanding)",,https://docs.google.com/document/d/1LmWxCQiZs3mHIlHedlHRndfe1-HAA8ZufnfTmRtLH2c/edit?usp=sharing,,,,,,,,,,patch4 (pre HM),2025-Apr-15,2024-Sep-05,2024-Feb-16,2023-Nov-30,2023-Nov-02,2023-Sep-22,2023-Aug-31,2023-Aug-25,2023-Aug-03
DRS Damage Rider Mechanics Explained [YouTube Link],https://www.reddit.com/r/BG3Builds/comments/17mw26x/drs_damage_rider_mechanics_explained/,Prestigious_Juice341,game mechanic,2023-Nov-03,patch4 (pre HM),(not a class build),DRS,early explanation of DRS; there is extensive discussion in the comments to the original post (which is a link to a YouTube video -- see to the right) (watch the video to hear PJ's radio quality voice!),https://youtu.be/yQEQPrWLB8M,Not Applicable (YouTube link),,,,,,,,,,patch4 (pre HM),2025-Apr-15,2024-Sep-05,2024-Feb-16,2023-Nov-30,2023-Nov-02,2023-Sep-22,2023-Aug-31,2023-Aug-25,2023-Aug-03
Guide to Multiclassing Bard,https://www.reddit.com/r/BG3Builds/comments/17kfv4l/your_guide_to_multiclassing_bard/,T51bwinterized,build,2023-Oct-31,patch3 (pre HM),Bard / X,(not applicable),early guide to each of the multiclass combinations with at least 5 levels of Bard,,https://docs.google.com/document/d/1VEuUqxqEqeLR37eklp8bQZYs9hloNYTaYQecvpV9DbM/edit?usp=sharing,,,,,,,,,,patch3 (pre HM),2025-Apr-15,2024-Sep-05,2024-Feb-16,2023-Nov-30,2023-Nov-02,2023-Sep-22,2023-Aug-31,2023-Aug-25,2023-Aug-03
Valjurer,https://www.reddit.com/r/BG3Builds/comments/17j31ou/the_ultimate_healer_frontliner_allinone_optimal/,Prestigious_Juice341,build,2023-Oct-29,patch3 (pre HM),Sorcerer (White Draconic) 3 / Bard (Valor) 6 / Wizard (Abj) 3,"Phalar Aluve, Healer's gear, potions",alternative build option that merges the Frontline and Dedicated Healer party slots,,https://docs.google.com/document/d/1xfebek8Ep_4p9HM6TGsUHGmG_pdag3HHbyNsiJSZcUw/edit?usp=sharing,,,,,,,,,,patch3 (pre HM),2025-Apr-15,2024-Sep-05,2024-Feb-16,2023-Nov-30,2023-Nov-02,2023-Sep-22,2023-Aug-31,2023-Aug-25,2023-Aug-03
Swashbuckling Lightning,https://www.reddit.com/r/BG3Builds/comments/17hdtca/comment/k6n8zj1/,Conflicted_Batman,build,2023-Oct-27,patch3 (pre HM),Sorcerer (Storm) 6 / Paladin 5 / X,"Lightning gear, Thunder gear","thematic melee build around Lightning, Thunder",,https://docs.google.com/document/d/1vETEA1LrCLedzmVeUmHN8sM7ZeoDCEj6zFMTxe5Hih0/edit?usp=sharing,,,,,,,,,,patch3 (pre HM),2025-Apr-15,2024-Sep-05,2024-Feb-16,2023-Nov-30,2023-Nov-02,2023-Sep-22,2023-Aug-31,2023-Aug-25,2023-Aug-03
Coolest Caster on the Coast,https://old.reddit.com/r/BG3Builds/comments/17f9z7g/coolest_caster_on_the_coast_a_coldbased/,Monk-Ey,build,2023-Oct-24,patch3 (pre HM),Bard (Lore) 6 / Sorcerer (Draconic) 6,"HOH, Cold gear","battlefield control with Hunger of Hadar and excessive Ice surfaces
as well as boosted Ray of Frost spam, optionally twinned",,https://docs.google.com/document/d/11bOr-Mn8PbYkzkqBQoJA_C19JB9Nm7QIhgi49iEgza0/edit?usp=sharing,,,,,,,,,,patch3 (pre HM),2025-Apr-15,2024-Sep-05,2024-Feb-16,2023-Nov-30,2023-Nov-02,2023-Sep-22,2023-Aug-31,2023-Aug-25,2023-Aug-03
Solo Level 1 Tactician,https://www.reddit.com/r/BG3Builds/comments/17f31if/solo_level_1_tactician_playthrough/,BG3_Camera_Is_Bad,game mechanic,2023-Oct-23,patch3 (pre HM),(not a class build),"Barrelmancy, crates",Stacking a crate on a few barrels + Bonus Action hand crossbow + Action Hide handles 90% of combat. More details and the other 10% is described [in the guide].,HM version: https://www.reddit.com/r/BG3Builds/comments/1arxp6d/honor_mode_level_1/,https://docs.google.com/document/d/1Aw8DaenT4JvLuIXzLI_pKwTapdGU2exq4XhBri8JcSQ/edit?usp=sharing,,,,,,,,,,patch3 (pre HM),2025-Apr-15,2024-Sep-05,2024-Feb-16,2023-Nov-30,2023-Nov-02,2023-Sep-22,2023-Aug-31,2023-Aug-25,2023-Aug-03
Ranger-Style Single Target DPR,https://www.reddit.com/r/BG3Builds/comments/17dwwyx/800_sustained_singletarget_dpr_optimal_ranger/,Prestigious_Juice341,build,2023-Oct-22,patch3 (pre HM),Ranger (Hunter) 4 / Bard (Swords) 6 / Rogue 1 / Warlock 1,"Titanstring Bow, Damage gear",sustained single-target damage via DRS,,https://docs.google.com/document/d/1sXZeANnKVfi59HsuwV9FwDlIwjAnCdjPOgbi7jW7R5A/edit?usp=sharing,,,,,,,,,,patch3 (pre HM),2025-Apr-15,2024-Sep-05,2024-Feb-16,2023-Nov-30,2023-Nov-02,2023-Sep-22,2023-Aug-31,2023-Aug-25,2023-Aug-03
Guide to Multiclassing Barbarian,https://www.reddit.com/r/BG3Builds/comments/17drno9/your_guide_to_multiclassing_barbarian/,T51bwinterized,build,2023-Oct-22,patch3 (pre HM),Barbarian / X,(not applicable),early guide to each of the multiclass combinations with at least 5 levels of Barbarian,,https://docs.google.com/document/d/1UF2e1fidoOuLB4QBG5cnWo2jQCzsHbEADvRBgW7-Fug/edit?usp=sharing,,,,,,,,,,patch3 (pre HM),2025-Apr-15,2024-Sep-05,2024-Feb-16,2023-Nov-30,2023-Nov-02,2023-Sep-22,2023-Aug-31,2023-Aug-25,2023-Aug-03
Fire God and Alchemist,https://www.reddit.com/r/BG3Builds/comments/17cod6g/fire_god_alchemist_build_for_gale_and_durge/,Marvelous_Choice,build,2023-Oct-20,patch3 (pre HM),Fighter 1 / Rogue 1 / Wizard (Transmutation) 2 / Sorcerer (Fire Draconic) 8,Save DC gear,"early list of spells that can work with Sneak Attack, and unusual example of Transmutation wizard on something other than a camp caster",,https://docs.google.com/document/d/1vtVU5rueV-rtfZrf3Vle-QlKlf154dzQ1T6OlyvUqK0/edit?usp=sharing,,,,,,,,,,patch3 (pre HM),2025-Apr-15,2024-Sep-05,2024-Feb-16,2023-Nov-30,2023-Nov-02,2023-Sep-22,2023-Aug-31,2023-Aug-25,2023-Aug-03
All-Purpose Damage Caster (Sorcerer),https://www.reddit.com/r/BG3Builds/comments/179egyk/the_ultimate_allpurpose_damage_caster_optimal/,Prestigious_Juice341,build,2023-Oct-16,patch3 (pre HM),Sorcerer (Black Draconic) 12,Spell DC gear,also covers several other sorcerer multiclass builds,,https://docs.google.com/document/d/1KMRyX9AAhapgEhbXBgAEXr92xQ23znp61DCFG3FEstU/edit?usp=sharing,,,,,,,,,,patch3 (pre HM),2025-Apr-15,2024-Sep-05,2024-Feb-16,2023-Nov-30,2023-Nov-02,2023-Sep-22,2023-Aug-31,2023-Aug-25,2023-Aug-03
Spore Commander,https://www.reddit.com/r/BG3Builds/comments/179miif/the_spore_commander/,Holiday-Driver-9439,build,2023-Oct-16,patch3 (pre HM),Druid (Spore) 9 / Cleric (War) 3,"Armor of the Sporekeeper, BOMS",summons an army and reanimates corpses to add to the army. It sends them to melee then casts command: flee to control enemies for a turn and have them provoke a bunch opportunity attacks from the army,,https://docs.google.com/document/d/1SUnTNOodak7d3y07dEmbX3ctDnVuVRZQlo0Wjpk0tFA/edit?usp=sharing,,,,,,,,,,patch3 (pre HM),2025-Apr-15,2024-Sep-05,2024-Feb-16,2023-Nov-30,2023-Nov-02,2023-Sep-22,2023-Aug-31,2023-Aug-25,2023-Aug-03
Dark Justiciar [Shadowheart],https://www.reddit.com/r/BG3Builds/comments/1789bbu/dark_justiciar_shadowheart_build_darkness_party/,agenderarcee,build,2023-Oct-15,patch3 (pre HM),Cleric (War) 5 / Ranger (Gloom) 5 / Paladin (Oathbreaker) 2,"DJ gear, Darkness",thematic DJ build for SH,,https://docs.google.com/document/d/1dkuwl8NOKJ4teY0S8qJVcfE7QxEDMHaZCUHhEbg4P40/edit?usp=sharing,,,,,,,,,,patch3 (pre HM),2025-Apr-15,2024-Sep-05,2024-Feb-16,2023-Nov-30,2023-Nov-02,2023-Sep-22,2023-Aug-31,2023-Aug-25,2023-Aug-03
Sorconomics,https://www.reddit.com/r/BG3Builds/comments/177t93c/sorconomics/,Prestigious_Juice341,game mechanic,2023-Oct-14,patch3 (pre HM),Sorcerer,Potion of Angelic Reprieve,abuse Potion of Angelic Reprieve to repeatedly regain spells slots and convert them into Sorcery Points,,https://docs.google.com/document/d/1u4t4tEhes9NiPDN6H2ceg9FRin9XhUaKknXmVo0QyKg/edit?usp=sharing,,,,,,,,,,patch3 (pre HM),2025-Apr-15,2024-Sep-05,2024-Feb-16,2023-Nov-30,2023-Nov-02,2023-Sep-22,2023-Aug-31,2023-Aug-25,2023-Aug-03
Whirlwind Barbarian,https://www.reddit.com/r/BG3Builds/comments/1764tze/the_whirlwind_barbarian/,Holiday-Driver-9439,build,2023-Oct-12,patch3 (pre HM),Barbarian (Tiger) 5 / Fighter (Champion) 4 / Rogue (Thief) 3,"Bhaalist Armor, Unseen Menace",a simple melee striker that focuses on melee AOE dmg. it works best solo as it's easier for the build to be surrounded by 2-3 enemies to leverage their capability to use tiger's bloodlust 2x per turn (7 attacks) to 4x in a turn (13 attacks) due to action surge. with haste and bloodlust elixir this can actually be pushed to 6x in a turn (19 attacks).,,https://docs.google.com/document/d/1qU6D9MFSg1oxfBoAFxleHB4ubXhLPEoCISrJ9F1PBZQ/edit?usp=sharing,,,,,,,,,,patch3 (pre HM),2025-Apr-15,2024-Sep-05,2024-Feb-16,2023-Nov-30,2023-Nov-02,2023-Sep-22,2023-Aug-31,2023-Aug-25,2023-Aug-03
Dual Wield Paladins can hit 2 Times per attack with Daggers,https://www.reddit.com/r/BG3Builds/comments/1755xzb/dual_wield_paladins_can_hit_2_times_per_attack/,Conflicted_Batman,game mechanic,2023-Oct-11,patch3 (pre HM),Paladin 2 / X,"Dual Wielding, Divine Smite","Dual wielding paladins can hit an enemy twice per attack, without using Bonus Actions with this ""double smite mechanic"". This post will be split into 2 sections: one for explaining it, and one for exploiting it.",,https://docs.google.com/document/d/1l2JbrdUGMDNzXTHHhPqn6kjkHtROx17c9wodli7Lwu0/edit?usp=sharing,,,,,,,,,,patch3 (pre HM),2025-Apr-15,2024-Sep-05,2024-Feb-16,2023-Nov-30,2023-Nov-02,2023-Sep-22,2023-Aug-31,2023-Aug-25,2023-Aug-03
Oathbreaker Lockadin,https://www.reddit.com/r/BG3Builds/comments/174rrwb/the_best_frontline_burst_damage_in_the_game/,Prestigious_Juice341,build,2023-Oct-10,patch3 (pre HM),Paladin (Oathbreaker) 7 / Warlock (GOO) 5,"Syngery gear, GWM",discusses CHA scaling and enemy AI targeting mechanics,,https://docs.google.com/document/d/1yBgK5cLpOP5Y-mcF6uTto8yvR53wjbu9S5VaBbjOKWY/edit?usp=sharing,,,,,,,,,,patch3 (pre HM),2025-Apr-15,2024-Sep-05,2024-Feb-16,2023-Nov-30,2023-Nov-02,2023-Sep-22,2023-Aug-31,2023-Aug-25,2023-Aug-03
Tavern Brawler Open Hand Monk (TB OH Monk),https://www.reddit.com/r/BG3Builds/comments/171kt8r/the_best_sustained_single_target_damage_optimal/,Prestigious_Juice341,build,2023-Oct-06,patch3 (pre HM),Monk (OH) 8 / Rogue (Thief) 4,"TB, Monk gear","Elixirs of STR, TB to double-count STR, monk gear",,https://docs.google.com/document/d/1jqdNyvKeBT3FyulGDrnMQGLR49d_YoxVWW-ACPJ0utM/edit?usp=sharing,,,,,,,,,,patch3 (pre HM),2025-Apr-15,2024-Sep-05,2024-Feb-16,2023-Nov-30,2023-Nov-02,2023-Sep-22,2023-Aug-31,2023-Aug-25,2023-Aug-03
Assassin in Darkness,https://www.reddit.com/r/BG3Builds/comments/171bd4q/the_assassin_in_darkness/,Holiday-Driver-9439,build,2023-Oct-06,patch3 (pre HM),Warlock (Fiend) 5 / Rogue (Assassin) 3 / Fighter (BM) 4,"Bhaalist Armor, Shar's Spear of Evening, Darkness",Command enemies into cloud of darkness and murder them,,https://docs.google.com/document/d/1rVbs3uvHmaBe90oTO2AV_JHD9FnDd5sF75_DRbqiEbk/edit?usp=sharing,,,,,,,,,,patch3 (pre HM),2025-Apr-15,2024-Sep-05,2024-Feb-16,2023-Nov-30,2023-Nov-02,2023-Sep-22,2023-Aug-31,2023-Aug-25,2023-Aug-03
How to Avoid Any Ceremorphosis in the Endgame,https://www.reddit.com/r/BaldursGate3/comments/16zz9e9/found_a_way_to_avoid_the_thing_in_the_ending/,Ravenwing14,game mechanic,2023-Oct-04,patch3 (pre HM),(not a class build),tentacles,"a VERY OLD [and I have not tested on Patch 8] method to ensure no-one becomes a mind-flayer at the end: not Tav, not Karlach, not Orpheus",,https://docs.google.com/document/d/1E795R0sRAbWFoLrG861L3GBsgWItbnlrPL4qGmedY2A/edit?usp=sharing,,,,,,,,,,patch3 (pre HM),2025-Apr-15,2024-Sep-05,2024-Feb-16,2023-Nov-30,2023-Nov-02,2023-Sep-22,2023-Aug-31,2023-Aug-25,2023-Aug-03
Dedicated Support Pure Life Cleric,https://www.reddit.com/r/BG3Builds/comments/16zcn98/the_dedicated_support_pure_life_cleric_complete/,Prestigious_Juice341,build,2023-Oct-03,patch3 (pre HM),Cleric (Life) 12,"Healer's gear, Phalar Aluve",heal and buff allies thanks to itemization,,https://docs.google.com/document/d/1yYwcNYW7GKt7__aUjRnhKTFS1-nZcbsJ7V6Obo7OsRA/edit?usp=sharing,,,,,,,,,,patch3 (pre HM),2025-Apr-15,2024-Sep-05,2024-Feb-16,2023-Nov-30,2023-Nov-02,2023-Sep-22,2023-Aug-31,2023-Aug-25,2023-Aug-03
Edge of Darkness Plus Smites,https://www.reddit.com/r/BG3Builds/comments/16yhmu6/edge_of_darkness_li_la_lur_for_shar_smite_number/,LucidFir,game mechanic,2023-Oct-02,patch3 (pre HM),(not a class build),Shar's Spear of Evening,early discussion and showcase that Edge of Darkness can Smite all enemies in its AOE,,https://docs.google.com/document/d/10ZHxqahdxRkaFk738hTLf_e9FMq8jxTj9rPdEcQBkrA/edit?usp=sharing,,,,,,,,,,patch3 (pre HM),2025-Apr-15,2024-Sep-05,2024-Feb-16,2023-Nov-30,2023-Nov-02,2023-Sep-22,2023-Aug-31,2023-Aug-25,2023-Aug-03
Dissonant Whisperer,https://www.reddit.com/r/BG3Builds/comments/16rk9u0/the_dissonant_whisperer/,Holiday-Driver-9439,build,2023-Sep-25,patch3 (pre HM),Sorcerer (Gold Draconic) 8 / Bard 2 / Warlock (Fiend) 2,"Resonance Stone, Psychic vuln","build around dissonant whispers, inspired by Jane from the Twilight movies ... [and] locks enemies there with dissonant whispers or command: approach round after round",,https://docs.google.com/document/d/10iU5HDuz3jtxGzteaCl3hWyn4i6KxQsPoUrIE3QhhD4/edit?usp=sharing,,,,,,,,,,patch3 (pre HM),2025-Apr-15,2024-Sep-05,2024-Feb-16,2023-Nov-30,2023-Nov-02,2023-Sep-22,2023-Aug-31,2023-Aug-25,2023-Aug-03
Oathbreaker Paladin / GOO Warlock Damage Showcase,https://www.reddit.com/r/BG3Builds/comments/16wgaf5/oathbreaker_paladingoo_warlock_damage_showcase/,Prestigious_Juice341,build,2023-Sep-20,patch 2 (pre HM),Paladin (Oathbreaker) 7 / Warlock (GOO) 5,DRS,pre-HM example of DRS stacking,,https://docs.google.com/document/d/1dghtdcb26SBClooJtHKkh0B9VSui0PxoGqy7cLRQQsE/edit?usp=sharing,,,,,,,,,,patch 2 (pre HM),2025-Apr-15,2024-Sep-05,2024-Feb-16,2023-Nov-30,2023-Nov-02,2023-Sep-22,2023-Aug-31,2023-Aug-25,2023-Aug-03
Agathys Storm,https://www.reddit.com/r/BG3Builds/comments/16mj244/the_agathys_storm/,Holiday-Driver-9439,build,2023-Sep-19,patch 2 (pre HM),Sorcerer (White Draconic) 1 / Bard (Lore) 10 / Cleric (Tempest) 1,"Bonsepike Garb, AOA","AOA ""tank"" build ... inspired by Sieghart from the Rave Groove Adventure anime as an element master mage who is not afraid to be in melee with enemies and retaliates while not wearing any armor",,https://docs.google.com/document/d/11Qy0hdlUYIvMT8YzDC_jgpxq-6-4sKZLwjbR3heJbeg/edit?usp=sharing,,,,,,,,,,patch 2 (pre HM),2025-Apr-15,2024-Sep-05,2024-Feb-16,2023-Nov-30,2023-Nov-02,2023-Sep-22,2023-Aug-31,2023-Aug-25,2023-Aug-03
War Hordebreaker,https://www.reddit.com/r/BG3Builds/comments/16krkws/the_war_hordebreaker/,Holiday-Driver-9439,build,2023-Sep-17,patch 2 (pre HM),Cleric (War) 1 / Ranger (Hunter) 11,"Volley, Whirlwind",AOE archer with Volley that can seamlessly switch into melee striker with Whirlwind,,https://docs.google.com/document/d/1U-6qIr6u-t0FsUYSfG4fRV5Dt1SgIVb6NzbbkCwpFl4/edit?usp=sharing,,,,,,,,,,patch 2 (pre HM),2025-Apr-15,2024-Sep-05,2024-Feb-16,2023-Nov-30,2023-Nov-02,2023-Sep-22,2023-Aug-31,2023-Aug-25,2023-Aug-03
Item Sets,https://www.reddit.com/r/BG3Builds/comments/16i4gnl/guide_to_all_items_sets_elemental_effects/,[deleted],game mechanic,2023-Sep-13,patch 2 (pre HM),(not a class build),too many to list,"List of item sets by mechanic. While the BG3 wiki is still the definitive source for this type of information, this post remains useful as a shorthand version.",,https://docs.google.com/document/d/1_JJuQg55b55EbUpz7KZEOYjzdu_fvDAKJQairZzGR8c/edit?usp=sharing,,,,,,,,,,patch 2 (pre HM),2025-Apr-15,2024-Sep-05,2024-Feb-16,2023-Nov-30,2023-Nov-02,2023-Sep-22,2023-Aug-31,2023-Aug-25,2023-Aug-03
"Devoted Smiter, or Mockadin",https://www.reddit.com/r/BG3Builds/comments/16fyds5/the_devoted_smiter/,Holiday-Driver-9439,build,2023-Sep-11,patch 2 (pre HM),Paladin (Devotion) 4 / Bard (Lore) 5 / Rogue (Thief) 3,"Vicious Mockery, Belm, BOMS",dual wielding smiter and controller,,https://docs.google.com/document/d/1nuJY8XB1zHCPGx6N9ZLoMfVip-K8LQcsyq6nIufeLoI/edit?usp=sharing,,,,,,,,,,patch 2 (pre HM),2025-Apr-15,2024-Sep-05,2024-Feb-16,2023-Nov-30,2023-Nov-02,2023-Sep-22,2023-Aug-31,2023-Aug-25,2023-Aug-03
Healing and Support Multiclass,https://www.reddit.com/r/BG3Builds/comments/16ewmet/monster_healing_support_multiclass_build/,Marvelous_Choice,build,2023-Sep-10,patch 2 (pre HM),Sorcerer (Storm) 4 / Cleric (Life) 2 / Bard (Lore) 6,Healer's gear,"early example of a mix of classes with healer's gear, ""great for Shadowheart"" in the author's words",,https://docs.google.com/document/d/1_eZpvXQCEt0hLcMx3jTyunWNys2Mvv2WNuHSNOKcC8I/edit?usp=sharing,,,,,,,,,,patch 2 (pre HM),2025-Apr-15,2024-Sep-05,2024-Feb-16,2023-Nov-30,2023-Nov-02,2023-Sep-22,2023-Aug-31,2023-Aug-25,2023-Aug-03
Moonbeamer,https://www.reddit.com/r/BG3Builds/comments/16e9k47/the_moonbeamer/,Holiday-Driver-9439,build,2023-Sep-09,patch 2 (pre HM),Sorcerer (Silver Draconic) 4 / Druid (Spore) 7 / Cleric (Knowledge) 1,"Cloud of Daggers, Spike Growth","cheese-grater build that present enemies with the catch 22: stay in Cloud of Daggers, or move through Spike Growth",,https://docs.google.com/document/d/1x_0AHghsGD8VrrfVRhqSdad8qNEJR0Ozf5kCnbIeIH8/edit?usp=sharing,,,,,,,,,,patch 2 (pre HM),2025-Apr-15,2024-Sep-05,2024-Feb-16,2023-Nov-30,2023-Nov-02,2023-Sep-22,2023-Aug-31,2023-Aug-25,2023-Aug-03
Moon Druid Build - Don't Concentrate,https://www.reddit.com/r/BG3Builds/comments/16ch8en/moon_druid_build_dont_concentrate/,Andraste_au_Dali,build,2023-Sep-07,patch 2 (pre HM),Druid (Moon) 10 / Sorcerer (White Draconic) 1 / Cleric (War) 1,wildshape gear,wildshape-centric druid build,,https://docs.google.com/document/d/1IlOrFtURGo6a8DmMYrGaI3CGw2EGSKmW8wtFio5DV0g/edit?usp=sharing,,,,,,,,,,patch 2 (pre HM),2025-Apr-15,2024-Sep-05,2024-Feb-16,2023-Nov-30,2023-Nov-02,2023-Sep-22,2023-Aug-31,2023-Aug-25,2023-Aug-03
Shadow Monk Cleric [Shadowheart],https://www.reddit.com/r/BG3Builds/comments/16c4uic/comment/jzhnsie/,fuzziest_slippers,build,2023-Sep-07,patch 2 (pre HM),Monk (Shadow) 6 / Cleric (War) 6,DJ gear,early example of a thematic DJ SH build,,https://docs.google.com/document/d/1p4seDYiPM_YARVXs1DYpwOpOHHlL-xFs_rfqnrg60t8/edit?usp=sharing,,,,,,,,,,patch 2 (pre HM),2025-Apr-15,2024-Sep-05,2024-Feb-16,2023-Nov-30,2023-Nov-02,2023-Sep-22,2023-Aug-31,2023-Aug-25,2023-Aug-03
"Barbarian of Agathys, or Barblock",https://www.reddit.com/r/BG3Builds/comments/16c9jtj/barbarian_of_agathys/,Holiday-Driver-9439,build,2023-Sep-07,patch 2 (pre HM),Cleric (Tempest) 1 / Warlock (Fiend) 7 / Barbarian (Tiger) 4,"AOA, Lightning vuln","retaliation ""tank"" that wants to get hit and supplements AOA dmg with some melee strikes",,https://docs.google.com/document/d/1PMXJhkscJWVrXIRtUCINOedKQPKeJj2JLuDyWNjJPLk/edit?usp=sharing,,,,,,,,,,patch 2 (pre HM),2025-Apr-15,2024-Sep-05,2024-Feb-16,2023-Nov-30,2023-Nov-02,2023-Sep-22,2023-Aug-31,2023-Aug-25,2023-Aug-03
How to Shadowheart Violently,https://www.reddit.com/r/BG3Builds/comments/16bxnla/how_to_shart_violently/,Gned11,build,2023-Sep-06,patch 2 (pre HM),Cleric (War) 5 / Monk 1 / Fighter (EK) 6,DJ gear,early example of thematic DJ SH build; author later amended this to Cleric 6 / Monk 1 / Gloomstalker 5,https://www.reddit.com/r/BG3Builds/comments/16bxnla/comment/jzhwf0w/,https://docs.google.com/document/d/1jYcve4fpGyHAuyu0n8p3sPgfmWqwWXOh1rwD4cHaGQc/edit?usp=sharing,,,,,,,,,,patch 2 (pre HM),2025-Apr-15,2024-Sep-05,2024-Feb-16,2023-Nov-30,2023-Nov-02,2023-Sep-22,2023-Aug-31,2023-Aug-25,2023-Aug-03
Shocking Grasp Build,https://www.reddit.com/r/BG3Builds/comments/16ai8qx/shocking_grasp_build/,Holiday-Driver-9439,build,2023-Sep-05,patch 2 (pre HM),Sorcerer (Bronze Draconic) 6 / Bard (Lore) 5 / Cleric (Knowledge) 1,"Potent Robe, Glyph of Warding, Shocking Grasp","it starts off with me making enemies wet, controlling enemies with glyph of warding: sleep then waking them up with a maximized crit shocking grasp",,https://docs.google.com/document/d/1Routule1MtxsVrCmunQ0kyK_PcynXFeMRy9rQFR8ep0/edit?usp=sharing,,,,,,,,,,patch 2 (pre HM),2025-Apr-15,2024-Sep-05,2024-Feb-16,2023-Nov-30,2023-Nov-02,2023-Sep-22,2023-Aug-31,2023-Aug-25,2023-Aug-03
Sorching Assassin,https://www.reddit.com/r/BG3Builds/comments/169nkoa/scorching_assassin_build/,Holiday-Driver-9439,build,2023-Sep-04,patch 2 (pre HM),Sorcerer (Gold Draconic) 9 / Rogue (Assassin) 3,"Pyroquickness Hat, Spellmight Gloves",a fire mage that wasnt the cookie cutter sorlock or fireball evoker. i wanted it to feel and play like a fire mage. This build functions as a fire blaster that burns enemies from the shadows,,https://docs.google.com/document/d/1VaVjt4ZDSX10Gg93uNb3vD4QmAJ-rQYNEIvXicSG7dw/edit?usp=sharing,,,,,,,,,,patch 2 (pre HM),2025-Apr-15,2024-Sep-05,2024-Feb-16,2023-Nov-30,2023-Nov-02,2023-Sep-22,2023-Aug-31,2023-Aug-25,2023-Aug-03
Protector of the Innocent,https://www.reddit.com/r/BG3Builds/comments/169z0yy/the_protector_of_the_innocent_full_release/,TheMetaphysician67,build,2023-Sep-04,patch 2 (pre HM),Paladin (Ancients) 12,Healer's gear,early example of a party support character using healer's gear and paladin features,,https://docs.google.com/document/d/160GkK2Pys3Vm-qgn9r7a32i3YtjJjtwsZCNnbSfxx9c/edit?usp=sharing,,,,,,,,,,patch 2 (pre HM),2025-Apr-15,2024-Sep-05,2024-Feb-16,2023-Nov-30,2023-Nov-02,2023-Sep-22,2023-Aug-31,2023-Aug-25,2023-Aug-03
Melee Gish,https://www.reddit.com/r/BG3Builds/comments/168p0g6/melee_gish_build/,Holiday-Driver-9439,build,2023-Sep-03,patch 2 (pre HM),Sorcerer (Silver Draconic) 4 / Druid (Spore) 3 / Warlock (Fiend) 5,"Armor of the Sporekeeper, BOMS, Duelist's Prerogative","a melee gish striker/controller hybrid, dropping a spike growth on the enemy then commanding them to grate themselves over the spikes then striking those who are foolish to re-engage the build in melee",,https://docs.google.com/document/d/18kFishIrUIxmuUkHMKxlqOSJSxPPmr78D7z9CGEQc8I/edit?usp=sharing,,,,,,,,,,patch 2 (pre HM),2025-Apr-15,2024-Sep-05,2024-Feb-16,2023-Nov-30,2023-Nov-02,2023-Sep-22,2023-Aug-31,2023-Aug-25,2023-Aug-03
Monk Goomba Stomp,https://www.reddit.com/r/BG3Builds/comments/169g864/goomba_stomp_build_1320_damage_per_turn_by/,starficz,build,2023-Sep-03,patch 2 (pre HM),Monk (OH) 6 / Rogue (Thief) 4 / Fighter 2,"Hamarhraft, jumping","With careful stacking of movement speed you can get 264m of movement speed. This means 264/3 = 88 jumps per turn, with each one dealing 2d4 + 7 damage with universal damage riders. This is 792 to 1320 damage per turn (tested and confirmed working in game!) -- Note: this was long ago so DRS may be different today.",,https://docs.google.com/document/d/188bkzqkEoBqVUkv6ISEiPa1YaRnwztLk_WRojI1Iwaw/edit?usp=sharing,,,,,,,,,,patch 2 (pre HM),2025-Apr-15,2024-Sep-05,2024-Feb-16,2023-Nov-30,2023-Nov-02,2023-Sep-22,2023-Aug-31,2023-Aug-25,2023-Aug-03
Wind Guardian,https://www.reddit.com/r/BG3Builds/comments/167wicv/wind_guardian/,Holiday-Driver-9439,build,2023-Sep-02,patch 2 (pre HM),Sorcerer (Storm) 4 / Cleric (Nature) 5 / Rogue (Thief) 3,"Spirit Guardians, RadOrb gear, Lightning vuln","optimize flight on the battlefield, basically trying to weaponize your movement [via Spirit Guardians and gear]",,https://docs.google.com/document/d/14nu2nIRCgm9dZNIx3MNsV4WgexfL6nxsI_cDsrlFA8o/edit?usp=sharing,,,,,,,,,,patch 2 (pre HM),2025-Apr-15,2024-Sep-05,2024-Feb-16,2023-Nov-30,2023-Nov-02,2023-Sep-22,2023-Aug-31,2023-Aug-25,2023-Aug-03
Ranged Flourish Build,https://www.reddit.com/r/BG3Builds/comments/1661j7k/ranged_flourish_build/,Holiday-Driver-9439,build,2023-Aug-31,patch 2 (pre HM),Fighter 2 / Bard (Swords) 6 / Rogue (Assassin) 4,"Ranged Slashing Flourish, Titanstring Bow, Hammergrim Mist Amulet",early example of a conceptual stealth archer,,https://docs.google.com/document/d/1mEsIxLV_yW1R3F5DhPRClWBLygYGGIMq-2wyiHhJZZ0/edit?usp=sharing,,,,,,,,,,patch 2 (pre HM),2025-Apr-15,2024-Sep-05,2024-Feb-16,2023-Nov-30,2023-Nov-02,2023-Sep-22,2023-Aug-31,2023-Aug-25,2023-Aug-03
Throwing Beastmaster,https://www.reddit.com/r/BG3Builds/comments/166weq6/throwing_beastmaster_build/,Holiday-Driver-9439,build,2023-Aug-31,patch 2 (pre HM),Cleric (War) 1 / Ranger (Beastmaster) 11,"Dwarven Thrower, Throwing gear","a striker/controller hybrid that can be lots of fun to play (throwing enemies, throwing your pets, throwing stuff in the environment)",,https://docs.google.com/document/d/1qCNMxsZPP2Cf2Jij4QRb4dpcfVu6mZUTR6XpcOPm1L0/edit?usp=sharing,,,,,,,,,,patch 2 (pre HM),2025-Apr-15,2024-Sep-05,2024-Feb-16,2023-Nov-30,2023-Nov-02,2023-Sep-22,2023-Aug-31,2023-Aug-25,2023-Aug-03
Control Wizard,https://www.reddit.com/r/BG3Builds/comments/166f9wy/control_wizard_build_answer_to_why_play_an_int/,APurpleCow,build,2023-Aug-31,patch 2 (pre HM),Wizard (Div) 2 / Bard (Lore) 4 / Sorcerer (Storm) 4,Spell DC gear,"early example of multiclassing around class features while stacking caster levels ... ""You play an INT caster so that you can take powerful abilities with dips in multiple classes without losing the ability to cast high-level-spells with high DC.""",,https://docs.google.com/document/d/1Ds9l1Jlg167GluFL48r0PRdjb-3Y1JIDznP7mqLjKhI/edit?usp=sharing,,,,,,,,,,patch 2 (pre HM),2025-Apr-15,2024-Sep-05,2024-Feb-16,2023-Nov-30,2023-Nov-02,2023-Sep-22,2023-Aug-31,2023-Aug-25,2023-Aug-03
Seven Ravens in a Trench Coat,https://www.reddit.com/r/BG3Builds/comments/164uhdm/seven_ravens_in_a_trench_coat/,AerieSpare7118,party,2023-Aug-29,patch 1 (pre HM),(party) Ranger & 3 Druids,"Corvid Token, Raven Gloves","Ranger with Find Familiar, Beast Companion, and items to be 4 ravens. Plus 3 druids wildshaped into raven.",,https://docs.google.com/document/d/1HCqEjJzQuIN0RfENPqtuW3D-fUnWvDODzD_BEhSjp4A/edit?usp=sharing,,,,,,,,,,patch 1 (pre HM),2025-Apr-15,2024-Sep-05,2024-Feb-16,2023-Nov-30,2023-Nov-02,2023-Sep-22,2023-Aug-31,2023-Aug-25,2023-Aug-03
Witch Bolt Build,https://www.reddit.com/r/BG3Builds/comments/16494hv/witch_bolt_build/,Holiday-Driver-9439,build,2023-Aug-29,patch 1 (pre HM),Cleric (Tempest) 4 / Sorcerer (Blue or Bronze) 5 / Rogue (Assassin) 3,"Lightning vuln, Spellmight Gloves, Witch Bolt",optimizes Witch Bolt damage via Lightning vulnerability and gear,,https://docs.google.com/document/d/190PCfx7OUxfBzWnVYfs4kvEze6MGQ3vpllUN8EEMEWs/edit?usp=sharing,,,,,,,,,,patch 1 (pre HM),2025-Apr-15,2024-Sep-05,2024-Feb-16,2023-Nov-30,2023-Nov-02,2023-Sep-22,2023-Aug-31,2023-Aug-25,2023-Aug-03
Abjurerer of Agathys,https://www.reddit.com/r/BG3Builds/comments/1652bj7/abjurer_of_agathys_build/,Holiday-Driver-9439,build,2023-Aug-29,patch 1 (pre HM),Sorcerer (White Draconic) 1 / Wizard (Abj) 10 / Cleric (Tempest) 1,"AOA, Cold vuln",early example of the AOA build,,https://docs.google.com/document/d/1h1UfTIYQEPAXYKnmsGTIDhNLS5gNmnvX9P-WHa-yUwk/edit?usp=sharing,,,,,,,,,,patch 1 (pre HM),2025-Apr-15,2024-Sep-05,2024-Feb-16,2023-Nov-30,2023-Nov-02,2023-Sep-22,2023-Aug-31,2023-Aug-25,2023-Aug-03
Hunger of Hadar Build,https://www.reddit.com/r/BG3Builds/comments/163gd6y/hunger_of_hadar_build/,Holiday-Driver-9439,build,2023-Aug-28,patch 1 (pre HM),Sorcerer (Silver Draconic) 7 / Warlock (Fiend) 5,"HOH, Reverb gear, Cold gear","stack multiple control effects on top of each other and trying to cover as much of the field as possible. This is achieved via ice storm, ice knife, hunger of hadar and plant growth. When enemies get out of the control zone, repelling blast pushes them back in",,https://docs.google.com/document/d/1-VkgkFJ5n4tKUB1wzEKsxnh5Xk27kPkGnZ_A7R9yIqg/edit?usp=sharing,,,,,,,,,,patch 1 (pre HM),2025-Apr-15,2024-Sep-05,2024-Feb-16,2023-Nov-30,2023-Nov-02,2023-Sep-22,2023-Aug-31,2023-Aug-25,2023-Aug-03
Wet Slapper,https://www.reddit.com/r/BG3Builds/comments/16364ia/the_wet_slapper_a_fun_and_effective_guide_to/,Leshrac13,build,2023-Aug-27,patch 1 (pre HM),Sorcerer (Blue Draconic) 9 / Cleric (Tempest) 2 / Wizard 1,"Wet, Lightning vuln","Early example of exploiting lightning vulnerability - with a fantastic name. There was a companion build, The Moist Maker, that was unfortunately purged from Reddit by its deleted user.",,https://docs.google.com/document/d/1RUSiC-1079wEp3GWlJJTlpJZWgSPTcnBdy1ldN164Z0/edit?usp=sharing,,,,,,,,,,patch 1 (pre HM),2025-Apr-15,2024-Sep-05,2024-Feb-16,2023-Nov-30,2023-Nov-02,2023-Sep-22,2023-Aug-31,2023-Aug-25,2023-Aug-03
Guardian Angel,https://old.reddit.com/r/BG3Builds/comments/15xpt05/the_guardian_angel_a_cleric_tank_build/,t-slothrop,build,2023-Aug-22,release (pre HM),Sorcerer (Storm) 1 / Cleric X,RadOrb gear,early example of stacking RadOrbs with gear and Magic Missiles,,https://docs.google.com/document/d/17Tp3yP4a2QO7_ipis5FILihnP05HVQaSGpznU7VLLKo/edit?usp=sharing,,,,,,,,,,release (pre HM),2025-Apr-15,2024-Sep-05,2024-Feb-16,2023-Nov-30,2023-Nov-02,2023-Sep-22,2023-Aug-31,2023-Aug-25,2023-Aug-03
Magus Caster Plus Martial,https://www.reddit.com/r/BG3Builds/comments/15xkw4a/make_your_own_magus_castermartial_gish_build/,monimonti,build,2023-Aug-21,release (pre HM),Rogue (Thief) 3 / Fighter 1 / [flex],"Helmet of Arcane Acuity, Synergy gear","use Main Action for Cantrips/Spellcasting, and attacking with your offhand weapon twice by dipping into Rogue3 (Thief). You also have access to level 4 spells",,https://docs.google.com/document/d/1rg-lSZFdqcCERwZ-lBe2ybHLqg4RTdj5KH6QUf2n8oM/edit?usp=sharing,,,,,,,,,,release (pre HM),2025-Apr-15,2024-Sep-05,2024-Feb-16,2023-Nov-30,2023-Nov-02,2023-Sep-22,2023-Aug-31,2023-Aug-25,2023-Aug-03
Pure Armor of Agathys Abjuration Wizard,https://www.reddit.com/r/BG3Builds/comments/15xjoep/pure_armor_of_agathys_abjurationwizard/,Responsible_Article,build,2023-Aug-21,release (pre HM),Sorcerer (White Draconic) 1 / Wizard (Abj) 11,AOA,early example of the AOA build,,https://docs.google.com/document/d/1iWMSIrWkT5KecKU7uN-5P7AqUhCZ7lJ5e654lqqzvbw/edit?usp=sharing,,,,,,,,,,release (pre HM),2025-Apr-15,2024-Sep-05,2024-Feb-16,2023-Nov-30,2023-Nov-02,2023-Sep-22,2023-Aug-31,2023-Aug-25,2023-Aug-03
Shadow Knife Monk,https://www.reddit.com/r/BG3Builds/comments/15vdx2x/the_shadow_knife_monk/,lamaros,build,2023-Aug-19,release (pre HM),Monk (Shadow) 9 / Rogue (Thief) 3,"Bhaalist Armor, Stealth","decent survivability, do good damage in general, and can do power rounds several times a short rest",,https://docs.google.com/document/d/1UbAv7Ig9HQa12dgUl2NDOE48oaQu4YFp3BIl9hXxz_4/edit?usp=sharing,,,,,,,,,,release (pre HM),2025-Apr-15,2024-Sep-05,2024-Feb-16,2023-Nov-30,2023-Nov-02,2023-Sep-22,2023-Aug-31,2023-Aug-25,2023-Aug-03
Building a Dark Justiciar [Shadowheart],https://www.reddit.com/r/BG3Builds/comments/15v8zxx/comment/jwufnp3/,Blue-Talon-Gaming,build,2023-Aug-19,release (pre HM),Ranger (Gloom) 7 / Cleric (Trickery) 5,"DJ gear, Stealth",early example of thematic DJ SH build,,https://docs.google.com/document/d/1_ldNGTapQi7qpFDT3AOIWLXFOQQl0yPLbXom51dfg-g/edit?usp=sharing,,,,,,,,,,release (pre HM),2025-Apr-15,2024-Sep-05,2024-Feb-16,2023-Nov-30,2023-Nov-02,2023-Sep-22,2023-Aug-31,2023-Aug-25,2023-Aug-03
Ki Resonance might be better than you think,https://www.reddit.com/r/BG3Builds/comments/15toc3l/ki_resonance_might_be_better_than_you_think/,Kutsus,game mechanic,2023-Aug-17,release (pre HM),Monk (OH) 9 / Rogue (Thief) 3,Ki Resonance,"You can use these unarmed attacks, with no ki cost, even when you have weapons equipped as stat sticks. // Ki Detonation is a free action meaning it does not cost an action point or a bonus action point, and can be used any time in your turn even when you are completely out of actions.",,https://docs.google.com/document/d/1_aqfhVqKsYMeMWBdZakG0imY864lj7w822vNstA5Q2s/edit?usp=sharing,,,,,,,,,,release (pre HM),2025-Apr-15,2024-Sep-05,2024-Feb-16,2023-Nov-30,2023-Nov-02,2023-Sep-22,2023-Aug-31,2023-Aug-25,2023-Aug-03
Swords Bard Multiclass,https://www.reddit.com/r/BG3Builds/comments/15rxygb/jack_of_all_trades_swords_bard_multiclass_guide/,--an,build,2023-Aug-15,release (pre HM),Bard (Swords) 8 / Wizard (Div) 2 / Paladin 2,"Warped Headband of Intellect, The Graceful Cloth","early example of Swords Bard! ""Full spell slot progression smites, face character, wizard spells, a lot of utility, skills and decent burst + damage + defences while being able to use gear pieces others don't want.""",,https://docs.google.com/document/d/1Mq_mpjPR22LvV4Xh23LjA74pgLlLo3WrJ9vUQa0e9Yg/edit?usp=sharing,,,,,,,,,,release (pre HM),2025-Apr-15,2024-Sep-05,2024-Feb-16,2023-Nov-30,2023-Nov-02,2023-Sep-22,2023-Aug-31,2023-Aug-25,2023-Aug-03
Jump with Hamarhraft,https://www.reddit.com/r/BaldursGate3/comments/15qx6bq/power_op_build_jump_with_hamarhraft/,Belarusis,game mechanic,2023-Aug-14,release (pre HM),(not a class build),Hamarhraft,early example of Hamarhraft abuse with Step of the Wind Dash and jumping,,https://docs.google.com/document/d/151Sj-ck2sBVYKhJiphL43f90D5onLExzc6wkbk3RO6I/edit?usp=sharing,,,,,,,,,,release (pre HM),2025-Apr-15,2024-Sep-05,2024-Feb-16,2023-Nov-30,2023-Nov-02,2023-Sep-22,2023-Aug-31,2023-Aug-25,2023-Aug-03
Wildheart Barbarian Lockdown,https://old.reddit.com/r/BG3Builds/comments/15lqhoo/wildheart_barbarian_lockdown_build/,t-slothrop,build,2023-Aug-08,release (pre HM),Barbarian (Wolverine) 6 / X,"Bleeding, Maimed",early example of denying enemy actions via bleeding plus maimed,,https://docs.google.com/document/d/1y1h2Jwl01tyvG_aiXmCy5WSXVxCTMUHw7DRAn0xSQm8/edit?usp=sharing,,,,,,,,,,release (pre HM),2025-Apr-15,2024-Sep-05,2024-Feb-16,2023-Nov-30,2023-Nov-02,2023-Sep-22,2023-Aug-31,2023-Aug-25,2023-Aug-03
,,,,,,,,,,,,,,,,,,,,#N/A,2025-Apr-15,2024-Sep-05,2024-Feb-16,2023-Nov-30,2023-Nov-02,2023-Sep-22,2023-Aug-31,2023-Aug-25,2023-Aug-03
,,,,,,,,,,,,,,,,,,,,#N/A,2025-Apr-15,2024-Sep-05,2024-Feb-16,2023-Nov-30,2023-Nov-02,2023-Sep-22,2023-Aug-31,2023-Aug-25,2023-Aug-03
,,,,,,,,,,,,,,,,,,,,#N/A,2025-Apr-15,2024-Sep-05,2024-Feb-16,2023-Nov-30,2023-Nov-02,2023-Sep-22,2023-Aug-31,2023-Aug-25,2023-Aug-03
,,,,,,,,,,,,,,,,,,,,#N/A,2025-Apr-15,2024-Sep-05,2024-Feb-16,2023-Nov-30,2023-Nov-02,2023-Sep-22,2023-Aug-31,2023-Aug-25,2023-Aug-03
,,,,,,,,,,,,,,,,,,,,#N/A,2025-Apr-15,2024-Sep-05,2024-Feb-16,2023-Nov-30,2023-Nov-02,2023-Sep-22,2023-Aug-31,2023-Aug-25,2023-Aug-03
,,,,,,,,,,,,,,,,,,,,#N/A,2025-Apr-15,2024-Sep-05,2024-Feb-16,2023-Nov-30,2023-Nov-02,2023-Sep-22,2023-Aug-31,2023-Aug-25,2023-Aug-03
,,,,,,,,,,,,,,,,,,,,#N/A,2025-Apr-15,2024-Sep-05,2024-Feb-16,2023-Nov-30,2023-Nov-02,2023-Sep-22,2023-Aug-31,2023-Aug-25,2023-Aug-03
,,,,,,,,,,,,,,,,,,,,#N/A,2025-Apr-15,2024-Sep-05,2024-Feb-16,2023-Nov-30,2023-Nov-02,2023-Sep-22,2023-Aug-31,2023-Aug-25,2023-Aug-03
,,,,,,,,,,,,,,,,,,,,#N/A,2025-Apr-15,2024-Sep-05,2024-Feb-16,2023-Nov-30,2023-Nov-02,2023-Sep-22,2023-Aug-31,2023-Aug-25,2023-Aug-03
,,,,,,,,,,,,,,,,,,,,#N/A,2025-Apr-15,2024-Sep-05,2024-Feb-16,2023-Nov-30,2023-Nov-02,2023-Sep-22,2023-Aug-31,2023-Aug-25,2023-Aug-03
,,,,,,,,,,,,,,,,,,,,#N/A,2025-Apr-15,2024-Sep-05,2024-Feb-16,2023-Nov-30,2023-Nov-02,2023-Sep-22,2023-Aug-31,2023-Aug-25,2023-Aug-03
,,,,,,,,,,,,,,,,,,,,#N/A,2025-Apr-15,2024-Sep-05,2024-Feb-16,2023-Nov-30,2023-Nov-02,2023-Sep-22,2023-Aug-31,2023-Aug-25,2023-Aug-03
,,,,,,,,,,,,,,,,,,,,#N/A,2025-Apr-15,2024-Sep-05,2024-Feb-16,2023-Nov-30,2023-Nov-02,2023-Sep-22,2023-Aug-31,2023-Aug-25,2023-Aug-03
,,,,,,,,,,,,,,,,,,,,#N/A,2025-Apr-15,2024-Sep-05,2024-Feb-16,2023-Nov-30,2023-Nov-02,2023-Sep-22,2023-Aug-31,2023-Aug-25,2023-Aug-03
,,,,,,,,,,,,,,,,,,,,#N/A,2025-Apr-15,2024-Sep-05,2024-Feb-16,2023-Nov-30,2023-Nov-02,2023-Sep-22,2023-Aug-31,2023-Aug-25,2023-Aug-03
,,,,,,,,,,,,,,,,,,,,#N/A,2025-Apr-15,2024-Sep-05,2024-Feb-16,2023-Nov-30,2023-Nov-02,2023-Sep-22,2023-Aug-31,2023-Aug-25,2023-Aug-03
,,,,,,,,,,,,,,,,,,,,#N/A,2025-Apr-15,2024-Sep-05,2024-Feb-16,2023-Nov-30,2023-Nov-02,2023-Sep-22,2023-Aug-31,2023-Aug-25,2023-Aug-03
,,,,,,,,,,,,,,,,,,,,#N/A,2025-Apr-15,2024-Sep-05,2024-Feb-16,2023-Nov-30,2023-Nov-02,2023-Sep-22,2023-Aug-31,2023-Aug-25,2023-Aug-03
,,,,,,,,,,,,,,,,,,,,#N/A,2025-Apr-15,2024-Sep-05,2024-Feb-16,2023-Nov-30,2023-Nov-02,2023-Sep-22,2023-Aug-31,2023-Aug-25,2023-Aug-03
,,,,,,,,,,,,,,,,,,,,#N/A,2025-Apr-15,2024-Sep-05,2024-Feb-16,2023-Nov-30,2023-Nov-02,2023-Sep-22,2023-Aug-31,2023-Aug-25,2023-Aug-03
,,,,,,,,,,,,,,,,,,,,#N/A,2025-Apr-15,2024-Sep-05,2024-Feb-16,2023-Nov-30,2023-Nov-02,2023-Sep-22,2023-Aug-31,2023-Aug-25,2023-Aug-03
,,,,,,,,,,,,,,,,,,,,#N/A,2025-Apr-15,2024-Sep-05,2024-Feb-16,2023-Nov-30,2023-Nov-02,2023-Sep-22,2023-Aug-31,2023-Aug-25,2023-Aug-03
,,,,,,,,,,,,,,,,,,,,#N/A,2025-Apr-15,2024-Sep-05,2024-Feb-16,2023-Nov-30,2023-Nov-02,2023-Sep-22,2023-Aug-31,2023-Aug-25,2023-Aug-03
,,,,,,,,,,,,,,,,,,,,#N/A,2025-Apr-15,2024-Sep-05,2024-Feb-16,2023-Nov-30,2023-Nov-02,2023-Sep-22,2023-Aug-31,2023-Aug-25,2023-Aug-03
,,,,,,,,,,,,,,,,,,,,#N/A,2025-Apr-15,2024-Sep-05,2024-Feb-16,2023-Nov-30,2023-Nov-02,2023-Sep-22,2023-Aug-31,2023-Aug-25,2023-Aug-03
,,,,,,,,,,,,,,,,,,,,#N/A,2025-Apr-15,2024-Sep-05,2024-Feb-16,2023-Nov-30,2023-Nov-02,2023-Sep-22,2023-Aug-31,2023-Aug-25,2023-Aug-03
,,,,,,,,,,,,,,,,,,,,#N/A,2025-Apr-15,2024-Sep-05,2024-Feb-16,2023-Nov-30,2023-Nov-02,2023-Sep-22,2023-Aug-31,2023-Aug-25,2023-Aug-03
,,,,,,,,,,,,,,,,,,,,#N/A,2025-Apr-15,2024-Sep-05,2024-Feb-16,2023-Nov-30,2023-Nov-02,2023-Sep-22,2023-Aug-31,2023-Aug-25,2023-Aug-03
,,,,,,,,,,,,,,,,,,,,#N/A,2025-Apr-15,2024-Sep-05,2024-Feb-16,2023-Nov-30,2023-Nov-02,2023-Sep-22,2023-Aug-31,2023-Aug-25,2023-Aug-03
,,,,,,,,,,,,,,,,,,,,#N/A,2025-Apr-15,2024-Sep-05,2024-Feb-16,2023-Nov-30,2023-Nov-02,2023-Sep-22,2023-Aug-31,2023-Aug-25,2023-Aug-03
,,,,,,,,,,,,,,,,,,,,#N/A,2025-Apr-15,2024-Sep-05,2024-Feb-16,2023-Nov-30,2023-Nov-02,2023-Sep-22,2023-Aug-31,2023-Aug-25,2023-Aug-03
,,,,,,,,,,,,,,,,,,,,#N/A,2025-Apr-15,2024-Sep-05,2024-Feb-16,2023-Nov-30,2023-Nov-02,2023-Sep-22,2023-Aug-31,2023-Aug-25,2023-Aug-03
,,,,,,,,,,,,,,,,,,,,#N/A,2025-Apr-15,2024-Sep-05,2024-Feb-16,2023-Nov-30,2023-Nov-02,2023-Sep-22,2023-Aug-31,2023-Aug-25,2023-Aug-03
,,,,,,,,,,,,,,,,,,,,#N/A,2025-Apr-15,2024-Sep-05,2024-Feb-16,2023-Nov-30,2023-Nov-02,2023-Sep-22,2023-Aug-31,2023-Aug-25,2023-Aug-03
,,,,,,,,,,,,,,,,,,,,#N/A,2025-Apr-15,2024-Sep-05,2024-Feb-16,2023-Nov-30,2023-Nov-02,2023-Sep-22,2023-Aug-31,2023-Aug-25,2023-Aug-03
,,,,,,,,,,,,,,,,,,,,#N/A,2025-Apr-15,2024-Sep-05,2024-Feb-16,2023-Nov-30,2023-Nov-02,2023-Sep-22,2023-Aug-31,2023-Aug-25,2023-Aug-03
,,,,,,,,,,,,,,,,,,,,#N/A,2025-Apr-15,2024-Sep-05,2024-Feb-16,2023-Nov-30,2023-Nov-02,2023-Sep-22,2023-Aug-31,2023-Aug-25,2023-Aug-03
,,,,,,,,,,,,,,,,,,,,#N/A,2025-Apr-15,2024-Sep-05,2024-Feb-16,2023-Nov-30,2023-Nov-02,2023-Sep-22,2023-Aug-31,2023-Aug-25,2023-Aug-03
,,,,,,,,,,,,,,,,,,,,#N/A,2025-Apr-15,2024-Sep-05,2024-Feb-16,2023-Nov-30,2023-Nov-02,2023-Sep-22,2023-Aug-31,2023-Aug-25,2023-Aug-03
,,,,,,,,,,,,,,,,,,,,#N/A,2025-Apr-15,2024-Sep-05,2024-Feb-16,2023-Nov-30,2023-Nov-02,2023-Sep-22,2023-Aug-31,2023-Aug-25,2023-Aug-03
,,,,,,,,,,,,,,,,,,,,#N/A,2025-Apr-15,2024-Sep-05,2024-Feb-16,2023-Nov-30,2023-Nov-02,2023-Sep-22,2023-Aug-31,2023-Aug-25,2023-Aug-03
,,,,,,,,,,,,,,,,,,,,#N/A,2025-Apr-15,2024-Sep-05,2024-Feb-16,2023-Nov-30,2023-Nov-02,2023-Sep-22,2023-Aug-31,2023-Aug-25,2023-Aug-03
,,,,,,,,,,,,,,,,,,,,#N/A,2025-Apr-15,2024-Sep-05,2024-Feb-16,2023-Nov-30,2023-Nov-02,2023-Sep-22,2023-Aug-31,2023-Aug-25,2023-Aug-03
,,,,,,,,,,,,,,,,,,,,#N/A,2025-Apr-15,2024-Sep-05,2024-Feb-16,2023-Nov-30,2023-Nov-02,2023-Sep-22,2023-Aug-31,2023-Aug-25,2023-Aug-03
,,,,,,,,,,,,,,,,,,,,#N/A,2025-Apr-15,2024-Sep-05,2024-Feb-16,2023-Nov-30,2023-Nov-02,2023-Sep-22,2023-Aug-31,2023-Aug-25,2023-Aug-03
,,,,,,,,,,,,,,,,,,,,#N/A,2025-Apr-15,2024-Sep-05,2024-Feb-16,2023-Nov-30,2023-Nov-02,2023-Sep-22,2023-Aug-31,2023-Aug-25,2023-Aug-03
,,,,,,,,,,,,,,,,,,,,#N/A,2025-Apr-15,2024-Sep-05,2024-Feb-16,2023-Nov-30,2023-Nov-02,2023-Sep-22,2023-Aug-31,2023-Aug-25,2023-Aug-03
,,,,,,,,,,,,,,,,,,,,#N/A,2025-Apr-15,2024-Sep-05,2024-Feb-16,2023-Nov-30,2023-Nov-02,2023-Sep-22,2023-Aug-31,2023-Aug-25,2023-Aug-03
,,,,,,,,,,,,,,,,,,,,#N/A,2025-Apr-15,2024-Sep-05,2024-Feb-16,2023-Nov-30,2023-Nov-02,2023-Sep-22,2023-Aug-31,2023-Aug-25,2023-Aug-03
,,,,,,,,,,,,,,,,,,,,#N/A,2025-Apr-15,2024-Sep-05,2024-Feb-16,2023-Nov-30,2023-Nov-02,2023-Sep-22,2023-Aug-31,2023-Aug-25,2023-Aug-03
,,,,,,,,,,,,,,,,,,,,#N/A,2025-Apr-15,2024-Sep-05,2024-Feb-16,2023-Nov-30,2023-Nov-02,2023-Sep-22,2023-Aug-31,2023-Aug-25,2023-Aug-03
,,,,,,,,,,,,,,,,,,,,#N/A,2025-Apr-15,2024-Sep-05,2024-Feb-16,2023-Nov-30,2023-Nov-02,2023-Sep-22,2023-Aug-31,2023-Aug-25,2023-Aug-03
,,,,,,,,,,,,,,,,,,,,#N/A,2025-Apr-15,2024-Sep-05,2024-Feb-16,2023-Nov-30,2023-Nov-02,2023-Sep-22,2023-Aug-31,2023-Aug-25,2023-Aug-03
,,,,,,,,,,,,,,,,,,,,#N/A,2025-Apr-15,2024-Sep-05,2024-Feb-16,2023-Nov-30,2023-Nov-02,2023-Sep-22,2023-Aug-31,2023-Aug-25,2023-Aug-03
,,,,,,,,,,,,,,,,,,,,#N/A,2025-Apr-15,2024-Sep-05,2024-Feb-16,2023-Nov-30,2023-Nov-02,2023-Sep-22,2023-Aug-31,2023-Aug-25,2023-Aug-03
,,,,,,,,,,,,,,,,,,,,#N/A,2025-Apr-15,2024-Sep-05,2024-Feb-16,2023-Nov-30,2023-Nov-02,2023-Sep-22,2023-Aug-31,2023-Aug-25,2023-Aug-03
,,,,,,,,,,,,,,,,,,,,#N/A,2025-Apr-15,2024-Sep-05,2024-Feb-16,2023-Nov-30,2023-Nov-02,2023-Sep-22,2023-Aug-31,2023-Aug-25,2023-Aug-03
,,,,,,,,,,,,,,,,,,,,#N/A,2025-Apr-15,2024-Sep-05,2024-Feb-16,2023-Nov-30,2023-Nov-02,2023-Sep-22,2023-Aug-31,2023-Aug-25,2023-Aug-03
,,,,,,,,,,,,,,,,,,,,#N/A,2025-Apr-15,2024-Sep-05,2024-Feb-16,2023-Nov-30,2023-Nov-02,2023-Sep-22,2023-Aug-31,2023-Aug-25,2023-Aug-03
,,,,,,,,,,,,,,,,,,,,#N/A,2025-Apr-15,2024-Sep-05,2024-Feb-16,2023-Nov-30,2023-Nov-02,2023-Sep-22,2023-Aug-31,2023-Aug-25,2023-Aug-03
,,,,,,,,,,,,,,,,,,,,#N/A,2025-Apr-15,2024-Sep-05,2024-Feb-16,2023-Nov-30,2023-Nov-02,2023-Sep-22,2023-Aug-31,2023-Aug-25,2023-Aug-03
,,,,,,,,,,,,,,,,,,,,#N/A,2025-Apr-15,2024-Sep-05,2024-Feb-16,2023-Nov-30,2023-Nov-02,2023-Sep-22,2023-Aug-31,2023-Aug-25,2023-Aug-03
,,,,,,,,,,,,,,,,,,,,#N/A,2025-Apr-15,2024-Sep-05,2024-Feb-16,2023-Nov-30,2023-Nov-02,2023-Sep-22,2023-Aug-31,2023-Aug-25,2023-Aug-03
,,,,,,,,,,,,,,,,,,,,#N/A,2025-Apr-15,2024-Sep-05,2024-Feb-16,2023-Nov-30,2023-Nov-02,2023-Sep-22,2023-Aug-31,2023-Aug-25,2023-Aug-03
,,,,,,,,,,,,,,,,,,,,#N/A,2025-Apr-15,2024-Sep-05,2024-Feb-16,2023-Nov-30,2023-Nov-02,2023-Sep-22,2023-Aug-31,2023-Aug-25,2023-Aug-03
,,,,,,,,,,,,,,,,,,,,#N/A,2025-Apr-15,2024-Sep-05,2024-Feb-16,2023-Nov-30,2023-Nov-02,2023-Sep-22,2023-Aug-31,2023-Aug-25,2023-Aug-03
,,,,,,,,,,,,,,,,,,,,#N/A,2025-Apr-15,2024-Sep-05,2024-Feb-16,2023-Nov-30,2023-Nov-02,2023-Sep-22,2023-Aug-31,2023-Aug-25,2023-Aug-03
,,,,,,,,,,,,,,,,,,,,#N/A,2025-Apr-15,2024-Sep-05,2024-Feb-16,2023-Nov-30,2023-Nov-02,2023-Sep-22,2023-Aug-31,2023-Aug-25,2023-Aug-03
,,,,,,,,,,,,,,,,,,,,#N/A,2025-Apr-15,2024-Sep-05,2024-Feb-16,2023-Nov-30,2023-Nov-02,2023-Sep-22,2023-Aug-31,2023-Aug-25,2023-Aug-03
,,,,,,,,,,,,,,,,,,,,#N/A,2025-Apr-15,2024-Sep-05,2024-Feb-16,2023-Nov-30,2023-Nov-02,2023-Sep-22,2023-Aug-31,2023-Aug-25,2023-Aug-03
,,,,,,,,,,,,,,,,,,,,#N/A,2025-Apr-15,2024-Sep-05,2024-Feb-16,2023-Nov-30,2023-Nov-02,2023-Sep-22,2023-Aug-31,2023-Aug-25,2023-Aug-03
,,,,,,,,,,,,,,,,,,,,#N/A,2025-Apr-15,2024-Sep-05,2024-Feb-16,2023-Nov-30,2023-Nov-02,2023-Sep-22,2023-Aug-31,2023-Aug-25,2023-Aug-03
,,,,,,,,,,,,,,,,,,,,#N/A,2025-Apr-15,2024-Sep-05,2024-Feb-16,2023-Nov-30,2023-Nov-02,2023-Sep-22,2023-Aug-31,2023-Aug-25,2023-Aug-03
,,,,,,,,,,,,,,,,,,,,#N/A,2025-Apr-15,2024-Sep-05,2024-Feb-16,2023-Nov-30,2023-Nov-02,2023-Sep-22,2023-Aug-31,2023-Aug-25,2023-Aug-03
,,,,,,,,,,,,,,,,,,,,#N/A,2025-Apr-15,2024-Sep-05,2024-Feb-16,2023-Nov-30,2023-Nov-02,2023-Sep-22,2023-Aug-31,2023-Aug-25,2023-Aug-03
,,,,,,,,,,,,,,,,,,,,#N/A,2025-Apr-15,2024-Sep-05,2024-Feb-16,2023-Nov-30,2023-Nov-02,2023-Sep-22,2023-Aug-31,2023-Aug-25,2023-Aug-03
,,,,,,,,,,,,,,,,,,,,#N/A,2025-Apr-15,2024-Sep-05,2024-Feb-16,2023-Nov-30,2023-Nov-02,2023-Sep-22,2023-Aug-31,2023-Aug-25,2023-Aug-03
,,,,,,,,,,,,,,,,,,,,#N/A,2025-Apr-15,2024-Sep-05,2024-Feb-16,2023-Nov-30,2023-Nov-02,2023-Sep-22,2023-Aug-31,2023-Aug-25,2023-Aug-03
,,,,,,,,,,,,,,,,,,,,#N/A,2025-Apr-15,2024-Sep-05,2024-Feb-16,2023-Nov-30,2023-Nov-02,2023-Sep-22,2023-Aug-31,2023-Aug-25,2023-Aug-03
,,,,,,,,,,,,,,,,,,,,#N/A,2025-Apr-15,2024-Sep-05,2024-Feb-16,2023-Nov-30,2023-Nov-02,2023-Sep-22,2023-Aug-31,2023-Aug-25,2023-Aug-03
,,,,,,,,,,,,,,,,,,,,#N/A,2025-Apr-15,2024-Sep-05,2024-Feb-16,2023-Nov-30,2023-Nov-02,2023-Sep-22,2023-Aug-31,2023-Aug-25,2023-Aug-03
,,,,,,,,,,,,,,,,,,,,#N/A,2025-Apr-15,2024-Sep-05,2024-Feb-16,2023-Nov-30,2023-Nov-02,2023-Sep-22,2023-Aug-31,2023-Aug-25,2023-Aug-03
,,,,,,,,,,,,,,,,,,,,#N/A,2025-Apr-15,2024-Sep-05,2024-Feb-16,2023-Nov-30,2023-Nov-02,2023-Sep-22,2023-Aug-31,2023-Aug-25,2023-Aug-03
,,,,,,,,,,,,,,,,,,,,#N/A,2025-Apr-15,2024-Sep-05,2024-Feb-16,2023-Nov-30,2023-Nov-02,2023-Sep-22,2023-Aug-31,2023-Aug-25,2023-Aug-03
,,,,,,,,,,,,,,,,,,,,#N/A,2025-Apr-15,2024-Sep-05,2024-Feb-16,2023-Nov-30,2023-Nov-02,2023-Sep-22,2023-Aug-31,2023-Aug-25,2023-Aug-03
,,,,,,,,,,,,,,,,,,,,#N/A,2025-Apr-15,2024-Sep-05,2024-Feb-16,2023-Nov-30,2023-Nov-02,2023-Sep-22,2023-Aug-31,2023-Aug-25,2023-Aug-03
,,,,,,,,,,,,,,,,,,,,#N/A,2025-Apr-15,2024-Sep-05,2024-Feb-16,2023-Nov-30,2023-Nov-02,2023-Sep-22,2023-Aug-31,2023-Aug-25,2023-Aug-03
,,,,,,,,,,,,,,,,,,,,#N/A,2025-Apr-15,2024-Sep-05,2024-Feb-16,2023-Nov-30,2023-Nov-02,2023-Sep-22,2023-Aug-31,2023-Aug-25,2023-Aug-03
,,,,,,,,,,,,,,,,,,,,#N/A,2025-Apr-15,2024-Sep-05,2024-Feb-16,2023-Nov-30,2023-Nov-02,2023-Sep-22,2023-Aug-31,2023-Aug-25,2023-Aug-03
,,,,,,,,,,,,,,,,,,,,#N/A,2025-Apr-15,2024-Sep-05,2024-Feb-16,2023-Nov-30,2023-Nov-02,2023-Sep-22,2023-Aug-31,2023-Aug-25,2023-Aug-03
,,,,,,,,,,,,,,,,,,,,#N/A,2025-Apr-15,2024-Sep-05,2024-Feb-16,2023-Nov-30,2023-Nov-02,2023-Sep-22,2023-Aug-31,2023-Aug-25,2023-Aug-03
,,,,,,,,,,,,,,,,,,,,#N/A,2025-Apr-15,2024-Sep-05,2024-Feb-16,2023-Nov-30,2023-Nov-02,2023-Sep-22,2023-Aug-31,2023-Aug-25,2023-Aug-03
,,,,,,,,,,,,,,,,,,,,#N/A,2025-Apr-15,2024-Sep-05,2024-Feb-16,2023-Nov-30,2023-Nov-02,2023-Sep-22,2023-Aug-31,2023-Aug-25,2023-Aug-03
,,,,,,,,,,,,,,,,,,,,#N/A,2025-Apr-15,2024-Sep-05,2024-Feb-16,2023-Nov-30,2023-Nov-02,2023-Sep-22,2023-Aug-31,2023-Aug-25,2023-Aug-03
,,,,,,,,,,,,,,,,,,,,#N/A,2025-Apr-15,2024-Sep-05,2024-Feb-16,2023-Nov-30,2023-Nov-02,2023-Sep-22,2023-Aug-31,2023-Aug-25,2023-Aug-03
,,,,,,,,,,,,,,,,,,,,#N/A,2025-Apr-15,2024-Sep-05,2024-Feb-16,2023-Nov-30,2023-Nov-02,2023-Sep-22,2023-Aug-31,2023-Aug-25,2023-Aug-03
,,,,,,,,,,,,,,,,,,,,#N/A,2025-Apr-15,2024-Sep-05,2024-Feb-16,2023-Nov-30,2023-Nov-02,2023-Sep-22,2023-Aug-31,2023-Aug-25,2023-Aug-03
,,,,,,,,,,,,,,,,,,,,#N/A,2025-Apr-15,2024-Sep-05,2024-Feb-16,2023-Nov-30,2023-Nov-02,2023-Sep-22,2023-Aug-31,2023-Aug-25,2023-Aug-03
,,,,,,,,,,,,,,,,,,,,#N/A,2025-Apr-15,2024-Sep-05,2024-Feb-16,2023-Nov-30,2023-Nov-02,2023-Sep-22,2023-Aug-31,2023-Aug-25,2023-Aug-03
,,,,,,,,,,,,,,,,,,,,#N/A,2025-Apr-15,2024-Sep-05,2024-Feb-16,2023-Nov-30,2023-Nov-02,2023-Sep-22,2023-Aug-31,2023-Aug-25,2023-Aug-03
,,,,,,,,,,,,,,,,,,,,#N/A,2025-Apr-15,2024-Sep-05,2024-Feb-16,2023-Nov-30,2023-Nov-02,2023-Sep-22,2023-Aug-31,2023-Aug-25,2023-Aug-03
,,,,,,,,,,,,,,,,,,,,#N/A,2025-Apr-15,2024-Sep-05,2024-Feb-16,2023-Nov-30,2023-Nov-02,2023-Sep-22,2023-Aug-31,2023-Aug-25,2023-Aug-03
,,,,,,,,,,,,,,,,,,,,#N/A,2025-Apr-15,2024-Sep-05,2024-Feb-16,2023-Nov-30,2023-Nov-02,2023-Sep-22,2023-Aug-31,2023-Aug-25,2023-Aug-03
,,,,,,,,,,,,,,,,,,,,#N/A,2025-Apr-15,2024-Sep-05,2024-Feb-16,2023-Nov-30,2023-Nov-02,2023-Sep-22,2023-Aug-31,2023-Aug-25,2023-Aug-03
,,,,,,,,,,,,,,,,,,,,#N/A,2025-Apr-15,2024-Sep-05,2024-Feb-16,2023-Nov-30,2023-Nov-02,2023-Sep-22,2023-Aug-31,2023-Aug-25,2023-Aug-03
,,,,,,,,,,,,,,,,,,,,#N/A,2025-Apr-15,2024-Sep-05,2024-Feb-16,2023-Nov-30,2023-Nov-02,2023-Sep-22,2023-Aug-31,2023-Aug-25,2023-Aug-03
,,,,,,,,,,,,,,,,,,,,#N/A,2025-Apr-15,2024-Sep-05,2024-Feb-16,2023-Nov-30,2023-Nov-02,2023-Sep-22,2023-Aug-31,2023-Aug-25,2023-Aug-03
,,,,,,,,,,,,,,,,,,,,#N/A,2025-Apr-15,2024-Sep-05,2024-Feb-16,2023-Nov-30,2023-Nov-02,2023-Sep-22,2023-Aug-31,2023-Aug-25,2023-Aug-03
,,,,,,,,,,,,,,,,,,,,#N/A,2025-Apr-15,2024-Sep-05,2024-Feb-16,2023-Nov-30,2023-Nov-02,2023-Sep-22,2023-Aug-31,2023-Aug-25,2023-Aug-03
,,,,,,,,,,,,,,,,,,,,#N/A,2025-Apr-15,2024-Sep-05,2024-Feb-16,2023-Nov-30,2023-Nov-02,2023-Sep-22,2023-Aug-31,2023-Aug-25,2023-Aug-03
,,,,,,,,,,,,,,,,,,,,#N/A,2025-Apr-15,2024-Sep-05,2024-Feb-16,2023-Nov-30,2023-Nov-02,2023-Sep-22,2023-Aug-31,2023-Aug-25,2023-Aug-03
,,,,,,,,,,,,,,,,,,,,#N/A,2025-Apr-15,2024-Sep-05,2024-Feb-16,2023-Nov-30,2023-Nov-02,2023-Sep-22,2023-Aug-31,2023-Aug-25,2023-Aug-03
,,,,,,,,,,,,,,,,,,,,#N/A,2025-Apr-15,2024-Sep-05,2024-Feb-16,2023-Nov-30,2023-Nov-02,2023-Sep-22,2023-Aug-31,2023-Aug-25,2023-Aug-03
,,,,,,,,,,,,,,,,,,,,#N/A,2025-Apr-15,2024-Sep-05,2024-Feb-16,2023-Nov-30,2023-Nov-02,2023-Sep-22,2023-Aug-31,2023-Aug-25,2023-Aug-03
,,,,,,,,,,,,,,,,,,,,#N/A,2025-Apr-15,2024-Sep-05,2024-Feb-16,2023-Nov-30,2023-Nov-02,2023-Sep-22,2023-Aug-31,2023-Aug-25,2023-Aug-03
,,,,,,,,,,,,,,,,,,,,#N/A,2025-Apr-15,2024-Sep-05,2024-Feb-16,2023-Nov-30,2023-Nov-02,2023-Sep-22,2023-Aug-31,2023-Aug-25,2023-Aug-03
,,,,,,,,,,,,,,,,,,,,#N/A,2025-Apr-15,2024-Sep-05,2024-Feb-16,2023-Nov-30,2023-Nov-02,2023-Sep-22,2023-Aug-31,2023-Aug-25,2023-Aug-03
,,,,,,,,,,,,,,,,,,,,#N/A,2025-Apr-15,2024-Sep-05,2024-Feb-16,2023-Nov-30,2023-Nov-02,2023-Sep-22,2023-Aug-31,2023-Aug-25,2023-Aug-03
,,,,,,,,,,,,,,,,,,,,#N/A,2025-Apr-15,2024-Sep-05,2024-Feb-16,2023-Nov-30,2023-Nov-02,2023-Sep-22,2023-Aug-31,2023-Aug-25,2023-Aug-03
,,,,,,,,,,,,,,,,,,,,#N/A,2025-Apr-15,2024-Sep-05,2024-Feb-16,2023-Nov-30,2023-Nov-02,2023-Sep-22,2023-Aug-31,2023-Aug-25,2023-Aug-03
,,,,,,,,,,,,,,,,,,,,#N/A,2025-Apr-15,2024-Sep-05,2024-Feb-16,2023-Nov-30,2023-Nov-02,2023-Sep-22,2023-Aug-31,2023-Aug-25,2023-Aug-03
,,,,,,,,,,,,,,,,,,,,#N/A,2025-Apr-15,2024-Sep-05,2024-Feb-16,2023-Nov-30,2023-Nov-02,2023-Sep-22,2023-Aug-31,2023-Aug-25,2023-Aug-03
,,,,,,,,,,,,,,,,,,,,#N/A,2025-Apr-15,2024-Sep-05,2024-Feb-16,2023-Nov-30,2023-Nov-02,2023-Sep-22,2023-Aug-31,2023-Aug-25,2023-Aug-03
,,,,,,,,,,,,,,,,,,,,#N/A,2025-Apr-15,2024-Sep-05,2024-Feb-16,2023-Nov-30,2023-Nov-02,2023-Sep-22,2023-Aug-31,2023-Aug-25,2023-Aug-03
,,,,,,,,,,,,,,,,,,,,#N/A,2025-Apr-15,2024-Sep-05,2024-Feb-16,2023-Nov-30,2023-Nov-02,2023-Sep-22,2023-Aug-31,2023-Aug-25,2023-Aug-03
,,,,,,,,,,,,,,,,,,,,#N/A,2025-Apr-15,2024-Sep-05,2024-Feb-16,2023-Nov-30,2023-Nov-02,2023-Sep-22,2023-Aug-31,2023-Aug-25,2023-Aug-03
,,,,,,,,,,,,,,,,,,,,#N/A,2025-Apr-15,2024-Sep-05,2024-Feb-16,2023-Nov-30,2023-Nov-02,2023-Sep-22,2023-Aug-31,2023-Aug-25,2023-Aug-03
,,,,,,,,,,,,,,,,,,,,#N/A,2025-Apr-15,2024-Sep-05,2024-Feb-16,2023-Nov-30,2023-Nov-02,2023-Sep-22,2023-Aug-31,2023-Aug-25,2023-Aug-03
,,,,,,,,,,,,,,,,,,,,#N/A,2025-Apr-15,2024-Sep-05,2024-Feb-16,2023-Nov-30,2023-Nov-02,2023-Sep-22,2023-Aug-31,2023-Aug-25,2023-Aug-03
,,,,,,,,,,,,,,,,,,,,#N/A,2025-Apr-15,2024-Sep-05,2024-Feb-16,2023-Nov-30,2023-Nov-02,2023-Sep-22,2023-Aug-31,2023-Aug-25,2023-Aug-03
,,,,,,,,,,,,,,,,,,,,#N/A,2025-Apr-15,2024-Sep-05,2024-Feb-16,2023-Nov-30,2023-Nov-02,2023-Sep-22,2023-Aug-31,2023-Aug-25,2023-Aug-03
,,,,,,,,,,,,,,,,,,,,#N/A,2025-Apr-15,2024-Sep-05,2024-Feb-16,2023-Nov-30,2023-Nov-02,2023-Sep-22,2023-Aug-31,2023-Aug-25,2023-Aug-03
,,,,,,,,,,,,,,,,,,,,#N/A,2025-Apr-15,2024-Sep-05,2024-Feb-16,2023-Nov-30,2023-Nov-02,2023-Sep-22,2023-Aug-31,2023-Aug-25,2023-Aug-03
,,,,,,,,,,,,,,,,,,,,#N/A,2025-Apr-15,2024-Sep-05,2024-Feb-16,2023-Nov-30,2023-Nov-02,2023-Sep-22,2023-Aug-31,2023-Aug-25,2023-Aug-03
,,,,,,,,,,,,,,,,,,,,#N/A,2025-Apr-15,2024-Sep-05,2024-Feb-16,2023-Nov-30,2023-Nov-02,2023-Sep-22,2023-Aug-31,2023-Aug-25,2023-Aug-03
,,,,,,,,,,,,,,,,,,,,#N/A,2025-Apr-15,2024-Sep-05,2024-Feb-16,2023-Nov-30,2023-Nov-02,2023-Sep-22,2023-Aug-31,2023-Aug-25,2023-Aug-03
,,,,,,,,,,,,,,,,,,,,#N/A,2025-Apr-15,2024-Sep-05,2024-Feb-16,2023-Nov-30,2023-Nov-02,2023-Sep-22,2023-Aug-31,2023-Aug-25,2023-Aug-03
,,,,,,,,,,,,,,,,,,,,#N/A,2025-Apr-15,2024-Sep-05,2024-Feb-16,2023-Nov-30,2023-Nov-02,2023-Sep-22,2023-Aug-31,2023-Aug-25,2023-Aug-03
,,,,,,,,,,,,,,,,,,,,#N/A,2025-Apr-15,2024-Sep-05,2024-Feb-16,2023-Nov-30,2023-Nov-02,2023-Sep-22,2023-Aug-31,2023-Aug-25,2023-Aug-03
,,,,,,,,,,,,,,,,,,,,#N/A,2025-Apr-15,2024-Sep-05,2024-Feb-16,2023-Nov-30,2023-Nov-02,2023-Sep-22,2023-Aug-31,2023-Aug-25,2023-Aug-03
,,,,,,,,,,,,,,,,,,,,#N/A,2025-Apr-15,2024-Sep-05,2024-Feb-16,2023-Nov-30,2023-Nov-02,2023-Sep-22,2023-Aug-31,2023-Aug-25,2023-Aug-03
,,,,,,,,,,,,,,,,,,,,#N/A,2025-Apr-15,2024-Sep-05,2024-Feb-16,2023-Nov-30,2023-Nov-02,2023-Sep-22,2023-Aug-31,2023-Aug-25,2023-Aug-03
,,,,,,,,,,,,,,,,,,,,#N/A,2025-Apr-15,2024-Sep-05,2024-Feb-16,2023-Nov-30,2023-Nov-02,2023-Sep-22,2023-Aug-31,2023-Aug-25,2023-Aug-03
,,,,,,,,,,,,,,,,,,,,#N/A,2025-Apr-15,2024-Sep-05,2024-Feb-16,2023-Nov-30,2023-Nov-02,2023-Sep-22,2023-Aug-31,2023-Aug-25,2023-Aug-03
,,,,,,,,,,,,,,,,,,,,#N/A,2025-Apr-15,2024-Sep-05,2024-Feb-16,2023-Nov-30,2023-Nov-02,2023-Sep-22,2023-Aug-31,2023-Aug-25,2023-Aug-03
,,,,,,,,,,,,,,,,,,,,#N/A,2025-Apr-15,2024-Sep-05,2024-Feb-16,2023-Nov-30,2023-Nov-02,2023-Sep-22,2023-Aug-31,2023-Aug-25,2023-Aug-03
,,,,,,,,,,,,,,,,,,,,#N/A,2025-Apr-15,2024-Sep-05,2024-Feb-16,2023-Nov-30,2023-Nov-02,2023-Sep-22,2023-Aug-31,2023-Aug-25,2023-Aug-03
,,,,,,,,,,,,,,,,,,,,#N/A,2025-Apr-15,2024-Sep-05,2024-Feb-16,2023-Nov-30,2023-Nov-02,2023-Sep-22,2023-Aug-31,2023-Aug-25,2023-Aug-03
,,,,,,,,,,,,,,,,,,,,#N/A,2025-Apr-15,2024-Sep-05,2024-Feb-16,2023-Nov-30,2023-Nov-02,2023-Sep-22,2023-Aug-31,2023-Aug-25,2023-Aug-03
,,,,,,,,,,,,,,,,,,,,#N/A,2025-Apr-15,2024-Sep-05,2024-Feb-16,2023-Nov-30,2023-Nov-02,2023-Sep-22,2023-Aug-31,2023-Aug-25,2023-Aug-03
,,,,,,,,,,,,,,,,,,,,#N/A,2025-Apr-15,2024-Sep-05,2024-Feb-16,2023-Nov-30,2023-Nov-02,2023-Sep-22,2023-Aug-31,2023-Aug-25,2023-Aug-03
,,,,,,,,,,,,,,,,,,,,#N/A,2025-Apr-15,2024-Sep-05,2024-Feb-16,2023-Nov-30,2023-Nov-02,2023-Sep-22,2023-Aug-31,2023-Aug-25,2023-Aug-03
,,,,,,,,,,,,,,,,,,,,#N/A,2025-Apr-15,2024-Sep-05,2024-Feb-16,2023-Nov-30,2023-Nov-02,2023-Sep-22,2023-Aug-31,2023-Aug-25,2023-Aug-03
,,,,,,,,,,,,,,,,,,,,#N/A,2025-Apr-15,2024-Sep-05,2024-Feb-16,2023-Nov-30,2023-Nov-02,2023-Sep-22,2023-Aug-31,2023-Aug-25,2023-Aug-03
,,,,,,,,,,,,,,,,,,,,#N/A,2025-Apr-15,2024-Sep-05,2024-Feb-16,2023-Nov-30,2023-Nov-02,2023-Sep-22,2023-Aug-31,2023-Aug-25,2023-Aug-03
,,,,,,,,,,,,,,,,,,,,#N/A,2025-Apr-15,2024-Sep-05,2024-Feb-16,2023-Nov-30,2023-Nov-02,2023-Sep-22,2023-Aug-31,2023-Aug-25,2023-Aug-03
,,,,,,,,,,,,,,,,,,,,#N/A,2025-Apr-15,2024-Sep-05,2024-Feb-16,2023-Nov-30,2023-Nov-02,2023-Sep-22,2023-Aug-31,2023-Aug-25,2023-Aug-03
,,,,,,,,,,,,,,,,,,,,#N/A,2025-Apr-15,2024-Sep-05,2024-Feb-16,2023-Nov-30,2023-Nov-02,2023-Sep-22,2023-Aug-31,2023-Aug-25,2023-Aug-03
,,,,,,,,,,,,,,,,,,,,#N/A,2025-Apr-15,2024-Sep-05,2024-Feb-16,2023-Nov-30,2023-Nov-02,2023-Sep-22,2023-Aug-31,2023-Aug-25,2023-Aug-03
,,,,,,,,,,,,,,,,,,,,#N/A,2025-Apr-15,2024-Sep-05,2024-Feb-16,2023-Nov-30,2023-Nov-02,2023-Sep-22,2023-Aug-31,2023-Aug-25,2023-Aug-03
,,,,,,,,,,,,,,,,,,,,#N/A,2025-Apr-15,2024-Sep-05,2024-Feb-16,2023-Nov-30,2023-Nov-02,2023-Sep-22,2023-Aug-31,2023-Aug-25,2023-Aug-03
,,,,,,,,,,,,,,,,,,,,#N/A,2025-Apr-15,2024-Sep-05,2024-Feb-16,2023-Nov-30,2023-Nov-02,2023-Sep-22,2023-Aug-31,2023-Aug-25,2023-Aug-03
,,,,,,,,,,,,,,,,,,,,#N/A,2025-Apr-15,2024-Sep-05,2024-Feb-16,2023-Nov-30,2023-Nov-02,2023-Sep-22,2023-Aug-31,2023-Aug-25,2023-Aug-03
,,,,,,,,,,,,,,,,,,,,#N/A,2025-Apr-15,2024-Sep-05,2024-Feb-16,2023-Nov-30,2023-Nov-02,2023-Sep-22,2023-Aug-31,2023-Aug-25,2023-Aug-03
,,,,,,,,,,,,,,,,,,,,#N/A,2025-Apr-15,2024-Sep-05,2024-Feb-16,2023-Nov-30,2023-Nov-02,2023-Sep-22,2023-Aug-31,2023-Aug-25,2023-Aug-03
,,,,,,,,,,,,,,,,,,,,#N/A,2025-Apr-15,2024-Sep-05,2024-Feb-16,2023-Nov-30,2023-Nov-02,2023-Sep-22,2023-Aug-31,2023-Aug-25,2023-Aug-03
,,,,,,,,,,,,,,,,,,,,#N/A,2025-Apr-15,2024-Sep-05,2024-Feb-16,2023-Nov-30,2023-Nov-02,2023-Sep-22,2023-Aug-31,2023-Aug-25,2023-Aug-03
,,,,,,,,,,,,,,,,,,,,#N/A,2025-Apr-15,2024-Sep-05,2024-Feb-16,2023-Nov-30,2023-Nov-02,2023-Sep-22,2023-Aug-31,2023-Aug-25,2023-Aug-03
,,,,,,,,,,,,,,,,,,,,#N/A,2025-Apr-15,2024-Sep-05,2024-Feb-16,2023-Nov-30,2023-Nov-02,2023-Sep-22,2023-Aug-31,2023-Aug-25,2023-Aug-03
,,,,,,,,,,,,,,,,,,,,#N/A,2025-Apr-15,2024-Sep-05,2024-Feb-16,2023-Nov-30,2023-Nov-02,2023-Sep-22,2023-Aug-31,2023-Aug-25,2023-Aug-03
,,,,,,,,,,,,,,,,,,,,#N/A,2025-Apr-15,2024-Sep-05,2024-Feb-16,2023-Nov-30,2023-Nov-02,2023-Sep-22,2023-Aug-31,2023-Aug-25,2023-Aug-03
,,,,,,,,,,,,,,,,,,,,#N/A,2025-Apr-15,2024-Sep-05,2024-Feb-16,2023-Nov-30,2023-Nov-02,2023-Sep-22,2023-Aug-31,2023-Aug-25,2023-Aug-03
,,,,,,,,,,,,,,,,,,,,#N/A,2025-Apr-15,2024-Sep-05,2024-Feb-16,2023-Nov-30,2023-Nov-02,2023-Sep-22,2023-Aug-31,2023-Aug-25,2023-Aug-03
,,,,,,,,,,,,,,,,,,,,#N/A,2025-Apr-15,2024-Sep-05,2024-Feb-16,2023-Nov-30,2023-Nov-02,2023-Sep-22,2023-Aug-31,2023-Aug-25,2023-Aug-03
,,,,,,,,,,,,,,,,,,,,#N/A,2025-Apr-15,2024-Sep-05,2024-Feb-16,2023-Nov-30,2023-Nov-02,2023-Sep-22,2023-Aug-31,2023-Aug-25,2023-Aug-03
,,,,,,,,,,,,,,,,,,,,#N/A,2025-Apr-15,2024-Sep-05,2024-Feb-16,2023-Nov-30,2023-Nov-02,2023-Sep-22,2023-Aug-31,2023-Aug-25,2023-Aug-03
,,,,,,,,,,,,,,,,,,,,#N/A,2025-Apr-15,2024-Sep-05,2024-Feb-16,2023-Nov-30,2023-Nov-02,2023-Sep-22,2023-Aug-31,2023-Aug-25,2023-Aug-03
,,,,,,,,,,,,,,,,,,,,#N/A,2025-Apr-15,2024-Sep-05,2024-Feb-16,2023-Nov-30,2023-Nov-02,2023-Sep-22,2023-Aug-31,2023-Aug-25,2023-Aug-03
,,,,,,,,,,,,,,,,,,,,#N/A,2025-Apr-15,2024-Sep-05,2024-Feb-16,2023-Nov-30,2023-Nov-02,2023-Sep-22,2023-Aug-31,2023-Aug-25,2023-Aug-03
,,,,,,,,,,,,,,,,,,,,#N/A,2025-Apr-15,2024-Sep-05,2024-Feb-16,2023-Nov-30,2023-Nov-02,2023-Sep-22,2023-Aug-31,2023-Aug-25,2023-Aug-03
,,,,,,,,,,,,,,,,,,,,#N/A,2025-Apr-15,2024-Sep-05,2024-Feb-16,2023-Nov-30,2023-Nov-02,2023-Sep-22,2023-Aug-31,2023-Aug-25,2023-Aug-03
,,,,,,,,,,,,,,,,,,,,#N/A,2025-Apr-15,2024-Sep-05,2024-Feb-16,2023-Nov-30,2023-Nov-02,2023-Sep-22,2023-Aug-31,2023-Aug-25,2023-Aug-03
,,,,,,,,,,,,,,,,,,,,#N/A,2025-Apr-15,2024-Sep-05,2024-Feb-16,2023-Nov-30,2023-Nov-02,2023-Sep-22,2023-Aug-31,2023-Aug-25,2023-Aug-03
,,,,,,,,,,,,,,,,,,,,#N/A,2025-Apr-15,2024-Sep-05,2024-Feb-16,2023-Nov-30,2023-Nov-02,2023-Sep-22,2023-Aug-31,2023-Aug-25,2023-Aug-03
,,,,,,,,,,,,,,,,,,,,#N/A,2025-Apr-15,2024-Sep-05,2024-Feb-16,2023-Nov-30,2023-Nov-02,2023-Sep-22,2023-Aug-31,2023-Aug-25,2023-Aug-03
,,,,,,,,,,,,,,,,,,,,#N/A,2025-Apr-15,2024-Sep-05,2024-Feb-16,2023-Nov-30,2023-Nov-02,2023-Sep-22,2023-Aug-31,2023-Aug-25,2023-Aug-03
,,,,,,,,,,,,,,,,,,,,#N/A,2025-Apr-15,2024-Sep-05,2024-Feb-16,2023-Nov-30,2023-Nov-02,2023-Sep-22,2023-Aug-31,2023-Aug-25,2023-Aug-03
,,,,,,,,,,,,,,,,,,,,#N/A,2025-Apr-15,2024-Sep-05,2024-Feb-16,2023-Nov-30,2023-Nov-02,2023-Sep-22,2023-Aug-31,2023-Aug-25,2023-Aug-03
,,,,,,,,,,,,,,,,,,,,#N/A,2025-Apr-15,2024-Sep-05,2024-Feb-16,2023-Nov-30,2023-Nov-02,2023-Sep-22,2023-Aug-31,2023-Aug-25,2023-Aug-03
,,,,,,,,,,,,,,,,,,,,#N/A,2025-Apr-15,2024-Sep-05,2024-Feb-16,2023-Nov-30,2023-Nov-02,2023-Sep-22,2023-Aug-31,2023-Aug-25,2023-Aug-03
,,,,,,,,,,,,,,,,,,,,#N/A,2025-Apr-15,2024-Sep-05,2024-Feb-16,2023-Nov-30,2023-Nov-02,2023-Sep-22,2023-Aug-31,2023-Aug-25,2023-Aug-03
,,,,,,,,,,,,,,,,,,,,#N/A,2025-Apr-15,2024-Sep-05,2024-Feb-16,2023-Nov-30,2023-Nov-02,2023-Sep-22,2023-Aug-31,2023-Aug-25,2023-Aug-03
,,,,,,,,,,,,,,,,,,,,#N/A,2025-Apr-15,2024-Sep-05,2024-Feb-16,2023-Nov-30,2023-Nov-02,2023-Sep-22,2023-Aug-31,2023-Aug-25,2023-Aug-03
,,,,,,,,,,,,,,,,,,,,#N/A,2025-Apr-15,2024-Sep-05,2024-Feb-16,2023-Nov-30,2023-Nov-02,2023-Sep-22,2023-Aug-31,2023-Aug-25,2023-Aug-03
,,,,,,,,,,,,,,,,,,,,#N/A,2025-Apr-15,2024-Sep-05,2024-Feb-16,2023-Nov-30,2023-Nov-02,2023-Sep-22,2023-Aug-31,2023-Aug-25,2023-Aug-03
,,,,,,,,,,,,,,,,,,,,#N/A,2025-Apr-15,2024-Sep-05,2024-Feb-16,2023-Nov-30,2023-Nov-02,2023-Sep-22,2023-Aug-31,2023-Aug-25,2023-Aug-03
,,,,,,,,,,,,,,,,,,,,#N/A,2025-Apr-15,2024-Sep-05,2024-Feb-16,2023-Nov-30,2023-Nov-02,2023-Sep-22,2023-Aug-31,2023-Aug-25,2023-Aug-03
,,,,,,,,,,,,,,,,,,,,#N/A,2025-Apr-15,2024-Sep-05,2024-Feb-16,2023-Nov-30,2023-Nov-02,2023-Sep-22,2023-Aug-31,2023-Aug-25,2023-Aug-03
,,,,,,,,,,,,,,,,,,,,#N/A,2025-Apr-15,2024-Sep-05,2024-Feb-16,2023-Nov-30,2023-Nov-02,2023-Sep-22,2023-Aug-31,2023-Aug-25,2023-Aug-03
,,,,,,,,,,,,,,,,,,,,#N/A,2025-Apr-15,2024-Sep-05,2024-Feb-16,2023-Nov-30,2023-Nov-02,2023-Sep-22,2023-Aug-31,2023-Aug-25,2023-Aug-03
,,,,,,,,,,,,,,,,,,,,#N/A,2025-Apr-15,2024-Sep-05,2024-Feb-16,2023-Nov-30,2023-Nov-02,2023-Sep-22,2023-Aug-31,2023-Aug-25,2023-Aug-03
,,,,,,,,,,,,,,,,,,,,#N/A,2025-Apr-15,2024-Sep-05,2024-Feb-16,2023-Nov-30,2023-Nov-02,2023-Sep-22,2023-Aug-31,2023-Aug-25,2023-Aug-03
,,,,,,,,,,,,,,,,,,,,#N/A,2025-Apr-15,2024-Sep-05,2024-Feb-16,2023-Nov-30,2023-Nov-02,2023-Sep-22,2023-Aug-31,2023-Aug-25,2023-Aug-03
,,,,,,,,,,,,,,,,,,,,#N/A,2025-Apr-15,2024-Sep-05,2024-Feb-16,2023-Nov-30,2023-Nov-02,2023-Sep-22,2023-Aug-31,2023-Aug-25,2023-Aug-03
,,,,,,,,,,,,,,,,,,,,#N/A,2025-Apr-15,2024-Sep-05,2024-Feb-16,2023-Nov-30,2023-Nov-02,2023-Sep-22,2023-Aug-31,2023-Aug-25,2023-Aug-03
,,,,,,,,,,,,,,,,,,,,#N/A,2025-Apr-15,2024-Sep-05,2024-Feb-16,2023-Nov-30,2023-Nov-02,2023-Sep-22,2023-Aug-31,2023-Aug-25,2023-Aug-03
,,,,,,,,,,,,,,,,,,,,#N/A,2025-Apr-15,2024-Sep-05,2024-Feb-16,2023-Nov-30,2023-Nov-02,2023-Sep-22,2023-Aug-31,2023-Aug-25,2023-Aug-03
,,,,,,,,,,,,,,,,,,,,#N/A,2025-Apr-15,2024-Sep-05,2024-Feb-16,2023-Nov-30,2023-Nov-02,2023-Sep-22,2023-Aug-31,2023-Aug-25,2023-Aug-03
,,,,,,,,,,,,,,,,,,,,#N/A,2025-Apr-15,2024-Sep-05,2024-Feb-16,2023-Nov-30,2023-Nov-02,2023-Sep-22,2023-Aug-31,2023-Aug-25,2023-Aug-03
,,,,,,,,,,,,,,,,,,,,#N/A,2025-Apr-15,2024-Sep-05,2024-Feb-16,2023-Nov-30,2023-Nov-02,2023-Sep-22,2023-Aug-31,2023-Aug-25,2023-Aug-03
,,,,,,,,,,,,,,,,,,,,#N/A,2025-Apr-15,2024-Sep-05,2024-Feb-16,2023-Nov-30,2023-Nov-02,2023-Sep-22,2023-Aug-31,2023-Aug-25,2023-Aug-03
,,,,,,,,,,,,,,,,,,,,#N/A,2025-Apr-15,2024-Sep-05,2024-Feb-16,2023-Nov-30,2023-Nov-02,2023-Sep-22,2023-Aug-31,2023-Aug-25,2023-Aug-03
,,,,,,,,,,,,,,,,,,,,#N/A,2025-Apr-15,2024-Sep-05,2024-Feb-16,2023-Nov-30,2023-Nov-02,2023-Sep-22,2023-Aug-31,2023-Aug-25,2023-Aug-03
,,,,,,,,,,,,,,,,,,,,#N/A,2025-Apr-15,2024-Sep-05,2024-Feb-16,2023-Nov-30,2023-Nov-02,2023-Sep-22,2023-Aug-31,2023-Aug-25,2023-Aug-03
,,,,,,,,,,,,,,,,,,,,#N/A,2025-Apr-15,2024-Sep-05,2024-Feb-16,2023-Nov-30,2023-Nov-02,2023-Sep-22,2023-Aug-31,2023-Aug-25,2023-Aug-03
,,,,,,,,,,,,,,,,,,,,#N/A,2025-Apr-15,2024-Sep-05,2024-Feb-16,2023-Nov-30,2023-Nov-02,2023-Sep-22,2023-Aug-31,2023-Aug-25,2023-Aug-03
,,,,,,,,,,,,,,,,,,,,#N/A,2025-Apr-15,2024-Sep-05,2024-Feb-16,2023-Nov-30,2023-Nov-02,2023-Sep-22,2023-Aug-31,2023-Aug-25,2023-Aug-03
,,,,,,,,,,,,,,,,,,,,#N/A,2025-Apr-15,2024-Sep-05,2024-Feb-16,2023-Nov-30,2023-Nov-02,2023-Sep-22,2023-Aug-31,2023-Aug-25,2023-Aug-03
,,,,,,,,,,,,,,,,,,,,#N/A,2025-Apr-15,2024-Sep-05,2024-Feb-16,2023-Nov-30,2023-Nov-02,2023-Sep-22,2023-Aug-31,2023-Aug-25,2023-Aug-03
,,,,,,,,,,,,,,,,,,,,#N/A,2025-Apr-15,2024-Sep-05,2024-Feb-16,2023-Nov-30,2023-Nov-02,2023-Sep-22,2023-Aug-31,2023-Aug-25,2023-Aug-03
,,,,,,,,,,,,,,,,,,,,#N/A,2025-Apr-15,2024-Sep-05,2024-Feb-16,2023-Nov-30,2023-Nov-02,2023-Sep-22,2023-Aug-31,2023-Aug-25,2023-Aug-03
,,,,,,,,,,,,,,,,,,,,#N/A,2025-Apr-15,2024-Sep-05,2024-Feb-16,2023-Nov-30,2023-Nov-02,2023-Sep-22,2023-Aug-31,2023-Aug-25,2023-Aug-03
,,,,,,,,,,,,,,,,,,,,#N/A,2025-Apr-15,2024-Sep-05,2024-Feb-16,2023-Nov-30,2023-Nov-02,2023-Sep-22,2023-Aug-31,2023-Aug-25,2023-Aug-03
,,,,,,,,,,,,,,,,,,,,#N/A,2025-Apr-15,2024-Sep-05,2024-Feb-16,2023-Nov-30,2023-Nov-02,2023-Sep-22,2023-Aug-31,2023-Aug-25,2023-Aug-03
,,,,,,,,,,,,,,,,,,,,#N/A,2025-Apr-15,2024-Sep-05,2024-Feb-16,2023-Nov-30,2023-Nov-02,2023-Sep-22,2023-Aug-31,2023-Aug-25,2023-Aug-03
,,,,,,,,,,,,,,,,,,,,#N/A,2025-Apr-15,2024-Sep-05,2024-Feb-16,2023-Nov-30,2023-Nov-02,2023-Sep-22,2023-Aug-31,2023-Aug-25,2023-Aug-03
,,,,,,,,,,,,,,,,,,,,#N/A,2025-Apr-15,2024-Sep-05,2024-Feb-16,2023-Nov-30,2023-Nov-02,2023-Sep-22,2023-Aug-31,2023-Aug-25,2023-Aug-03
,,,,,,,,,,,,,,,,,,,,#N/A,2025-Apr-15,2024-Sep-05,2024-Feb-16,2023-Nov-30,2023-Nov-02,2023-Sep-22,2023-Aug-31,2023-Aug-25,2023-Aug-03
,,,,,,,,,,,,,,,,,,,,#N/A,2025-Apr-15,2024-Sep-05,2024-Feb-16,2023-Nov-30,2023-Nov-02,2023-Sep-22,2023-Aug-31,2023-Aug-25,2023-Aug-03
,,,,,,,,,,,,,,,,,,,,#N/A,2025-Apr-15,2024-Sep-05,2024-Feb-16,2023-Nov-30,2023-Nov-02,2023-Sep-22,2023-Aug-31,2023-Aug-25,2023-Aug-03
,,,,,,,,,,,,,,,,,,,,#N/A,2025-Apr-15,2024-Sep-05,2024-Feb-16,2023-Nov-30,2023-Nov-02,2023-Sep-22,2023-Aug-31,2023-Aug-25,2023-Aug-03
,,,,,,,,,,,,,,,,,,,,#N/A,2025-Apr-15,2024-Sep-05,2024-Feb-16,2023-Nov-30,2023-Nov-02,2023-Sep-22,2023-Aug-31,2023-Aug-25,2023-Aug-03
,,,,,,,,,,,,,,,,,,,,#N/A,2025-Apr-15,2024-Sep-05,2024-Feb-16,2023-Nov-30,2023-Nov-02,2023-Sep-22,2023-Aug-31,2023-Aug-25,2023-Aug-03
,,,,,,,,,,,,,,,,,,,,#N/A,2025-Apr-15,2024-Sep-05,2024-Feb-16,2023-Nov-30,2023-Nov-02,2023-Sep-22,2023-Aug-31,2023-Aug-25,2023-Aug-03
,,,,,,,,,,,,,,,,,,,,#N/A,2025-Apr-15,2024-Sep-05,2024-Feb-16,2023-Nov-30,2023-Nov-02,2023-Sep-22,2023-Aug-31,2023-Aug-25,2023-Aug-03
,,,,,,,,,,,,,,,,,,,,#N/A,2025-Apr-15,2024-Sep-05,2024-Feb-16,2023-Nov-30,2023-Nov-02,2023-Sep-22,2023-Aug-31,2023-Aug-25,2023-Aug-03
,,,,,,,,,,,,,,,,,,,,#N/A,2025-Apr-15,2024-Sep-05,2024-Feb-16,2023-Nov-30,2023-Nov-02,2023-Sep-22,2023-Aug-31,2023-Aug-25,2023-Aug-03
,,,,,,,,,,,,,,,,,,,,#N/A,2025-Apr-15,2024-Sep-05,2024-Feb-16,2023-Nov-30,2023-Nov-02,2023-Sep-22,2023-Aug-31,2023-Aug-25,2023-Aug-03
,,,,,,,,,,,,,,,,,,,,#N/A,2025-Apr-15,2024-Sep-05,2024-Feb-16,2023-Nov-30,2023-Nov-02,2023-Sep-22,2023-Aug-31,2023-Aug-25,2023-Aug-03
,,,,,,,,,,,,,,,,,,,,#N/A,2025-Apr-15,2024-Sep-05,2024-Feb-16,2023-Nov-30,2023-Nov-02,2023-Sep-22,2023-Aug-31,2023-Aug-25,2023-Aug-03
,,,,,,,,,,,,,,,,,,,,#N/A,2025-Apr-15,2024-Sep-05,2024-Feb-16,2023-Nov-30,2023-Nov-02,2023-Sep-22,2023-Aug-31,2023-Aug-25,2023-Aug-03
,,,,,,,,,,,,,,,,,,,,#N/A,2025-Apr-15,2024-Sep-05,2024-Feb-16,2023-Nov-30,2023-Nov-02,2023-Sep-22,2023-Aug-31,2023-Aug-25,2023-Aug-03
,,,,,,,,,,,,,,,,,,,,#N/A,2025-Apr-15,2024-Sep-05,2024-Feb-16,2023-Nov-30,2023-Nov-02,2023-Sep-22,2023-Aug-31,2023-Aug-25,2023-Aug-03
,,,,,,,,,,,,,,,,,,,,#N/A,2025-Apr-15,2024-Sep-05,2024-Feb-16,2023-Nov-30,2023-Nov-02,2023-Sep-22,2023-Aug-31,2023-Aug-25,2023-Aug-03
,,,,,,,,,,,,,,,,,,,,#N/A,2025-Apr-15,2024-Sep-05,2024-Feb-16,2023-Nov-30,2023-Nov-02,2023-Sep-22,2023-Aug-31,2023-Aug-25,2023-Aug-03
,,,,,,,,,,,,,,,,,,,,#N/A,2025-Apr-15,2024-Sep-05,2024-Feb-16,2023-Nov-30,2023-Nov-02,2023-Sep-22,2023-Aug-31,2023-Aug-25,2023-Aug-03
,,,,,,,,,,,,,,,,,,,,#N/A,2025-Apr-15,2024-Sep-05,2024-Feb-16,2023-Nov-30,2023-Nov-02,2023-Sep-22,2023-Aug-31,2023-Aug-25,2023-Aug-03
,,,,,,,,,,,,,,,,,,,,#N/A,2025-Apr-15,2024-Sep-05,2024-Feb-16,2023-Nov-30,2023-Nov-02,2023-Sep-22,2023-Aug-31,2023-Aug-25,2023-Aug-03
,,,,,,,,,,,,,,,,,,,,#N/A,2025-Apr-15,2024-Sep-05,2024-Feb-16,2023-Nov-30,2023-Nov-02,2023-Sep-22,2023-Aug-31,2023-Aug-25,2023-Aug-03
,,,,,,,,,,,,,,,,,,,,#N/A,2025-Apr-15,2024-Sep-05,2024-Feb-16,2023-Nov-30,2023-Nov-02,2023-Sep-22,2023-Aug-31,2023-Aug-25,2023-Aug-03
,,,,,,,,,,,,,,,,,,,,#N/A,2025-Apr-15,2024-Sep-05,2024-Feb-16,2023-Nov-30,2023-Nov-02,2023-Sep-22,2023-Aug-31,2023-Aug-25,2023-Aug-03
,,,,,,,,,,,,,,,,,,,,#N/A,2025-Apr-15,2024-Sep-05,2024-Feb-16,2023-Nov-30,2023-Nov-02,2023-Sep-22,2023-Aug-31,2023-Aug-25,2023-Aug-03
,,,,,,,,,,,,,,,,,,,,#N/A,2025-Apr-15,2024-Sep-05,2024-Feb-16,2023-Nov-30,2023-Nov-02,2023-Sep-22,2023-Aug-31,2023-Aug-25,2023-Aug-03
,,,,,,,,,,,,,,,,,,,,#N/A,2025-Apr-15,2024-Sep-05,2024-Feb-16,2023-Nov-30,2023-Nov-02,2023-Sep-22,2023-Aug-31,2023-Aug-25,2023-Aug-03
,,,,,,,,,,,,,,,,,,,,#N/A,2025-Apr-15,2024-Sep-05,2024-Feb-16,2023-Nov-30,2023-Nov-02,2023-Sep-22,2023-Aug-31,2023-Aug-25,2023-Aug-03
,,,,,,,,,,,,,,,,,,,,#N/A,2025-Apr-15,2024-Sep-05,2024-Feb-16,2023-Nov-30,2023-Nov-02,2023-Sep-22,2023-Aug-31,2023-Aug-25,2023-Aug-03
,,,,,,,,,,,,,,,,,,,,#N/A,2025-Apr-15,2024-Sep-05,2024-Feb-16,2023-Nov-30,2023-Nov-02,2023-Sep-22,2023-Aug-31,2023-Aug-25,2023-Aug-03
,,,,,,,,,,,,,,,,,,,,#N/A,2025-Apr-15,2024-Sep-05,2024-Feb-16,2023-Nov-30,2023-Nov-02,2023-Sep-22,2023-Aug-31,2023-Aug-25,2023-Aug-03
,,,,,,,,,,,,,,,,,,,,#N/A,2025-Apr-15,2024-Sep-05,2024-Feb-16,2023-Nov-30,2023-Nov-02,2023-Sep-22,2023-Aug-31,2023-Aug-25,2023-Aug-03
,,,,,,,,,,,,,,,,,,,,#N/A,2025-Apr-15,2024-Sep-05,2024-Feb-16,2023-Nov-30,2023-Nov-02,2023-Sep-22,2023-Aug-31,2023-Aug-25,2023-Aug-03
,,,,,,,,,,,,,,,,,,,,#N/A,2025-Apr-15,2024-Sep-05,2024-Feb-16,2023-Nov-30,2023-Nov-02,2023-Sep-22,2023-Aug-31,2023-Aug-25,2023-Aug-03
,,,,,,,,,,,,,,,,,,,,#N/A,2025-Apr-15,2024-Sep-05,2024-Feb-16,2023-Nov-30,2023-Nov-02,2023-Sep-22,2023-Aug-31,2023-Aug-25,2023-Aug-03
,,,,,,,,,,,,,,,,,,,,#N/A,2025-Apr-15,2024-Sep-05,2024-Feb-16,2023-Nov-30,2023-Nov-02,2023-Sep-22,2023-Aug-31,2023-Aug-25,2023-Aug-03
,,,,,,,,,,,,,,,,,,,,#N/A,2025-Apr-15,2024-Sep-05,2024-Feb-16,2023-Nov-30,2023-Nov-02,2023-Sep-22,2023-Aug-31,2023-Aug-25,2023-Aug-03
,,,,,,,,,,,,,,,,,,,,#N/A,2025-Apr-15,2024-Sep-05,2024-Feb-16,2023-Nov-30,2023-Nov-02,2023-Sep-22,2023-Aug-31,2023-Aug-25,2023-Aug-03
,,,,,,,,,,,,,,,,,,,,#N/A,2025-Apr-15,2024-Sep-05,2024-Feb-16,2023-Nov-30,2023-Nov-02,2023-Sep-22,2023-Aug-31,2023-Aug-25,2023-Aug-03
,,,,,,,,,,,,,,,,,,,,#N/A,2025-Apr-15,2024-Sep-05,2024-Feb-16,2023-Nov-30,2023-Nov-02,2023-Sep-22,2023-Aug-31,2023-Aug-25,2023-Aug-03
,,,,,,,,,,,,,,,,,,,,#N/A,2025-Apr-15,2024-Sep-05,2024-Feb-16,2023-Nov-30,2023-Nov-02,2023-Sep-22,2023-Aug-31,2023-Aug-25,2023-Aug-03
,,,,,,,,,,,,,,,,,,,,#N/A,2025-Apr-15,2024-Sep-05,2024-Feb-16,2023-Nov-30,2023-Nov-02,2023-Sep-22,2023-Aug-31,2023-Aug-25,2023-Aug-03
,,,,,,,,,,,,,,,,,,,,#N/A,2025-Apr-15,2024-Sep-05,2024-Feb-16,2023-Nov-30,2023-Nov-02,2023-Sep-22,2023-Aug-31,2023-Aug-25,2023-Aug-03
,,,,,,,,,,,,,,,,,,,,#N/A,2025-Apr-15,2024-Sep-05,2024-Feb-16,2023-Nov-30,2023-Nov-02,2023-Sep-22,2023-Aug-31,2023-Aug-25,2023-Aug-03
,,,,,,,,,,,,,,,,,,,,#N/A,2025-Apr-15,2024-Sep-05,2024-Feb-16,2023-Nov-30,2023-Nov-02,2023-Sep-22,2023-Aug-31,2023-Aug-25,2023-Aug-03
,,,,,,,,,,,,,,,,,,,,#N/A,2025-Apr-15,2024-Sep-05,2024-Feb-16,2023-Nov-30,2023-Nov-02,2023-Sep-22,2023-Aug-31,2023-Aug-25,2023-Aug-03
,,,,,,,,,,,,,,,,,,,,#N/A,2025-Apr-15,2024-Sep-05,2024-Feb-16,2023-Nov-30,2023-Nov-02,2023-Sep-22,2023-Aug-31,2023-Aug-25,2023-Aug-03
,,,,,,,,,,,,,,,,,,,,#N/A,2025-Apr-15,2024-Sep-05,2024-Feb-16,2023-Nov-30,2023-Nov-02,2023-Sep-22,2023-Aug-31,2023-Aug-25,2023-Aug-03
,,,,,,,,,,,,,,,,,,,,#N/A,2025-Apr-15,2024-Sep-05,2024-Feb-16,2023-Nov-30,2023-Nov-02,2023-Sep-22,2023-Aug-31,2023-Aug-25,2023-Aug-03
,,,,,,,,,,,,,,,,,,,,#N/A,2025-Apr-15,2024-Sep-05,2024-Feb-16,2023-Nov-30,2023-Nov-02,2023-Sep-22,2023-Aug-31,2023-Aug-25,2023-Aug-03
,,,,,,,,,,,,,,,,,,,,#N/A,2025-Apr-15,2024-Sep-05,2024-Feb-16,2023-Nov-30,2023-Nov-02,2023-Sep-22,2023-Aug-31,2023-Aug-25,2023-Aug-03
,,,,,,,,,,,,,,,,,,,,#N/A,2025-Apr-15,2024-Sep-05,2024-Feb-16,2023-Nov-30,2023-Nov-02,2023-Sep-22,2023-Aug-31,2023-Aug-25,2023-Aug-03
,,,,,,,,,,,,,,,,,,,,#N/A,2025-Apr-15,2024-Sep-05,2024-Feb-16,2023-Nov-30,2023-Nov-02,2023-Sep-22,2023-Aug-31,2023-Aug-25,2023-Aug-03
,,,,,,,,,,,,,,,,,,,,#N/A,2025-Apr-15,2024-Sep-05,2024-Feb-16,2023-Nov-30,2023-Nov-02,2023-Sep-22,2023-Aug-31,2023-Aug-25,2023-Aug-03
,,,,,,,,,,,,,,,,,,,,#N/A,2025-Apr-15,2024-Sep-05,2024-Feb-16,2023-Nov-30,2023-Nov-02,2023-Sep-22,2023-Aug-31,2023-Aug-25,2023-Aug-03
,,,,,,,,,,,,,,,,,,,,#N/A,2025-Apr-15,2024-Sep-05,2024-Feb-16,2023-Nov-30,2023-Nov-02,2023-Sep-22,2023-Aug-31,2023-Aug-25,2023-Aug-03
,,,,,,,,,,,,,,,,,,,,#N/A,2025-Apr-15,2024-Sep-05,2024-Feb-16,2023-Nov-30,2023-Nov-02,2023-Sep-22,2023-Aug-31,2023-Aug-25,2023-Aug-03
,,,,,,,,,,,,,,,,,,,,#N/A,2025-Apr-15,2024-Sep-05,2024-Feb-16,2023-Nov-30,2023-Nov-02,2023-Sep-22,2023-Aug-31,2023-Aug-25,2023-Aug-03
,,,,,,,,,,,,,,,,,,,,#N/A,2025-Apr-15,2024-Sep-05,2024-Feb-16,2023-Nov-30,2023-Nov-02,2023-Sep-22,2023-Aug-31,2023-Aug-25,2023-Aug-03
,,,,,,,,,,,,,,,,,,,,#N/A,2025-Apr-15,2024-Sep-05,2024-Feb-16,2023-Nov-30,2023-Nov-02,2023-Sep-22,2023-Aug-31,2023-Aug-25,2023-Aug-03
,,,,,,,,,,,,,,,,,,,,#N/A,2025-Apr-15,2024-Sep-05,2024-Feb-16,2023-Nov-30,2023-Nov-02,2023-Sep-22,2023-Aug-31,2023-Aug-25,2023-Aug-03
,,,,,,,,,,,,,,,,,,,,#N/A,2025-Apr-15,2024-Sep-05,2024-Feb-16,2023-Nov-30,2023-Nov-02,2023-Sep-22,2023-Aug-31,2023-Aug-25,2023-Aug-03
,,,,,,,,,,,,,,,,,,,,#N/A,2025-Apr-15,2024-Sep-05,2024-Feb-16,2023-Nov-30,2023-Nov-02,2023-Sep-22,2023-Aug-31,2023-Aug-25,2023-Aug-03
,,,,,,,,,,,,,,,,,,,,#N/A,2025-Apr-15,2024-Sep-05,2024-Feb-16,2023-Nov-30,2023-Nov-02,2023-Sep-22,2023-Aug-31,2023-Aug-25,2023-Aug-03
,,,,,,,,,,,,,,,,,,,,#N/A,2025-Apr-15,2024-Sep-05,2024-Feb-16,2023-Nov-30,2023-Nov-02,2023-Sep-22,2023-Aug-31,2023-Aug-25,2023-Aug-03
,,,,,,,,,,,,,,,,,,,,#N/A,2025-Apr-15,2024-Sep-05,2024-Feb-16,2023-Nov-30,2023-Nov-02,2023-Sep-22,2023-Aug-31,2023-Aug-25,2023-Aug-03
,,,,,,,,,,,,,,,,,,,,#N/A,2025-Apr-15,2024-Sep-05,2024-Feb-16,2023-Nov-30,2023-Nov-02,2023-Sep-22,2023-Aug-31,2023-Aug-25,2023-Aug-03
,,,,,,,,,,,,,,,,,,,,#N/A,2025-Apr-15,2024-Sep-05,2024-Feb-16,2023-Nov-30,2023-Nov-02,2023-Sep-22,2023-Aug-31,2023-Aug-25,2023-Aug-03
,,,,,,,,,,,,,,,,,,,,#N/A,2025-Apr-15,2024-Sep-05,2024-Feb-16,2023-Nov-30,2023-Nov-02,2023-Sep-22,2023-Aug-31,2023-Aug-25,2023-Aug-03
,,,,,,,,,,,,,,,,,,,,#N/A,2025-Apr-15,2024-Sep-05,2024-Feb-16,2023-Nov-30,2023-Nov-02,2023-Sep-22,2023-Aug-31,2023-Aug-25,2023-Aug-03
,,,,,,,,,,,,,,,,,,,,#N/A,2025-Apr-15,2024-Sep-05,2024-Feb-16,2023-Nov-30,2023-Nov-02,2023-Sep-22,2023-Aug-31,2023-Aug-25,2023-Aug-03
,,,,,,,,,,,,,,,,,,,,#N/A,2025-Apr-15,2024-Sep-05,2024-Feb-16,2023-Nov-30,2023-Nov-02,2023-Sep-22,2023-Aug-31,2023-Aug-25,2023-Aug-03
,,,,,,,,,,,,,,,,,,,,#N/A,2025-Apr-15,2024-Sep-05,2024-Feb-16,2023-Nov-30,2023-Nov-02,2023-Sep-22,2023-Aug-31,2023-Aug-25,2023-Aug-03
,,,,,,,,,,,,,,,,,,,,#N/A,2025-Apr-15,2024-Sep-05,2024-Feb-16,2023-Nov-30,2023-Nov-02,2023-Sep-22,2023-Aug-31,2023-Aug-25,2023-Aug-03
,,,,,,,,,,,,,,,,,,,,#N/A,2025-Apr-15,2024-Sep-05,2024-Feb-16,2023-Nov-30,2023-Nov-02,2023-Sep-22,2023-Aug-31,2023-Aug-25,2023-Aug-03
,,,,,,,,,,,,,,,,,,,,#N/A,2025-Apr-15,2024-Sep-05,2024-Feb-16,2023-Nov-30,2023-Nov-02,2023-Sep-22,2023-Aug-31,2023-Aug-25,2023-Aug-03
,,,,,,,,,,,,,,,,,,,,#N/A,2025-Apr-15,2024-Sep-05,2024-Feb-16,2023-Nov-30,2023-Nov-02,2023-Sep-22,2023-Aug-31,2023-Aug-25,2023-Aug-03
,,,,,,,,,,,,,,,,,,,,#N/A,2025-Apr-15,2024-Sep-05,2024-Feb-16,2023-Nov-30,2023-Nov-02,2023-Sep-22,2023-Aug-31,2023-Aug-25,2023-Aug-03
,,,,,,,,,,,,,,,,,,,,#N/A,2025-Apr-15,2024-Sep-05,2024-Feb-16,2023-Nov-30,2023-Nov-02,2023-Sep-22,2023-Aug-31,2023-Aug-25,2023-Aug-03
,,,,,,,,,,,,,,,,,,,,#N/A,2025-Apr-15,2024-Sep-05,2024-Feb-16,2023-Nov-30,2023-Nov-02,2023-Sep-22,2023-Aug-31,2023-Aug-25,2023-Aug-03
,,,,,,,,,,,,,,,,,,,,#N/A,2025-Apr-15,2024-Sep-05,2024-Feb-16,2023-Nov-30,2023-Nov-02,2023-Sep-22,2023-Aug-31,2023-Aug-25,2023-Aug-03
,,,,,,,,,,,,,,,,,,,,#N/A,2025-Apr-15,2024-Sep-05,2024-Feb-16,2023-Nov-30,2023-Nov-02,2023-Sep-22,2023-Aug-31,2023-Aug-25,2023-Aug-03
,,,,,,,,,,,,,,,,,,,,#N/A,2025-Apr-15,2024-Sep-05,2024-Feb-16,2023-Nov-30,2023-Nov-02,2023-Sep-22,2023-Aug-31,2023-Aug-25,2023-Aug-03
,,,,,,,,,,,,,,,,,,,,#N/A,2025-Apr-15,2024-Sep-05,2024-Feb-16,2023-Nov-30,2023-Nov-02,2023-Sep-22,2023-Aug-31,2023-Aug-25,2023-Aug-03
,,,,,,,,,,,,,,,,,,,,#N/A,2025-Apr-15,2024-Sep-05,2024-Feb-16,2023-Nov-30,2023-Nov-02,2023-Sep-22,2023-Aug-31,2023-Aug-25,2023-Aug-03
,,,,,,,,,,,,,,,,,,,,#N/A,2025-Apr-15,2024-Sep-05,2024-Feb-16,2023-Nov-30,2023-Nov-02,2023-Sep-22,2023-Aug-31,2023-Aug-25,2023-Aug-03
,,,,,,,,,,,,,,,,,,,,#N/A,2025-Apr-15,2024-Sep-05,2024-Feb-16,2023-Nov-30,2023-Nov-02,2023-Sep-22,2023-Aug-31,2023-Aug-25,2023-Aug-03
,,,,,,,,,,,,,,,,,,,,#N/A,2025-Apr-15,2024-Sep-05,2024-Feb-16,2023-Nov-30,2023-Nov-02,2023-Sep-22,2023-Aug-31,2023-Aug-25,2023-Aug-03
,,,,,,,,,,,,,,,,,,,,#N/A,2025-Apr-15,2024-Sep-05,2024-Feb-16,2023-Nov-30,2023-Nov-02,2023-Sep-22,2023-Aug-31,2023-Aug-25,2023-Aug-03
,,,,,,,,,,,,,,,,,,,,#N/A,2025-Apr-15,2024-Sep-05,2024-Feb-16,2023-Nov-30,2023-Nov-02,2023-Sep-22,2023-Aug-31,2023-Aug-25,2023-Aug-03
,,,,,,,,,,,,,,,,,,,,#N/A,2025-Apr-15,2024-Sep-05,2024-Feb-16,2023-Nov-30,2023-Nov-02,2023-Sep-22,2023-Aug-31,2023-Aug-25,2023-Aug-03
,,,,,,,,,,,,,,,,,,,,#N/A,2025-Apr-15,2024-Sep-05,2024-Feb-16,2023-Nov-30,2023-Nov-02,2023-Sep-22,2023-Aug-31,2023-Aug-25,2023-Aug-03
,,,,,,,,,,,,,,,,,,,,#N/A,2025-Apr-15,2024-Sep-05,2024-Feb-16,2023-Nov-30,2023-Nov-02,2023-Sep-22,2023-Aug-31,2023-Aug-25,2023-Aug-03
,,,,,,,,,,,,,,,,,,,,#N/A,2025-Apr-15,2024-Sep-05,2024-Feb-16,2023-Nov-30,2023-Nov-02,2023-Sep-22,2023-Aug-31,2023-Aug-25,2023-Aug-03
,,,,,,,,,,,,,,,,,,,,#N/A,2025-Apr-15,2024-Sep-05,2024-Feb-16,2023-Nov-30,2023-Nov-02,2023-Sep-22,2023-Aug-31,2023-Aug-25,2023-Aug-03
,,,,,,,,,,,,,,,,,,,,#N/A,2025-Apr-15,2024-Sep-05,2024-Feb-16,2023-Nov-30,2023-Nov-02,2023-Sep-22,2023-Aug-31,2023-Aug-25,2023-Aug-03
,,,,,,,,,,,,,,,,,,,,#N/A,2025-Apr-15,2024-Sep-05,2024-Feb-16,2023-Nov-30,2023-Nov-02,2023-Sep-22,2023-Aug-31,2023-Aug-25,2023-Aug-03
,,,,,,,,,,,,,,,,,,,,#N/A,2025-Apr-15,2024-Sep-05,2024-Feb-16,2023-Nov-30,2023-Nov-02,2023-Sep-22,2023-Aug-31,2023-Aug-25,2023-Aug-03
,,,,,,,,,,,,,,,,,,,,#N/A,2025-Apr-15,2024-Sep-05,2024-Feb-16,2023-Nov-30,2023-Nov-02,2023-Sep-22,2023-Aug-31,2023-Aug-25,2023-Aug-03
,,,,,,,,,,,,,,,,,,,,#N/A,2025-Apr-15,2024-Sep-05,2024-Feb-16,2023-Nov-30,2023-Nov-02,2023-Sep-22,2023-Aug-31,2023-Aug-25,2023-Aug-03
,,,,,,,,,,,,,,,,,,,,#N/A,2025-Apr-15,2024-Sep-05,2024-Feb-16,2023-Nov-30,2023-Nov-02,2023-Sep-22,2023-Aug-31,2023-Aug-25,2023-Aug-03
,,,,,,,,,,,,,,,,,,,,#N/A,2025-Apr-15,2024-Sep-05,2024-Feb-16,2023-Nov-30,2023-Nov-02,2023-Sep-22,2023-Aug-31,2023-Aug-25,2023-Aug-03
,,,,,,,,,,,,,,,,,,,,#N/A,2025-Apr-15,2024-Sep-05,2024-Feb-16,2023-Nov-30,2023-Nov-02,2023-Sep-22,2023-Aug-31,2023-Aug-25,2023-Aug-03
,,,,,,,,,,,,,,,,,,,,#N/A,2025-Apr-15,2024-Sep-05,2024-Feb-16,2023-Nov-30,2023-Nov-02,2023-Sep-22,2023-Aug-31,2023-Aug-25,2023-Aug-03
,,,,,,,,,,,,,,,,,,,,#N/A,2025-Apr-15,2024-Sep-05,2024-Feb-16,2023-Nov-30,2023-Nov-02,2023-Sep-22,2023-Aug-31,2023-Aug-25,2023-Aug-03
,,,,,,,,,,,,,,,,,,,,#N/A,2025-Apr-15,2024-Sep-05,2024-Feb-16,2023-Nov-30,2023-Nov-02,2023-Sep-22,2023-Aug-31,2023-Aug-25,2023-Aug-03
,,,,,,,,,,,,,,,,,,,,#N/A,2025-Apr-15,2024-Sep-05,2024-Feb-16,2023-Nov-30,2023-Nov-02,2023-Sep-22,2023-Aug-31,2023-Aug-25,2023-Aug-03
,,,,,,,,,,,,,,,,,,,,#N/A,2025-Apr-15,2024-Sep-05,2024-Feb-16,2023-Nov-30,2023-Nov-02,2023-Sep-22,2023-Aug-31,2023-Aug-25,2023-Aug-03
,,,,,,,,,,,,,,,,,,,,#N/A,2025-Apr-15,2024-Sep-05,2024-Feb-16,2023-Nov-30,2023-Nov-02,2023-Sep-22,2023-Aug-31,2023-Aug-25,2023-Aug-03
,,,,,,,,,,,,,,,,,,,,#N/A,2025-Apr-15,2024-Sep-05,2024-Feb-16,2023-Nov-30,2023-Nov-02,2023-Sep-22,2023-Aug-31,2023-Aug-25,2023-Aug-03
,,,,,,,,,,,,,,,,,,,,#N/A,2025-Apr-15,2024-Sep-05,2024-Feb-16,2023-Nov-30,2023-Nov-02,2023-Sep-22,2023-Aug-31,2023-Aug-25,2023-Aug-03
,,,,,,,,,,,,,,,,,,,,#N/A,2025-Apr-15,2024-Sep-05,2024-Feb-16,2023-Nov-30,2023-Nov-02,2023-Sep-22,2023-Aug-31,2023-Aug-25,2023-Aug-03
,,,,,,,,,,,,,,,,,,,,#N/A,2025-Apr-15,2024-Sep-05,2024-Feb-16,2023-Nov-30,2023-Nov-02,2023-Sep-22,2023-Aug-31,2023-Aug-25,2023-Aug-03
,,,,,,,,,,,,,,,,,,,,#N/A,2025-Apr-15,2024-Sep-05,2024-Feb-16,2023-Nov-30,2023-Nov-02,2023-Sep-22,2023-Aug-31,2023-Aug-25,2023-Aug-03
,,,,,,,,,,,,,,,,,,,,#N/A,2025-Apr-15,2024-Sep-05,2024-Feb-16,2023-Nov-30,2023-Nov-02,2023-Sep-22,2023-Aug-31,2023-Aug-25,2023-Aug-03
,,,,,,,,,,,,,,,,,,,,#N/A,2025-Apr-15,2024-Sep-05,2024-Feb-16,2023-Nov-30,2023-Nov-02,2023-Sep-22,2023-Aug-31,2023-Aug-25,2023-Aug-03
,,,,,,,,,,,,,,,,,,,,#N/A,2025-Apr-15,2024-Sep-05,2024-Feb-16,2023-Nov-30,2023-Nov-02,2023-Sep-22,2023-Aug-31,2023-Aug-25,2023-Aug-03
,,,,,,,,,,,,,,,,,,,,#N/A,2025-Apr-15,2024-Sep-05,2024-Feb-16,2023-Nov-30,2023-Nov-02,2023-Sep-22,2023-Aug-31,2023-Aug-25,2023-Aug-03
,,,,,,,,,,,,,,,,,,,,#N/A,2025-Apr-15,2024-Sep-05,2024-Feb-16,2023-Nov-30,2023-Nov-02,2023-Sep-22,2023-Aug-31,2023-Aug-25,2023-Aug-03
,,,,,,,,,,,,,,,,,,,,#N/A,2025-Apr-15,2024-Sep-05,2024-Feb-16,2023-Nov-30,2023-Nov-02,2023-Sep-22,2023-Aug-31,2023-Aug-25,2023-Aug-03
,,,,,,,,,,,,,,,,,,,,#N/A,2025-Apr-15,2024-Sep-05,2024-Feb-16,2023-Nov-30,2023-Nov-02,2023-Sep-22,2023-Aug-31,2023-Aug-25,2023-Aug-03
,,,,,,,,,,,,,,,,,,,,#N/A,2025-Apr-15,2024-Sep-05,2024-Feb-16,2023-Nov-30,2023-Nov-02,2023-Sep-22,2023-Aug-31,2023-Aug-25,2023-Aug-03
,,,,,,,,,,,,,,,,,,,,#N/A,2025-Apr-15,2024-Sep-05,2024-Feb-16,2023-Nov-30,2023-Nov-02,2023-Sep-22,2023-Aug-31,2023-Aug-25,2023-Aug-03
,,,,,,,,,,,,,,,,,,,,#N/A,2025-Apr-15,2024-Sep-05,2024-Feb-16,2023-Nov-30,2023-Nov-02,2023-Sep-22,2023-Aug-31,2023-Aug-25,2023-Aug-03
,,,,,,,,,,,,,,,,,,,,#N/A,2025-Apr-15,2024-Sep-05,2024-Feb-16,2023-Nov-30,2023-Nov-02,2023-Sep-22,2023-Aug-31,2023-Aug-25,2023-Aug-03
,,,,,,,,,,,,,,,,,,,,#N/A,2025-Apr-15,2024-Sep-05,2024-Feb-16,2023-Nov-30,2023-Nov-02,2023-Sep-22,2023-Aug-31,2023-Aug-25,2023-Aug-03
,,,,,,,,,,,,,,,,,,,,#N/A,2025-Apr-15,2024-Sep-05,2024-Feb-16,2023-Nov-30,2023-Nov-02,2023-Sep-22,2023-Aug-31,2023-Aug-25,2023-Aug-03
,,,,,,,,,,,,,,,,,,,,#N/A,2025-Apr-15,2024-Sep-05,2024-Feb-16,2023-Nov-30,2023-Nov-02,2023-Sep-22,2023-Aug-31,2023-Aug-25,2023-Aug-03
,,,,,,,,,,,,,,,,,,,,#N/A,2025-Apr-15,2024-Sep-05,2024-Feb-16,2023-Nov-30,2023-Nov-02,2023-Sep-22,2023-Aug-31,2023-Aug-25,2023-Aug-03
,,,,,,,,,,,,,,,,,,,,#N/A,2025-Apr-15,2024-Sep-05,2024-Feb-16,2023-Nov-30,2023-Nov-02,2023-Sep-22,2023-Aug-31,2023-Aug-25,2023-Aug-03
,,,,,,,,,,,,,,,,,,,,#N/A,2025-Apr-15,2024-Sep-05,2024-Feb-16,2023-Nov-30,2023-Nov-02,2023-Sep-22,2023-Aug-31,2023-Aug-25,2023-Aug-03
,,,,,,,,,,,,,,,,,,,,#N/A,2025-Apr-15,2024-Sep-05,2024-Feb-16,2023-Nov-30,2023-Nov-02,2023-Sep-22,2023-Aug-31,2023-Aug-25,2023-Aug-03
,,,,,,,,,,,,,,,,,,,,#N/A,2025-Apr-15,2024-Sep-05,2024-Feb-16,2023-Nov-30,2023-Nov-02,2023-Sep-22,2023-Aug-31,2023-Aug-25,2023-Aug-03
,,,,,,,,,,,,,,,,,,,,#N/A,2025-Apr-15,2024-Sep-05,2024-Feb-16,2023-Nov-30,2023-Nov-02,2023-Sep-22,2023-Aug-31,2023-Aug-25,2023-Aug-03
,,,,,,,,,,,,,,,,,,,,#N/A,2025-Apr-15,2024-Sep-05,2024-Feb-16,2023-Nov-30,2023-Nov-02,2023-Sep-22,2023-Aug-31,2023-Aug-25,2023-Aug-03
,,,,,,,,,,,,,,,,,,,,#N/A,2025-Apr-15,2024-Sep-05,2024-Feb-16,2023-Nov-30,2023-Nov-02,2023-Sep-22,2023-Aug-31,2023-Aug-25,2023-Aug-03
,,,,,,,,,,,,,,,,,,,,#N/A,2025-Apr-15,2024-Sep-05,2024-Feb-16,2023-Nov-30,2023-Nov-02,2023-Sep-22,2023-Aug-31,2023-Aug-25,2023-Aug-03
,,,,,,,,,,,,,,,,,,,,#N/A,2025-Apr-15,2024-Sep-05,2024-Feb-16,2023-Nov-30,2023-Nov-02,2023-Sep-22,2023-Aug-31,2023-Aug-25,2023-Aug-03
,,,,,,,,,,,,,,,,,,,,#N/A,2025-Apr-15,2024-Sep-05,2024-Feb-16,2023-Nov-30,2023-Nov-02,2023-Sep-22,2023-Aug-31,2023-Aug-25,2023-Aug-03
,,,,,,,,,,,,,,,,,,,,#N/A,2025-Apr-15,2024-Sep-05,2024-Feb-16,2023-Nov-30,2023-Nov-02,2023-Sep-22,2023-Aug-31,2023-Aug-25,2023-Aug-03
,,,,,,,,,,,,,,,,,,,,#N/A,2025-Apr-15,2024-Sep-05,2024-Feb-16,2023-Nov-30,2023-Nov-02,2023-Sep-22,2023-Aug-31,2023-Aug-25,2023-Aug-03
,,,,,,,,,,,,,,,,,,,,#N/A,2025-Apr-15,2024-Sep-05,2024-Feb-16,2023-Nov-30,2023-Nov-02,2023-Sep-22,2023-Aug-31,2023-Aug-25,2023-Aug-03
,,,,,,,,,,,,,,,,,,,,#N/A,2025-Apr-15,2024-Sep-05,2024-Feb-16,2023-Nov-30,2023-Nov-02,2023-Sep-22,2023-Aug-31,2023-Aug-25,2023-Aug-03
,,,,,,,,,,,,,,,,,,,,#N/A,2025-Apr-15,2024-Sep-05,2024-Feb-16,2023-Nov-30,2023-Nov-02,2023-Sep-22,2023-Aug-31,2023-Aug-25,2023-Aug-03
,,,,,,,,,,,,,,,,,,,,#N/A,2025-Apr-15,2024-Sep-05,2024-Feb-16,2023-Nov-30,2023-Nov-02,2023-Sep-22,2023-Aug-31,2023-Aug-25,2023-Aug-03
,,,,,,,,,,,,,,,,,,,,#N/A,2025-Apr-15,2024-Sep-05,2024-Feb-16,2023-Nov-30,2023-Nov-02,2023-Sep-22,2023-Aug-31,2023-Aug-25,2023-Aug-03
,,,,,,,,,,,,,,,,,,,,#N/A,2025-Apr-15,2024-Sep-05,2024-Feb-16,2023-Nov-30,2023-Nov-02,2023-Sep-22,2023-Aug-31,2023-Aug-25,2023-Aug-03
,,,,,,,,,,,,,,,,,,,,#N/A,2025-Apr-15,2024-Sep-05,2024-Feb-16,2023-Nov-30,2023-Nov-02,2023-Sep-22,2023-Aug-31,2023-Aug-25,2023-Aug-03
,,,,,,,,,,,,,,,,,,,,#N/A,2025-Apr-15,2024-Sep-05,2024-Feb-16,2023-Nov-30,2023-Nov-02,2023-Sep-22,2023-Aug-31,2023-Aug-25,2023-Aug-03
,,,,,,,,,,,,,,,,,,,,#N/A,2025-Apr-15,2024-Sep-05,2024-Feb-16,2023-Nov-30,2023-Nov-02,2023-Sep-22,2023-Aug-31,2023-Aug-25,2023-Aug-03
,,,,,,,,,,,,,,,,,,,,#N/A,2025-Apr-15,2024-Sep-05,2024-Feb-16,2023-Nov-30,2023-Nov-02,2023-Sep-22,2023-Aug-31,2023-Aug-25,2023-Aug-03
,,,,,,,,,,,,,,,,,,,,#N/A,2025-Apr-15,2024-Sep-05,2024-Feb-16,2023-Nov-30,2023-Nov-02,2023-Sep-22,2023-Aug-31,2023-Aug-25,2023-Aug-03
,,,,,,,,,,,,,,,,,,,,#N/A,2025-Apr-15,2024-Sep-05,2024-Feb-16,2023-Nov-30,2023-Nov-02,2023-Sep-22,2023-Aug-31,2023-Aug-25,2023-Aug-03
,,,,,,,,,,,,,,,,,,,,#N/A,2025-Apr-15,2024-Sep-05,2024-Feb-16,2023-Nov-30,2023-Nov-02,2023-Sep-22,2023-Aug-31,2023-Aug-25,2023-Aug-03
,,,,,,,,,,,,,,,,,,,,#N/A,2025-Apr-15,2024-Sep-05,2024-Feb-16,2023-Nov-30,2023-Nov-02,2023-Sep-22,2023-Aug-31,2023-Aug-25,2023-Aug-03
,,,,,,,,,,,,,,,,,,,,#N/A,2025-Apr-15,2024-Sep-05,2024-Feb-16,2023-Nov-30,2023-Nov-02,2023-Sep-22,2023-Aug-31,2023-Aug-25,2023-Aug-03
,,,,,,,,,,,,,,,,,,,,#N/A,2025-Apr-15,2024-Sep-05,2024-Feb-16,2023-Nov-30,2023-Nov-02,2023-Sep-22,2023-Aug-31,2023-Aug-25,2023-Aug-03
,,,,,,,,,,,,,,,,,,,,#N/A,2025-Apr-15,2024-Sep-05,2024-Feb-16,2023-Nov-30,2023-Nov-02,2023-Sep-22,2023-Aug-31,2023-Aug-25,2023-Aug-03
,,,,,,,,,,,,,,,,,,,,#N/A,2025-Apr-15,2024-Sep-05,2024-Feb-16,2023-Nov-30,2023-Nov-02,2023-Sep-22,2023-Aug-31,2023-Aug-25,2023-Aug-03
,,,,,,,,,,,,,,,,,,,,#N/A,2025-Apr-15,2024-Sep-05,2024-Feb-16,2023-Nov-30,2023-Nov-02,2023-Sep-22,2023-Aug-31,2023-Aug-25,2023-Aug-03
,,,,,,,,,,,,,,,,,,,,#N/A,2025-Apr-15,2024-Sep-05,2024-Feb-16,2023-Nov-30,2023-Nov-02,2023-Sep-22,2023-Aug-31,2023-Aug-25,2023-Aug-03
,,,,,,,,,,,,,,,,,,,,#N/A,2025-Apr-15,2024-Sep-05,2024-Feb-16,2023-Nov-30,2023-Nov-02,2023-Sep-22,2023-Aug-31,2023-Aug-25,2023-Aug-03
,,,,,,,,,,,,,,,,,,,,#N/A,2025-Apr-15,2024-Sep-05,2024-Feb-16,2023-Nov-30,2023-Nov-02,2023-Sep-22,2023-Aug-31,2023-Aug-25,2023-Aug-03
,,,,,,,,,,,,,,,,,,,,#N/A,2025-Apr-15,2024-Sep-05,2024-Feb-16,2023-Nov-30,2023-Nov-02,2023-Sep-22,2023-Aug-31,2023-Aug-25,2023-Aug-03
,,,,,,,,,,,,,,,,,,,,#N/A,2025-Apr-15,2024-Sep-05,2024-Feb-16,2023-Nov-30,2023-Nov-02,2023-Sep-22,2023-Aug-31,2023-Aug-25,2023-Aug-03
,,,,,,,,,,,,,,,,,,,,#N/A,2025-Apr-15,2024-Sep-05,2024-Feb-16,2023-Nov-30,2023-Nov-02,2023-Sep-22,2023-Aug-31,2023-Aug-25,2023-Aug-03
,,,,,,,,,,,,,,,,,,,,#N/A,2025-Apr-15,2024-Sep-05,2024-Feb-16,2023-Nov-30,2023-Nov-02,2023-Sep-22,2023-Aug-31,2023-Aug-25,2023-Aug-03
,,,,,,,,,,,,,,,,,,,,#N/A,2025-Apr-15,2024-Sep-05,2024-Feb-16,2023-Nov-30,2023-Nov-02,2023-Sep-22,2023-Aug-31,2023-Aug-25,2023-Aug-03
,,,,,,,,,,,,,,,,,,,,#N/A,2025-Apr-15,2024-Sep-05,2024-Feb-16,2023-Nov-30,2023-Nov-02,2023-Sep-22,2023-Aug-31,2023-Aug-25,2023-Aug-03
,,,,,,,,,,,,,,,,,,,,#N/A,2025-Apr-15,2024-Sep-05,2024-Feb-16,2023-Nov-30,2023-Nov-02,2023-Sep-22,2023-Aug-31,2023-Aug-25,2023-Aug-03
,,,,,,,,,,,,,,,,,,,,#N/A,2025-Apr-15,2024-Sep-05,2024-Feb-16,2023-Nov-30,2023-Nov-02,2023-Sep-22,2023-Aug-31,2023-Aug-25,2023-Aug-03
,,,,,,,,,,,,,,,,,,,,#N/A,2025-Apr-15,2024-Sep-05,2024-Feb-16,2023-Nov-30,2023-Nov-02,2023-Sep-22,2023-Aug-31,2023-Aug-25,2023-Aug-03
,,,,,,,,,,,,,,,,,,,,#N/A,2025-Apr-15,2024-Sep-05,2024-Feb-16,2023-Nov-30,2023-Nov-02,2023-Sep-22,2023-Aug-31,2023-Aug-25,2023-Aug-03
,,,,,,,,,,,,,,,,,,,,#N/A,2025-Apr-15,2024-Sep-05,2024-Feb-16,2023-Nov-30,2023-Nov-02,2023-Sep-22,2023-Aug-31,2023-Aug-25,2023-Aug-03
,,,,,,,,,,,,,,,,,,,,#N/A,2025-Apr-15,2024-Sep-05,2024-Feb-16,2023-Nov-30,2023-Nov-02,2023-Sep-22,2023-Aug-31,2023-Aug-25,2023-Aug-03
,,,,,,,,,,,,,,,,,,,,#N/A,2025-Apr-15,2024-Sep-05,2024-Feb-16,2023-Nov-30,2023-Nov-02,2023-Sep-22,2023-Aug-31,2023-Aug-25,2023-Aug-03
,,,,,,,,,,,,,,,,,,,,#N/A,2025-Apr-15,2024-Sep-05,2024-Feb-16,2023-Nov-30,2023-Nov-02,2023-Sep-22,2023-Aug-31,2023-Aug-25,2023-Aug-03
,,,,,,,,,,,,,,,,,,,,#N/A,2025-Apr-15,2024-Sep-05,2024-Feb-16,2023-Nov-30,2023-Nov-02,2023-Sep-22,2023-Aug-31,2023-Aug-25,2023-Aug-03
,,,,,,,,,,,,,,,,,,,,#N/A,2025-Apr-15,2024-Sep-05,2024-Feb-16,2023-Nov-30,2023-Nov-02,2023-Sep-22,2023-Aug-31,2023-Aug-25,2023-Aug-03
,,,,,,,,,,,,,,,,,,,,#N/A,2025-Apr-15,2024-Sep-05,2024-Feb-16,2023-Nov-30,2023-Nov-02,2023-Sep-22,2023-Aug-31,2023-Aug-25,2023-Aug-03
,,,,,,,,,,,,,,,,,,,,#N/A,2025-Apr-15,2024-Sep-05,2024-Feb-16,2023-Nov-30,2023-Nov-02,2023-Sep-22,2023-Aug-31,2023-Aug-25,2023-Aug-03
,,,,,,,,,,,,,,,,,,,,#N/A,2025-Apr-15,2024-Sep-05,2024-Feb-16,2023-Nov-30,2023-Nov-02,2023-Sep-22,2023-Aug-31,2023-Aug-25,2023-Aug-03
,,,,,,,,,,,,,,,,,,,,#N/A,2025-Apr-15,2024-Sep-05,2024-Feb-16,2023-Nov-30,2023-Nov-02,2023-Sep-22,2023-Aug-31,2023-Aug-25,2023-Aug-03
,,,,,,,,,,,,,,,,,,,,#N/A,2025-Apr-15,2024-Sep-05,2024-Feb-16,2023-Nov-30,2023-Nov-02,2023-Sep-22,2023-Aug-31,2023-Aug-25,2023-Aug-03
,,,,,,,,,,,,,,,,,,,,#N/A,2025-Apr-15,2024-Sep-05,2024-Feb-16,2023-Nov-30,2023-Nov-02,2023-Sep-22,2023-Aug-31,2023-Aug-25,2023-Aug-03
,,,,,,,,,,,,,,,,,,,,#N/A,2025-Apr-15,2024-Sep-05,2024-Feb-16,2023-Nov-30,2023-Nov-02,2023-Sep-22,2023-Aug-31,2023-Aug-25,2023-Aug-03
,,,,,,,,,,,,,,,,,,,,#N/A,2025-Apr-15,2024-Sep-05,2024-Feb-16,2023-Nov-30,2023-Nov-02,2023-Sep-22,2023-Aug-31,2023-Aug-25,2023-Aug-03
,,,,,,,,,,,,,,,,,,,,#N/A,2025-Apr-15,2024-Sep-05,2024-Feb-16,2023-Nov-30,2023-Nov-02,2023-Sep-22,2023-Aug-31,2023-Aug-25,2023-Aug-03
,,,,,,,,,,,,,,,,,,,,#N/A,2025-Apr-15,2024-Sep-05,2024-Feb-16,2023-Nov-30,2023-Nov-02,2023-Sep-22,2023-Aug-31,2023-Aug-25,2023-Aug-03
,,,,,,,,,,,,,,,,,,,,#N/A,2025-Apr-15,2024-Sep-05,2024-Feb-16,2023-Nov-30,2023-Nov-02,2023-Sep-22,2023-Aug-31,2023-Aug-25,2023-Aug-03
,,,,,,,,,,,,,,,,,,,,#N/A,2025-Apr-15,2024-Sep-05,2024-Feb-16,2023-Nov-30,2023-Nov-02,2023-Sep-22,2023-Aug-31,2023-Aug-25,2023-Aug-03
,,,,,,,,,,,,,,,,,,,,#N/A,2025-Apr-15,2024-Sep-05,2024-Feb-16,2023-Nov-30,2023-Nov-02,2023-Sep-22,2023-Aug-31,2023-Aug-25,2023-Aug-03
,,,,,,,,,,,,,,,,,,,,#N/A,2025-Apr-15,2024-Sep-05,2024-Feb-16,2023-Nov-30,2023-Nov-02,2023-Sep-22,2023-Aug-31,2023-Aug-25,2023-Aug-03
,,,,,,,,,,,,,,,,,,,,#N/A,2025-Apr-15,2024-Sep-05,2024-Feb-16,2023-Nov-30,2023-Nov-02,2023-Sep-22,2023-Aug-31,2023-Aug-25,2023-Aug-03
,,,,,,,,,,,,,,,,,,,,#N/A,2025-Apr-15,2024-Sep-05,2024-Feb-16,2023-Nov-30,2023-Nov-02,2023-Sep-22,2023-Aug-31,2023-Aug-25,2023-Aug-03
,,,,,,,,,,,,,,,,,,,,#N/A,2025-Apr-15,2024-Sep-05,2024-Feb-16,2023-Nov-30,2023-Nov-02,2023-Sep-22,2023-Aug-31,2023-Aug-25,2023-Aug-03
,,,,,,,,,,,,,,,,,,,,#N/A,2025-Apr-15,2024-Sep-05,2024-Feb-16,2023-Nov-30,2023-Nov-02,2023-Sep-22,2023-Aug-31,2023-Aug-25,2023-Aug-03
,,,,,,,,,,,,,,,,,,,,#N/A,2025-Apr-15,2024-Sep-05,2024-Feb-16,2023-Nov-30,2023-Nov-02,2023-Sep-22,2023-Aug-31,2023-Aug-25,2023-Aug-03
,,,,,,,,,,,,,,,,,,,,#N/A,2025-Apr-15,2024-Sep-05,2024-Feb-16,2023-Nov-30,2023-Nov-02,2023-Sep-22,2023-Aug-31,2023-Aug-25,2023-Aug-03
,,,,,,,,,,,,,,,,,,,,#N/A,2025-Apr-15,2024-Sep-05,2024-Feb-16,2023-Nov-30,2023-Nov-02,2023-Sep-22,2023-Aug-31,2023-Aug-25,2023-Aug-03
,,,,,,,,,,,,,,,,,,,,#N/A,2025-Apr-15,2024-Sep-05,2024-Feb-16,2023-Nov-30,2023-Nov-02,2023-Sep-22,2023-Aug-31,2023-Aug-25,2023-Aug-03
,,,,,,,,,,,,,,,,,,,,#N/A,2025-Apr-15,2024-Sep-05,2024-Feb-16,2023-Nov-30,2023-Nov-02,2023-Sep-22,2023-Aug-31,2023-Aug-25,2023-Aug-03
,,,,,,,,,,,,,,,,,,,,#N/A,2025-Apr-15,2024-Sep-05,2024-Feb-16,2023-Nov-30,2023-Nov-02,2023-Sep-22,2023-Aug-31,2023-Aug-25,2023-Aug-03
,,,,,,,,,,,,,,,,,,,,#N/A,2025-Apr-15,2024-Sep-05,2024-Feb-16,2023-Nov-30,2023-Nov-02,2023-Sep-22,2023-Aug-31,2023-Aug-25,2023-Aug-03
,,,,,,,,,,,,,,,,,,,,#N/A,2025-Apr-15,2024-Sep-05,2024-Feb-16,2023-Nov-30,2023-Nov-02,2023-Sep-22,2023-Aug-31,2023-Aug-25,2023-Aug-03
,,,,,,,,,,,,,,,,,,,,#N/A,2025-Apr-15,2024-Sep-05,2024-Feb-16,2023-Nov-30,2023-Nov-02,2023-Sep-22,2023-Aug-31,2023-Aug-25,2023-Aug-03
,,,,,,,,,,,,,,,,,,,,#N/A,2025-Apr-15,2024-Sep-05,2024-Feb-16,2023-Nov-30,2023-Nov-02,2023-Sep-22,2023-Aug-31,2023-Aug-25,2023-Aug-03
,,,,,,,,,,,,,,,,,,,,#N/A,2025-Apr-15,2024-Sep-05,2024-Feb-16,2023-Nov-30,2023-Nov-02,2023-Sep-22,2023-Aug-31,2023-Aug-25,2023-Aug-03
,,,,,,,,,,,,,,,,,,,,#N/A,2025-Apr-15,2024-Sep-05,2024-Feb-16,2023-Nov-30,2023-Nov-02,2023-Sep-22,2023-Aug-31,2023-Aug-25,2023-Aug-03
,,,,,,,,,,,,,,,,,,,,#N/A,2025-Apr-15,2024-Sep-05,2024-Feb-16,2023-Nov-30,2023-Nov-02,2023-Sep-22,2023-Aug-31,2023-Aug-25,2023-Aug-03
,,,,,,,,,,,,,,,,,,,,#N/A,2025-Apr-15,2024-Sep-05,2024-Feb-16,2023-Nov-30,2023-Nov-02,2023-Sep-22,2023-Aug-31,2023-Aug-25,2023-Aug-03
,,,,,,,,,,,,,,,,,,,,#N/A,2025-Apr-15,2024-Sep-05,2024-Feb-16,2023-Nov-30,2023-Nov-02,2023-Sep-22,2023-Aug-31,2023-Aug-25,2023-Aug-03
,,,,,,,,,,,,,,,,,,,,#N/A,2025-Apr-15,2024-Sep-05,2024-Feb-16,2023-Nov-30,2023-Nov-02,2023-Sep-22,2023-Aug-31,2023-Aug-25,2023-Aug-03
,,,,,,,,,,,,,,,,,,,,#N/A,2025-Apr-15,2024-Sep-05,2024-Feb-16,2023-Nov-30,2023-Nov-02,2023-Sep-22,2023-Aug-31,2023-Aug-25,2023-Aug-03
,,,,,,,,,,,,,,,,,,,,#N/A,2025-Apr-15,2024-Sep-05,2024-Feb-16,2023-Nov-30,2023-Nov-02,2023-Sep-22,2023-Aug-31,2023-Aug-25,2023-Aug-03
,,,,,,,,,,,,,,,,,,,,#N/A,2025-Apr-15,2024-Sep-05,2024-Feb-16,2023-Nov-30,2023-Nov-02,2023-Sep-22,2023-Aug-31,2023-Aug-25,2023-Aug-03
,,,,,,,,,,,,,,,,,,,,#N/A,2025-Apr-15,2024-Sep-05,2024-Feb-16,2023-Nov-30,2023-Nov-02,2023-Sep-22,2023-Aug-31,2023-Aug-25,2023-Aug-03
,,,,,,,,,,,,,,,,,,,,#N/A,2025-Apr-15,2024-Sep-05,2024-Feb-16,2023-Nov-30,2023-Nov-02,2023-Sep-22,2023-Aug-31,2023-Aug-25,2023-Aug-03
,,,,,,,,,,,,,,,,,,,,#N/A,2025-Apr-15,2024-Sep-05,2024-Feb-16,2023-Nov-30,2023-Nov-02,2023-Sep-22,2023-Aug-31,2023-Aug-25,2023-Aug-03
,,,,,,,,,,,,,,,,,,,,#N/A,2025-Apr-15,2024-Sep-05,2024-Feb-16,2023-Nov-30,2023-Nov-02,2023-Sep-22,2023-Aug-31,2023-Aug-25,2023-Aug-03
,,,,,,,,,,,,,,,,,,,,#N/A,2025-Apr-15,2024-Sep-05,2024-Feb-16,2023-Nov-30,2023-Nov-02,2023-Sep-22,2023-Aug-31,2023-Aug-25,2023-Aug-03
,,,,,,,,,,,,,,,,,,,,#N/A,2025-Apr-15,2024-Sep-05,2024-Feb-16,2023-Nov-30,2023-Nov-02,2023-Sep-22,2023-Aug-31,2023-Aug-25,2023-Aug-03
,,,,,,,,,,,,,,,,,,,,#N/A,2025-Apr-15,2024-Sep-05,2024-Feb-16,2023-Nov-30,2023-Nov-02,2023-Sep-22,2023-Aug-31,2023-Aug-25,2023-Aug-03
,,,,,,,,,,,,,,,,,,,,#N/A,2025-Apr-15,2024-Sep-05,2024-Feb-16,2023-Nov-30,2023-Nov-02,2023-Sep-22,2023-Aug-31,2023-Aug-25,2023-Aug-03
,,,,,,,,,,,,,,,,,,,,#N/A,2025-Apr-15,2024-Sep-05,2024-Feb-16,2023-Nov-30,2023-Nov-02,2023-Sep-22,2023-Aug-31,2023-Aug-25,2023-Aug-03
,,,,,,,,,,,,,,,,,,,,#N/A,2025-Apr-15,2024-Sep-05,2024-Feb-16,2023-Nov-30,2023-Nov-02,2023-Sep-22,2023-Aug-31,2023-Aug-25,2023-Aug-03
,,,,,,,,,,,,,,,,,,,,#N/A,2025-Apr-15,2024-Sep-05,2024-Feb-16,2023-Nov-30,2023-Nov-02,2023-Sep-22,2023-Aug-31,2023-Aug-25,2023-Aug-03
,,,,,,,,,,,,,,,,,,,,#N/A,2025-Apr-15,2024-Sep-05,2024-Feb-16,2023-Nov-30,2023-Nov-02,2023-Sep-22,2023-Aug-31,2023-Aug-25,2023-Aug-03
,,,,,,,,,,,,,,,,,,,,#N/A,2025-Apr-15,2024-Sep-05,2024-Feb-16,2023-Nov-30,2023-Nov-02,2023-Sep-22,2023-Aug-31,2023-Aug-25,2023-Aug-03
,,,,,,,,,,,,,,,,,,,,#N/A,2025-Apr-15,2024-Sep-05,2024-Feb-16,2023-Nov-30,2023-Nov-02,2023-Sep-22,2023-Aug-31,2023-Aug-25,2023-Aug-03
,,,,,,,,,,,,,,,,,,,,#N/A,2025-Apr-15,2024-Sep-05,2024-Feb-16,2023-Nov-30,2023-Nov-02,2023-Sep-22,2023-Aug-31,2023-Aug-25,2023-Aug-03
,,,,,,,,,,,,,,,,,,,,#N/A,2025-Apr-15,2024-Sep-05,2024-Feb-16,2023-Nov-30,2023-Nov-02,2023-Sep-22,2023-Aug-31,2023-Aug-25,2023-Aug-03
,,,,,,,,,,,,,,,,,,,,#N/A,2025-Apr-15,2024-Sep-05,2024-Feb-16,2023-Nov-30,2023-Nov-02,2023-Sep-22,2023-Aug-31,2023-Aug-25,2023-Aug-03
,,,,,,,,,,,,,,,,,,,,#N/A,2025-Apr-15,2024-Sep-05,2024-Feb-16,2023-Nov-30,2023-Nov-02,2023-Sep-22,2023-Aug-31,2023-Aug-25,2023-Aug-03
,,,,,,,,,,,,,,,,,,,,#N/A,2025-Apr-15,2024-Sep-05,2024-Feb-16,2023-Nov-30,2023-Nov-02,2023-Sep-22,2023-Aug-31,2023-Aug-25,2023-Aug-03
,,,,,,,,,,,,,,,,,,,,#N/A,2025-Apr-15,2024-Sep-05,2024-Feb-16,2023-Nov-30,2023-Nov-02,2023-Sep-22,2023-Aug-31,2023-Aug-25,2023-Aug-03
,,,,,,,,,,,,,,,,,,,,#N/A,2025-Apr-15,2024-Sep-05,2024-Feb-16,2023-Nov-30,2023-Nov-02,2023-Sep-22,2023-Aug-31,2023-Aug-25,2023-Aug-03
,,,,,,,,,,,,,,,,,,,,#N/A,2025-Apr-15,2024-Sep-05,2024-Feb-16,2023-Nov-30,2023-Nov-02,2023-Sep-22,2023-Aug-31,2023-Aug-25,2023-Aug-03
,,,,,,,,,,,,,,,,,,,,#N/A,2025-Apr-15,2024-Sep-05,2024-Feb-16,2023-Nov-30,2023-Nov-02,2023-Sep-22,2023-Aug-31,2023-Aug-25,2023-Aug-03
,,,,,,,,,,,,,,,,,,,,#N/A,2025-Apr-15,2024-Sep-05,2024-Feb-16,2023-Nov-30,2023-Nov-02,2023-Sep-22,2023-Aug-31,2023-Aug-25,2023-Aug-03
,,,,,,,,,,,,,,,,,,,,#N/A,2025-Apr-15,2024-Sep-05,2024-Feb-16,2023-Nov-30,2023-Nov-02,2023-Sep-22,2023-Aug-31,2023-Aug-25,2023-Aug-03
,,,,,,,,,,,,,,,,,,,,#N/A,2025-Apr-15,2024-Sep-05,2024-Feb-16,2023-Nov-30,2023-Nov-02,2023-Sep-22,2023-Aug-31,2023-Aug-25,2023-Aug-03
,,,,,,,,,,,,,,,,,,,,#N/A,2025-Apr-15,2024-Sep-05,2024-Feb-16,2023-Nov-30,2023-Nov-02,2023-Sep-22,2023-Aug-31,2023-Aug-25,2023-Aug-03
,,,,,,,,,,,,,,,,,,,,#N/A,2025-Apr-15,2024-Sep-05,2024-Feb-16,2023-Nov-30,2023-Nov-02,2023-Sep-22,2023-Aug-31,2023-Aug-25,2023-Aug-03
,,,,,,,,,,,,,,,,,,,,#N/A,2025-Apr-15,2024-Sep-05,2024-Feb-16,2023-Nov-30,2023-Nov-02,2023-Sep-22,2023-Aug-31,2023-Aug-25,2023-Aug-03
,,,,,,,,,,,,,,,,,,,,#N/A,2025-Apr-15,2024-Sep-05,2024-Feb-16,2023-Nov-30,2023-Nov-02,2023-Sep-22,2023-Aug-31,2023-Aug-25,2023-Aug-03
,,,,,,,,,,,,,,,,,,,,#N/A,2025-Apr-15,2024-Sep-05,2024-Feb-16,2023-Nov-30,2023-Nov-02,2023-Sep-22,2023-Aug-31,2023-Aug-25,2023-Aug-03
,,,,,,,,,,,,,,,,,,,,#N/A,2025-Apr-15,2024-Sep-05,2024-Feb-16,2023-Nov-30,2023-Nov-02,2023-Sep-22,2023-Aug-31,2023-Aug-25,2023-Aug-03
,,,,,,,,,,,,,,,,,,,,#N/A,2025-Apr-15,2024-Sep-05,2024-Feb-16,2023-Nov-30,2023-Nov-02,2023-Sep-22,2023-Aug-31,2023-Aug-25,2023-Aug-03
,,,,,,,,,,,,,,,,,,,,#N/A,2025-Apr-15,2024-Sep-05,2024-Feb-16,2023-Nov-30,2023-Nov-02,2023-Sep-22,2023-Aug-31,2023-Aug-25,2023-Aug-03
,,,,,,,,,,,,,,,,,,,,#N/A,2025-Apr-15,2024-Sep-05,2024-Feb-16,2023-Nov-30,2023-Nov-02,2023-Sep-22,2023-Aug-31,2023-Aug-25,2023-Aug-03
,,,,,,,,,,,,,,,,,,,,#N/A,2025-Apr-15,2024-Sep-05,2024-Feb-16,2023-Nov-30,2023-Nov-02,2023-Sep-22,2023-Aug-31,2023-Aug-25,2023-Aug-03
,,,,,,,,,,,,,,,,,,,,#N/A,2025-Apr-15,2024-Sep-05,2024-Feb-16,2023-Nov-30,2023-Nov-02,2023-Sep-22,2023-Aug-31,2023-Aug-25,2023-Aug-03
,,,,,,,,,,,,,,,,,,,,#N/A,2025-Apr-15,2024-Sep-05,2024-Feb-16,2023-Nov-30,2023-Nov-02,2023-Sep-22,2023-Aug-31,2023-Aug-25,2023-Aug-03
,,,,,,,,,,,,,,,,,,,,#N/A,2025-Apr-15,2024-Sep-05,2024-Feb-16,2023-Nov-30,2023-Nov-02,2023-Sep-22,2023-Aug-31,2023-Aug-25,2023-Aug-03
,,,,,,,,,,,,,,,,,,,,#N/A,2025-Apr-15,2024-Sep-05,2024-Feb-16,2023-Nov-30,2023-Nov-02,2023-Sep-22,2023-Aug-31,2023-Aug-25,2023-Aug-03
,,,,,,,,,,,,,,,,,,,,#N/A,2025-Apr-15,2024-Sep-05,2024-Feb-16,2023-Nov-30,2023-Nov-02,2023-Sep-22,2023-Aug-31,2023-Aug-25,2023-Aug-03
,,,,,,,,,,,,,,,,,,,,#N/A,2025-Apr-15,2024-Sep-05,2024-Feb-16,2023-Nov-30,2023-Nov-02,2023-Sep-22,2023-Aug-31,2023-Aug-25,2023-Aug-03
,,,,,,,,,,,,,,,,,,,,#N/A,2025-Apr-15,2024-Sep-05,2024-Feb-16,2023-Nov-30,2023-Nov-02,2023-Sep-22,2023-Aug-31,2023-Aug-25,2023-Aug-03
,,,,,,,,,,,,,,,,,,,,#N/A,2025-Apr-15,2024-Sep-05,2024-Feb-16,2023-Nov-30,2023-Nov-02,2023-Sep-22,2023-Aug-31,2023-Aug-25,2023-Aug-03
,,,,,,,,,,,,,,,,,,,,#N/A,2025-Apr-15,2024-Sep-05,2024-Feb-16,2023-Nov-30,2023-Nov-02,2023-Sep-22,2023-Aug-31,2023-Aug-25,2023-Aug-03
,,,,,,,,,,,,,,,,,,,,#N/A,2025-Apr-15,2024-Sep-05,2024-Feb-16,2023-Nov-30,2023-Nov-02,2023-Sep-22,2023-Aug-31,2023-Aug-25,2023-Aug-03
,,,,,,,,,,,,,,,,,,,,#N/A,2025-Apr-15,2024-Sep-05,2024-Feb-16,2023-Nov-30,2023-Nov-02,2023-Sep-22,2023-Aug-31,2023-Aug-25,2023-Aug-03
,,,,,,,,,,,,,,,,,,,,#N/A,2025-Apr-15,2024-Sep-05,2024-Feb-16,2023-Nov-30,2023-Nov-02,2023-Sep-22,2023-Aug-31,2023-Aug-25,2023-Aug-03
,,,,,,,,,,,,,,,,,,,,#N/A,2025-Apr-15,2024-Sep-05,2024-Feb-16,2023-Nov-30,2023-Nov-02,2023-Sep-22,2023-Aug-31,2023-Aug-25,2023-Aug-03
,,,,,,,,,,,,,,,,,,,,#N/A,2025-Apr-15,2024-Sep-05,2024-Feb-16,2023-Nov-30,2023-Nov-02,2023-Sep-22,2023-Aug-31,2023-Aug-25,2023-Aug-03
,,,,,,,,,,,,,,,,,,,,#N/A,2025-Apr-15,2024-Sep-05,2024-Feb-16,2023-Nov-30,2023-Nov-02,2023-Sep-22,2023-Aug-31,2023-Aug-25,2023-Aug-03
,,,,,,,,,,,,,,,,,,,,#N/A,2025-Apr-15,2024-Sep-05,2024-Feb-16,2023-Nov-30,2023-Nov-02,2023-Sep-22,2023-Aug-31,2023-Aug-25,2023-Aug-03
,,,,,,,,,,,,,,,,,,,,#N/A,2025-Apr-15,2024-Sep-05,2024-Feb-16,2023-Nov-30,2023-Nov-02,2023-Sep-22,2023-Aug-31,2023-Aug-25,2023-Aug-03
,,,,,,,,,,,,,,,,,,,,#N/A,2025-Apr-15,2024-Sep-05,2024-Feb-16,2023-Nov-30,2023-Nov-02,2023-Sep-22,2023-Aug-31,2023-Aug-25,2023-Aug-03
,,,,,,,,,,,,,,,,,,,,#N/A,2025-Apr-15,2024-Sep-05,2024-Feb-16,2023-Nov-30,2023-Nov-02,2023-Sep-22,2023-Aug-31,2023-Aug-25,2023-Aug-03
,,,,,,,,,,,,,,,,,,,,#N/A,2025-Apr-15,2024-Sep-05,2024-Feb-16,2023-Nov-30,2023-Nov-02,2023-Sep-22,2023-Aug-31,2023-Aug-25,2023-Aug-03
,,,,,,,,,,,,,,,,,,,,#N/A,2025-Apr-15,2024-Sep-05,2024-Feb-16,2023-Nov-30,2023-Nov-02,2023-Sep-22,2023-Aug-31,2023-Aug-25,2023-Aug-03
,,,,,,,,,,,,,,,,,,,,#N/A,2025-Apr-15,2024-Sep-05,2024-Feb-16,2023-Nov-30,2023-Nov-02,2023-Sep-22,2023-Aug-31,2023-Aug-25,2023-Aug-03
,,,,,,,,,,,,,,,,,,,,#N/A,2025-Apr-15,2024-Sep-05,2024-Feb-16,2023-Nov-30,2023-Nov-02,2023-Sep-22,2023-Aug-31,2023-Aug-25,2023-Aug-03
,,,,,,,,,,,,,,,,,,,,#N/A,2025-Apr-15,2024-Sep-05,2024-Feb-16,2023-Nov-30,2023-Nov-02,2023-Sep-22,2023-Aug-31,2023-Aug-25,2023-Aug-03
,,,,,,,,,,,,,,,,,,,,#N/A,2025-Apr-15,2024-Sep-05,2024-Feb-16,2023-Nov-30,2023-Nov-02,2023-Sep-22,2023-Aug-31,2023-Aug-25,2023-Aug-03
,,,,,,,,,,,,,,,,,,,,#N/A,2025-Apr-15,2024-Sep-05,2024-Feb-16,2023-Nov-30,2023-Nov-02,2023-Sep-22,2023-Aug-31,2023-Aug-25,2023-Aug-03
,,,,,,,,,,,,,,,,,,,,#N/A,2025-Apr-15,2024-Sep-05,2024-Feb-16,2023-Nov-30,2023-Nov-02,2023-Sep-22,2023-Aug-31,2023-Aug-25,2023-Aug-03
,,,,,,,,,,,,,,,,,,,,#N/A,2025-Apr-15,2024-Sep-05,2024-Feb-16,2023-Nov-30,2023-Nov-02,2023-Sep-22,2023-Aug-31,2023-Aug-25,2023-Aug-03
,,,,,,,,,,,,,,,,,,,,#N/A,2025-Apr-15,2024-Sep-05,2024-Feb-16,2023-Nov-30,2023-Nov-02,2023-Sep-22,2023-Aug-31,2023-Aug-25,2023-Aug-03
,,,,,,,,,,,,,,,,,,,,#N/A,2025-Apr-15,2024-Sep-05,2024-Feb-16,2023-Nov-30,2023-Nov-02,2023-Sep-22,2023-Aug-31,2023-Aug-25,2023-Aug-03
,,,,,,,,,,,,,,,,,,,,#N/A,2025-Apr-15,2024-Sep-05,2024-Feb-16,2023-Nov-30,2023-Nov-02,2023-Sep-22,2023-Aug-31,2023-Aug-25,2023-Aug-03
,,,,,,,,,,,,,,,,,,,,#N/A,2025-Apr-15,2024-Sep-05,2024-Feb-16,2023-Nov-30,2023-Nov-02,2023-Sep-22,2023-Aug-31,2023-Aug-25,2023-Aug-03
,,,,,,,,,,,,,,,,,,,,#N/A,2025-Apr-15,2024-Sep-05,2024-Feb-16,2023-Nov-30,2023-Nov-02,2023-Sep-22,2023-Aug-31,2023-Aug-25,2023-Aug-03
,,,,,,,,,,,,,,,,,,,,#N/A,2025-Apr-15,2024-Sep-05,2024-Feb-16,2023-Nov-30,2023-Nov-02,2023-Sep-22,2023-Aug-31,2023-Aug-25,2023-Aug-03
,,,,,,,,,,,,,,,,,,,,#N/A,2025-Apr-15,2024-Sep-05,2024-Feb-16,2023-Nov-30,2023-Nov-02,2023-Sep-22,2023-Aug-31,2023-Aug-25,2023-Aug-03
,,,,,,,,,,,,,,,,,,,,#N/A,2025-Apr-15,2024-Sep-05,2024-Feb-16,2023-Nov-30,2023-Nov-02,2023-Sep-22,2023-Aug-31,2023-Aug-25,2023-Aug-03
,,,,,,,,,,,,,,,,,,,,#N/A,2025-Apr-15,2024-Sep-05,2024-Feb-16,2023-Nov-30,2023-Nov-02,2023-Sep-22,2023-Aug-31,2023-Aug-25,2023-Aug-03
,,,,,,,,,,,,,,,,,,,,#N/A,2025-Apr-15,2024-Sep-05,2024-Feb-16,2023-Nov-30,2023-Nov-02,2023-Sep-22,2023-Aug-31,2023-Aug-25,2023-Aug-03
,,,,,,,,,,,,,,,,,,,,#N/A,2025-Apr-15,2024-Sep-05,2024-Feb-16,2023-Nov-30,2023-Nov-02,2023-Sep-22,2023-Aug-31,2023-Aug-25,2023-Aug-03
,,,,,,,,,,,,,,,,,,,,#N/A,2025-Apr-15,2024-Sep-05,2024-Feb-16,2023-Nov-30,2023-Nov-02,2023-Sep-22,2023-Aug-31,2023-Aug-25,2023-Aug-03
,,,,,,,,,,,,,,,,,,,,#N/A,2025-Apr-15,2024-Sep-05,2024-Feb-16,2023-Nov-30,2023-Nov-02,2023-Sep-22,2023-Aug-31,2023-Aug-25,2023-Aug-03
,,,,,,,,,,,,,,,,,,,,#N/A,2025-Apr-15,2024-Sep-05,2024-Feb-16,2023-Nov-30,2023-Nov-02,2023-Sep-22,2023-Aug-31,2023-Aug-25,2023-Aug-03
,,,,,,,,,,,,,,,,,,,,#N/A,2025-Apr-15,2024-Sep-05,2024-Feb-16,2023-Nov-30,2023-Nov-02,2023-Sep-22,2023-Aug-31,2023-Aug-25,2023-Aug-03
,,,,,,,,,,,,,,,,,,,,#N/A,2025-Apr-15,2024-Sep-05,2024-Feb-16,2023-Nov-30,2023-Nov-02,2023-Sep-22,2023-Aug-31,2023-Aug-25,2023-Aug-03
,,,,,,,,,,,,,,,,,,,,#N/A,2025-Apr-15,2024-Sep-05,2024-Feb-16,2023-Nov-30,2023-Nov-02,2023-Sep-22,2023-Aug-31,2023-Aug-25,2023-Aug-03
,,,,,,,,,,,,,,,,,,,,#N/A,2025-Apr-15,2024-Sep-05,2024-Feb-16,2023-Nov-30,2023-Nov-02,2023-Sep-22,2023-Aug-31,2023-Aug-25,2023-Aug-03
,,,,,,,,,,,,,,,,,,,,#N/A,2025-Apr-15,2024-Sep-05,2024-Feb-16,2023-Nov-30,2023-Nov-02,2023-Sep-22,2023-Aug-31,2023-Aug-25,2023-Aug-03
,,,,,,,,,,,,,,,,,,,,#N/A,2025-Apr-15,2024-Sep-05,2024-Feb-16,2023-Nov-30,2023-Nov-02,2023-Sep-22,2023-Aug-31,2023-Aug-25,2023-Aug-03
,,,,,,,,,,,,,,,,,,,,#N/A,2025-Apr-15,2024-Sep-05,2024-Feb-16,2023-Nov-30,2023-Nov-02,2023-Sep-22,2023-Aug-31,2023-Aug-25,2023-Aug-03
,,,,,,,,,,,,,,,,,,,,#N/A,2025-Apr-15,2024-Sep-05,2024-Feb-16,2023-Nov-30,2023-Nov-02,2023-Sep-22,2023-Aug-31,2023-Aug-25,2023-Aug-03
,,,,,,,,,,,,,,,,,,,,#N/A,2025-Apr-15,2024-Sep-05,2024-Feb-16,2023-Nov-30,2023-Nov-02,2023-Sep-22,2023-Aug-31,2023-Aug-25,2023-Aug-03
,,,,,,,,,,,,,,,,,,,,#N/A,2025-Apr-15,2024-Sep-05,2024-Feb-16,2023-Nov-30,2023-Nov-02,2023-Sep-22,2023-Aug-31,2023-Aug-25,2023-Aug-03
,,,,,,,,,,,,,,,,,,,,#N/A,2025-Apr-15,2024-Sep-05,2024-Feb-16,2023-Nov-30,2023-Nov-02,2023-Sep-22,2023-Aug-31,2023-Aug-25,2023-Aug-03
,,,,,,,,,,,,,,,,,,,,#N/A,2025-Apr-15,2024-Sep-05,2024-Feb-16,2023-Nov-30,2023-Nov-02,2023-Sep-22,2023-Aug-31,2023-Aug-25,2023-Aug-03
,,,,,,,,,,,,,,,,,,,,#N/A,2025-Apr-15,2024-Sep-05,2024-Feb-16,2023-Nov-30,2023-Nov-02,2023-Sep-22,2023-Aug-31,2023-Aug-25,2023-Aug-03
,,,,,,,,,,,,,,,,,,,,#N/A,2025-Apr-15,2024-Sep-05,2024-Feb-16,2023-Nov-30,2023-Nov-02,2023-Sep-22,2023-Aug-31,2023-Aug-25,2023-Aug-03
,,,,,,,,,,,,,,,,,,,,#N/A,2025-Apr-15,2024-Sep-05,2024-Feb-16,2023-Nov-30,2023-Nov-02,2023-Sep-22,2023-Aug-31,2023-Aug-25,2023-Aug-03
,,,,,,,,,,,,,,,,,,,,#N/A,2025-Apr-15,2024-Sep-05,2024-Feb-16,2023-Nov-30,2023-Nov-02,2023-Sep-22,2023-Aug-31,2023-Aug-25,2023-Aug-03
,,,,,,,,,,,,,,,,,,,,#N/A,2025-Apr-15,2024-Sep-05,2024-Feb-16,2023-Nov-30,2023-Nov-02,2023-Sep-22,2023-Aug-31,2023-Aug-25,2023-Aug-03
,,,,,,,,,,,,,,,,,,,,#N/A,2025-Apr-15,2024-Sep-05,2024-Feb-16,2023-Nov-30,2023-Nov-02,2023-Sep-22,2023-Aug-31,2023-Aug-25,2023-Aug-03
,,,,,,,,,,,,,,,,,,,,#N/A,2025-Apr-15,2024-Sep-05,2024-Feb-16,2023-Nov-30,2023-Nov-02,2023-Sep-22,2023-Aug-31,2023-Aug-25,2023-Aug-03
,,,,,,,,,,,,,,,,,,,,#N/A,2025-Apr-15,2024-Sep-05,2024-Feb-16,2023-Nov-30,2023-Nov-02,2023-Sep-22,2023-Aug-31,2023-Aug-25,2023-Aug-03