Name,Image,AC Bonus,Base AC,ST Ability,ST Bonus,ST Factor,Immunity,Resistance,Abilities,Ability Bonus,Ability Max,Additional HP,Skills,Skill Bonus,Skill Factor,Movement,Critical Chance,AR Types,AR Bonus,AR Factor,Attack Type,Weapon DMG,Weapon DMG Type,Death ST Factor,Ability Check,Ability Check Bonus,Ability Check Factor,Spell Save DC Bonus,Vulnerability,Immune to Conditions,Cant Move,Cant Act,Cant React,Initiative,Opponent AR Type,Opponent AR Factor,Darkvision,Skill Proficiency,Temporary HP,Ignore,DONE,Description
A Clown in Town,,,,,,,,,,,,,,,,,,,,,,,,,,,,,,,,,,,,,,,,TRUE,FALSE,Rue the day you crossed a fey. You were cruel to Dolly Thrice; now you'll have to pay the price. This condition can only be obtained by smashing the Moonlantern held by Kar'niss. Applies clown makeup to the victim.
A Mist Most Scarlet,,,,WIS,,ADV,,,STR,2,,,,,,,,,,,,,,,,,,,,,,,,,,,,,25,FALSE,TRUE,"Orin has gained 25 temporary hit points, a +2 bonus to Strength, and advantage on Wisdom  Saving throws."
A Most Bloody Inheritance,,,,,,,,,,,,,,,,,+2,,,,,,,,,,,,,,,,,,,,,,,FALSE,TRUE,The Dread Lord Bhaal looks favourably on his chosen. You can cast  Stunning Gaze and your Critical Hit Attack Roll requirement is reduced by 2. This effect can stack.
Aberrant Shape,,,,,,,,,,,,21,,,,,,,,,,,,,,,,,,,,,,,,,,,,TRUE,FALSE,"Your Intellect Devourer form has 21 Hit Points. You gain the  Claws,  Devour Intellect, and  Synaptic Discharge abilities."
Ability Drain: Dexterity,,,,,,,,,DEX,-1,,,,,,,,,,,,,,,,,,,,,,,,,,,,,,FALSE,TRUE,Dexterity reduced by  Ability Drain
Ability Drain: Strength,,,,,,,,,STR,-1,,,,,,,,,,,,,,,,,,,,,,,,,,,,,,FALSE,TRUE,Strength reduced by  Ability Drain.
Abjure Enemy: Frightened,,,,,,,,,,,,,,,DIS,,,,,DIS,,,,,,,DIS,,,,TRUE,,,,,,,,,FALSE,TRUE,The affected creature cannot move. Frightened creatures also have  Disadvantage on  Ability checks and Attack rolls.
Abjure Enemy: Slow,,,,,,,,,,,,,,,,x0.5,,,,,,,,,,,,,,,,,,,,,,,,FALSE,TRUE,The affected creature's Movement speed is halved. Taking damage ends this condition.
Absolute Consumption,,,,,,,,,,-5,,,,,,,,,,,,,,,,,,,,,,,,,,,,,,FALSE,TRUE,"All of the creature's abilities are reduced by 5. When this effect ends, it drops  Prone"
Absolute's Enemy,,,,,,,,,,,,,,,,,,,,,,,,,,,,,,,,,,,,ADV,,,,FALSE,TRUE,Enemies have  Advantage on attacks against you.
Absorb Elements: Acid Damage,,,,,,,,,,,,,,,,,,,,,,1d6,Acid,,,,,,,,,,,,,,,,,FALSE,TRUE,The affected entity deals an additional 1d6Acid damage the next time it deals damage with a weapon.
Absorb Elements: Cold Damage,,,,,,,,,,,,,,,,,,,,,,1d6,Cold,,,,,,,,,,,,,,,,,FALSE,TRUE,The affected entity deals an additional 1d6Cold damage the next time it deals damage with a weapon.
Absorb Elements: Fire Damage,,,,,,,,,,,,,,,,,,,,,,1d6,Fire,,,,,,,,,,,,,,,,,FALSE,TRUE,The affected entity deals an additional 1d6Fire damage the next time it deals damage with a weapon.
Absorb Elements: Lightning Damage,,,,,,,,,,,,,,,,,,,,,,1d6,Lightning,,,,,,,,,,,,,,,,,FALSE,TRUE,The affected entity deals an additional 1d6Lightning damage the next time it deals damage with a weapon.
Absorb Elements: Thunder Damage,,,,,,,,,,,,,,,,,,,,,,1d6,Thunder,,,,,,,,,,,,,,,,,FALSE,TRUE,The affected entity deals an additional 1d6Thunder damage the next time it deals damage with a weapon.
Absorbed Essence: Abazigal,,,,,,,,,,,,,,,,,,,,,,,,,,,,,,,,,,,,,,,,TRUE,FALSE,Sarevok's attacks deal maximum damage.
Absorbed Essence: Amelyssan,,,,,,,,,,,,,,,,,,,,,,,,,,,,,,,,,,,,,,,,TRUE,FALSE,Sarevok's attacks now heal him by 2d12hit points each time.
Absorbed Essence: Illasera,,,,,,,,,,,,,,,,,,,,,,,,,,,,,,"Paralysed, Restrained",,,,,,,,,,FALSE,TRUE,"Sarevok is permanently  Hastened and can't be  Paralysed,  Restrained, or have his movement speed reduced in any way."
Absorbed Essence: Sendai,,6,,,,,,,,,,,,,,,,,,,,,,,,,,,,,,,,,,,,,,FALSE,TRUE,Sarevok's Armour Class Armour Class is increased by 6.
Absorbed Intellect,,,,,,,,,INT,-1,,,,,,,,,,,,,,,,,,,,,,,,,,,,,,FALSE,TRUE,Intelligence is being reduced by 1.
Acid,,-2,,,,,,,,,,,,,,,,,,,,,,,,,,,,,,,,,,,,,,FALSE,TRUE,Reduces Armour Class by 2.
Acid Infusion,,,,,,,,,,,,,,,,,,,,,,1d4,Acid,,,,,,,,,,,,,,,,,FALSE,TRUE,The affected entity deals an additional 1d4Acid the next time it deals damage with a weapon.
Acid Reflux,,,,,,,,,,,,,,,,,,,,,,,,,,,,,,,,,,,,,,,,TRUE,FALSE,"Acid damage has spoiled Thisobald's special brew, letting him use  Acidic Regurgitation."
Acid Resistance,,,,,,,,Acid,,,,,,,,,,,,,,,,,,,,,,,,,,,,,,,,FALSE,TRUE,Resistant to Acid damage.
Acid Resistance Aura,,,,,,,,,,,,,,,,,,,,,,,,,,,,,,,,,,,,,,,,TRUE,FALSE,The fantastical powers of this hallucinatory imp give all nearby creatures Resistance to Acid damage.
Action Surge,,,,,,,,,,,,,,,,,,,,,,,,,,,,,,,,,,,,,,,,TRUE,FALSE,Can take an extra Action this turn.
Adamantine Reverberation,,,,,,,,,,,,,,,,,,,,,,,,,,,,,,,,,,,,,,,,TRUE,FALSE,"While it has temporary hit points, this creature's movement speed is doubled. Immediately after losing these temporary hit points, the creature knocks back foes  4 m / 13 ft with a shockwave that deals 4d8Thunder."
Adrip with Kereska's Acid,,,,,,,,Acid,,,,,,,,,,,,,,,,,,,,,,,,,,,,,,,,TRUE,FALSE,"Affected entity has resistance to Acid damage. Its acid spells deal additional damage equal to its proficiency bonus. When it deals spell damage, it possibly inflict 3 turns of  Noxious Fumes upon the target. While attuned to Kereska's acid it can cast  Melf's Acid Arrow and  Hunger of Hadar at 5th level once per short rest."
Adroit Caster,,,,,,,,,,,,,,,,,,,,,,,,,,,,,,,,,,,,,,,,TRUE,FALSE,Cantrips targeting foes and allies can target an additional creature. The same target can be chosen twice.
Aegis of the Absolute,,,,,,,,,,,,,,,,,,,,,,,,,,,,,,,,,,,,,,,,TRUE,FALSE,The Netherbrain is Immune to all types of damage it took in the previous round until the start of its next turn.
Against All Odds,,,,,,,,,,,,,,,,,,,,,,,,,,,,,,,,,,,,,,,,TRUE,FALSE,"The unlikely actions of the party in the Morphic Pool were a surprise to even the Netherbrain. The successful roll has left the Netherbrain wounded, reducing its starting HP for the encounter."
Agitated,,,,,,,,,,,,,,,,,,,,ADV,,,,,,,,,,,,,,,,,,,,FALSE,TRUE,The rothé is nervous and afraid - ready to attack at the slightest scare. Has  Advantage on Attack rolls.
Aid (5),,,,,,,,,,,,5,,,,,,,,,,,,,,,,,,,,,,,,,,,,FALSE,TRUE,Hit point maximum increased by 5 hit points. Hit point maximum increases by a further 5hit points for every Spell Slot Level above 2 used.
Aid (10),,,,,,,,,,,,10,,,,,,,,,,,,,,,,,,,,,,,,,,,,FALSE,TRUE,Hit point maximum increased by 10 hit points.
Aid (15),,,,,,,,,,,,15,,,,,,,,,,,,,,,,,,,,,,,,,,,,FALSE,TRUE,Hit point maximum increased by 15 hit points.
Aid (20),,,,,,,,,,,,20,,,,,,,,,,,,,,,,,,,,,,,,,,,,FALSE,TRUE,Hit point maximum increased by 20 hit points.
Aid (25),,,,,,,,,,,,25,,,,,,,,,,,,,,,,,,,,,,,,,,,,FALSE,TRUE,Hit point maximum increased by 25 hit points.
Alarmed Debtor,,,,,,,,,,,,,,,,,,,,,,,,,,,,,,,,,,,,,,,,TRUE,FALSE,This creature has spotted you as an intruder.
Alcohol,,,,,,,,,,,,,"Acrobatics, Sleight of Hand, Stealth, Arcana, Deception, Intimidation, Performance, Persuasion",,DIS,,,,,,,,,,"DEX, CHA",,DIS,,,,,,,,,,,,,FALSE,TRUE,Has  Disadvantage on Dexterity and Charisma checks.
Alternate Form: Dire Wolf,,,,,,,,,,,,,,,,,,,,,,,,,,,,,,,,,,,,,,,,TRUE,FALSE,Transformed into a Dire Wolf in all the ways that matter.
Alternate Form: Minotaur,,,,,,,,,,,,,,,,,,,,,,,,,,,,,,,,,,,,,,,,TRUE,FALSE,Transformed into a Minotaur in all the ways that matter.
Alternate Form: Phase Spider,,,,,,,,,,,,,,,,,,,,,,,,,,,,,,,,,,,,,,,,TRUE,FALSE,Transformed into a Phase Spider in all the ways that matter.
Alternate Form: Shadow Mastiff,,,,,,,,,,,,,,,,,,,,,,,,,,,,,,,,,,,,,,,,TRUE,FALSE,Transformed into a Shadow Mastiff in all the ways that matter.
Ambushed,,,,,,,,,,,,,"Athletics, Acrobatics, Sleight of Hand, Stealth, Arcana",,DIS,,,,,,,,,,"DEX, STR",,DIS,,,,,,,,,ADV,,,,FALSE,TRUE,Attack Rolls against the affected entity have  Advantage and it has  Disadvantage on Strength and Dexterity Checks. Taking damage or being Helped ends this condition.
Ambushing,,,,,,,,,,,,,,,,,,,,,,,,,,,,,,,,,,,,,,,,TRUE,FALSE,Affected entity will attack as soon as its enemies are within reach. It can only be spotted with a successful Perception Check.
Ambushing Bite,,,,,,,,,,,,,,,,,,,,,,,,,,,,,,,,,,,,,,,,TRUE,FALSE,The creature's next bite may  Ambush its target.
Ancient Grudges,,,,,,,,,,,,,,,,,,,,,,,,,,,,,,,,,,,,,,,,TRUE,FALSE,Filled with a touch of arcane gith knowledge. Has  Advantage on Attack Rolls against aberrations.
Animalistic Vitality,,,,,,,,,,,,,,,,3.5,,,,,,,,,,,,,,,,,,,,,,,,FALSE,TRUE,Affected entity regains 2d8hit points of health every round when below 60 HP. It also receives an additional  3.5 m / 12 ft of movement speed. 
Anointed in Splendour,,,,,2,,,,,,,,,,,,,,,,,,,,,,,,,,,,,,,,,,,FALSE,TRUE,Has a +2 bonus to all Saving throw Saving throws.
Ansur's Ire,,,,,,,,,,,,,,,,,,,,,,,,,,,,,,,,,,,,,,,,TRUE,FALSE,A storm of vicious lightning is soon to erupt - striking all standing in the open.
Aquatic Siphon,,,,,,,,,,,,,,,,,,,,,,,,,,,,,,,,,,,,,,,,TRUE,FALSE,A nearby water myrmidon grants the affected entity Immunity to Cold damage and an additional 3d8Cold damage to  Elemental Retort. The affected entity also gains temporary access to  Cone of Cold and an additional  Reaction per turn.
Arcane Acuity,,,,,,,,,,,,,,,,,,"Melee Spell, Ranged Spell",1,,,,,,,,,1,,,,,,,,,,,,FALSE,TRUE,Affected entity has a +1 bonus to its spell Attack rolls and spell save DC for each remaining turn. Reduce the duration by 2 each time the entity takes damage. Arcane Acuity has a maximum  Duration: 10 turns.
Arcane Ammunition,,,,,,,,,,,,,,,,,,,,,Ranged,1d4,Force,,,,,,,,,,,,,,,,,FALSE,TRUE,Ranged weapon attacks deal an additional 1d4Force.
Arcane Battery,,,,,,,,,,,,,,,,,,,,,,,,,,,,,,,,,,,,,,,,TRUE,FALSE,Affected entity's next spell doesn't cost a spell slot in order to cast.
Arcane Charge,,,,,,,,,,,,,,,,,,,,,,,,,,,,,,,,,,,,,,,,TRUE,FALSE,"While damaging  Threatened entities, deal +2 bonus to damage with spells."
Arcane Critical,,,,,,,,,,,,,,,,,+2,,,,,,,,,,,,,,,,,,,,,,,FALSE,TRUE,The number you need to roll a Critical Hit while attacking is reduced by 2. This effect can stack.
Arcane Hunger,,,,CON,,DIS,,,,,,,,,,,,,,,,,,,,,,,,,,,,,,,,,,FALSE,TRUE,Gale's spirit is being drained. He has  Disadvantage to Constitution  Saving throws.
Arcane Lock,,,,,,,,,,,,,,,,,,,,,,,,,,,,,,,,,,,,,,,,TRUE,FALSE,Locked through magical means. Can't be opened by lockpicking or the use of  Knock.
Arcane Synergy,,,,,,,,,,,,,,,,,,,,,,,,,,,,,,,,,,,,,,,,TRUE,FALSE,Weapon attacks deal additional damage equal to affected entity's Spell Casting Ability Modifier.
Arcane Ward,,,,,,,,,,,,,,,,,,,,,,,,,,,,,,,,,,,,,,,,TRUE,FALSE,Your Arcane Ward blocks damage equal to its charges and then loses 1 charge. Casting Abjuration spells will add charges equal to the level of the spell.
Ardent Apostle,,,,,,,,,,,,,"Performance, Intimidation",4,,,,,,,,,,,,+10,,,,,,,,,,,,,,FALSE,TRUE,Offering their cries of pain without protection. Has a +4 bonus to Performance and Intimidation checks.
Armour of Agathys,,,,,,,,,,,,,,,,,,,,,,,,,,,,,,,,,,,,,,,,TRUE,FALSE,"Gained  5 × spell level temporary hit points. If hit with a melee attack, the attacker takes 5 × spell levelCold damage. This effect ends when the temporary hit points are lost."
Armour of the Swarm,,2,,,,,,,,,,,,,,,,,,,,,,,,,,,,,,,,,,,,,,FALSE,TRUE,Your swarm grants you a +2 bonus to your  Armour Class until the start of your next turn.
Arms of Hadar,,,,,,,,,,,,,,,,,,,,,,,,,,,,,,,,,,,,,,,,TRUE,FALSE,Can't take  Reactions.
Arrow of Ilmater,,,,,,,,,,,,,,,,,,,,,,,,,,,,,,,,,,,,,,,,TRUE,FALSE,Cannot regain Hit Points
Arsonist's Oil,,,,,,,,,,,,,,,,,,,,,,,,,,,,,,,,,,,,,,,,TRUE,FALSE,Affected entity has been stripped of its Fire Resistance.
Ascended Fiend,,,,,,,,,,,,,,,,,,,,,,,,,,,,,,,,,,,,,,,,TRUE,FALSE,"Raphael has gorged on souls and enhanced his fiendish powers, granting him an even deadlier array of spells and abilities. In this form,  Soul Overcharge will not prevent him from using Souls to cast spells."
Aspect of the Elk,,,,,,,,,,,,,,,,,,,,,,,,,,,,,,,,,,,,,,,,TRUE,FALSE,"Movement Speed increased by  +1.5 m / 5 ft, as long as the affected entity stays near the barbarian."
Aspect of the Elk Aura,,,,,,,,,,,,,,,,1.5,,,,,,,,,,,,,,,,,,,,,,,,FALSE,TRUE,Affected entity and nearby allies have a  +1.5 m / 5 ft bonus to Movement Speed.
Aspect of the Stallion,,,,,,,,,,,,,,,,,,,,,,,,,,,,,,,,,,,,,,,,TRUE,FALSE,Gained Barbarian Level * 2  temporary hit points.
Aspect of the Wolf,,,,,,,,,,,,,Stealth,DEX,,,,,,,,,,,,,,,,,,,,,,,,,,FALSE,TRUE,"Affected entity has a +Dexterity Modifier bonus to Stealth Checks, as long as it stays near the barbarian."
Aspect of the Wolf Aura,,,,,,,,,,,,,Stealth,DEX,,,,,,,,,,,,,,,,,,,,,,,,,,FALSE,TRUE,Affected entity and nearby allies have a +Dexterity Modifier bonus to Stealth Checks.
Assassin's Blood,,,,,,,,,,,,,,,,,,,,,,,,,,,,,,,,,,,,,,,,TRUE,FALSE,"Creature must succeed a Constitution  Saving throw or take 1d12Poison and get Poisoned until the next Long Rest. On a successful save, it still takes half damage."
Astral Conduit,,,,,,,,,,,,,,,,,,,,,,,,,,,,,,,TRUE,TRUE,TRUE,,,,,,,FALSE,TRUE,"The affected entity can't move, take actions, bonus actions, or reactions while holding open the Astral Rift, but can Summon an ally every other turn."
Astral Gravity,,,,,,,,,,,,,,,,,,,,,,,,,,,,,,,,,,,,,,,,TRUE,FALSE,Gravity on the Astral Plane is different than on Faerûn. The affected entity is Immune to Falling damage and its Jump distance is tripled. Carrying capacity is tripled.
Astral Knowledge,,,,,,,,,,,,,,,,,,,,,,,,,,,,,,,,,,,,,,,,TRUE,FALSE,Has Proficiency in all Skills of a chosen Ability.
Astral Knowledge: Charisma,,,,,,,,,,,,,,,,,,,,,,,,,,,,,,,,,,,,,,,,TRUE,FALSE,"Has Proficiency in Deception, Intimidation, Performance, and Persuasion."
Astral Knowledge: Dexterity,,,,,,,,,,,,,,,,,,,,,,,,,,,,,,,,,,,,,,,,TRUE,FALSE,"Has Proficiency in Acrobatics, Sleight of Hand, and Stealth."
Astral Knowledge: Intelligence,,,,,,,,,,,,,,,,,,,,,,,,,,,,,,,,,,,,,,,,TRUE,FALSE,"Has Proficiency in Arcana, History, Investigation, Nature, and Religion."
Astral Knowledge: Strength,,,,,,,,,,,,,,,,,,,,,,,,,,,,,,,,,,,,,,,,TRUE,FALSE,Has Proficiency in Athletics.
Astral Knowledge: Wisdom,,,,,,,,,,,,,,,,,,,,,,,,,,,,,,,,,,,,,,,,TRUE,FALSE,"Has Proficiency in Animal Handling, Insight, Medicine, Perception, and Survival."
At Death's Door (Emergent),,,,,,,,,,-2,,,,,,,,,,,,,,,,,,,,,,,,,,,,,,FALSE,TRUE,"Emergent Toxic Infection. Strength, Dexterity, Constitution, Intelligence, Charisma, and Wisdom are reduced by 2. The more the creature rests, the worse it feels."
At Death's Door,,,,,,,,,,,,,,,,,,,,,,,,,,,,,,,,,,,,,,,,TRUE,FALSE,"The more the creature rests, the worse it feels."
At Death's Door (Moderate),,,,,,,,,,-4,,,,,,,,,,,,,,,,,,,,,,,,,,,,,,FALSE,TRUE,"Moderate Toxic Infection. Strength, Dexterity, Constitution, Intelligence, Charisma, and Wisdom are reduced by 4. The more the creature rests, the worse it feels."
At Death's Door (Advanced),,,,,,,,,,-6,,,,,,,,,,,,,,,,,,,,,,,,,,,,,,FALSE,TRUE,"Advanced Toxic Infection. Strength, Dexterity, Constitution, Intelligence, Charisma, and Wisdom are reduced by 6. The more the creature rests, the worse it feels."
Atrophied,,,,,,,,,,,,,,,,,,,,,,,,,,,,,,,,,,,,,,,,TRUE,FALSE,"One of the affected entity's Abilities has been reduced to 0, causing it to die instantly."
Auntie Ethel's Special Brew,,,,,,,,,,,,,,,,,,,,,,,,,,,,,,,,,,,,,,,,TRUE,FALSE,The affected creature takes 2d6Poison at the start of every turn until passing a DC 13  Constitution saving throw.
Aura of Bloodthirst,,,,,,,,,,,,,,,,,,,,,,,,,,,,,,,,,,,,,,,,TRUE,FALSE,Any nearby creatures with the Rampage trait can make a bite attack as a bonus action.
Aura of Brutality,,,,,,,,,STR,1,,,,,,,,,,,,,,,,,,,,,,,,,,,,,,FALSE,TRUE,All servants of  Bane around this character gain an additional +1 Strength. This effect can stack.
Aura of Conquest,,,,,,,,,,,,,,,,,,,,,,,,,,,,,,,,,,,,,,,,TRUE,FALSE,Frightened enemies within  3 m / 10 ft take 5Psychic damage per turn.
Aura of Courage (Aura),,,,,,,,,,,,,,,,,,,,,,,,,,,,,,Frightened,,,,,,,,,,FALSE,TRUE,The paladin and any nearby allies can't be  Frightened.
Aura of Courage,,,,,,,,,,,,,,,,,,,,,,,,,,,,,,Frightened,,,,,,,,,,FALSE,TRUE,Can't be  Frightened within  3 m / 10 ft of the spellcaster.
Aura of Devotion (Aura),,,,,,,,,,,,,,,,,,,,,,,,,,,,,,Charmed,,,,,,,,,,FALSE,TRUE,The paladin and any nearby allies can't be  Charmed.
Aura of Devotion,,,,,,,,,,,,,,,,,,,,,,,,,,,,,,Charmed,,,,,,,,,,FALSE,TRUE,Can't be  Charmed within  3 m / 10 ft of the spellcaster.
Aura of Hate (Aura),,,,,,,,,,,,,,,,,,,,,,,,,,,,,,,,,,,,,,,,TRUE,FALSE,"The Paladin and all nearby fiends and undead deal additional damage with melee weapons, equal to the Charisma modifier of the Paladin."
Aura of Hate,,,,,,,,,,,,,,,,,,,,,,,,,,,,,,,,,,,,,,,,TRUE,FALSE,Deals an additional +Charisma modifier to damage dealt with melee weapons within  3 m / 10 ft of the spellcaster.
Aura of Murder (Aura),,,,,,,,,,,,,,,,,,,,,,,,,,,,,Piercing,,,,,,,,,,,TRUE,FALSE,"Enemies within 3 m / 10 ft are Vulnerable to Piercing damage, unless they are Immune to it."
Aura of Murder,,,,,,,,,,,,,,,,,,,,,,,,,,,,,,,,,,,,,,,,FALSE,TRUE,Affected entity is Vulnerable to Piercing damage.
Aura of Possibility,,,,,,,,,,,,,,10,,,,,,,,,,,,+10,,,,,,,,,,,,,,FALSE,TRUE,"While near the God of Ambition, this creature has a +10 bonus to all Ability Checks."
Aura of Possibility (Aura),,,,,,,,,,,,,,10,,,,,,,,,,,,,,,,,,,,,,,,,,FALSE,TRUE,"Any allies near Gale Dekarios, the God of Ambition, receive a +10 bonus to all Ability Checks."
Aura of Protection (Aura),,,,,,,,,,,,,,,,,,,,,,,,,,,,,,,,,,,,,,,,TRUE,FALSE,The paladin and any nearby allies have a +Charisma modifier bonus on Saving Throws.
Aura of Protection,,,,,CHA,,,,,,,,,,,,,,,,,,,,,,,,,,,,,,,,,,,TRUE,FALSE,Gains a bonus to saving throws equal to the charisma modifier of the creature emanating the aura.
Aura of Terror (Aura),,,,,,,,,,,,,,,,,,,,,,,,,,,,,,,,,,,,,,,,TRUE,FALSE,Nearby enemies have  Disadvantage on Attack rolls and  Saving throws. Creatures that can't be  Frightened are immune to this aura.
Aura of Terror,,,,,,DIS,,,,,,,,,,,,,,DIS,,,,,,,,,,,,,,,,,,,,FALSE,TRUE,Bane's oppressive aura gives the affected entity  Disadvantage on attack rolls and  Saving throws while within  3 m / 10 ft of the spellcaster.
Aura of Vile Oblivion,,,,,,,,,,,,,,,,,,,,,,,,,,,,,,,,,,,,,,,,TRUE,FALSE,All nearby light sources get extinguished when the Wraith is nearby.
Aura of Warding (Aura),,,,,,,,,,,,,,,,,,,,,,,,,,,,,,,,,,,,,,,,TRUE,FALSE,The paladin and any nearby allies have Resistance to damage from spells.
Aura of Warding,,,,,,,,,,,,,,,,,,,,,,,,,,,,,,,,,,,,,,,,TRUE,FALSE,Resistant to damage from spells within  3 m / 10 ft of the spellcaster.
Avatar of BOOOAL,,,,,,,,,,,,,,,,,,,,,,,,,,,,,,,,,,,,,,,,TRUE,FALSE,The sight of a kuo-toa servant dying fills BOOOAL with bloodlust. It regains 3d6hit points when it kills a creature and can attack three times.
Avatar of Tyranny,,,,STR,,ADV,"Fire, Force, Thunder",,,,,,Athletics,,ADV,,,,,,,1d4,Slashing,,STR,,ADV,,,,,,,,,,,,150,FALSE,TRUE,"Bane has come to Gortash's aid! Gortash has  150 temporary hit points,  Advantage on  Strength checks and  Strength saving throws... And now has fearsome new powers! Affected entity gains an extra 1d4Physical damage to weapon attacks and Immunity to Thunder, Fire, and Force damage."
Aversion of Fire,,,,,,,,,,,,,,,DIS,,,,,DIS,,,,,,,DIS,,,,,,,,,,,,,FALSE,TRUE,Recently suffered Fire damage. Has  Disadvantage on Attack Rolls and Ability Checks.
Baleful Knowledge,,,,,,,,,,,,,"Animal Handling, Insight, Medicine, Perception, Survival",,DIS,,,,,,,,,,WIS,,DIS,,,,,,,,,,,,,FALSE,TRUE,Dark whispers pervade the creature's mind.  Disadvantage on Wisdom Checks.
Bane,,,,,-1d4,,,,,,,,,,,,,,-1d4,,,,,,,,,,,,,,,,,,,,,FALSE,TRUE,Has a  -1d4 penalty to  Attack rolls and Saving throws.
Bane's Brutality,,,,,,,,,STR,1,,,,,,,,,,,,,,,,,,,,,,,,,,,,,,FALSE,TRUE,Affected entity gains +1 to its Strength ability. This effect can stack.
Bane's Command,,,,,,,,,,,,,,,,,,,,,,,,,,,,,,,,,,,,,,,,TRUE,FALSE,This creature can channel  Bane's Wrath - it is the Black Hand's will.
Baneful Strike,,,,,,,,,,,,,,,,,,,,,,,,,,,,,,,,,,,,,,,,TRUE,FALSE,Affected entity has a -1d4 penalty to  Saving throws against its attacker's next spell.
Banished,,,,,,,,,,,,,,,,,,,,,,,,,,,,,,,TRUE,TRUE,TRUE,,,,,,,FALSE,TRUE,"Banished from this plane of existence. Can't be targeted. Can't move or take Actions, Bonus Actions, or Reactions"
Bardic Inspiration,,,,,,,,,,,,,,,,,,,,,,,,,,,,,,,,,,,,,,,,TRUE,FALSE,"Can use  Bardic Inspiration to add a +1d6 bonus to the next Attack roll,  Ability check, or  Saving throw. Bonus depends on originating Bard's level Grants:  Bardic Roll (Toggleable Passive Feature): +1d6 bonus to the next  Ability check.  Bardic Defence (Reaction): +1d6 bonus to the next  Saving throw.  Bardic Attack (Reaction): +1d6 bonus to the next Attack roll."
Barkskin,,,,,,,,,,,,,,,,,,,,,,,,,,,,,,,,,,,,,,,,TRUE,FALSE,Armour Class increased to 16.
Beacon of Hope,,,,WIS,,ADV,,,,,,,,,,,,,,,,,,ADV,,,,,,,,,,,,,,,,FALSE,TRUE,Has Advantage on Wisdom and Death  Saving throws. Regains the maximum possible Hit Points when healed.
Bear's Endurance,,,,,,,,,,,,,,,,,,,,,,,,,CON,,ADV,,,,,,,,,,,,7,FALSE,TRUE,Has  Advantage on Constitution Checks. Gain 7 Temporary Hit Points.
Beckoning Darkness,,,,,,,,,,,,,,,,,,,,,,,,,,,,,,,,,,,,,,,,TRUE,FALSE,Haunted by darkness. Affected entity takes 2d8Necrotic damage if it enters or starts its turn in a Lightly or Heavily Obscured area.
Befuddled,,,,,,,,,,,,,,,,,,,,,,,,,,,,,,,,,,,,,,,,TRUE,FALSE,Affected entity can't control its actions and wanders around without direction.
Beguiled,,,,,,,,,,,,,,,,,,,,,,,,,,,,,,,,,,,,,,,,TRUE,FALSE,This creature has been charmed by Raphael and cannot target him with attacks or spells.
Bend Luck: Ability Check Bonus,,,,,,,,,,,,,,1d4,,,,,,,,,,,,1d4,,,,,,,,,,,,,,FALSE,TRUE,Wild magic has twisted the affected entity's fate. It gained a +1d4 bonus to  Ability Checks.
Bend Luck: Ability Check Penalty,,,,,,,,,,,,,,-1d4,,,,,,,,,,,,-1d4,,,,,,,,,,,,,,FALSE,TRUE,Wild magic has twisted the affected entity's fate. It gained a -1d4 penalty to  Ability Checks.
Benign Transposition: Spent,,,,,,,,,,,,,,,,,,,,,,,,,,,,,,,,,,,,,,,,TRUE,FALSE,"Affected entity has used its  Benign Transposition feature for the day. To replenish this feature, the entity must cast a Conjuration spell of Level 1 or higher."
Berserk,,,,STR,,ADV,,"Slashing, Bludgeoning, Piercing",,,,,Athletics,,ADV,,,,,,,1d8,Bludgeoning,,STR,,ADV,,,,,,,,,,,,,FALSE,TRUE,"A frenetic rage racks the affected entity's flesh. Its Multiattacks each deal an additional 1d8Bludgeoning damage and knocks targets  Prone It also gains Resistance to Slashing, Piercing, and Bludgeoning damage, and has  Advantage on Strength Checks and Saving Throws. This frenzy ends if the affected entity regains all its hit points."
Bhaal's Boon,,,,,,,,,,,,,,,,,,,,,,,,,,,,,,,,,,,,,,,,TRUE,FALSE,"Bhaal revels in the affected entity's gift for murder, granting it a +1 bonus to  Armour Class per marked kill. 1 point of this bonus Armour Class is lost each time the Slayer avoids an attack."
Bhaal's Edict,,,,,,,,,,,,,,,,,,,,,,,,,,,,,,,,,,,,,,,,TRUE,FALSE,"If you don't kill another creature before the end of your next turn, you will die instantly."
Bhaal's Murderous Mark,,,,,,,,,,,,,,,,,,,,,,,,,,,,,,,,,,,,,,,,TRUE,FALSE,Affected entity's death grants a +1  Armour Class bonus to the Slayer.
Bhaalist Ritual Target,,,,,,,,,,,,,,,,,,,,,,,,,,,,,,,,,,,,,,,,TRUE,FALSE,"As part of the challenge to enter the temple, the affected entity has become the target of a chanting cultist, the Farslayer, who can cast  Bhaal's Power Word Kill once its profane ritual ends. Exiting the Farslayer's chanting range of  55 m / 183 ft makes you invulnerable to the effect. Slaying the Farslayer stops the ritual and wins the conflict."
Bhaalspawn Essence: Abazigal,,,,,,,,,,,,,,,,,,,,,,,,,,,,,,,,,,,,,,,,TRUE,FALSE,"When Abazigal's ghost dies, Sarevok will absorb his essence and deal maximum damage on all his attacks."
Bhaalspawn Essence: Amelyssan,,,,,,,,,,,,,,,,,,,,,,,,,,,,,,,,,,,,,,,,TRUE,FALSE,"When Amelyssan's ghost dies, Sarevoks attacks will heal him for 2d12hit points"
Bhaalspawn Essence: Illasera,,,,,,,,,,,,,,,,,,,,,,,,,,,,,,,,,,,,,,,,TRUE,FALSE,"When Illasera's ghost dies, Sarevok will be permanently  Hastened and will be unaffected by Paralysis, Restraints, or any attempts to reduce his movement speed."
Bhaalspawn Essence: Sendai,,,,,,,,,,,,,,,,,,,,,,,,,,,,,,,,,,,,,,,,TRUE,FALSE,"When Sendai's ghost dies, Sarevok will have his  Armour Class increased by 6."
Big Pig,,,,,,,,,,,,,,,,,,,,,,,,,,,,,,,,,,,,,,,,TRUE,FALSE,Pigs are smart and pigs are fun - that's why Dolly made you one!
Black Hole,,,,,,,,,,,,,,,,,,,,,,,,,,,,,,,,,,,,,,,,TRUE,FALSE,The black hole pulls nearby creatures and deals 7~34Force damage. The nearby area is Difficult Terrain and can  Slow creatures within it.  Intelligence saving throw
Black Tentacles,,,,DEX,,DIS,,,,,,,,,,,,,,DIS,,,,,,,,,,,TRUE,,,,,ADV,,,,FALSE,TRUE,"Restrained by dark tendrils. Affected entity can't move and takes 3d6Bludgeoning damage per turn. Attack Rolls against the affected entity have  Advantage, while the entity's Attack Rolls and Dexterity Saving Throws have  Disadvantage"
Blacked Out,,-5,,,,,,,,,,,,,,,,,,,,,,,,,,,"Piercing, Bludgeoning, Slashing, Thunder",,,,,,,,,,,FALSE,TRUE,"Thisobald has overindulged in his own brew. He is Vulnerable to Slashing, Piercing, Bludgeoning and Thunder Damage."
Blade Barrier,,,,,,,,,,,,,,,,,,,,,,,,,,,,,,,,,,,,,,,,TRUE,FALSE,Creatures that approach the barrier are slit and sliced and cut and carved like so much meat on a blood-grouted block. Affected entities take 6d10Slashing damage per turn.
Blade Ward,,,,,,,,"Slashing, Bludgeoning, Piercing",,,,,,,,,,,,,,,,,,,,,,,,,,,,,,,,FALSE,TRUE,"Has Resistance against Bludgeoning, Piercing, and Slashing damage."
Bladesinging,,PRO,,CON,PRO,,,,,,,,Acrobatics,,ADV,3,,,,,,,,,,,,,,,,,,,,,,,,FALSE,TRUE,"Invoking the Bladesong. You gain a +2/+3/+4 bonus to  Armour Class and your movement speed is increased by 3 m / 10 ft. You also gain  Advantage in Acrobatics and a +2/+3/+4 bonus to Constitution  Saving throws. The AC and saving throws bonus is +2, +3, or +4 at Bladesinger levels 2, 5, or 9 respectively."
Bladesong Damage Charge,,,,,,,,,,,,,,,,,,,,,,,,,,,,,,,,,,,,,,,,TRUE,FALSE,A charge that will increase how much damage you deal to enemies by 1d6Force when using  Bladesong Climax. You can accumulate these charges by casting Level 1 spells or above that are not weapon attacks.
Bladesong Healing Charge,,,,,,,,,,,,,,,,,,,,,,,,,,,,,,,,,,,,,,,,TRUE,FALSE,A charge that increases how much you heal yourself and your allies by 1d6hit points when using  Bladesong Climax. You can accumulate these charges by attacking with weapons.
Bladesong Impeded,,,,,,,,,,,,,,,,,,,,,,,,,,,,,,,,,,,,,,,,TRUE,FALSE,"Bladesinging impeded by armour/shield/weapon. Until the armour/shield/weapon is removed, your  Bladesong won't grant any benefits or let you generate Bladesong Charges."
Blazing Retaliation,,1,,,,,,,,,,,,,,,,,,,,,,,,,,,,,,,,,,,,,,TRUE,FALSE,"When a melee attack misses it, deal 1d6Fire damage to the attacker."
Bleeding,,,,,,,,,,,,,,,,,,,,,,,,,,,,,,,,,,,,,,,,TRUE,FALSE,Creature takes 2Slashing damage at the start of each turn and has  Disadvantage on Constitution  Saving throws. Removed by healing.
Bless,,,,,1d4,,,,,,,,,,,,,,1d4,,,,,,,,,,,,,,,,,,,,,FALSE,TRUE,Gains a  +1d4 bonus to Attack rolls and Saving throws.
Blessing of Selûne,,,,,,,,,,,,,,,,,,,,,,,,,,,,,,,,,,,,,,,,TRUE,FALSE,Selûne's radiance protects you against the lesser effects of the  Shadow Curse. But beware - even Her light cannot guard against the darkest shadows. Permits safe passage through some of the Shadow-Cursed Lands without a light source. Resistant to magical Necrotic damage.
Blessing of the Trickster,,,,,,,,,,,,,Stealth,,ADV,,,,,,,,,,,,,,,,,,,,,,,,,FALSE,TRUE,Has  Advantage on Stealth Checks.
Blinded,,,,,,,,,,,,,,,,,,,,DIS,,,,,,,,,,,,,,,,ADV,,,,FALSE,TRUE,The affected creature has  Disadvantage on Attack rolls. The affected creature's range of attacks and spells reduced to 3 m / 10 ft. Attack rolls against affected creatures have  Advantage.
Blinded (Blinding Smite),,,,,,,,,,,,,,,,,,,,DIS,,,,,,,,,,,,,,,,ADV,,,,FALSE,TRUE,"The affected creature has  Disadvantage on Attack rolls. Ranged attacks and spells of the affected creature have a range of  3 m / 10 ft. Attack Rolls against affected creatures have  Advantage. At the end of each turn, the affected creature makes a  Constitution saving throw. If successful, the condition is removed."
Blindness,,,,,,,,,,,,,,,,,,,,DIS,,,,,,,,,,,,,,,,ADV,,,,FALSE,TRUE,"The affected creature has  Disadvantage on Attack rolls. Ranged attacks and spells of the affected creature have a range of  3 m / 10 ft. Attack Rolls against affected creatures have  Advantage. At the end of each turn, the affected creature makes a  Constitution saving throw. If successful, the condition is removed."
Blink,,,,,,,,,,,,,,,,,,,,,,,,,,,,,,,,,,,,,,,,TRUE,FALSE,"At the end of each turn, there is a chance the affected entity gets  Blinked to the Ethereal Plane, where it can't be harmed, seen or affected. While in the Ethereal Plane, the entity can't move or interact with anything in the world. It can only choose to teleport up to  6 m / 20 ft. When combat ends, so does this effect."
Blinked to the Ethereal Plane,,,,,,,,,,,,,,,,,,,,,,,,,,,,,,,,,,,,,,,,TRUE,FALSE,"Affected entity is in the Ethereal Plane, where it can't be harmed, seen, or affected. While in the Ethereal Plane, the entity can't move or interact with anything in the world. It can choose to teleport up to 6m / 20ft. At the end of each turn, there is a chance it reappears in the Material Plane. When combat ends, so does this effect."
Bliss Spores,,,,,1d6,,,,,,,,,1d6,,,,,1d6,,,,,,,1d6,,,,,,,,,,,,,,FALSE,TRUE,"Affected entity has a +1d6 bonus to  Attack Rolls, Ability Checks, and  Saving throws until the next Long Rest."
Bloated,,,,,,,,,,,,,,,,,,,,,,,,,,,,,,,,,,,,,,,,TRUE,FALSE,Restrained due to sickness and bloat.
Blocked by Bhaalist Mischief,,,,,,,,,,,,,,,,,,,,,,,,,,,,,,,,,,,,,,,,TRUE,FALSE,This door cannot be opened until the Farslayer is defeated.
Blocked Warrens,,,,,,,,,,,,,,,,,,,,,,,,,,,,,,,,,,,,,,,,TRUE,FALSE,Kobolds cannot emerge from this tunnel while it is obstructed.
Blood-draw Sickness,,,,,-1,,,,,,,,,-1,,,,,-1,,,,,,,-1,,,,,,,,,,,,,,FALSE,TRUE,Nothing is ever free - until the next long rest the affected entity has a -1 to all dice rolls.
Blood-Sapped,,,,,,,,,,,,-8,,,,,,,,,,,,,,,,,,,,,,,,,,,,FALSE,TRUE,Hit point maximum reduced by 8 per turn remaining. Creature will die if its hit point maximum is reduced to 0.
Blood-scent Frenzy,,,,,,,,,,,,,,,,,,,,,,,,,,,,,,,,,,,,,,,,TRUE,FALSE,"Affected entity has  Advantage on melee attacks against any target that doesn't have all of its hit points, provided it's not a construct, an ooze, a plant, or an elemental."
Bloodless,,,,,-1,,,,,,,,,-1,,,,,-1,,,,,,,-1,,,,,,,,,,,,,,FALSE,TRUE,"Feels a bit woozy. -1 to all Attack Rolls, Saving Throws, and most Ability Checks. Disappears after Long Rest. Can be cured by Lesser Restoration, Remove Curse and Lay on Hands: Cure."
Bloodlust,,,,,,,,,,,,,,,,,,,,,,,,,,,,,,,,,,,,,,,,TRUE,FALSE,Creature can attack three times. It regains 3d8hit points if it lands a killing blow.
Bloodthirst,,,,,,,,,,,,,,,,,,,,,,,,,,,,,,,,,,,,,,,,TRUE,FALSE,Gains  Bite as a bonus action.
Bloody Favour,,,,,,,,,,,,,,,,,,,,,,,,,,,,,,,,,,,,,,,,TRUE,FALSE,Bhaal's Chosen will be granted a profane boon at the start of every turn.
Blooming Dead,,,,,,,,,,,,,,,,,,,,,,,,,,,,,,,,,,,,,,,,TRUE,FALSE,This Undead heals 4d6hit points at the start of every turn while it is within  The Dead Wastes.
Bludgeon the Weak,,,,,,,,,,,,,,,,,,,,,,,,,,,,,Bludgeoning,,,,,,,,,,,FALSE,TRUE,"Affected entity is Vulnerable to Bludgeoning damage for 3 turns, or until it takes damage."
Blurred,,,,,,,,,,,,,,,,,,,,,,,,,,,,,,,,,,,,DIS,,,,FALSE,TRUE,"Attackers have  Disadvantage on Attack rolls against this creature, unless they do not rely on sight or can see through illusions."
Bolstering Brew,,,,,,,,,STR,6,,,,,,,,,,,,,,,,,,,,,,,,,,,,,,FALSE,TRUE,Affected entity's Strength score is increased by 6 while it is infused with Thisobald's current brew.
Bolstering Magic: Boon,,,,,,,,,,,,,,1d4,,,,,1d4,,,,,,,1d4,,,,,,,,,,,,,,FALSE,TRUE,Bolstered by wild magic. Has a  +1d4 bonus to Attack Rolls and Ability Checks
Bone Chilled,,,,,,,,,,,,,,,,,,,,DIS,,,,,,,,,,,,,,,,,,,,FALSE,TRUE,"Can not regain  hit points. Cannot help  Downed characters. If Undead, has  Disadvantage on Attack rolls."
Booming Blade,,,,,,,,,,,,,,,,,,,,,,,,,,,,,,,,,,,,,,,,TRUE,FALSE,Affected entity will take 1d8Thunder damage when it moves.
Boon of Servitude,,2,,,,,,,,,,,,,,,,,,,,,,,,,,,,,,,,,,,,,,TRUE,FALSE,Regains 2d4+Spellcasting Modifierhit points each turn.
BOOOAL's Benediction,,,,,,,,,,,,,,,,,,,,,,,,,,,,,,,,,,,,,,,,TRUE,FALSE,"Advantage on Attack rolls against Bleeding creatures, as long as there are Kuo-toa to worship BOOOAL."
BOOOAL's Blessing,,,,,,,,,,,,,,,,,,,,,,,,,,,,,,,,,,,,,,,,TRUE,FALSE,"The wielder has  Advantage on Attack rolls against Bleeding creatures, as long as there are Kuo-toa to worship BOOOAL."
BOOOAL's Faithful,,,,,,,,,,,,,,,,,,,,,,,,,,,,,,,,,,,,,,,,TRUE,FALSE,Chance to apply  Bleeding to targets.
Bottled Breath,,,,,,,,,,,,,,,,,,,,,,,,,,,,,,,,,,,,,,,,TRUE,FALSE,Affected Entity is able to cast  Gust of Wind once per long rest.
Bound,,,,,,,,,,,,,,,,,,,,,,,,,,,,,,,,,,,,,,,,TRUE,FALSE,This relic is bound to its current owner by a powerful aura. Bound items cannot be removed from your inventory.
Bound Weapon,,,,,,,,,,,,,,,,,,,,,,,,,,,,,,,,,,,,,,,,TRUE,FALSE,"Ritually bound to its wielder. The weapon can't be knocked out of the wielder's hand, and automatically returns to its wielder when thrown."
Braced,,,,,,,,,,,,,,,,,,,,,,,,,,,,,,,,,,,,,,,,TRUE,FALSE,"On Damage Rolls, roll twice and use the higher result."
Brain-Starved,,,,,,,,,,-10,,,,,,,,,,,,,,,,,,,,,,,,,,,,,,FALSE,TRUE,The Creature's Ability Scores are reduced by 10 while wracked with a ravening hunger for brain matter.
Brand of the Silverlight,,,,,,,,,,,,,,,,,,,,,,5d8,Radiant,,,,,,,,,,,,,,,,,FALSE,TRUE,This creature's weapon attacks deal an additional 5d8Radiant damage.
Branding Smite,,,,,,,,,,,,,,,,,,,,,,,,,,,,,,,,,,,,,,,,TRUE,FALSE,Cannot turn Invisible.
Breathless Lungs,,,,,,,,,,,,,,,,,,,,,,,,,,,,,,,,,,,,,,,,TRUE,FALSE,Mystic Carrion can't be  Silenced while his lungs are still intact.
Brew Sickness,,,,,,,,,,,,,,,,,,,,,,,,,,,,,,,,,,,,,,,,TRUE,FALSE,"While in the vicinity of Thisobald's  Spoiled Brew, this creature takes 1d6Necrotic every turn."
Brewed-Up Bellyglummer,,,,,,,,,,,,,,,DIS,,,,,DIS,,,,,,,DIS,,,,,,,,,,,,,FALSE,TRUE,Suffers  Disadvantage on Attack rolls and Ability Checks Affected entity takes 1d6Poison damage at the end of its next turn.
Brittle,,,,,,,,,,,,,,,,,,,,,,,,,,,,,"Bludgeoning, Thunder",,,,,,,,,,,TRUE,FALSE,"2d6 (2~12) Cold  damage per turn Affected entity has been rapidly cooled while aflame, making it Vulnerable to Thunder and Bludgeoning damage."
Broken Promises,,,,,,,,,STR,2,,,,,,,,,,,,,,,,,,,,,,,,,,,,,,FALSE,TRUE,Strength is increased by 2 for  Duration: Until Long rest. Strength is decreased indefinitely by 1 after Long Rest.
Browbeaten,,,,,,,,,,,,,,,,,,,,,,,,,,,,+1,,,,,,,,,,,,FALSE,TRUE,Affected entity has a +1 bonus to spell save DC while threatened.
Bufotoxin,,,,DEX,,DIS,,,,,,,,,,,,,,,,,,,,,,,,,,,,,,,,,,FALSE,TRUE,Has  Disadvantage on  Dexterity saving throws.
Bull's Strength,,,,STR,,ADV,,,,,,,Athletics,,ADV,,,,,,,,,,STR,,ADV,,,,,,,,,,,,,FALSE,TRUE,Has  Advantage on Strength Checks. Weight Limit doubled.
Burden of Time,,,,,,,,,,,,,,,,,,,,,,,,,,,,,,,,,,,,,,,,TRUE,FALSE,A nearby shadar-kai is imposing  Disadvantage on this creature's  Saving throws.
Burden of Time Aura,,,,,,,,,,,,,,,,,,,,,,,,,,,,,,,,,,,,,,,,TRUE,FALSE,Beasts and Humanoids have  Disadvantage on Saving Throws while within  3 m / 10 ft of this creature. Elves are unaffected by this temporal magic.
Burned Out Optics,,,,,,,,,,,,,,,,,,,-1d6,,,,,,,,,,,,,,,,,,,,,FALSE,TRUE,"Affected entity's optical lens has been distorted, causing its vision become impaired. Entity recieves 1d6 penalty to Attack Rolls."
Burning,,,,,,,,,,,,,,,,,,,,,,,,,,,,,,,,,,,,,,,,TRUE,FALSE,"Takes 1d4Fire damage per turn. Can be removed with the  Help action, using a Healing Potion or gaining  Wet. Immune from if  Wet.  Dip action can be used on Burning characters or objects."
Burning (Orthonic),,,,,,,,,,,,,,,,,,,,,,,,,,,,,,,,,,,,,,,,TRUE,FALSE,"Takes 1d4Fire damage per turn. CANNOT be removed with the  Help action, using a Healing Type Potion or gaining  Wet."
Burning Acid,,,,,,,,,,,,,,,,,,,,,,,,,,,,,,,,,,,,,,,,TRUE,FALSE,The hatchery waters burn through all those who'd intrude upon it.
Burning Fiercely,,,,,,,,,,,,,,,,,,,,,,,,,,,,,,,,,,,,,,,,TRUE,FALSE,Takes 1d10Fire damage per turn.
Burning Reflux,,,,,,,,,,,,,,,,,,,,,,,,,,,,,,,,,,,,,,,,TRUE,FALSE,"Fire damage has ignited Thisobald's special brew, letting him use  Fiery Regurgitation."
Burst of Accuracy,,,,,,,,,,,,,,,,,,,1d4,,,,,,,,,,,,,,,,,,,,,FALSE,TRUE,You have a +1d4 bonus to attack rolls after using Action Surge.
Buthir's Wrath,,-2,,,,,,"Slashing, Bludgeoning, Piercing, Acid, Cold, Fire, Force, Lightning, Necrotic, Poison, Psychic, Radiant, Thunder",STR,4,,,,,,,,,,,,,,,,,,,,,,,,,,,,,,FALSE,TRUE,"Buthir is enraged! Strength increased by 4 and Armour Class reduced by 2. Tactician Difficulty: Buthir is enraged! Strength increased by 4, and has Resistance to all physical damage."
Call Lightning,,,,,,,,,,,,,,,,,,,,,,,,,,,,,,,,,,,,,,,,TRUE,FALSE,Can  Call Lightning without expending a spell slot.
Call of the Dark Lady,,,,,,,,,,,,,,,,,,,,,,,,,,,,,,,,,,,,,,,,TRUE,FALSE,"When it starts its turn in a Lightly or Heavily Obscured area, the affected entity takes 1d4Necrotic. Attacks made by the Justiciar in its  Umbral Form deal an additional 1d6Necrotic damage to the entity."
Calling Reinforcements,,,,,,,,,,,,,,,,,,,,,,,,,,,,,,,,,,,,,,,,TRUE,FALSE,This creature's allies will appear next turn to defend it.
Calmed,,,,,,,,,,,,,,,,,,,,,,,,,,,,,,"Charmed, Frightened, Rage",,,,,,,,,,FALSE,TRUE,"Can't be Charmed or Frightened, and can't  Rage."
Castigated By Divinity,,,,,,,,,,,,,,,,,,,,,,,,,,,,,,,,,,,,,,,,TRUE,FALSE,"Affected entity is cursed by transgressed and irritable gods. When it falls unconscious, it immediately dies. Moreover, when it dies, a terrible envoy of the offended deity is conjured from the entity's corpse."
Cat's Grace,,,,DEX,,ADV,,,,,,,"Acrobatics, Sleight of Hand, Stealth",,ADV,,,,,,,,,,DEX,,ADV,,,,,,,,,,,,,FALSE,TRUE,Has  Advantage on Dexterity Checks. Takes half falling damage.
Catatonic,,,,,,,,,,,,,,,,,,,,,,,,,,,,,,,,,,,,,,,,TRUE,FALSE,Art Cullagh has shut down and seems completely unresponsive to whatever is happening around him.
Cattle Prattle,,,,,,,,,,,,,,,,,,,,,,,,,,,,,,,,,,,,,,,,TRUE,FALSE,Want to converse like a cow? Dolly Thrice will show you how.
Caustic Brew,,,,,,,,,,,,,,,,,,,,,,,,,,,,,,,,,,,,,,,,TRUE,FALSE,Affected entity deals an additional 2d6Acid damage while infused with Thisobald's current brew.
Caustic Brine,,,,,,,,,,,,,,,,,,,,,,,,,,,,,,,,,,,,,,,,TRUE,FALSE,Takes 1d4Acid damage per turn.
Caustic Retort,,,,,,,,,,,,,,,,,,,,,,,,,,,,,,,,,,,,,,,,TRUE,FALSE,"Whenever you take damage, reflect it back at your attacker threefold as Acid damage."
Celestial Haste,,2,,DEX,,ADV,,,,,,,,,,x2,,,,,,,,,,,,,,,,,,,,,,,,FALSE,TRUE,Gain +2 to Armour Class Armour Class and Advantage on Dexterity  Saving throws. Movement Speed is doubled. Gain an additional Action.
Chain of Tyranny,,,,,,,,,,,,,,,,x0.5,,,,,,,,,,,,,,,,,,,,,,,,FALSE,TRUE,"Affected entity has only half its movement speed. When the chain breaks, it takes 8d8Force damage."
Chains of Karsus,,,,,,,,,,,,,,,,,,,,,,,,,,,,,,,,,,,,,,,,TRUE,FALSE,"The Netherbrain is too powerful for even the Momentary God's magic - Karsus' Compulsion could not dominate it completely. The spell has instead bound the brain's will in place temporarily. To complete the domination, you must strike it down."
Champion Challenge,,,,,,,,,,,,,,,,,,,,,,,,,,,,,,,,,,,,,,,,TRUE,FALSE,Affected entity is compelled to attack the paladin that challenged them. Any attacks they might make against targets other than the paladin have  Disadvantage. Condition ends if the entity moves 9 m / 30 ft away from the paladin.
Channel Divinity: Cloak of Shadows,,,,,,,,,,,,,,,,,,,,ADV,,,,,,,,,,,,,,,,DIS,,,,FALSE,TRUE,"Has  Advantage on Attack rolls and imposes  Disadvantage on enemy Attack Rolls. Invisibility ends early if the invisible entity attacks, casts another spell, takes an action, or takes damage."
Channelling Karsus' Compulsion,,,,,,,,,,,,,,,,,,,,,,,,,,,,,,,,,,,,,,,,TRUE,FALSE,"Affected entity is focussing all their magic and effort on casting  Karsus' Compulsion until their next turn. Becoming  Incapacitated,  Stunned,  Polymorphed, or  Knocked Out ends the spell."
Charged Lightning: Tempest Steps,,,,,,,,,,,,,,,,,,,,,,,,,,,,,,,,,,,,,,,,TRUE,FALSE,"Wherever you walk, create a crackling explosion with 2 radius that deals 1d4Lightning."
Charmed,,,,,,,,,,,,,"Persuasion, Performance, Intimidation, Deception",,ADV,,,,,,,,,,,,,,,,,,,,,,,,,TRUE,FALSE,Cannot attack the spellcaster. The spellcaster has  Advantage on Charisma Checks in dialogue.
Cheater's Folly,,,,,,,,,,-1,,,,,,,,,,,,,,,,,,,,,,,,,,,,,,FALSE,TRUE,Affected entity has all Ability Scores reduced by 1 for attacking a reflection that's not their own. This effect can be applied thrice more.
Chest Trauma,,,,CON,1,DIS,,,,,,,,,,,,,,,,,,,,,,,,,,,,,,,,,,FALSE,TRUE,Has  Disadvantage on Constitution Saving Throws and has one fewer action. Removed by healing.
Chicken Chaser,,,,,,,,,,,,,,,,,,,,,,,,,,,,,,,,,,,,,,,,TRUE,FALSE,Engrossed in a game of Chicken Chase.
Chilled,,,,,,,,Fire,,,,,,,,,,,,,,,,,,,,,Cold,,,,,,,,,,,FALSE,TRUE,Affected entity is vulnerable to Cold damage and resistant to Fire damage. Applying  Wet to a chilled entity will make it  Frozen for  Duration: 1 turn.
Chilling Grace,,,,,,,,,,,,,,,,,,,,,,,,,,,,,,,,,,,,,,,,TRUE,FALSE,Has Resistance to Fire damage as long as you have 50% hit points or less.
Cindersnap Reflexes,,,,,,,,,,,,,,,,,,,,,,,,,,,,,,,,,,,Ranged,DIS,,,,FALSE,TRUE,Ranged weapon attacks targeting this entity have  Disadvantage and their damage is halved.
Clear Area,,,,,,,,,,,,,,,,,,,,,,,,,,,,,,,,,,,,,,,,TRUE,FALSE,Hiding in an unobscured area. Will be caught on sight.
Click Heels,,,,,,,,,,,,,,,,x2,,,,,,,,,,,,,,,,,,,,,,,,FALSE,TRUE,Movement Speed is doubled. Enemies have  Disadvantage on Opportunity Attacks against them.
Clinging Shadows,,,,,,ADV,,,,,,,,,,,,,,,,,,,,,,,,,,,,,,,,,,FALSE,TRUE,"While remaining obscured, affected entity has  Advantage on  Saving throws."
Cloak of Shadows,,,,,,,,,,,,,,,,,,,,ADV,,,,,,,,,,,,,,,,DIS,,,,FALSE,TRUE,"Has  Advantage on Attack rolls and imposes  Disadvantage on enemy Attack Rolls. Attacking, casting spells, or entering a brightly lit area ends this condition."
Cloud of Daggers,,,,,,,,,,,,,,,,,,,,,,,,,,,,,,,,,,,,,,,,TRUE,FALSE,Takes 4d4Slashing per turn. This damage is increased by 2d4Slashing for for each spell slot level above 2nd used to cast  Cloud of Daggers.
Cloudkill,,,,,,,,,,,,,,,,,,,,,,,,,,,,,,,,,,,,,,,,TRUE,FALSE,"While it remains in the cloud, affected entity takes 5d8Poison damage every turn."
Clown Face-Paint,,,,,,,,,,,,,,,,,,,,,,,,,,,,,,,,,,,,,,,,TRUE,FALSE,You are unaffected by  Hideous Laughter.
Coated in Arsonist's Oil,,,,,,,,,,,,,,,,,,,,,,,,,,,,,,,,,,,,,,,,TRUE,FALSE,Coated in an oil that strips targets that are Resistant to Fire damage of their Resistance. Targets that are Immune to Fire damage are unaffected.
Coated in Basic Poison,,,,,,,,,,,,,,,,,,,,,,,,,,,,,,,,,,,,,,,,TRUE,FALSE,"Targets must succeed a DC 11  Constitution saving throw or become  Poisoned. On a successful save, target receives  Inoculated: Basic Poison for 2 turns."
Coated in Brewed-up Bellyglummer,,,,,,,,,,,,,,,,,,,,,,,,,,,,,,,,,,,,,,,,TRUE,FALSE,Weapon is coated in Brewed-Up Bellyglummer. Targets must succeed a DC 17  Constitution saving throw or become  Poisoned.
Coated in Crawler Mucus,,,,,,,,,,,,,,,,,,,,,,,,,,,,,,,,,,,,,,,,TRUE,FALSE,"Targets must succeed a DC 13  Constitution saving throw or become  Stricken with Crawler Mucus. On a successful save, targets receive  Inoculated: Crawler Mucus for 2 turns"
Coated in Diluted Oil of Sharpness,,,,,,,,,,,,,,,,,,,,,,,,,,,,,,,,,,,,,,,,TRUE,FALSE,"The arcane oil coating this weapon grants it a +1 bonus to Damage and Attack rolls. The weapon has become magical, so it can damage creatures that are immune to non-magical attacks."
Coated in Drow Poison,,,,,,,,,,,,,,,,,,,,,,,,,,,,,,,,,,,,,,,,TRUE,FALSE,"Targets must succeed a DC 13  Constitution saving throw or become  Poisoned and fall  Asleep. On a successful save, targets receive  Inoculated: Drow Poison for 2 turns."
Coated in Malice,,,,,,,,,,,,,,,,,,,,,,,,,,,,,,,,,,,,,,,,TRUE,FALSE,Targets must succeed a DC 15  Constitution saving throw or become  Blinded and  Poisoned. Targets that succeed the saving throw are granted the  Inoculated: Malice condition for 2 turns.
Coated in Oil of Bane,,,,,,,,,,,,,,,,,,,,,,,,,,,,,,,,,,,,,,,,TRUE,FALSE,Targets become  Baned for 2 turns unless they succeed a DC 11  Charisma saving throw.
Coated in Oil of Combustion,,,,,,,,,,,,,,,,,,,,,,,,,,,,,,,,,,,,,,,,TRUE,FALSE,"Coated in flammable oil. On a hit, the target is doused in oil for 2 turns. If it takes Fire damage, the oil immolates, dealing 3d6Fire damage in an area around it."
Coated in Oil of Diminution,,,,,,,,,,,,,,,,,,,,,,,,,,,,,,,,,,,,,,,,TRUE,FALSE,"Targets must succeed a DC 11  Constitution saving throw or receive  Disadvantage on  Strength checks and  Strength saving throws, as well as a -1d4 penalty to damage on melee attacks for 2 turns."
Coated in Oil of Freezing,,,,,,,,,,,,,,,,,,,,,,,,,,,,,,,,,,,,,,,,TRUE,FALSE,Targets receive  Encrusted with Frost for 2 turns.
Coated in Purple Worm Toxin,,,,,,,,,,,,,,,,,,,,,,,,,,,,,,,,,,,,,,,,TRUE,FALSE,"Targets take 1d10Poison damage at the end of their next turn, unless they succeed a DC 19  Constitution saving throw."
Coated in Serpent Venom Toxin,,,,,,,,,,,,,,,,,,,,,,,,,,,,,,,,,,,,,,,,TRUE,FALSE,"Targets take 1d6Poison damage at the end of their next turn, unless they succeed a DC 13  Constitution saving throw."
Coated in Toxin,,,,,,,,,,,,,,,,,,,,,,,,,,,,,,,,,,,,,,,,TRUE,FALSE,"Targets take 1d4Poison damage at the end of their next turn, unless they succeed a DC 11  Constitution saving throw."
Coated in Wizardsbane Oil,,,,,,,,,,,,,,,,,,"Melee Spell, Ranged Spell",-3,,,,,,,,,-3,,,,,,,,,,,,FALSE,TRUE,"Severely dampens the power of any spellcaster struck with this weapon. Targets receive a -3 penalty to spell Attack rolls and Spell Save DC, and  Disadvantage on  Saving throws for maintaining Concentration for 2 turns."
Coated in Wyvern Toxin,,,,,,,,,,,,,,,,,,,,,,,,,,,,,,,,,,,,,,,,TRUE,FALSE,"Targets take 1d8Poison damage at the end of their next turn, unless they succeed a DC 15  Constitution saving throw."
Cocooned,,,,,,,,,,,,,,,,,,,,,,,,,,,,,,,TRUE,TRUE,TRUE,,,,,,,FALSE,TRUE,"Trapped in a spider's web. Can't move or take Actions. Bonus Actions, or Reactions. This condition ends upon taking damage or if the entity makes a successful  Strength saving throw"
Coerced,,,,,,,,,,,,,,,,,,,,,,,,,,,,,,,,,,,,,,,,TRUE,FALSE,Forced to fight for Nere and takes 1d6Psychic each turn.
Coin Cuirass,,,,,,,,,,,,100,,,,,,,,,,,,,,,,,,,,,,,,,,,,FALSE,TRUE,"Cursed coins have gathered around the Toll Collector's chest, increasing her overall health by 100."
Coin Cuisse (R),,,,,,,,,,,,100,,,,,,,,,,,,,,,,,,,,,,,,,,,,FALSE,TRUE,"Cursed coins have gathered around the Toll Collector's right leg, increasing her overall health by 100."
Coin Cuisse (L),,,,,,,,,,,,100,,,,,,,,,,,,,,,,,,,,,,,,,,,,FALSE,TRUE,"Cursed coins have gathered around the Toll Collector's left leg, increasing her overall health by 100."
Coin Helmet,,,,,,,,,,,,100,,,,,,,,,,,,,,,,,,,,,,,,,,,,FALSE,TRUE,"Cursed coins have gathered around the Toll Collector's head, increasing her overall health by 100."
Coin Vambrace (L),,,,,,,,,,,,100,,,,,,,,,,,,,,,,,,,,,,,,,,,,FALSE,TRUE,"Cursed coins have gathered around the Toll Collector's left arm, increasing her overall health by 100. Additionally, she can use  Left Coin Whip."
Coin Vambrace (R),,,,,,,,,,,,100,,,,,,,,,,,,,,,,,,,,,,,,,,,,FALSE,TRUE,"Cursed coins have gathered around the Toll Collector's right arm, increasing her overall health by 100. Additionally, she can use  Right Coin Whip."
Cold Brew,,,,,,,,,,,,,,,,,,,,,,2d6,Cold,,,,,,,,,,,,,,,,,FALSE,TRUE,Affected entity deals an additional 2d6Cold damage while infused with Thisobald's current brew.
Cold Infusion,,,,,,,,,,,,,,,,,,,,,,1d4,Cold,,,,,,,,,,,,,,,,,FALSE,TRUE,The affected entity deals an additional 1d4Cold the next time it deals damage with a weapon.
Cold Reflux,,,,,,,,,,,,,,,,,,,,,,,,,,,,,,,,,,,,,,,,TRUE,FALSE,"Cold damage has chilled Thisobald's special brew, letting him use  Icy Regurgitation."
Cold Resistance,,,,,,,,Cold,,,,,,,,,,,,,,,,,,,,,,,,,,,,,,,,FALSE,TRUE,Resistant to Cold damage.
Cold Resistance Aura,,,,,,,,,,,,,,,,,,,,,,,,,,,,,,,,,,,,,,,,FALSE,TRUE,The fantastical powers of this hallucinatory imp give all nearby creatures Resistance to Cold damage.
Colour Spray,,,,,,,,,,,,,,,,,,,,DIS,,,,,,,,,,,,,,,,ADV,,,,FALSE,TRUE,Has  Disadvantage on Attack rolls. Range of attacks and spells reduced to  3 m / 10 ft. Attack Rolls against Blinded creatures have  Advantage.
Combat Inspiration,,,,,,,,,,,,,,,,,,,,,,,,,,,,,,,,,,,,,,,,TRUE,FALSE,"Can use their Bardic Inspiration to add a +1d6 bonus to their next Attack roll,  Ability check, or  Saving throw They can also choose a +1d6 bonus to the damage their next weapon attack deals, or to their  Armour Class for one attack Bonus depends on the originating Bard's level Grants:  Valiant Roll (Toggleable Passive Feature): +1d6 bonus to the next  Ability check  Valiant Defence (Reaction): +1d6 bonus to the next  Saving throw or bonus to  Armour Class for the next attack  Valiant Attack (Reaction): +1d6 bonus to the next Attack roll  Valiant Damage (Reaction): +1d6 bonus damage to the next Weapon Attack"
Command: Approach,,,,,,,,,,,,,,,,,,,,,,,,,,,,,,,,TRUE,TRUE,,,,,,,FALSE,TRUE,"Has to move toward the spellcaster using the shortest route possible. Cannot take Actions, Bonus Actions, or Reactions."
Command: Flee,,,,,,,,,,,,,,,,,,,,,,,,,,,,,,,,TRUE,TRUE,,,,,,,FALSE,TRUE,"Has to move as far away from the spellcaster by the fastest available means. Cannot take Actions, Bonus Actions, or Reactions."
Command: Grovel,,,,"DEX, STR",,DIS,,,,,,,,,,,,,,,,,,,,,,,,,TRUE,TRUE,TRUE,,"Melee, Melee Spell, Melee Unarmed",ADV,,,,FALSE,TRUE,"Can't move or take  Actions,  Bonus Actions, or  Reactions, and has  Disadvantage on  Strength and Dexterity saving throws. Attacks against a grovelling creature have  Advantage if they're made within  3 m / 10 ft of the creature."
Command: Halt,,,,,,,,,,,,,,,,,,,,,,,,,,,,,,,TRUE,TRUE,TRUE,,,,,,,FALSE,TRUE,"Cannot move. Cannot take Actions, Bonus Actions, or Reactions."
Compelled Duel,,,,,,,,,,,,,,,,,,,,DIS,,,,,,,,,,,,,,,,,,,,FALSE,TRUE,Has  Disadvantage on Attack Rolls against anyone but the caster.
Compelled to Duel,,,,,,,,,,,,,,,,,,,,DIS,,,,,,,,,,,,,,,,,,,,FALSE,TRUE,Has  Disadvantage on Attack Rolls against anyone but the caster. Might start  Bleeding if struck by the Dueller.
Conduit of Kereska's Ice,,,,,,,,Cold,,,,,,,,,,,,,,,,,,,,,,,,,,,,,,,,FALSE,TRUE,"Affected entity has resistance to Cold damage. Its cold spells deal additional damage equal to its proficiency bonus. When it deals spell damage, it inflicts 2 turns of  Encrusted with Frost upon the target. While attuned to Kereska's ice, it can cast  Cone of Cold at 5th level and  Ice Storm at 4th level once per short rest."
Confused,,,,,,,,,,,,,,,,,,,,,,,,,,,,,,,,,,,,,,,,TRUE,FALSE,"Affected entity is hostile to everyone, wanders around aimlessly, and occasionally skips turns in its stupor"
Confused Stupor,,,,,,,,,,,,,,,,,,,,,,,,,,,,,,,,,,,,,,,,TRUE,FALSE,Too confused to act - affected entity wastes its turn doing nothing.
Conquered,,,,,,,,,,,,,,,,,,,,,,,,,,,,,,,,,,,,,,,,TRUE,FALSE,"If  Frightened, affected entity takes 5Psychic damage when starting its turn within  3 m / 10 ft of the spellcaster."
Constricted,,,,DEX,,DIS,,,,,,,,,,,,,,DIS,,,,,,,,,,,TRUE,,,,,ADV,,,,FALSE,TRUE,"Affected entity can't move. Attack rolls against it have  Advantage, while its attack rolls and Dexterity  Saving throws have  Disadvantage. The entity takes 2d6 + 2 (4~14) Piercing and 1d4 (1~4) Necrotic per turn. Can be removed by  Help."
Constricting,,,,,,,,,,,,,,,,,,,,,,,,,,,,,,,,,,,,,,,,TRUE,FALSE,Wrapped around a target to  Constrict it and can't move.
Contagion Poisoned,,,,,,,,,,,,,,,DIS,,,,,DIS,,,,,,,DIS,DIS,,,,,,,,,,,,FALSE,TRUE,"Has  Disadvantage on Attack rolls and Checks. Each turn, it must succeed on a  Saving throw, or the poison will advance in stage. On 3 successes, it recovers. On 3 failures, it contracts the disease corresponding to the variant of the spell Contagion that was cast."
Continual Flame,,,,,,,,,,,,,,,,,,,,,,,,,,,,,,,,,,,,,,,,TRUE,FALSE,Enveloped in flames that produce no heat and never seem to die out. Identical to the effect of  Light
Controlled,,,,,,,,,,,,,,,,,,,,,,,,,,,,,,,,,,,,,,,,TRUE,FALSE,This undead is under the control of a Paladin. It will follow the Paladin and attack their enemies.
Controlling Undead,,,,,,,,,,,,,,,,,,,,,,,,,,,,,,,,,,,,,,,,TRUE,FALSE,This paladin has control over an undead creature. The creature will follow them and attack their enemies.
Corrosive Spit: Dissolved,,-5,,,,,,,,,,,,,,,,,,,,,,,,,,,,,,,,,,,,,,TRUE,FALSE,The spit can be removed with water.
Corrosive Spit: Dissolving,,-1,,,,,,,,,,,,,,,,,,,,,,,,,,,,,,,,,,,,,,TRUE,FALSE,"Takes 1d10Acid damage per turn. The spit will keep eating away at its defences, further reducing its Armour Class, unless it is washed away with water."
Cosmic Omen: Ability Check,,,,,,,,,,,,,,1d6,,,,,,,,,,,,1d6,,,,,,,,,,,,,,FALSE,TRUE,Gains a  +1d6 bonus to  Ability checks.
Countercharm,,,,,,,,,,,,,,,,,,,,,,,,,,,,,,,,,,,,,,,,TRUE,FALSE,You have  Advantage on Saving Throws against being  Charmed or  Frightened.
Countercharm Aura,,,,,,,,,,,,,,,,,,,,,,,,,,,,,,,,,,,,,,,,TRUE,FALSE,You and allies within 9 m / 30 ft have  Advantage on  Saving throws against being Charmed and Frightened.
Covert Critical,,,,,,,,,,,,,,,,,,,,,,,,,,,,,,,,,,,,,,,,TRUE,FALSE,"As long as the affected entity remains obscured, the number it needs to Attack roll a Critical Hit while attacking is reduced by 1. This effect can stack."
Crackling with Kereska's Lightning,,,,,,,,Lightning,,,,,,,,,,,,,,,,,,,,,,,,,,,,,,,,FALSE,TRUE,"Affected entity has resistance to Lightning damage. Its lightning spells deal additional damage equal to its proficiency bonus. When it deals spell damage, it gains 2  Lightning Charges. While attuned to Kereska's lightning, it can cast  Chain Lightning at 6th level and  Lightning Bolt at 3rd level once per short rest."
Craven Heart,,,,WIS,,DIS,,,,,,,,,,,,,,,,,,,,,,,,,,,,,,,,,,FALSE,TRUE,"Affected entity will be automatically Critically Hit by Viconia's attacks, and it has Disadvantage on Wisdom Saving Throws. To end this effect, the creature must deny its Craven Heart by bravely ending its turn within  3 m / 10 ft of Viconia without using any actions or bonus actions."
Crawling Gnaw,,,,,,,,,,,,,,,,,,,,,,,,,,,,,,,,,,,,,,,,TRUE,FALSE,"Target is inflicted with zombie mucus. If the affected entity dies before the infection wears off, it will temporarily rise as a Newborn Zombie. Newborn Zombies are statistically the same as the Summoned Zombie, except that they only have 10 Hit Points, and they have the condition  Newborn Zombie, causing them to take 1Necrotic damage per turn. Newborn Zombies will follow the original Summoned Zombie."
Critical Hit!,,,,,,,,,,,,,,,,,,,,,,,,,,,,,,,,,,,,,,,,TRUE,FALSE,"You've critically hit an opponent, dealing more damage."
Crown of Madness,,,,,,,,,,,,,,,,,,,,,,,,,,,,,,,,,,,,,,,,TRUE,FALSE,"Instilled with magical madness. Will attack the nearest creature, other than the spellcaster."
Crusader's Mantle,,,,,,,,,,,,,,,,,,,,,,1d4,Radiant,,,,,,,,,,,,,,,,,FALSE,TRUE,Near a paladin's holy aura. Weapon attacks deal an additional 1d4Radiant.
Crusader's Mantle Aura,,,,,,,,,,,,,,,,,,,,,,1d4,Radiant,,,,,,,,,,,,,,,,,FALSE,TRUE,Emitting a holy aura. You and your nearby allies' weapon attacks of nearby allies deal an additional 1d4Radiant.
Crystal Skin,,,,,,,,"Cold, Fire, Lightning",,,,,,,,,,,,,,,,,,,,,,,,,,,,,,,,FALSE,TRUE,Affected entity has Resistance to all elemental damage.
Curative Antidote,,,,,,,,,,,,,,,,,,,,,,,,,,,,,,,,,,,,,,,,TRUE,FALSE,A powerful antidote courses through your veins. You have  Advantage on  Saving throw against being  Poisoned.
Curdled Liver,,,,,,,,,,,,,,,,,,,,,,,,,,,,,,,,,,,,,,,,TRUE,FALSE,Mystic Carrion is not vulnerable to fire damage while his liver is intact.
Curse of Regret,,,,,,,,,,,,,,,,,,,,,,,,,,,,,Psychic,,,,,,,,,,,TRUE,FALSE,"Takes 1d4+1Psychic every turn, and is vulnerable to Psychic damage. Deal damage to remove this condition."
Curse of the Dire Raven,,,,,,,,,,,,,,,,,,,,,,,,,,,,,,,,,,,,ADV,,,,FALSE,TRUE,Marked by the feather of a dire raven. Attack rolls against the affected entity have  Advantage.
Curse of the Sired,,,,,,DIS,,,,,,,,,,,,,,,,,,,,,,,,,,,,,,,,,,FALSE,TRUE,"Cursed by a victim he brought to Cazador many years ago, Astarion receives  Disadvantage on all  Saving throws."
Cursed Skull,,,,,,,,,,,,,,,,,,,,,,,,,,,,,,,,,,,,,,,,TRUE,FALSE,This skull is cursed with necromantic powers that shoots thunderwaves.
Cursed Vengeance,,,,,,,,,,,,,,,,,,,,,,,,,,,,,,,,,,,,,,,,TRUE,FALSE,Any damage done against Oliver will be reflected twofold at the attacker.
Cursed: Additional Damage,,,,,,,,,,,,,,,,,,,,,,,,,,,,,,,,,,,,,,,,TRUE,FALSE,Receives an additional 1d8Necrotic damage from the spellcaster's attacks or spells.
Cursed: Attack Disadvantage,,,,,,,,,,,,,,,,,,,,DIS,,,,,,,,,,,,,,,,,,,,FALSE,TRUE,Has  Disadvantage on Attack rolls against the source of the curse.
Cursed: Charisma,,,,CHA,,DIS,,,,,,,"Deception, Intimidation, Performance, Persuasion",,DIS,,,,,,,,,,CHA,,DIS,,,,,,,,,,,,,FALSE,TRUE,Has  Disadvantage on  Ability checks and  Saving throws using Charisma.
Cursed: Constitution,,,,CON,,DIS,,,,,,,,,,,,,,,,,,,CON,,DIS,,,,,,,,,,,,,FALSE,TRUE,Has  Disadvantage on  Ability checks and  Saving throws using Constitution.
Cursed: Dexterity,,,,DEX,,DIS,,,,,,,"Acrobatics, Sleight of Hand, Stealth",,DIS,,,,,,,,,,DEX,,DIS,,,,,,,,,,,,,FALSE,TRUE,Has  Disadvantage on  Ability checks and  Saving throws using Dexterity.
Cursed: Dread,,,,,,,,,,,,,,,,,,,,,,,,,,,,,,,,,,,,,,,,TRUE,FALSE,"Each turn, the affected entity has to succeed on a Wisdom  Saving throw or skip its turn."
Cursed: Intelligence,,,,INT,,DIS,,,,,,,"Arcana, History, Investigation, Nature, Religion",,DIS,,,,,,,,,,INT,,DIS,,,,,,,,,,,,,FALSE,TRUE,Has  Disadvantage on  Ability checks and  Saving throws using Intelligence.
Cursed: Strength,,,,STR,,DIS,,,,,,,Athletics,,DIS,,,,,,,,,,STR,,DIS,,,,,,,,,,,,,FALSE,TRUE,Has  Disadvantage on  Ability checks and  Saving throws using Strength.
Cursed: Wisdom,,,,WIS,,DIS,,,,,,,"Animal Handling, Insight, Medicine, Perception, Survival",,DIS,,,,,,,,,,WIS,,DIS,,,,,,,,,,,,,FALSE,TRUE,Has  Disadvantage on  Ability checks and  Saving throws using Wisdom.
Dammon's Special Brew,,,,,,,,,,,,,,,,,,,,,,,,,,,,,,,,,,,,,,,,TRUE,FALSE,Dammon's concoction enrages the owlbear.
Dancing Lights,,,,,,,,,,,,,,,,,,,,,,,,,,,,,,,,,,,,,,,,TRUE,FALSE,Illuminates a  9 m / 30 ft radius.
Daredevil Proximity,,,,,,,,,,,,,,,,,,,,,,,,,,,,,,,,,,,,,,,,TRUE,FALSE,Your Ranged Spell Attacks are made as melee spell attacks when you are adjacent to a hostile creature.
Dark Lady's Awareness,,,,,,,,,WIS,5,,,,,,,,,,,,,,,,,,,,,,,,,,,,,,FALSE,TRUE,Has earned Shar's approval through an impressive display of good sense. Has a +5 bonus to Wisdom until finishing a Long Rest
Dark Lady's Erudition,,,,,,,,,INT,5,,,,,,,,,,,,,,,,,,,,,,,,,,,,,,FALSE,TRUE,Has earned Shar's approval through an impressive display of wit. Has a +5 bonus to Intelligence until finishing a Long Rest
Dark Lady's Fool,,,,,,,,,INT,-5,,,,,,,,,,,,,,,,,,,,,,,,,,,,,,FALSE,TRUE,Has earned Shar's condemnation while failing to impress her with their wit. Has a -5 penalty to Intelligence until finishing a Long Rest.
Dark Lady's Grace,,,,,,,,,CHA,5,,,,,,,,,,,,,,,,,,,,,,,,,,,,,,FALSE,TRUE,Has earned Shar's approval through their charming nature. Has a +5 bonus to Charisma until finishing a Long Rest
Dark Lady's Ire,,,,,,,,,CHA,-5,,,,,,,,,,,,,,,,,,,,,,,,,,,,,,FALSE,TRUE,Has earned Shar's condemnation due to a poor display of charm. Has a -5 penalty to Charisma until finishing a Long Rest.
Dark Lady's Reckoning,,,,,,,,,WIS,-5,,,,,,,,,,,,,,,,,,,,,,,,,,,,,,FALSE,TRUE,Has earned Shar's condemnation by showing a lack of judgement. Has a -5 penalty to Wisdom until finishing a Long Rest.
Dark One's Blessing,,,,,,,,,,,,,,,,,,,,,,,,,,,,,,,,,,,,,,,,TRUE,FALSE,Gained  temporary hit points equal to its Charisma modifier and Warlock level combined.
Darkveil Precision,,,,,,,,,,,,,,,,,,,,,,,,,,,,,,,,,,,,,,,,TRUE,FALSE,"As long as it remains obscured, the affected entity has a +1d4 bonus to ranged Attack rolls."
Darkvision,,,,,,,,,,,,,,,,,,,,,,,,,,,,,,,,,,,,,12,,,FALSE,TRUE,Can see in the dark out to the range of  12 m / 40 ft.
Darkvision (Third Eye),,,,,,,,,,,,,,,,,,,,,,,,,,,,,,,,,,,,,24,,,FALSE,TRUE,Can see in the dark out to the range of  24 m / 80 ft.
Dash,,,,,,,,,,,,,,,,x2,,,,,,,,,,,,,,,,,,,,,,,,FALSE,TRUE,Movement Speed is doubled.
Daylight,,,,,,,,,,,,,,,,,,,,,,,,,,,,,,,,,,,,,,,,TRUE,FALSE,Shining with the light of the sun. Dispels Darkness within a radius of 15 m / 50 ft. The Enchant Item version of this spell requires the target creature have a Weapon in their main hand.
Dazed,,-DEX,,WIS,,DIS,,,,,,,,,,,,,,,,,,,,,,,,,,,TRUE,,,,,,,FALSE,TRUE,"Has  Disadvantage on Wisdom  Saving throws, can't take Reactions, and loses the Dexterity bonus to their  Armour Class. Removed if an ally Helps this creature."
Dazzling Ray,,,,,,,,,,,,,,,,,,,,,,,,,,,,,,,,,,,,,,,,TRUE,FALSE,The affected creature can fire a  Dazzling Ray.
Dead,,,,,,,,,,,,,,,,,,,,,,,,,,,,,,,,,,,,,,,,TRUE,FALSE,This creature is dead.
Deadly Orders,,,,,,,,,,,,,,,,,,,,ADV,,,,,,,,,,,,,,,,,,,,FALSE,TRUE,"Affected entity was ordered to attack a specific enemy. It is more likely to target this enemy, and Attack Rolls against the enemy have  Advantage."
Death Ward,,,,,,,,,,,,,,,,,,,,,,,,,,,,,,,,,,,,,,,,TRUE,FALSE,The next time damage would reduce the affected entity to 0 Hit Points. it remains conscious with 1 Hit Point left.
Death Wish,,,,,,,,,,,,,,,,,,,,,,,,,,,,,,,,,,,,,,,,TRUE,FALSE,Creature carries a powder keg. It could explode at any moment.
Deathbringer's Legacy,,,,,,,,,,,,,,,,,,,,,,,,,,,,,,,,,,,,,,,,TRUE,FALSE,Sarevok is able to use  Deathbringer Assault until the end of his next turn. Orin can use  Deathbringer Assault (Orin) until the end of her next turn.
Defensive Flourish,,4,,,,,,,,,,,,,,,,,,,,,,,,,,,,,,,,,,,,,,FALSE,TRUE,Armour Class increased by 4
Defensive Protocol: Bulwark,,,,,,,,,,,,,,,,,,,,,,,,,,,,,,,,,,,,,,,,TRUE,FALSE,"While in this defensive state, the Steel Watcher becomes  Unyielding and can use its  Repair Matrix,  Hellfire Missiles and  Repelling Protocol. Also grants  75 temporary hit points. If the Steel Watcher loses these temporary hit points, he automatically uses  Terminate Bulwark Protocol and loses this condition. If hit by a Flashblinder, the Steel Watcher loses this condition."
Defensive Stance,,1,,,1,,,,,,,,,,,,,,,,,,,,,,,,,,,,,,,,,,,FALSE,TRUE,You have +1 bonus to Armour Class Armour Class and Saving throw Saving throws.
Demonspirit,,,,,,,,,,,,,,,,,,,,,,,,,,,,,,,,,,,,,,,,TRUE,FALSE,"Affected entity's summoned creature has Resistance to all damage except Psychic. At the start of the summoned creature's turn, it must succeed a  Wisdom saving throw or be driven Mad."
Demonspirit Aura,,,,,,,,,,,,,,,,,,,,,,,,,,,,,,,,,,,,,,,,TRUE,FALSE,"Affected entity's summoned creature has Resistance to all damage except Psychic. At the start of the summoned creature's turn, it must succeed a  Wisdom saving throw or be driven Mad."
Demonspirit Madness,,,,,,,,,,,,,,,,,,,,,,,,,,,,,,,,,,,,,,,,TRUE,FALSE,"Affected entity has been driven to a frenzy by magical madness. It will attack the nearest creature on its turn. At the end of each turn, the affected entity makes a  Wisdom saving throw. On a successful save, the condition is removed."
Despair,,,,,,,,,,,,,,,,,,,,,,,,,,,,,,,,,,,,,,,,TRUE,FALSE,Despondency from deep within the Shadowfell has perforated your very being.
Despair: Apathy,,,,DEX,,DIS,,,,,,,"Acrobatics, Sleight of Hand, Stealth",,DIS,,,,,,,,,,DEX,,DIS,,,,,,,,,,,,,FALSE,TRUE,Disadvantage on Ability Checks and Saving Throws using Dexterity.
Despair: Dread,,,,,,DIS,,,,,,,,,DIS,,,,,,,,,,,,DIS,,,,,,,,,,,,,FALSE,TRUE,Disadvantage on all Ability Checks and Saving Throws.
Despair: Madness,,,,"DEX, INT, WIS, CHA",,DIS,,,,,,,"Acrobatics, Sleight of Hand, Stealth",,DIS,,,,,,,,,,DEX,,DIS,,,,,,,,,,,,,FALSE,TRUE,"You are wracked with despondent madness that imposes  Disadvantage on Dexterity Checks and Wisdom, Intelligence, Charisma, and Dexterity Saving Throws."
Detect Thoughts,,,,,,,,,,,,,,,,,,,,,,,,,,,,,,,,,,,,,,,,TRUE,FALSE,The affected creature can read the thoughts of certain creatures while talking to them.
Detecting Presence,,,,,,,,,,,,,,,,,,,,,,,,,,,,,,,,,,,,,,,,TRUE,FALSE,Searching for Invisible creatures within  Range: 3 m / 10 ft Creatures must make a  Dexterity saving throw or become  Revealed. Uses the affected entity's Spell Save DC.
Detonation Impending!,,,,,,,,,,,,,,,,,,,,,,,,,,,,,,,,,,,,,,,,TRUE,FALSE,This Steel Watcher is preparing to  Self-Detonate.
Devilishly Strong,,,,,,,,,,,,,"Athletics, Acrobatics, Sleight of Hand, Stealth",,ADV,,,,,ADV,,3d6,Piercing,,"STR, DEX",,ADV,,,,,,,,,,,,,FALSE,TRUE,"While within  18 m / 60 ft of Raphael, this creature's weapon attacks deal an additional 3d6Piercing damage and it has  Advantage on Strength and Dexterity Checks and attacks."
Devoured Intellect,,,,,,,,,INT,-1,,,,,,,,,,,,,,,,,,,,,,,,,,,,,,FALSE,TRUE,Intelligence has been reduced by 1 per turn.
Devouring Brain,,,,,,,,,,,,,,,,,,,,,,,,,,,,,,,,,,,,,,,,TRUE,FALSE,The starving illithid is fully focused on eating its first brain in an age. Consuming the brain provides the equivalent of one Mind Flayer Parasite Specimen.
Diamond Scales,,,,,,,,,,,,,,,,,,,,,,,,,,,,,,,,,,,,,,,100,FALSE,TRUE,This creature has  100 temporary hit points. While it has these temporary hit points:It is grounded. Any damage lower than 15 will not affect it. It can use  Shredding Scales immediately after being hit for the first time in a round.
Difficult Terrain,,,,,,,,,,,,,,,,x0.5,,,,,,,,,,,,,,,,,,,,,,,,FALSE,TRUE,Movement Speed halved
Difficult Terrain: Vines,,,,,,,,,,,,,,,,x0.5,,,,,,,,,,,,,,,,,,,,,,,,FALSE,TRUE,Movement speed halved.
Digestive Juices,,,,,,,,,,,,,,,,,,,,,,,,,,,,,"Piercing, Bludgeoning",,,,,,,,,,,TRUE,FALSE,"While doused in corrosive digestive juice, this creature takes 1d6Acid per turn, is Vulnerable to Piercing and Bludgeoning damage, and can be  Devoured if it is also  Restrained. Water can wash off these juices."
Dipped in Fire,,,,,,,,,,,,,,,,,,,,,,1d4,Fire,,,,,,,,,,,,,,,,,FALSE,TRUE,Weapon deals additional 1d4Fire damage.
Dipped in Poison,,,,,,,,,,,,,,,,,,,,,,1d4,Poison,,,,,,,,,,,,,,,,,FALSE,TRUE,Weapon deals additional 1d4Poison damage.
Dirty Advantage,,,,,,,,,,,,,,,,,,,,ADV,,,,,,,,,,,,,,,,,,,,FALSE,TRUE,Gain  Advantage on your next attack.
Disarmed,,,,,,,,,,,,,,,,,,,,,,,,,,,,,,,,,,,,,,,,TRUE,FALSE,"Affected entity has dropped its weapon to the ground, similar to  Weapon Dropped!."
Disengage,,,,,,,,,,,,,,,,,,,,,,,,,,,,,,,,,,,,,,,,TRUE,FALSE,Can move without provoking Opportunity Attacks.
Disguise Self,,,,,,,,,,,,,,,,,,,,,,,,,,,,,,,,,,,,,,,,TRUE,FALSE,Appearance is entirely changed.
Disintegrating Corpse,,,,,,,,,,,,,,,,,,,,,,,,,,,,,,,,,,,,,,,,TRUE,FALSE,This corpse is not long for this world. The affected entity's corpse disintegrates into a pile of ash upon death.
Dislocated Shoulder,,,,,,,,,,,,,,,,,,,,DIS,,,,,,,,,,,,,,,,,,,,FALSE,TRUE,The affected entity has  Disadvantage on Attack rolls. Removed by taking a Long Rest.
Dispel Evil and Good,,,,,,,,,,,,,,,,,,,,,,,,,,,,,,,,,,,,DIS,,,,FALSE,TRUE,"Aberrations, Celestials, Elementals, Fey, Fiends, and Undead have  Disadvantage on Attack rolls against this creature. Additionally, it can also break otherworldly Enchantments that  Charm,  Frighten, or  Possesses allies."
Displace,,,,,,,,,,,,,,,,,,,,,,,,,,,,,,,,,,,,,,,,TRUE,FALSE,Creatures suffering Falling damage as a result of your actions take an additional 1d8Psychic damage.
Displaced,,,,,,,,,,,,,,,,,,,,,,,,,,,,,,,,,,,,DIS,,,,FALSE,TRUE,"Until you take damage, foes have  Disadvantage on Attack rolls against you."
Displacer Beast Form,,,,,,,,,,,,,,,,,,,,,,,,,,,,,,,,,,,,,,,,TRUE,FALSE,Affected entity has adopted the eldritch pantherlike form of a displace beast.
Distracted,,,,,,,,,,,,,,,,,,,,,,,,,,,,,,,,,,,,ADV,,,,FALSE,TRUE,Not paying any attention to their surroundings. The distractor's allies have  Advantage on their next Attack Roll against the creature.
Distressed,,,,,,,,,,,,,Perception,,DIS,,,,,,,,,,,,,,,,,,,,,,,,,FALSE,TRUE,The owlbear has sustained damage to its eye. It cannot make Critical Hit and has  Disadvantage on Perception Ability Checks.
Divine Favour,,,,,,,,,,,,,,,,,,,,,,1d4,Radiant,,,,,,,,,,,,,,,,,FALSE,TRUE,Your weapons deal an additional 1d4Radiant damage.
Divine Sense,,,,,,,,,,,,,,,,,,,,,,,,,,,,,,,,,,,,,,,,TRUE,FALSE,"Has  Advantage on Attack Rolls against celestials, fiends, and undead."
Dominated,,,,,,,,,,,,,,,,,,,,,,,,,,,,,,,,,,,,,,,,TRUE,FALSE,"Affected entity will follow and fight alongside the caster of this spell. Every time it takes damage, it may break the caster's control over it with a successful Wisdom  Saving throw."
Dominated (Dominate_Beast),,,,,,,,,,,,,,,,,,,,,,,,,,,,,,,,,,,,,,,,TRUE,FALSE,"Affected entity will follow and fight alongside the caster of this spell. Every time it takes damage, it may break the caster's control over it with a successful Wisdom  Saving throw."
Dominated Will,,,,,,,,,,,,,,,,,,,,,,,,,,,,,,,,,,,,,,,,TRUE,FALSE,The affected entity is under the control of a nearby True Soul.
Downed,,,,,,,,,,,,,,,,,,,,,,,,,,,,,,,,,,,,,,,,TRUE,FALSE,"If you reach 0 hit points, you fall Unconscious and must make Death Saving Throws. On 3 successes, you stop bleeding out and become Stable. On 3 failures, you  die. Any damage you receive while unconscious counts as one failure. If you regain any Hit Points, the condition is removed. If an ally helps you, you regain 1 hit point."
Draconic Prowess: Acid,,,,,,,,Acid,,,,,"Intimidation, Persuasion",,ADV,,,,,,,,,,,,,,,,,,,,,,,,,FALSE,TRUE,"Affected entity has  Advantage on Intimidation and Persuasion Checks, Resistance to Acid damage, and can use  Acid Arrow once until its next Long Rest."
Draconic Prowess: Fire,,,,,,,,Fire,,,,,"Intimidation, Persuasion",,ADV,,,,,,,,,,,,,,,,,,,,,,,,,FALSE,TRUE,"Affected entity has  Advantage on Intimidation and Persuasion Checks, Resistance to Fire damage, and can use  Fireball once until its next Long Rest."
Draconic Prowess: Frost,,,,,,,,Cold,,,,,"Intimidation, Persuasion",,ADV,,,,,,,,,,,,,,,,,,,,,,,,,FALSE,TRUE,"Affected entity has  Advantage on Intimidation and Persuasion Checks, Resistance to Cold damage, and can use  Ice Storm once until its next Long Rest."
Draconic Prowess: Lightning,,,,,,,,Lightning,,,,,"Intimidation, Persuasion",,ADV,,,,,,,,,,,,,,,,,,,,,,,,,FALSE,TRUE,"Affected entity has  Advantage on Intimidation and Persuasion Checks, Resistance to Lightning damage, and can use  Lightning Bolt once until its next Long Rest."
Draconic Prowess: Poison,,,,,,,,Poison,,,,,"Intimidation, Persuasion",,ADV,,,,,,,,,,,,,,,,,,,,,,,,,FALSE,TRUE,"Affected entity has  Advantage on Intimidation and Persuasion Checks, Resistance to Poison damage, and can use  Ray of Sickness once until its next Long Rest."
Drained,,,,,,,,,,,,-15,,,,,,,,,,,,,,,,,,,,,,,,,,,,FALSE,TRUE,"Affected entity's lifeforce has been drained by the incubus, reducing its maximum hit points by  15 hit points."
Dread Ambusher,,,,,,,,,,,,,,,,3,,,,,,1d8,Weapon,,,,,,,,,,,,,,,,,FALSE,TRUE,Movement speed increased by 10ft. Affected entity can also make an extra weapon attack that deals an additional 1d8 damage.
Dream Mist Apparitions,,,,,,,,,,,,,,,,,,,,,,,,,,,,,,,,,,,,,,,,TRUE,FALSE,This creature is seeing myriad visions of a world beyond reckoning - or so they keep insisting. The affected entity is incapacitated.
Drenched,,,,,,,,,,,,,,,,,,,,,,,,,,,,,,,,,,,,,,,,TRUE,FALSE,Your melee attacks inflict  Wet on the target.
Druidic Trance,,,,,,,,,,,,,,,,,,,,,,,,,,,,,,,,,,,,,,,,TRUE,FALSE,Engaged in ritual.
Drunk,,,,,,,,,,,,,"Acrobatics, Sleight of Hand, Stealth, Deception, Intimidation, Performance, Persuasion",,DIS,,,,,,,,,,"DEX, CHA",,DIS,,,,,,,,,,,,,FALSE,TRUE,Has  Disadvantage on Dexterity and Charisma Checks.
Drunk (Drunken Master),,,,,,,,,,,,,,,,,,,,,,,,,,,,,,,,,,,,,,,,TRUE,FALSE,"Although drunk, you are immune to the negative effects of alcohol, thanks to your training in the Way of the Drunken Master."
Drunken Technique,,,,,,,,,,,,,,,,3,,,,,,,,,,,,,,,,,,,,,,,,FALSE,TRUE,You gain an additional 3 m / 10 ft movement and can move without provoking Opportunity Attacks.
Duel: Murder's Chosen,,,,,,,,,,,,,,,,,,,,,,,,,,,,,,,,,,,,,,,,TRUE,FALSE,"The Dark Urge is compelled to fight Orin alone. The duellists cannot be forcefully moved, and any interference from other parties will be punished."
Duergar Antidote,,,,,,,,Poison,,,,,,,,,,,,,,,,,,,,,,,,,,,,,,,,FALSE,TRUE,Has  Advantage on  Saving throws against being Poisoned and Resistance to Poison damage.
Dwarven Resilience,,,,,,,,,,,,,,,,,,,,,,,,,,,,,,,,,,,,,,,,TRUE,FALSE,Affected entity has Proficiency in  Saving throws until it makes three successful Saving Throws or until it takes a Long Rest.
Dying,,,,,,,,,,,,,,,,,,,,,,,,,,,,,,,TRUE,TRUE,TRUE,,,ADV,,,,FALSE,TRUE,"This creature is dying. It will not move, take actions, or respond to damage in any way. Attacks at melee range are guaranteed to hit and be critical hits. Ranged attacks have  Advantage."
Eagle's Splendour,,,,,,,,,,,,,"Persuasion, Performance, Intimidation, Deception",,ADV,,,,,,,,,,CHA,,ADV,,,,,,,,,,,,,FALSE,TRUE,Has  Advantage on Charisma Checks.
Earthen Siphon,,,,,,,,,,,,,,,,,,,,,,,,,,,,,,,,,,,,,,,,TRUE,FALSE,A nearby earth myrmidon grants the affected entity Immunity to Poison damage and an additional 3d8Poison damage to  Elemental Rebuke. The affected entity also gains temporary access to  Chromatic Orb: Poison and an additional  Reaction per turn.
Edict of the Old Lord Skull,,,,,,,,,,,,,,,,,,,,,,,,,,,,,,,,,,,,,,,,TRUE,FALSE,The Deathless One protects his fetid flock. Myrkul grants the affected entity  Necrotic Veil every turn.
Eggbearer,,,,,,,,,,,,,,,,,,,,,,,,,,,,,,,,,,,,,,,,TRUE,FALSE,Carries an owlbear's egg. Its scent will attract the egg's mother.
Electrified Reflux,,,,,,,,,,,,,,,,,,,,,,,,,,,,,,,,,,,,,,,,TRUE,FALSE,"Lightning damage has charged Thisobald's special brew, letting him use  Electrified Regurgitation."
Electrocuted,,,,,,,,,,,,,,,,,,,,,,,,,,,,,,,,,,,,,,,,TRUE,FALSE,Takes 1d4Lightning damage at the start of each turn.
Elemental Affinity: Acid Resistance,,,,,,,,Acid,,,,,,,,,,,,,,,,,,,,,,,,,,,,,,,,FALSE,TRUE,You are Resistant to Acid damage.
Elemental Affinity: Cold Resistance,,,,,,,,Cold,,,,,,,,,,,,,,,,,,,,,,,,,,,,,,,,FALSE,TRUE,You are Resistant to Cold damage.
Elemental Affinity: Fire Resistance,,,,,,,,Fire,,,,,,,,,,,,,,,,,,,,,,,,,,,,,,,,FALSE,TRUE,You are Resistant to Fire damage.
Elemental Affinity: Lightning Resistance,,,,,,,,Lightning,,,,,,,,,,,,,,,,,,,,,,,,,,,,,,,,FALSE,TRUE,You are Resistant to Lightning damage.
Elemental Affinity: Poison Resistance,,,,,,,,Poison,,,,,,,,,,,,,,,,,,,,,,,,,,,,,,,,FALSE,TRUE,You are Resistant to Poison damage.
Elemental Cleaver: Acid,,,,,,,,,,,,,,,,,,,,,,1d6,Acid,,,,,,,,,,,,,,,,,FALSE,TRUE,"Channelling primordial might. Until the end of your  Rage, your weapon will deal an additional 1d6Acid and gain the  Thrown property. If thrown, it will immediately reappear in your hand."
Elemental Cleaver: Cold,,,,,,,,,,,,,,,,,,,,,,1d6,Cold,,,,,,,,,,,,,,,,,FALSE,TRUE,"Channelling primordial might. Until the end of your  Rage, your weapon will deal an additional 1d6Cold and gain the  Thrown property. If thrown, it will immediately reappear in your hand."
Elemental Cleaver: Fire,,,,,,,,,,,,,,,,,,,,,,1d6,Fire,,,,,,,,,,,,,,,,,FALSE,TRUE,"Channelling primordial might. Until the end of your  Rage, your weapon will deal an additional 1d6Fire and gain the  Thrown property. If thrown, it will immediately reappear in your hand."
Elemental Cleaver: Lightning,,,,,,,,,,,,,,,,,,,,,,1d6,Lightning,,,,,,,,,,,,,,,,,FALSE,TRUE,"Channelling primordial might. Until the end of your  Rage, your weapon will deal an additional 1d6Lightning and gain the  Thrown property. If thrown, it will immediately reappear in your hand."
Elemental Cleaver: Thunder,,,,,,,,,,,,,,,,,,,,,,1d6,Thunder,,,,,,,,,,,,,,,,,FALSE,TRUE,"Channelling primordial might. Until the end of your  Rage, your weapon will deal an additional 1d6Thunder and gain the  Thrown property. If thrown, it will immediately reappear in your hand."
Elemental Weapon: Acid,,,,,,,,,,,,,,,,,,,1,,,1d4,Acid,,,,,,,,,,,,,,,,,FALSE,TRUE,Has a +1 bonus to Attack rolls and deals an additional 1d4Acid damage.
Elemental Weapon: Cold,,,,,,,,,,,,,,,,,,,1,,,1d4,Cold,,,,,,,,,,,,,,,,,FALSE,TRUE,Has a +1 bonus to Attack rolls and deals an additional 1d4Cold damage.
Elemental Weapon: Fire,,,,,,,,,,,,,,,,,,,1,,,1d4,Fire,,,,,,,,,,,,,,,,,FALSE,TRUE,Has a +1 bonus to Attack rolls and deals an additional 1d4Fire damage.
Elemental Weapon: Lightning,,,,,,,,,,,,,,,,,,,1,,,1d4,Lightning,,,,,,,,,,,,,,,,,FALSE,TRUE,Has a +1 bonus to Attack rolls and deals an additional 1d4Lightning damage.
Elemental Weapon: Thunder,,,,,,,,,,,,,,,,,,,1,,,1d4,Thunder,,,,,,,,,,,,,,,,,FALSE,TRUE,Has a +1 bonus to Attack rolls and deals an additional 1d4Thunder damage.
Elixir of Arcane Cultivation,,,,,,,,,,,,,,,,,,,,,,,,,,,,,,,,,,,,,,,,TRUE,FALSE,Has an additional  Level 1 Spell Slot.
Elixir of Barkskin,,,16,,,,,,,,,,,,,,,,,,,,,,,,,,,,,,,,,,,,,FALSE,TRUE,Armour Class increased to 16.
Elixir of Battlemage's Power,,,,,,,,,,,,,,,,,,,,,,,,,,,,,,,,,,,,,,,,TRUE,FALSE,Affected entity has  Arcane Acuity until its next Long Rest. Replaces effects from other elixirs when drunk.Gain Arcane Acuity for  Duration: 3 turns. Arcane Acuity cannot go below  Duration: 3 turns.
Elixir of Bloodlust,,,,,,,,,,,,,,,,,,,,,,,,,,,,,,,,,,,,,,,,TRUE,FALSE,"Affected entity has entered a murderous state of bloodlust. Once per turn, when it kills an enemy, it gains  5 temporary hit points and an  Action."
Elixir of Cloud Giant Strength,,,,,,,,,STR,27,27,,,,,,,,,,,,,,,,,,,,,,,,,,,,,FALSE,TRUE,Strength increased to 27.
Elixir of Darkvision,,,,,,,,,,,,,,,,,,,,,,,,,,,,,,,,,,,,,12,,,FALSE,TRUE,Can see in the dark up to  12 m / 40 ft.
Elixir of Heroism,,,,,1d4,,,,,,,,,,,,,,1d4,,,,,,,,,,,,,,,,,,,,,FALSE,TRUE,Affected entity is granted a  1d4 bonus to Attack rolls and  Saving throws until the next long rest.
Elixir of Hill Giant Strength,,,,,,,,,STR,21,21,,,,,,,,,,,,,,,,,,,,,,,,,,,,,FALSE,TRUE,Strength increased to 21.
Elixir of Peerless Focus,,,,,,,,,,,,,,,,,,,,,,,,,,,,,,,,,,,,,,,,TRUE,FALSE,Affected entity's ability to maintain its spells has increased. It has  Advantage to  Saving throws against being charmed and for maintaining  Concentration. Magic can't put it to  Sleep.
Elixir of The Colossus,,,,STR,,ADV,,,,,,,Athletics,,ADV,,,,,,,1d4,Weapon,,STR,,ADV,,,,,,,,,,,,,FALSE,TRUE,"Size is increased Weapons deal an additional  1d4 damage, and the affected entity has  Advantage on Strength checks and  Saving throws. Carrying capacity is also increased by 25%."
Elixir of Viciousness,,,,,,,,,,,,,,,,,+1,,,,,,,,,,,,,,,,,,,,,,,FALSE,TRUE,The number you need to roll a Critical Hit while attacking is reduced by 1. This effect can stack. Replaces effects from other elixirs when drunk.
Elixir of Vigilance,,,,,,,,,,,,,,,,,,,,,,,,,,,,,,Surprised,,,,5,,,,,,FALSE,TRUE,Affected entity has a +5 bonus to initiative and can't be  Surprised. Replaces effects from other elixirs when drunk.
Elven Elegance,,,,,,,,,,,,,,,,10,,,,,,,,,,,,,,Charmed,,,,,,,,,,FALSE,TRUE,"Noble elven arcana grants the affected entity an additional  10 m / 33 ft movement speed,  Superior Darkvision, and can't be  Charmed until its next Long Rest."
Enchanted Security,,,,,,,,,,,,,,,,,,,,,,,,,,,,,,,,,,,,,,,,TRUE,FALSE,Intricate arcane lockmaking prevents  Knock spells from opening this safe.
Encrusted with Frost,,,,DEX,,DIS,,,,,,,,,,,,,,,,,,,,,,,,,,,,,,,,,,FALSE,TRUE,"Affected entity has  Disadvantage on Dexterity  Saving throws. When there are 7 or more turns remaining, the entity must succeed a DC 12  Constitution saving throw or take 1d4Cold and become  Frozen. On a successful save, it only takes half damage. Afterward, the frost sloughs away. Removed by  Burning."
Encumbered,,,,,,,,,,,,,,,,-3,,,,,,,,,,,,,,,,,,,,,,,,FALSE,TRUE,"Carrying too much weight. Movement Speed reduced by  3 m / 10 ft, and Jump distance is halved."
Endless Rage,,,,STR,,ADV,,"Bludgeoning, Piercing, Slashing",,,,,Athletics,,ADV,,,,,,,Rage+4,Weapon,,STR,,ADV,,,,,,,,,,,,,FALSE,TRUE,"Confers all the normal bonuses and resistances of the Rage variant of the Barbarian's chosen subclass, plus:Deal an additional 1d4Physical damage with weapon attacks (damage type inherited from equipped weapon) Suffer 1d4Psychic damage per turn  Rage does not end until the Barbarian uses the End Rage Bonus Action or becomes incapacitated."
Enemy of Justice,,,,,,,,,,,,,,,,,,,,,,,,,,,,,,,,,,,,,,,,TRUE,FALSE,"Wanted for killing a guard. Allied guards will attack on sight, but Disguise Self will fool them."
Enhanced Armour Class,,1,,,,,,,,,,,,,,,,,,,,,,,,,,,,,,,,,,,,,,FALSE,TRUE,Armour Class increased by 1.
Enlarged,,,,STR,,ADV,,,,,,,Athletics,,ADV,,,,,,,1d4,Weapon,,STR,,ADV,,,,,,,,,,,,,FALSE,TRUE,Size is increased. Weapon attacks deal  1d4 more damage. Has  Advantage on Strength Checks and  Saving throws.
Ensnared,,,,DEX,,DIS,,,,,,,,,,,,,,DIS,,,,,,,,,,,TRUE,,,,,ADV,,,,FALSE,TRUE,"Cannot move and takes 1d6Piercing damage per turn. Attack rolls against the creature have  Advantage, while the creature's Attack Rolls and Dexterity  Saving throws have  Disadvantage."
Entangled,,,,DEX,,DIS,,,,,,,,,,,,,,DIS,,,,,,,,,,,TRUE,,,,,ADV,,,,FALSE,TRUE,"Cannot move. Attack rolls against the creature have  Advantage, while the creature's Attack Rolls and Dexterity  Saving throws have  Disadvantage."
Enthralled,,,,,,,,,,,,,,,,,,,,,,,,,,,,,,,,,,,,,,,,TRUE,FALSE,Peripheral vision reduced. Will keep looking at the spellcaster.
Entranced Murderer,,,,,,,,,,,,,,,,,,,,,,,,,,,,,,,,,,,,,,,,TRUE,FALSE,Affected entity has been entranced by the Farslayer. Defeating the Farslayer will break the trance and garner you victory.
Entropic Ward,,,,,,,,,,,,,,,,,,,,,,,,,,,,,,,,,,,,,,,,TRUE,FALSE,Missed an attack on a warlock. The warlock has  Advantage on their next Attack roll against the affected entity.
Enwebbed,,,,DEX,,DIS,,,,,,,,,,,,,,DIS,,,,,,,,,,,TRUE,,,,,ADV,,,,FALSE,TRUE,"Cannot move. Attack rolls against the creature have  Advantage, while the creature's Attack Rolls and Dexterity  Saving throws are rolled with  Disadvantage."
Ephemeral Whispers,,,,,,,,,,,,,,,,,,,,,,,,,,,,,,,,,,,,,,,,TRUE,FALSE,Tempted by Ethel's whispers. This creature must succeed a DC 13  Wisdom saving throw at the start of their turn or be inflicted with  Hag's Pawn.
Eternally Bound,,,,,,,"Poison, Bludgeoning, Piercing, Slashing, Acid, Cold, Fire, Force, Lightning, Necrotic, Psychic, Radiant, Thunder",,,,,,,,,,,,,,,,,,,,,,,,,,,,,,,,,FALSE,TRUE,Cazador will not let this spawn die - it is Immune to all damage.
Ether-Essence Slumber,,,,"STR, DEX, CON",-100,,,,,,,,,,,,,,,,,,,,,,,,,,TRUE,TRUE,TRUE,,,ADV,,,,FALSE,TRUE,"A deep, dream-ridden sleep has overcome the creature, induced by judicious ingesting of Ether. The creature cannot move or act. The creature automatically fails Strength and Dexterity  Saving throws. Attack rolls against the creature have  Advantage Removed by taking damage or being Shoved."
Ethereal Escape,,,,,,,,,,,,,,,,,,,,,,,,,,,,,,,,,,,,,,,,TRUE,FALSE,"As a  Reaction to receiving damage, the incubus has travelled to the Ethereal Plane and can't be damaged or targeted until it returns at the start of its next turn."
Evasive Footwork,,,,,,,,,,,,,,,,,,,,,,,,,,,,,,,,,,,"Melee Spell, Melee, Melee Unarmed",DIS,,,,FALSE,TRUE,Enemies have  Disadvantage on melee attacks against the affected entity.
Ever Radiant,,,,,,,,,,,,,,,,,,,,,,1d4,Radiant,,,,,,,,,,,,,,,,,FALSE,TRUE,Deals an additional 1d4Radiant.
Executioner,,,,,,,,,,,,,,,,,,,,,,,,,,,,,,,,,,,,,,,,TRUE,FALSE,Spurred on by bloodlust. Next Attack roll will be a Critical Hit.
Exhausted,,,,,,,,,,,,,,,,,,,,,,,,,,,,,,,,,,,,,,,,TRUE,FALSE,"Lack of rest has left you exhausted. There are six levels of exhaustion, and each level is worse than the last. Completing a Long Rest reduces your exhaustion level by 1."
Expeditious Retreat,,,,,,,,,,,,,,,,,,,,,,,,,,,,,,,,,,,,,,,,TRUE,FALSE,Dash available as a Bonus Action.
Exploding Flumph,,,,,,,,,,,,,,,,,,,,,,,,,,,,,,,,,,,,,,,,TRUE,FALSE,This spirit will explode at the end of the turn. Each creature within  2 m / 7 ft must succeed a Dexterity  Saving throw or take 1d6Force.
Explosion Imminent!,,,,,,,,,,,,,,,,,,,,,,,,,,,,,,,,,,,,,,,,TRUE,FALSE,"The freezing sphere will explode, casting  Otiluke's Freezing Sphere."
Explosive Hoard,,,,,,,,,,,,,,,,,,,,,,,,,,,,,,,,,,,,,,,,TRUE,FALSE,This mound of coins is primed to explode.
Exposing Bite,,,,,,,,,,,,,,,,,,,,,,,,,,,,,,,,,,,,,,,,TRUE,FALSE,Creature is distracted. The next attack against the creature from within 2 m / 7 ft is guaranteed to be a critical hit.
Extinguished,,,,,,,,,,,,,,,,,,,,,,,,,,,,,,,,,,,,,,,,TRUE,FALSE,This light was snuffed out.
Extra Bonus Action,,,,,,,,,,,,,,,,,,,,,,,,,,,,,,,,,,,,,,,,TRUE,FALSE,Grants an additional  Bonus Action on this turn.
Eyebite,,,,,,,,,,,,,,,,,,,,,,,,,,,,,,,,,,,,,,,,TRUE,FALSE,Entity can recast  Eyebite without expending a spell slot.
Eyebite: Sickened,,,,,,,,,,,,,,,DIS,,,,,DIS,,,,,,,DIS,,,,,,,,,,,,,FALSE,TRUE,Affected entity has  Disadvantage on Attack Rolls and Checks
Eyes of the Dark,,,,,,,,,,,,,,,,,,,,,,,,,,,,,,,,,,,,,25,,,FALSE,TRUE,"You can see normally in darkness, both magical and non-magical, to a distance of 25 m / 83 ft."
Faerie Fire,,,,,,,,,,,,,,,,,,,,,,,,,,,,,,,,,,,,ADV,,,,FALSE,TRUE,Shedding dim light. Incoming attacks have  Advantage. Cannot be Invisible.
False Heart,,,,WIS,,DIS,,,,,,,,,,,,,,,,,,,,,,,,,,,,,,,,,,FALSE,TRUE,"Affected entity will be automatically Critically Hit by Viconia's attacks, and it has Disadvantage on Wisdom Saving Throws. To end this effect, the creature must deny its False Heart by  Silencing itself."
False Life,,,,,,,,,,,,,,,,,,,,,,,,,,,,,,,,,,,,,,,7,FALSE,TRUE,Gain  7 temporary hit points plus 5 additional for each spell slot level above the first.
Faltering Will,,,,WIS,,DIS,,,,,,,,,,,,,,,,,,,,,,,,,,,,,,,,,,FALSE,TRUE,Disadvantage on Wisdom Saving Throws until Long Rest.
Fangs of the Fire Snake,,,,,,,,,,,,,,,,,,,,,,1,Fire,,,,,,,,,,,,,,,,,FALSE,TRUE,Affected entity's fists are flickering with flame. Its melee attacks deal an additional 1d4Fire damage.
Favoured Weapon,,,,,,,,,,,,,,,,,,,1,,,1,Weapon,,,,,,,,,,,,,,,,,FALSE,TRUE,This weapon has +1 bonus to damage and attack rolls.
Fear Aura,,,,,,,,,,,,,,,,,,,,,,,,,,,,,,,,,,,,,,,,TRUE,FALSE,The affected creature can  Frighten nearby beasts and humanoids with its fey presence.
Fearful,,,,,,,,,,,,,,,DIS,,,,,DIS,,,,,,,DIS,,,,,,,,,,,,,FALSE,TRUE,Has  Disadvantage on Ability Checks and Attack rolls. It must run from the source of its fear and cannot take any additional actions. Targets can make a  Saving throw to shake off this effect if they end their turn out of sight from their source of fear.
Feather Fall,,,,,,,,,,,,,,,,,,,,,,,,,,,,,,,,,,,,,,,,TRUE,FALSE,"Rate of falling is slowed, granting Immunity to Falling damage."
Feeble,,,,,,,,,,,,,,,,,,,,,,,,,,,,,,,,,,,,,,,,TRUE,FALSE,"Deal only half damage with weapon attacks that use Strength. At the end of each turn, the affected creature can make a Constitution  Saving throw to end this condition."
Feigning Death,,,,,,,,"Bludgeoning, Piercing, Slashing, Acid, Cold, Fire, Force, Lightning, Necrotic, Poison, Radiant, Thunder",,,,,,,,,,,,,,,,,,,,,,,,,,,,,,,,FALSE,TRUE,"Has sunk into a magical coma deep enough to imitate death Resistant to all damage except Psychic damage, and Disease and Poison no longer have any effect Removed when Helped"
Festering Frenzy,,,,,,,,,,,,,,,,,,,,,,,,,,,,,,,,,,,,,,,,TRUE,FALSE,This gnoll will become  Frenzied at the start of his next turn.
Festering Spores,,,,,,,,,,,,,,,,,,,,,,,,,,,,,,,,,,,,,,,,TRUE,FALSE,"While  Symbiotic Entity is active you can spread  Bibberbang Spores,  Timmask Spores, and  Haste Spores."
Fetcher's Favour,,,,CHA,1d4,,,,,,,,"Persuasion, Intimidation, Performance, Deception",1d4,,,,,,,,,,,CHA,1d4,,,,,,,,,,,,,,FALSE,TRUE,"Equipped with  Mol's tricks of the trade, affected creatures can cast  Rays of Fire, reduce all Fire damage by 5 and gain an additional 1d4 to Charisma Checks and Saving Throws."
Fetid Aura,,,,,,,,,,,,,,,,,,,,,,,,,,,,,,,,,,,,,,,,TRUE,FALSE,All nearby creatures fall victim to the ooze's Fetid Fumes and 1d6Acid per turn.
Fetid Fumes,,,,,,,,,,,,,,,,,,,,,,,,,,,,,,,,,,,,,,,,TRUE,FALSE,"1d6 (1~6) Acid The fumes emanating from the Fetid Ooze eat away at the affected entity, so long as it stays within  2 m / 7 ft. 1d6Acid at the start of each round."
Feverish,,,,STR,,DIS,,,,,,,Athletics,,DIS,,,,,,,,,,STR,,DIS,,,,,,,,,,,,,FALSE,TRUE,"Increasingly feverish.  Disadvantage on  Ability checks and  Saving throws using Strength. When the duration ends, make a DC 15  Constitution saving throw. Failing will inflict the condition  Filth Fever."
Feywild Sparks,,,,,,,,,,,,,,,,,,,,,,,,,,,,,,,,,,,,,,,,TRUE,FALSE,"While  Tides of Chaos is active, the affected entity will always trigger its  Wild Magic Surge when casting spells."
Fiendish Obeisance,,,,,,,,,,,,,,,,,,,,,,,,,,,,,,,,,,,,,,,,TRUE,FALSE,Affected entity must obey the commands of the fiend directly controlling it.
Fiendish Obeisance: Kneel,,,,"STR, DEX",,DIS,,,,,,,,,,,,,,,,,,,,,,,,,TRUE,TRUE,TRUE,,"Melee, Melee Spell, Melee Unarmed",ADV,,,,FALSE,TRUE,"Affected entity has been compelled to kneel by a fiend. It cannot move or take actions, bonus actions, or reactions, and has  Disadvantage on Strength and Dexterity  Saving throws. Attacks against it have  Advantage if they're made within  3 m / 10 ft of the entity. The entity must spend half its movement speed to stand up."
Fiendish Resilience: Acid,,,,,,,,Acid,,,,,,,,,,,,,,,,,,,,,,,,,,,,,,,,FALSE,TRUE,You have Resistance to Acid damage.
Fiendish Resilience: Bludgeoning,,,,,,,,Bludgeoning,,,,,,,,,,,,,,,,,,,,,,,,,,,,,,,,FALSE,TRUE,You have Resistance to Bludgeoning damage.
Fiendish Resilience: Cold,,,,,,,,Cold,,,,,,,,,,,,,,,,,,,,,,,,,,,,,,,,FALSE,TRUE,You have Resistance to Cold damage.
Fiendish Resilience: Fire,,,,,,,,Fire,,,,,,,,,,,,,,,,,,,,,,,,,,,,,,,,FALSE,TRUE,You have Resistance to Fire damage.
Fiendish Resilience: Force,,,,,,,,Force,,,,,,,,,,,,,,,,,,,,,,,,,,,,,,,,FALSE,TRUE,You have Resistance to Force damage.
Fiendish Resilience: Lightning,,,,,,,,Lightning,,,,,,,,,,,,,,,,,,,,,,,,,,,,,,,,FALSE,TRUE,You have Resistance to Lightning damage.
Fiendish Resilience: Necrotic,,,,,,,,Necrotic,,,,,,,,,,,,,,,,,,,,,,,,,,,,,,,,FALSE,TRUE,You have Resistance to Necrotic damage.
Fiendish Resilience: Piercing,,,,,,,,Piercing,,,,,,,,,,,,,,,,,,,,,,,,,,,,,,,,FALSE,TRUE,You have Resistance to Piercing damage.
Fiendish Resilience: Poison,,,,,,,,Poison,,,,,,,,,,,,,,,,,,,,,,,,,,,,,,,,FALSE,TRUE,You have Resistance to Poison damage.
Fiendish Resilience: Psychic,,,,,,,,Psychic,,,,,,,,,,,,,,,,,,,,,,,,,,,,,,,,FALSE,TRUE,You have Resistance to Psychic damage.
Fiendish Resilience: Radiant,,,,,,,,Radiant,,,,,,,,,,,,,,,,,,,,,,,,,,,,,,,,FALSE,TRUE,You have Resistance to Radiant damage.
Fiendish Resilience: Slashing,,,,,,,,Slashing,,,,,,,,,,,,,,,,,,,,,,,,,,,,,,,,FALSE,TRUE,You have Resistance to Slashing damage.
Fiendish Resilience: Thunder,,,,,,,,Thunder,,,,,,,,,,,,,,,,,,,,,,,,,,,,,,,,FALSE,TRUE,You have Resistance to Thunder damage.
Fiendish Vice,,,,,,,,,,,,,,,,,,,,,,,,,,,,,,,,,,,,,,,,TRUE,FALSE,"Affected entity can call on diabolic arcana to cast  Thaumaturgy,  Hellish Rebuke,  Burning Hands, and  Flame Blade once each until the next Long Rest."
Fierce Perilous Stakes,,,,,,,,,,,,,,,,,+5,,,,,15,Psychic,,,,,,"Cold, Bludgeoning, Piercing, Slashing, Acid, Fire, Force, Lightning, Necrotic, Poison, Psychic, Radiant, Thunder",,,,,,,,,,,FALSE,TRUE,Affected entity's attacks deal an additional 15Psychic damage and heal 2d8hit points. The entity scores a Critical Hit when rolling a 15 or higher. The entity is Vulnerable to all damage.
Fiery Brew,,,,,,,,,,,,,,,,,,,,,,2d6,Fire,,,,,,,,,,,,,,,,,FALSE,TRUE,Affected entity deals an additional 2d6Fire damage while infused with Thisobald's current brew.
Filth Fever,,,,STR,,DIS,,,,,,,Athletics,,DIS,,,,,DIS,,,,,STR,,DIS,,,,,,,,,,,,,FALSE,TRUE,"Crushed by fever.  Disadvantage on Attack rolls, and  Ability checks and  Saving throws using Strength. When the duration ends, make a DC 15  Constitution saving throw. Failing will re-inflict the Filth Fever condition.  Duration: 25 turns"
Fire Infusion,,,,,,,,,,,,,,,,,,,,,,1d4,Fire,,,,,,,,,,,,,,,,,FALSE,TRUE,The affected entity deals an additional 1d4Fire the next time it deals damage with a weapon.
Fire Resistance,,,,,,,,Fire,,,,,,,,,,,,,,,,,,,,,,Burning,,,,,,,,,,FALSE,TRUE,"You gain Resistance to Fire damage, and can no longer  Burn."
Fire Resistance Aura,,,,,,,,,,,,,,,,,,,,,,,,,,,,,,,,,,,,,,,,TRUE,FALSE,The fantastical powers of this hallucinatory imp give all nearby creatures Resistance to Fire damage.
Fire Shield: Chill,,,,,,,,Fire,,,,,,,,,,,,,,,,,,,,,,,,,,,,,,,,FALSE,TRUE,Wreathed in ice-cold flames. Sheds light in a 3m / 10ft radius. Has Resistance to Fire damage. Deals 2d8Cold damage to anyone who hits with a melee attack.
Fire Shield: Warm,,,,,,,,Cold,,,,,,,,,,,,,,,,,,,,,,,,,,,,,,,,FALSE,TRUE,Wreathed in scorching flames. Sheds light in a 3m / 10ft radius. Has Resistance to Cold damage. Deals 2d8Fire damage to anyone who hits with a melee attack.
Firewine Belly,,,,,,,,,,,,,"Acrobatics, Sleight of Hand, Stealth, Deception, Intimidation, Performance, Persuasion",,DIS,,,,,,,,,,"DEX, CHA",,DIS,,,,,,,,,,,,,FALSE,TRUE,"Drunk on Firewine. Has  Disadvantage on Charisma and Dexterity Checks If the drunk entity is killed with Fire, a  Firewine Explosion occurs."
Flame-Feeble,,,,,,,,,,,,,,,,,,,,,,,,,,,,,Fire,,,,,,,,,,,FALSE,TRUE,Affected entity is Vulnerable to Fire damage.
Flaming Aura,,,,,,,,,,,,,,,,,,,,,,,,,,,,,,,,,,,,,,,,TRUE,FALSE,"Creature is standing within  1.5 m / 5 ft of a flaming sphere and will take 2d6Fire at the end of its turn. On a successful save, it will still take half damage."
Flaming Sphere,,,,,,,,,,,,,,,,,,,,,,,,,,,,,,,,,,,,,,,,TRUE,FALSE,"Enemies and objects within  1.5 m / 5 ft of the sphere at end of their turn take  2d6 (2~12) Fire  damage. On a successful save, it still takes half damage."
Fleeting Protection,,,,,,,,,,,,,,,,,,,,,,,,,,,,,,,,,,,,,,,,TRUE,FALSE,"If the affected entity is attacked with Radiant damage, Raphael's protection reflects twice that amount as Fire damage and this condition ends."
Flesh Rot,,,,,,,,,,,,,"Persuasion, Performance, Intimidation, Deception",,DIS,,,,,,,,,,CHA,,DIS,,"Cold, Bludgeoning, Piercing, Slashing, Acid, Fire, Force, Lightning, Necrotic, Poison, Psychic, Radiant, Thunder",,,,,,,,,,,FALSE,TRUE,"Flesh is decaying.  Disadvantage on  Ability checks and  Saving throws using Charisma. Vulnerable to all damage. DC 15  Constitution saving throw to remove condition when the duration ends, otherwise it is reapplied."
Flesh to Stone: Restrained Stage 1,,,,DEX,,DIS,,,,,,,,,,,,,,DIS,,,,,,,,,,,TRUE,,,,,ADV,,,,FALSE,TRUE,"Affected entity cannot move as its body begins to petrify over the course of 3 turns. Attack rolls against it have  Advantage, while the entity's Attack Rolls and Dexterity  Saving throws have  Disadvantage."
Flesh to Stone: Restrained Stage 2,,,,DEX,,DIS,,,,,,,,,,,,,,DIS,,,,,,,,,,,TRUE,,,,,ADV,,,,FALSE,TRUE,"Affected entity cannot move as its body progresses toward petrification. Attack rolls against it have  Advantage, while the entity's Attack Rolls and Dexterity  Saving throws have  Disadvantage."
Flesh to Stone: Restrained Stage 3,,,,DEX,,DIS,,,,,,,,,,,,,,DIS,,,,,,,,,,,TRUE,,,,,ADV,,,,FALSE,TRUE,"Affected entity cannot move as its body enters the final bone-stiffening stages of petrification. Attack rolls against it have  Advantage, while the entity's Attack Rolls and Dexterity  Saving throws have  Disadvantage."
Flight,,,,,,,,,,,,,,,,,,,,,,,,,,,,,,,,,,,,,,,,TRUE,FALSE,"Fly up to target position, up to  18 m / 60 ft each turn using your Movement Speed."
Flying Strike,,,,,,,,,,,,,,,,,,,,,,1d4,Psychic,,,,,,,,,,,,,,,,,FALSE,TRUE,Affected entity has flown this turn. Its next melee weapon attack deals an additional 1d4Psychic.
Foolish Little Pup,,,,,,,,,,,,,,,,,,,,,,,,,,,,,,,,,,,,,,,,TRUE,FALSE,"Shouldn't have done that, petal. Frightened."
Force Conduit,,,,,,,,,,,,,,,,,,,,,,,,,,,,,,,,,,,,,,,,TRUE,FALSE,"Bludgeoning, Piercing, and Slashing damage against the affected entity is reduced by 1 per turn remaining. If the entity takes damage while it has 5 or more turns remaining, it deals 1d4Force damage in a 6 m / 20 ft radius. Force Conduit has a maximum  Duration: 7 turns."
Force Resistance,,,,,,,,Force,,,,,,,,,,,,,,,,,,,,,,,,,,,,,,,,FALSE,TRUE,Resistant to Force damage.
Force Steadfast,,,,,,,,,,,,,,,,,,,,,,,,,,,,,,,,,,,,,,,,TRUE,FALSE,Affected entity can't be moved against its will.
Forced Manoeuvre,,,,,,,,,,,,,,,,4.5,,,,,,,,,,,,,,,,,,,,,,,,FALSE,TRUE,Movement speed increased by 4.5 m / 15 ft and doesn't provoke Opportunity Attacks.
Form of Artifice,,,,,,,,Lightning,,,,,,,,,,,,ADV,,,,,,,,,,,,,,,,,,,,FALSE,TRUE,Your constructed form grants you  Advantage on Attack rolls and resistance to Lightning damage.
Form of Dread,,,,,,,,,,,,,,,,,,,,,,,,,,,,,,Frightened,,,,,,,,,15,FALSE,TRUE,"The Ch'r'ai has 15 Temporary Hit Points and can't be  Frightened. Each time she attacks a foe, that foe can become  Frightened for 1 turn."
Formless Slaughter,,,,,,,,,,,,,,,,,,,,,,,,,,,,,,,,,,,,,,,,TRUE,FALSE,This creature has a +1 bonus to Attack and Damage rolls while disguised or shapeshifted.
Fox's Cunning,,,,,,,,,,,,,"Arcana, History, Investigation, Nature, Religion",,ADV,,,,,,,,,,INT,,ADV,,,,,,,,,,,,,FALSE,TRUE,Has  Advantage on Intelligence Checks.
Fractured Psyche,,-1,,,,,,,,,,,,,,,,,,,,,,,,,,,,,,,,,,,,,,FALSE,TRUE,Creature's  Armour Class is reduced by 1.
Fractured Psyche (Full-illithid),,-5,,,-5,,,,,,,,,,,,,,,,,,,,,,,,,,,,,,,,,,,FALSE,TRUE,Your  Armour Class is reduced by 5 and you have a -5 penalty to  Saving throws.
Freedom of Movement,,,,,,,,,,,,,,,,,,,,,,,,,,,,,,"Paralysed, Restrained",,,,,,,,,,FALSE,TRUE,"The affected creature's Movement Speed cannot be reduced by Difficult Terrain, spells or magical effects. The affected creature cannot be  Paralysed or  Restrained."
Frenzied,,,,STR,,ADV,,"Bludgeoning, Piercing, Slashing",,,,,Athletics,,ADV,,,,,,,Rage,Weapon,,STR,,ADV,,,,,,,,,,,,,FALSE,TRUE,"Deal an additional 2 damage with melee and improvised weapons, and when throwing objects. Also has Resistance to physical damage, and  Advantage on Strength Checks and Saving Throws. Cannot cast or concentrate on spells."
Frenzied Fury,,,,,,,,,,,,,,,,,,,,,,,,,,,,,,,,,,,,,,,,TRUE,FALSE,"Overwhelmed with rage, the gnoll can attack three times per turn."
Frenzied Spores,,,,,,,,,,,,,,,,,,,,,,,,,,,,,,,,,,,,,,,,TRUE,FALSE,Glut has increased hit points and Strength. It has access to more spore spells.
Frenzied Strain,,,,,,,,,,,,,,,,,,,-1,,,,,,,,,,,,,,,,,,,,,FALSE,TRUE,Using  Frenzied Strike adds a stack of Frenzied Strain. The barbarian takes a -1 penalty on Attack Rolls for every stack. All stacks are removed when  Frenzy ends.
Friends,,,,,,,,,,,,,"Persuasion, Performance, Intimidation, Deception",,ADV,,,,,,,,,,CHA,,ADV,,,,,,,,,,,,,FALSE,TRUE,"Has  Advantage on  Charisma checks directed at the target creature. In higher difficulty modes, the target might accuse you of enchanting them."
Frightened,,,,,,,,,,,,,,,DIS,,,,,DIS,,,,,,,DIS,,,,,,,,,,,,,FALSE,TRUE,The affected creature cannot move. Frightened creatures also have  Disadvantage on  Ability checks and Attack rolls.
Frozen,,,,,,,,Fire,,,,,,,,,,,,,,,,,,,,,"Bludgeoning, Thunder, Force",,,,,,,,,,,TRUE,FALSE,"Affected entity is utterly enamelled in ice and is Incapacitated. If it is dealt Bludgeoning, Thunder, or Force damage, the ice shatters, ending the condition. Gains Vulnerability to Bludgeoning, Thunder, and Force damage. Gains Resistance to Fire damage. Gains immunity to  Burning and  Encrusted with Frost."
Fugitive,,,,,,,,,,,,,,,,,,,,,,,,,,,,,,,,,,,,,,,,TRUE,FALSE,Recently escaped from prison. Guards will arrest this prisoner on sight.
Fungal Resistance,,,,,,,,,,,,,,,,,,,,,,,,,,,,,,,,,,,,,,,,TRUE,FALSE,The hag has a +5 bonus to Saving Throws for each nearby Pearlspore Bell.
Fungal Resurrection,,,,,,,,,,,,,,,,,,,,,,,,,,,,,,,,,,,,,,,,TRUE,FALSE,The hag will be resurrected by nearby Pearlspore Bells at the start of their next turn.
Galerian Revelry,,,,DEX,,DIS,,,,,,,,,,,,,,DIS,,,,,,,,,,,TRUE,TRUE,,,,ADV,,,,FALSE,TRUE,"Compelled to shuffle and dance. Affected entity can't move or take actions. Attack rolls against it have  Advantage, while its Attack Rolls and Dexterity  Saving throws have  Disadvantage."
Galvanic Currents,,,,,,,,,,,,,,,,,,,,,,1d6,Lightning,,,,,,,,,,,,,,,,,FALSE,TRUE,Blue lightning flits across the weapon's surface. Deals an additional 1d6Lightning.
Gaping Wounds,,,,,,,,,,,,,,,,,,,,,,,,,,,,,,,,,,,,,,,,TRUE,FALSE,Attacks against this creature deal an additional 2Piercing damage. Removed by healing.
Garrotted,,,,,,,,,,,,,,,,,,,,,,,,,,,,,,,,,,,,,,,,TRUE,FALSE,"Affected entity is being strangled by a garrotte. It is Silenced and takes 3d6Bludgeoning damage per turn. Both the entity and the garrotter can't move until the condition ends. If the entity and the garrotter are forcibly moved more than  5 m / 17 ft apart, this condition ends."
Garrotting,,,,,,,,,,,,,,,,,,,,,,,,,,,,,,,,,,,,,,,,TRUE,FALSE,Strangling a creature with a garrotte. Moving more than 5 m / 17 ft away from the creature will break the garrotte.
Gaseous Form,,,,"STR, DEX, CON",,ADV,,"Bludgeoning, Piercing, Slashing, Acid, Cold, Fire, Force, Lightning, Necrotic, Poison, Psychic, Radiant, Thunder",,,,,,,,,,,,,,,,,,,,,,,,,,,,,,,,FALSE,TRUE,"Transformed into a cloud of mist. Resistant to all damage. Has  Advantage on Constitution, Dexterity, and Strength  Saving throws. Becomes Tiny in size. Cannot attack, cast spells, or speak. The target's Strength and Dexterity scores are set to 10 while in this form."
Gaseous Reflux,,,,,,,,,,,,,,,,,,,,,,,,,,,,,,,,,,,,,,,,TRUE,FALSE,"Physical attacks have added gas to Thisobald's special brew, letting him use  Roaring Belch."
Gathering Drumbeat,,,,,,,,,,,,,,,,,,,,,,,,,,,,,,,,,,,,,,,,TRUE,FALSE,"A goblin has sounded these war drums, calling reinforcements to battle. Will draw nearby goblins into combat. If used in the Goblin Camp, will turn the entire camp hostile as well. All  Temporarily Hostile enemies become permanently hostile."
Ghastly Fume,,,,,,,,,,,,,,,,,,,,,,,,,,,,,,,,,,,,,,,,TRUE,FALSE,The affected entity's foul stench creates a pungent cloud that  Nauseates all creatures around it.
Giant Form,,,,STR,,ADV,,,,,,,Athletics,,ADV,,,,,,,1d6,Weapon,,STR,,ADV,,,,,,,,,,,,27,FALSE,TRUE,"Affected entity's size is increased. Its weapon attacks deal an additional 1d6 damage. It gains  27 temporary hit points, and has  Advantage on Strength  Ability checks and  Saving throws."
Giant's Rage,,,,STR,,ADV,,"Bludgeoning, Piercing, Slashing",,,,,Athletics,,ADV,,,,,,,Rage,Weapon,,STR,,ADV,,,,,,,,,,,,,FALSE,TRUE,"Raging and increased in size. Deals an additional 2 damage (increased to 3 at level 9) with melee and improvised weapons, unarmed strikes, and 4 damage (increased to 6 at level 9) while throwing objects . Also has resistance to Physical damage, and  Advantage on Strength Checks and  Saving throws. Size is increased by one category. Cannot cast or concentrate on Spells."
Gigantic Endurance,,,,,,,,,,,,,,,,,,,,,,,,,,,,,,,,,,,,,,,27,FALSE,TRUE,Gained  27 temporary hit points.
Githyanki Providence,,,,,,,,,,,,,,,,,,,,,,,,,,,,,,,,,,,,,,,,TRUE,FALSE,"A mote of githyanki psionics allows the affected entity to cast  Misty Step,  Enhance Leap, and  Blur once each until its next Long Rest."
Githyanki War Magic,,,,,,,,,,,,,,,,,,,,,,,,,,,,,,,,,,,,,,,,TRUE,FALSE,Can make a weapon attack using a bonus action.
Githzerai Mind Barrier,,,,INT,,ADV,,,,,,,,,,,,,,,,,,,,,,,,,,,,,,,,,,FALSE,TRUE,"Having assimilated a splinter of githzerai knowledge, mental barriers have been erected in the affected entity's mind. It has  Advantage on Intelligence Saving Throws."
Glimpse of Freedom,,,,,,,,,,,,,,,,4.5,,,,,,,,,,,,,,,,,,,,,,,,FALSE,TRUE,"Escaping certain death, the character is motivated to move  4.5 m / 15 ft quicker."
Glutted Catacombs,,,,,,,,,,,,,,,,,,,,,,,,,,,,,,,,,,,,,,,,TRUE,FALSE,This area is filled with the bones of the dead. The spell  Animate Dead: Skeleton does not require a skeleton to raise the dead in this area.
Gnawing Horde,,,,,,,,,,,,,,,,,,,,,,,,,,,,,,,,,,,,,,,,TRUE,FALSE,Ravenous Ghouls that fight alongside you.
Gnomish Ingenuity,,,,,,,,,,,,,,,,,,,,,,,,,,,,,,,,,,,,,,Sleight of Hand,,FALSE,TRUE,Affected entity is Proficient in Sleight of Hand Checks and can cast  Knock until it takes a Long Rest.
Goaded,,,,,,,,,,,,,,,,,,,,DIS,,,,,,,,,,,,,,,,,,,,FALSE,TRUE,"Must attack the goading creature, if possible.  Disadvantage on Attack Rolls against targets other than the spellcaster."
God of Ambition,,,,,,,,,,,,,,,,,,,,,,,,,,,,,,,,,,,,,,,,TRUE,FALSE,"Mere mortals whisper petitions to the newly divine Gale Dekarios as The Once-Wizard, High Aspirant, The Lord of Zeal - but none have yet been granted an audience with the God of Ambition. Until tonight, that is."
Gossamer Tomb,,,,,,,,,,,,,,,,,,,,,,,,,,,,,,,TRUE,TRUE,TRUE,,,,,,,FALSE,TRUE,"This creature is entombed in  Infested spider silk, and cannot move or take actions. Unless the silk is removed with Acid or Fire damage, it will explode, dealing 8d10Poison to the entombed creature."
Grappled (Tentacle),,,,,,,,,,,,,,,,,,,,,,,,,,,,,,,,,,,,,,,,TRUE,FALSE,"At the start of each turn, the target makes a  Strength saving throw to attempt to free themselves. On a failed save, they take 2d6Psychic."
Grappled,,,,,,,,,,,,,,,,,,,,,,,,,,,,,,,,,,,,,,,,TRUE,FALSE,Affected entity is incapacitated and cannot be damaged while held within the grapple.  Help it to free it!
Grappling,,,,,,,,,,,,,,,,,,,,,,,,,,,,,,,TRUE,,,,,,,,,FALSE,TRUE,Affected entity has  Grappled another creature. Cannot move while Grappling. Interrupted by receiving damage.
Grasp Essence,,,,,,,,,,,,,,,,,,,,,,,,,,,,,,,,,,,,,,,,TRUE,FALSE,"When you hit a creature with an unarmed attack, you can regain 10hit points or choose to gain  Advantage on Attack Rolls or Saving Throws before the end of your next turn."
Grasping Arrow: Entangled,,,,,,,,,,,,,,,,-3,,,,,,,,,,,,,,,,,,,,,,,,FALSE,TRUE,"Affected entity will take 2d6Slashing damage when it moves, and its movement speed is reduced by 3 m / 10 ft."
Gravely Wounded,,,,,,,,,,,,,,,,,,,,,,,,,,,,,,,,,,,,,,,,TRUE,FALSE,This person cannot be healed or saved.
Great Weapon Master: Bonus Attack,,,,,,,,,,,,,,,,,,,,,,,,,,,,,,,,,,,,,,,,TRUE,FALSE,Can make a melee attack as a  Bonus Action.
Greater Arcane Hunger,,,,,,DIS,,,,,,,,,,,,,,DIS,,,,,,,,,,,,,,,,,,,,FALSE,TRUE,The Netherese Orb in Gale's body is weakening him. He has  Disadvantage on Attack rolls and all  Saving throws.
Greater Elixir of Arcane Cultivation,,,,,,,,,,,,,,,,,,,,,,,,,,,,,,,,,,,,,,,,TRUE,FALSE,Has an additional  Level 2 Spell Slot.
Greater Invisibility,,,,,,,,,,,,,,,,,,,,ADV,,,,,,,,,,,,,,,,DIS,,,,FALSE,TRUE,"Entity has  Advantage on Attack rolls. Attack Rolls against it have  Disadvantage When interacting with items, casting spells, or attacking, the entity needs to succeed on a Stealth Check to maintain Invisibility. The Check becomes harder with each successful attempt."
Greater Toughness,,,,,,,,,,,,,,,,,,,,,,,,,,,,,,,,,,,,,,,,TRUE,FALSE,This material is extremely strong. Only a hit that deals at least 50 damage can damage it.
Green Bed Regeneration,,,,,,,,,,,,,,,,,,,,,,,,,,,,,,,,,,,,,,,,TRUE,FALSE,When starting your turn on Plant Growth Surface or  Vine Surface regain 1~4hit points hit points.
Grieving,,,,,,,,,,,,,,,DIS,,,,,ADV,,,,,,,DIS,,,,,,,,,,,,,FALSE,TRUE,The affected creature has  Advantage on Attack rolls but  Disadvantage on  Ability checks while processing the loss of something dear to it.
Gripped by Kereska's Flame,,,,,,,,Fire,,,,,,,,,,,,,,,,,,,,,,,,,,,,,,,,TRUE,FALSE,"Affected entity has resistance to Fire damage. Its fire spells deal additional damage equal to its proficiency bonus. When it deals spell damage, it gains 2 turns of  Heat. While attuned to Kereska's flame, it can cast  Fireball at 3rd level and  Wall of Fire at 5th level once per short rest."
Grotesque Distention,,,,,,,,,,,,,,,,,,,,,,,,,,,,,,,,,,,,,,,,TRUE,FALSE,"Bloated beyond hope. Will explode at the slightest touch. Touching an entity affected with this condition will cause a blast of 8d6Poison damage in an  AoE: 3 m / 3 ft (Radius), form a Poison Cloud of the same size, and utterly destroy the entity."
Guardian Wraiths,,,,,,,"Bludgeoning, Piercing, Slashing, Acid, Cold, Fire, Force, Lightning, Necrotic, Poison, Psychic, Radiant, Thunder",,,,,,,,,,,,,,,,,,,,,,,,,,,,,,,,,FALSE,TRUE,"Affected entity is Immune to all damage. When this effect ends, the entity will be healed for 6d8hit points, unless it is ended by  Greater Restoration or  Remove Curse."
Guidance,,,,,,,,,,,,,,1d4,,,,,,,,,,,,1d4,,,,,,,,,,,,,,FALSE,TRUE,Gains a  +1d4 bonus to  Ability checks.
Guided Strike: Active,,,,,,,,,,,,,,,,,,,10,,,,,,,,,,,,,,,,,,,,,FALSE,TRUE,You have a +10 bonus to your next Attack roll.
Guiding Bolt,,,,,,,,,,,,,,,,,,,,,,,,,,,,,,,,,,,,ADV,,,,FALSE,TRUE,The next Attack roll made against this creature has  Advantage.
Haemorrhaged,,,,,,,,,,,,,,,,,,,,,,,,,,,,,,,,,,,,,,,,TRUE,FALSE,The target takes 1d6Piercing damage at end of turn.
Hag Pregnancy,,,,,,,,,,,,,,,,,,,,,,,,,,,,,,,,,,,,,,,,TRUE,FALSE,The hag has eaten the child to transform her into a newborn hag. Killing the hag will lead to the child's death.
Hag's Pawn,,,,,,,,,,,,,,,,,,,,,,,,,,,,,,,,,,,,,,,,TRUE,FALSE,Ethel has taken control. Condition lasts until mask is removed or spellcaster is dead.
Hag's Trickery,,,,,,,,,,,,,,,,,,,,,,,,,,,,,,,,,,,,,,,,TRUE,FALSE,Is this Ethel - or an illusion?
Half-Orcish Fury,,,,,,,,,,,,,,,,,,,,,,,,,,,,,,,,,,,,,,,,TRUE,FALSE,"The next time the affected entity is  Downed, it instead drops to 1 hit point thanks to the relentless will roiling in its veins."
Halfling Luck,,,,,,,,,,,,,,,ADV,,,,,,,,,,,,,,,,,,,,,,,,,FALSE,TRUE,The luck of the smallfolk grants the affected entity  Advantage on Skill Checks until its next Long Rest.
Hallucinating,,,,,,,,,,,,,,,DIS,,,,,,,,,,,,DIS,,,,,TRUE,TRUE,,,,,,,FALSE,TRUE,"Creature is hallucinating. It has  Disadvantage on Ability Checks, wanders around uncontrollably, and can't take  Actions or reactions."
Hamstrung,,,,,,,,,,,,,,,,x0.5,,,,,,,,,,,,,,,,,,,,,,,,FALSE,TRUE,Movement Speed reduced by 50%. Removed by healing.
Hands Off - Petal,,,,,,,,,,,,,"Animal Handling, Insight, Medicine, Perception, Survival",,DIS,,,,,,,,,,WIS,,DIS,,,,,,,,,,,,,FALSE,TRUE,"Ethel disapproves, dearie.  Disadvantage on Wisdom Checks. Take 2d4Psychic damage when condition is received."
Happy,,,,,1,,,,,,,,,,,,,,1,,,,,,,,,,,,,,,,,,,,,FALSE,TRUE,"Astarion's vampiric hunger has been temporarily sated. +1 to all Attack Rolls, Saving Throws, and most Ability Checks."
Harm,,,,,,,,,,,,,,,,,,,,,,,,,,,,,,,,,,,,,,,,TRUE,FALSE,Affected entity's maximum Hit Points have been reduced by the damage inflicted by the Harm spell This condition is a Disease
Harmonised,,,,,,,,,,,,,,,,,,,,,,CHA,Weapon,,,,,,,,,,,,,,,,,FALSE,TRUE,Affected entity's melee weapon attacks deal additional damage equal to its Charisma Modifier (min.1).
Harrowed,,,,"CHA, WIS",,DIS,,,,,,,,,,,,,,,,,,,,,,,,,,,,,,,,,,FALSE,TRUE,The affected entity is psychically oppressed by a powerful ghost. It has  Disadvantage on Charisma and Wisdom  Saving throws.
Haste Spores,,2,,DEX,,ADV,,,,,,,,,,x2,,,,,,,,,,,,,,,,,,,,,,,,FALSE,TRUE,Target gains Advantage on Dexterity  Saving throws. Target's Movement Speed is doubled. Target gains an additional  Action.
Hastened,,2,,DEX,,ADV,,,,,,,,,,9,,,,,,,,,,,,,,,,,,,,,,,,FALSE,TRUE,"The affected creature acquires the following: Advantage on Dexterity  Saving throws An increase in Movement Speed of  9 m / 30 ft An additional  Action  When the condition ends, the affected creature becomes  Lethargic and is unable to move or take Actions for 1 turn."
Haunted Approach,,,,,,,,,,,,,,,,x0.5,,,,,,,,,,,,,,,,,,,,,,,,FALSE,TRUE,This creature's Movement speed and jump distance is halved while within  3 m / 10 ft of a Cursed Skull
Haunting Aura,,,,,,,,,,,,,,,,,,,,,,,,,,,,,,,,,,,,,,,,TRUE,FALSE,Nearby creatures are afflicted with  Phantasmal Force.
Healing Incense,,,,,,,,,,,,,,,,,,,,,,,,,,,,,,,,,,,,,,,,TRUE,FALSE,"Affected entity regains 1d4hit points at the start of the spellcaster's turn, as long as they remain within  10 m / 33 ft of them."
Healing Incense Aura,,,,,,,,,,,,,,,,,,,,,,,,,,,,,,,,,,,,,,,,TRUE,FALSE,"Applies  Healing Incense to affected entity and allies within  Range: 10 m / 30 ft, regaining 1d4hit points per turn."
Healing Pearl,,,,,,,,,,,,,,,,,,,,,,,,,,,,,,,,,,,,,,,,TRUE,FALSE,"At the start of its turn, this mushroom keeping Auntie Ethel alive regains all its hit points unless some effect prevents it from restorative healing."
Healing Radiance,,,,,,,,,,,,,,,,,,,,,,,,,,,,,,,,,,,,,,,,TRUE,FALSE,Allies within 3m / 10ft will regain Proficiency bonus + Paladin level + Charisma modifierHealing at the start of the Paladin's next turn.
Heart of Stone,,,,,,,,Poison,,,,,,,,,,,,,,,,,,,,,,,,,,,,,,,,FALSE,TRUE,Gain Resistance to Poison until next Long Rest.
Heartform Mapped,,,,,,,,,,,,,,,,,,,,,,,,,,,,,,,,,,,,,,,,TRUE,FALSE,"The affected entity's  Violent,  Craven,  Jealous,  Melancholy,  Prying,  False, or  Wayward Heart has been mapped and punished by Viconia."
Heartform Terror: Ceremorphosis,,,,,,,,,,,,,,,,,,,,,,,,,,,,,,,TRUE,TRUE,,,,,,,,FALSE,TRUE,"Overcome with the fear they've turned into an illithid, the affected entity cannot move or take actions."
Heartform Terror: Spider,,,,,,,,,,,,,,,,,,,,,,,,,,,,,,,,,,,,,,,,TRUE,FALSE,This creature has twisted its form into one of your fears.
Heartform Terror: Wolf,,,,,,,,,,,,,,,,,,,,,,,,,,,,,,,,,,,,,,,,TRUE,FALSE,This Sharran knows your fears and has twisted its form into one of them.
Heat,,,,,,,,,,,,,,,,,,,,,,,,,,,,,,,,,,,,,,,,TRUE,FALSE,"Engulfed by a vengeful fire. Takes 1d4Fire damage each turn, but can use  Heat Convergence. Heat Convergence consumes all remaining turns of Heat to deal extra Fire damage on their next fire spell or attack. Heat has a maximum  Duration: 7 turns."
Heat Convergence,,,,,,,,,,,,,,,,,,,,,,,,,,,,,,,,,,,,,,,,TRUE,FALSE,"The next time the affected entity deals Fire damage, it deals an additional 1 for every turn of  Heat still affecting them."
Heat Metal,,,,,,,,,,,,,,,DIS,,,,,DIS,,,,,,,DIS,,,,,,,,,,,,,FALSE,TRUE,"Heats up a metal weapon or armour on a creature with no save (weapon is automatically prioritized). Metal weapons are dropped if the creature holding it fails their initial  Saving throw. If the creature is touching the heated metal item, they receive  Disadvantage on Attack rolls and Ability Checks. Each subsequent turn, if the creature is still touching the metal, the spellcaster can use  Reapply Heat Metal to deal another 2d8Fire damage, forcing the creature to pass a Saving Throw again or drop the item (if it is a metal weapon)."
Heat Metal: Reapply Damage,,,,,,,,,,,,,,,,,,,,,,,,,,,,,,,,,,,,,,,,TRUE,FALSE,Creature can reapply the damage dealt by the heated metal.
Heavily Encumbered,,,,"DEX, STR, CON",,DIS,,,,,,,,,DIS,,,,,DIS,,,,,,,DIS,,,,,,,,,,,,,FALSE,TRUE,"Carrying far too much weight. Movement Speed heavily reduced, and you can no longer climb or Jump. You also have  Disadvantage on Ability Checks and Attack Rolls, as well as Strength, Dexterity, and Constitution Saving Throws."
Heavily Obscured,,,,,,,,,,,,,,,,,,,,,,,,,,,,,,,,,,,,,,,,TRUE,FALSE,Hiding in a Heavily Obscured area. Will go undetected unless they get too close to another creature.
Hellfire Cambion,,,,,,,,,,,,,,,,,,,,,,,,,,,,,,,,,,,,,,,,TRUE,FALSE,"This cambion's attacks deal Hellfire damage, ignoring Resistance and Immunity to Fire damage."
Hellfire Curse,,,,"DEX, STR, CON",,DIS,,,,,,,,,,,,,,,,,,,,,,,,,,,,,,,,,,FALSE,TRUE,"Hellfire roiling within this creature gives it  Disadvantage on Strength, Dexterity, and Constitution  Saving throws."
Hellish Sphere,,,,,,,,,,,,,,,,,,,,,,,,,,,,,,,,,,,,,,,,TRUE,FALSE,"Creature is standing within  3 m / 10 ft of a flaming sphere and will take 6d6Fire damage at the end of its turn. On a second save, it will still take half damage. Dexterity save"
Hellish Sphere (Aura),,,,,,,,,,,,,,,,,,,,,,,,,,,,,,,,,,,,,,,,TRUE,FALSE,"Enemies and objects within  3 m / 10 ft of the sphere at the end of their turn take 6d6Fire. On a successful save, they still take half damage."
Her Voice: Commanding,,,,,,,,,,,,,"Arcana, History, Investigation, Nature, Religion, Animal Handling, Insight, Medicine, Perception, Survival, Deception, Intimidation, Performance, Persuasion",-1,,,,,,,,,,,"INT, WIS, CHA",-1,,,,,,,,,,,,,,FALSE,TRUE,"Affected entity's brain is being tortured at the whim of the Absolute. It receives a -1 penalty to Intelligence, Wisdom, and Charisma Abilities and takes 1d6Psychic damage at the end of its turn."
Her Voice: the End of All,,,,,,,,,,,,,"Arcana, History, Investigation, Nature, Religion, Animal Handling, Insight, Medicine, Perception, Survival, Deception, Intimidation, Performance, Persuasion",-4,,,,,,,,,,,"INT, WIS, CHA",-4,,,,,,,,,,,,,,FALSE,TRUE,"Affected entity's brain is being tortured at the whim of the Absolute. It receives a -4 penalty to Intelligence, Wisdom, and Charisma Abilities and takes 1d6Psychic damage at the end of its turn."
Her Voice: Transforming,,,,,,,,,,,,,"Arcana, History, Investigation, Nature, Religion, Animal Handling, Insight, Medicine, Perception, Survival, Deception, Intimidation, Performance, Persuasion",-2,,,,,,,,,,,"INT, WIS, CHA",-2,,,,,,,,,,,,,,FALSE,TRUE,"Affected entity's brain is being tortured at the whim of the Absolute. It receives a -2 penalty to Intelligence, Wisdom, and Charisma Abilities and takes 1d6Psychic damage at the end of its turn."
Heroic,,,,,,,,,,,,,,,,,,,,,,,,,,,,,,,,,,,,,,,10,FALSE,TRUE,Affected entity has gained  10 temporary hit points.
Heroism,,,,,,,,,,,,,,,,,,,,,,,,,,,,,,Frightened,,,,,,,,,5,FALSE,TRUE,Can't be  Frightened. Receive  5 temporary hit points per turn.
Hexblade's Curse,,,,,,,,,,,,,,,,,+1,,,,,,,,,,,,,,,,,,,,,,,TRUE,FALSE,Cursed by a Hexblade warlock. The warlock who cursed this entity adds their proficiency bonus to damage rolls against them. The number they need to roll a Critical Hit while attacking this entity is also reduced by 1.
Hexed Weapon,,,,,,,,,,,,,,,,,,,,,,CHA,Weapon,,,,,,,,,,,,,,,,,FALSE,TRUE,"The warlock bound to this weapon is always Proficient with it. The weapon's damage is magical and uses the warlock's Charisma modifier. When the warlock attacks with this weapon, there is a chance that  Hexblade's Curse will be applied to the target."
Hexed: Charisma,,,,,,,,,,,,,"Persuasion, Performance, Intimidation, Deception",,DIS,,,,,,,,,,CHA,,DIS,,,,,,,,,,,,,FALSE,TRUE,Creature suffers an additional 1d6Necrotic damage from the spellcaster. It also has  Disadvantage on Charisma Checks.
Hexed: Constitution,,,,,,,,,,,,,,,,,,,,,,,,,CON,,DIS,,,,,,,,,,,,,FALSE,TRUE,Creature suffers an additional 1d6Necrotic damage from the spellcaster. It also has  Disadvantage on Constitution Checks.
Hexed: Dexterity,,,,,,,,,,,,,"Acrobatics, Sleight of Hand, Stealth",,DIS,,,,,,,,,,DEX,,DIS,,,,,,,,,,,,,FALSE,TRUE,Creature suffers an additional 1d6Necrotic damage from the spellcaster. It also has  Disadvantage on Dexterity Checks.
Hexed: Intelligence,,,,,,,,,,,,,"Arcana, History, Investigation, Nature, Religion",,DIS,,,,,,,,,,INT,,DIS,,,,,,,,,,,,,FALSE,TRUE,Creature suffers an additional 1d6Necrotic damage from the spellcaster. It also has  Disadvantage on Intelligence Checks.
Hexed: Strength,,,,,,,,,,,,,Athletics,,DIS,,,,,,,,,,STR,,DIS,,,,,,,,,,,,,FALSE,TRUE,Creature suffers an additional 1d6Necrotic damage from the spellcaster. It also has  Disadvantage on Strength Checks.
Hexed: Wisdom,,,,,,,,,,,,,"Animal Handling, Insight, Medicine, Perception, Survival",,DIS,,,,,,,,,,WIS,,DIS,,,,,,,,,,,,,FALSE,TRUE,Creature suffers an additional 1d6Necrotic damage from the spellcaster. It also has  Disadvantage on Wisdom Checks.
Hide in Plain Sight,,,,,,,,,,,,,Stealth,10,,,,,,ADV,,,,,,,,,,,,,,,,,,,,FALSE,TRUE,"Affected entity is invisible. It has  Advantage on Attack Rolls. It has a +10 bonus to Stealth Checks. Invisibility ends early if the invisible entity moves, attacks, casts another spell, takes an action, or takes damage."
Hideous Laughter,,,,"DEX, STR",,DIS,,,,,,,,,,,,,,,,,,,,,,,,,TRUE,TRUE,TRUE,,"Melee, Melee Spell, Melee Unarmed",ADV,,,,FALSE,TRUE,"Can't move or take  Actions,  Bonus Actions, or  Reactions, and has  Disadvantage on  Strength and Dexterity saving throws. Attacks against a Prone creature have  Advantage if they're made within  3 m / 10 ft of the creature. At the end of its turn or when it takes damage, the entity can try to shake off the effect."
Hiding,,,,,,,,,,,,,,,,,,,,ADV,,,,,,,,,,,,,,,,,,,,FALSE,TRUE,Affected entity is invisible to enemies until it crosses their cone of sight. The entity has  Advantage on all Attack rolls.
High Spirits,,,,,,,,,,,,,,,,,,,,,,,,,,,,,,,,,,,,,,,,TRUE,FALSE,"The amulet's spirit lingers, making everything seem just a little more vibrant. Must succeed a Wisdom  Saving throw when using the amulet's power, or become  Hysterical."
Hill Giant's Might,,,,,,,,,STR,,21,,,,,,,,,,,,,,,,,,,,,,,,,,,,,FALSE,TRUE,The mountains quake! Strength increased to 21.
Hoarding Energy,,,,,,,,"Bludgeoning, Piercing, Slashing, Acid, Cold, Fire, Force, Lightning, Necrotic, Poison, Psychic, Radiant, Thunder",,,,,,,,,,,,,,,,,,,,,,,,,,,,,,,,FALSE,TRUE,Ansur is gathering energy while airborne and is Resistant to all damage.
Hold Monster,,,,"DEX, STR",-100,,,,,,,,,,,,,,,,,,,,,,,,,,TRUE,TRUE,TRUE,,,ADV,,,,FALSE,TRUE,"Affected entity can't Move or take Actions, Bonus Actions, or Reactions. Attacks against the entity have  Advantage. Attacks against the entity are always Critical Hits if the attacker is within  Range: 3 m / 10 ft. Affected entity automatically fails all Strength and Dexterity  Saving throws. At the end of each turn, the affected entity makes a Wisdom  Saving throw. On a successful save, the condition is removed."
Hold Person,,,,"DEX, STR",-100,,,,,,,,,,,,,,,,,,,,,,,,,,TRUE,TRUE,TRUE,,,ADV,,,,FALSE,TRUE,"Affected entity can't Move or take Actions, Bonus Actions, or Reactions. Attacks against the entity automatically succeed their Attack Roll. Attacks against the entity are always Critical Hits if the attacker is within  Range: 3 m / 10 ft. Affected entity automatically fails all Strength and Dexterity  Saving throws. At the end of each turn, the affected entity makes a Wisdom  Saving throw. On a successful save, the condition is removed."
Holy Fire,,,,,,,,,,,,,,,,,,,,,,,,,,,,,,,,,,,,,,,,TRUE,FALSE,Takes 1~4Radiant damage per turn.
Holy Rebuke,,,,,,,,,,,,,,,,,,,,,,,,,,,,,,,,,,,,,,,,TRUE,FALSE,Affected entity is protected by a vengeful aura. Attackers take 1d4Radiant damage when they hit the entity with a melee attack.
Hoots' Hooch,,,,,,,,,,,,,,,,,,,,,,,,,,,,,,,,,,,,,,,,TRUE,FALSE,A new invention of the Sharess' Caress bartender Hoots - like being decked in the sobriety.
Hoots' Hooch: Bad Breath,,,,,,,,,,,,,,,,,,,,,,,,,,,,,,,,,,,,,,,,TRUE,FALSE,Characters attacking you in melee become  Nauseous.
Hoots' Hooch: Beast Tongue,,,,,,,,,,,,,,,,,,,,,,,,,,,,,,,,,,,,,,,,TRUE,FALSE,You're pretty sure you could speak to animals if you tried.
Hoots' Hooch: Blackout,,,,,,,,,,,,,,,,,,,,,,,,,,,,,,,,,,,,,,,,TRUE,FALSE,Character is unconscious.
Hoots' Hooch: Gifted,,,,,,,,,,,,,,,,,,,,,,,,,,,,,Psychic,,,,,,,,,,,FALSE,TRUE,"You can read minds, but become Vulnerable to Psychic damage."
Hoots' Hooch: Photosensitivity,,,,,,,,,,,,,,,,,,,,,,,,,,,,,,,,,,,,,,,,TRUE,FALSE,Become  Blind in direct sunlight but gain  Superior Darkvision.
Hoots' Hooch: Size Instability,,,,,,,,,,,,,,,,,,,,,,,,,,,,,,,,,,,,,,,,TRUE,FALSE,Reduce and  Enlarge each turn.
Hoots' Hooch: Stoned,,,,,,,,,,,,,,,,,,,,,,,,,,,,,,,,,,,,,,,,TRUE,FALSE,Temporarily  Petrified - perhaps with lingering side-effects.
Horde Breaker,,,,,,,,,,,,,,,,,,,,,,,,,,,,,,,,,,,,,,,,TRUE,FALSE,Creature is open to a follow-up attack.
Hound's Omen,,,,,,,,,,,,,,,,,,,,,,,,,,,,,,,,,,,,,,,,TRUE,FALSE,"A dark omen that can be of Acid, Cold, Fire, Lightning, Poison, or Thunder. When damage of that type is dealt to the affected entity, the owner of the hound regains 1  Sorcery Point."
Houndmaster's Prey,,-3,,,,,,,,,,,,,,,,,,,,,,,,,,,,,,,,,,,,,,TRUE,FALSE,"When a Houndmaster's dog (Zina, Gordis, Rocky) hits the target, it gains  Prey Essence, gaining 30 Temporary Hit Points."
Human Versatility,,,,,,,,,,,,,,,,,,,,,,,,,,,,,,,,,,,,,,,,TRUE,FALSE,Mundane pluckiness grants the affected entity Proficiency in all skills until the next Long Rest due to the wily resourcefulness now bubbling within it.
Hunger of Hadar,,,,,,,,,,,,,,,,,,,,,,,,,,,,,,,,,,,,,,,,TRUE,FALSE,"2d6 (2~12) Cold   2d6 (2~12) Acid DC 12  Dexterity saving throwStanding near a portal to the dark between the stars, infested with unknown horrors. Takes 2d6Cold damage at the start of their turn, and possibly 2d6Acid damage at the end of their turn, as long as they are in the area They are  Blinded and the area is  Difficult Terrain."
Hunger of Hadar (Aura),,,,,,,,,,,,,,,,,,,,,,,,,,,,,,,,,,,,,,,,TRUE,FALSE,"A sphere of cold blackness, teeming with unknown horrors. Creatures starting their turn in the area take 2d6Cold. Creatures ending their turn in the area possibly take 2d6Acid. The area is  Difficult Terrain, and creatures within are  Blinded."
Hungover,,,,,,,,,,,,,"Acrobatics, Sleight of Hand, Stealth, Persuasion, Performance, Intimidation, Deception",,DIS,,,,,,,,,,,,,,,,,,,,,,,,,FALSE,TRUE,You have  Disadvantage on Dexterity and Charisma Checks. You tell yourself 'I'm never drinking again'. You're a liar.
Hunt Completed,,,,,,,,,,,,,,,,,,,,,,,,,,,,,,,,,,,,,,,,TRUE,FALSE,Can use a bonus action to reapply Hunter's Mark to another target.
Hunted,,,,,,,,,,,,,,,,,,,,,,,,,,,,,,,,,,,,,,,,TRUE,FALSE,Yurgir can interrupt this creature's attacks and spells once per round with a  Blinding Ambush while it is Hunted.
Hunter's Mark Quarry,,,,,,,,,,,,,,,,,,,,,,,,,,,,,,,,,,,,,,,,TRUE,FALSE,Affected entity suffers an additional 1d6Weapon damage if the spellcaster hits it with a weapon attack.
Hypnotic Gaze,,,,,,,,,,,,,,,,,,,,,,,,,,,,,,,TRUE,TRUE,TRUE,,,,,,,FALSE,TRUE,"Can't move or take actions, bonus actions, or reactions. Spellcaster has  Advantage on Ability Checks in dialogue. Removed upon taking damage. Duration can be extended with  Maintain Hypnotic Gaze"
Hypnotised,,,,,,,,,,,,,,,,,,,,,,,,,,,,,,,TRUE,TRUE,TRUE,,,,,,,FALSE,TRUE,"Can't Move or take Actions, Bonus Actions, or Reactions. Removed by taking damage, being Shoved, or Helped."
Hysterical,,,,,,,,,,,,,,,,,,,,,,,,,,,,,,,,,,,,,,,,TRUE,FALSE,"Knocked Prone out of sheer elation. Sides splitting, lungs gasping for air - you're enjoying yourself, aren't you?"
Icy Cloud,,,,,,,,,,,,,,,,,,,,,,,,,,,,,,,,,,,,,,,,TRUE,FALSE,A sheet of frigid air dealing 10d6Cold to all that walk through it. Affected entities can make a DC 16  Constitution saving throw to take half damage instead.
Idyllic Aura,,,,,,,,,,,,,,,,,,,,,,,,,,,,,,,,,,,,,,,,TRUE,FALSE,Grants Silvanus' Blessing to creatures within range.
Impaled,,,,,,,,,,,,,,,,,,,,,,,,,,,,,,,,,,,,,,,,TRUE,FALSE,A ghoul's spike prevents this creature from moving.
Impenetrable slumber,,,,,,,,,,,,,,,,,,,,,,,,,,,,,,,,,,,,,,,,TRUE,FALSE,This individual is under the influence of copious sleeping draughts. It is impossible to wake them.
Improved Bardic Inspiration,,,,,1d12,,,,,,,,,,,,,,1d12,,,,,,,,,,,,,,,,,,,,,TRUE,FALSE,"Can use  Bardic Inspiration to add a +1d12 bonus to the next Attack roll,  Ability check, or  Saving throw. Grants:  Improved Bardic Inspiration: Attack Roll or Ability Check (Toggleable passive feature): Add a +1d12 bonus to your next Attack roll or Ability Check.  Improved Bardic Inspiration: Saving Throw (Toggleable passive feature): Add a +1d12 bonus to your next  Saving throw.  Bardic Defence (Reaction): +1d6 bonus to the next  Saving throw.  Bardic Attack (Reaction): +1d6 bonus to the next Attack roll."
In Surgery,,,,,,,,,,,,,,,,,,,,,,,,,,,,,,,TRUE,,,,,,,,,FALSE,TRUE,Unable to move while strapped onto the operating gurney.
Incapacitated,,,,,,,,,,,,,,,,,,,,,,,,,,,,,,,,TRUE,TRUE,,,,,,,FALSE,TRUE,"Cannot take Actions or Reactions. Lose  Concentration, if maintaining a Concentration spell."
Inciting Howl,,,,,,,,,,,,,,,,3,,,,,,,,,,,,,,,,,,,,,,,,FALSE,TRUE,Movement Speed increased by  3 m / 10 ft.
Incubating,,,,,,,,,,,,,,,,,,,,,,,,,,,,,,,,,,,,,,,,TRUE,FALSE,"Skeletal involucre will explode on its next turn, dealing 6~27Necrotic damage and birthing a necromite."
Incubus Charmed,,,,,,,,,,,,,,,,,,,,,,,,,,,,,,,,,,,,,,,,TRUE,FALSE,You are charmed by a devil and must support it in battle. You can make another Saving Throw against this effect after taking damage.
Induced Rage,,,,,,,,,STR,2,,,,,,,,,,,,,,,,,,,,,,,,,,,,,,FALSE,TRUE,"The mix of chemicals has thrown the Owlbear into a fit of rage. It is stronger, jumps further, gains a multiattack, and can rupture the earth. The Owlbear receives 4d8Healing every turn if below  105 hit points. The Owlbear has +2 Strength."
Inevitable Resolve,,,,,,,,,,,,,,,,,,,,,,,,,,,,,,,,,,,,,,,,TRUE,FALSE,Any effect controlling or incapacitating this creature will cease at the end of its next turn.
Infected,,,,CON,,DIS,,,CON,-1,,,,,,,,,,,,,,,,,,,,,,,,,,,,,,FALSE,TRUE,"Has  Disadvantage on Constitution Saving Throws, and Constitution is reduced by 1."
Infectious Greed,,,,,,,,,,,,,,,,,,,,,,6d6,Piercing,,,,,,,,,,,,,,,,,FALSE,TRUE,"The affected entity's attacks deal an additional 6d6Piercing damage in the presence of Helsik. Additionally, it has  Advantage on Attack rolls against targets marked by  Promise of Wealth."
Infernal Binding,,,,,,,"Poison, Bludgeoning, Piercing, Slashing, Acid, Cold, Fire, Force, Lightning, Necrotic, Psychic, Radiant, Thunder",,,,,,,,,,,,,,,,,,,,,,,,,,,,,,,,,FALSE,TRUE,Hope is Immune to all damage while imprisoned in the House of Hope.
Infernal Burning,,,,,,,,,,,,,,,,,,,,,,,,,,,,,,,,,,,,,,,,TRUE,FALSE,"Takes 1d4Fire damage per turn. CANNOT be removed with the  Help action, using a Healing Type Potion or gaining  Wet. The entity affected cannot regain Hit Points"
Infernal Fury,,,,,,,,,,,,,,,,,,,,,,1d4,Fire,,,,,,,,,,,,,,,,,FALSE,TRUE,The hatred and pain of a captured soul fuels  Karlach's infernal machine. Her weapon and unarmed attacks deal an additional 1d4Fire damage when she is  Raging or when her Hit Points drop below 25%.
Infernal Legion,,,,,,,,,,,,,,,,,,,,,,,,,,,,,,,,,,,,,,,,TRUE,FALSE,"You are one, you are legion, without personality or individuality - born only to fight. When within 20m / 67ft of another creature wearing a merregon's mask, Strength increases by 1 and Intelligence, Wisdom, and Charisma decrease by 1 per nearby mask."
Infernal Stun,,,,,,,,,,,,,,,,,,,,,,,,,,,,,,,TRUE,TRUE,TRUE,,,,,,,FALSE,TRUE,"This creature cannot move or act, and Raphael can  Soul Drain it at will."
Infested,,,,,,,,,,,,,,,,,,,,,,,,,,,,,,,,,,,,,,,,TRUE,FALSE,"Crawling with tiny spiders that deal 1d4 Piercing damage and 1d4 Poison damage each turn. When hit with a melee attack, the infestation spreads to the attacker. Upon death, the infestation spreads to all nearby creatures. Removed by Fire or Acid damage. Doesn't harm ettercaps or spiders. At the start of your turn, you can make a new Saving Throw to try and remove the infection."
Infiltration Expertise,,,,,,,,,,,,,,,,,,,,,,,,,,,,,,,,,,,,,,,,TRUE,FALSE,Appearance is entirely changed.
Ingested Poisoned Beer,,,,,,,,,,,,,,,,,,,,,,,,,,,,,,,,,,,,,,,,TRUE,FALSE,"Beer mixed with a deadly toxin courses through the character's veins, slowly killing it. Affected entity takes 1d6+6Poison damage per turn, for 10 turns."
Inoculated: Basic Poison,,,,,,,,,,,,,,,,,,,,,,,,,,,,,,,,,,,,,,,,TRUE,FALSE,You succeeded on a  Saving throw against  Basic Poison and can't be affected by it.
Inoculated: Crawler Mucus,,,,,,,,,,,,,,,,,,,,,,,,,,,,,,,,,,,,,,,,TRUE,FALSE,You succeeded on a  Saving throw against  Crawler Mucus and can't be affected by it.
Inoculated: Drow Poison,,,,,,,,,,,,,,,,,,,,,,,,,,,,,,,,,,,,,,,,TRUE,FALSE,You succeeded on a  Saving throw against  Drow Poison and can't be affected by it.
Inoculated: Malice,,,,,,,,,,,,,,,,,,,,,,,,,,,,,,,,,,,,,,,,TRUE,FALSE,You succeeded on a  Saving throw against Malice and can't be affected by it.
Inquisitor's Might,,,,,,,,,,,,,,,,,,,,,,CHA,Radiant,,,,,,,,,,,,,,,,,FALSE,TRUE,Affected character's weapon attacks deal an additional + Charisma Ability Score Modifier Radiant damage. Affected character's weapon attacks can  Daze enemies for 1 turn.
Insanity's Kiss,,,,,,,,,,,,,,,,,,,,,,,,,,,,,,,,,,,,,,,,TRUE,FALSE,Hostile to all other creatures for the condition's duration.
Insect Plague,,,,,,,,,,,,,Perception,,DIS,x0.5,,,,,,,,,,,,,,,,,,,,,,,,FALSE,TRUE,Movement speed halved.  Disadvantage on Perception Checks. Affected entity takes 4d10Piercing damage per turn. Affected entity can make a  Constitution saving throw against the caster's Spell Save DC to take half damage instead.
Insect Plague (Aura),,,,,,,,,,,,,,,,,,,,,,,,,,,,,,,,,,,,,,,,TRUE,FALSE,"Swarming, biting locusts fill the air. They deal 4d10Piercing per turn, make the area  Difficult Terrain, and impose  Disadvantage on Perception Checks."
Inspiring Resolve,,,,,,,,,,,,,,,,,,,,,,,,,,,,,,,,,,,,,,,,TRUE,FALSE,"Affected entity has been fortified by courageous words, granting it  temporary hit points."
Instinctive Charm: Unaffected,,,,,,,,,,,,,,,,,,,,,,,,,,,,,,Charmed,,,,,,,,,,FALSE,TRUE,Cannot be affected by  Instinctive Charm until after a Long Rest.
Instrument of Loss: Bonesaw,,,,,,,,,,,,,,,,,,,,,,,,,,,,,,,,,,,,,,,,TRUE,FALSE,The Surgeon can use its implement to  Bonesaw a patient.
Instrument of Loss: Leech,,,,,,,,,,,,,,,,,,,,,,,,,,,,,,,,,,,,,,,,TRUE,FALSE,The Surgeon can use its implement to  Leech a patient.
Instrument of Loss: Syringe,,,,,,,,,,,,,,,,,,,,,,,,,,,,,,,,,,,,,,,,TRUE,FALSE,The Surgeon can use its implement to  Inject a patient.
Instrument of Loss: Trepan,,,,,,,,,,,,,,,,,,,,,,,,,,,,,,,,,,,,,,,,TRUE,FALSE,The Surgeon can use its implement to  Trepan a patient.
Invigorated Thrall,,,,,,,,,,,,,,,,,,,,,,,,,,,,,,,,,,,,,,,,TRUE,FALSE,Creatures created by Invigorating Flame will gain additional hit points based on summoner's wizard level and additional damage based on summoner's profiency bonus.
Invigorating Fanaticism,,,,,,,,"Bludgeoning, Piercing, Slashing",,,,,,,,,,,,,,,,,,,,,,Bleeding,,,,,,,,,,FALSE,TRUE,An unshakeable belief in its divine grants this creature Resistance to all physical damage and attacks that possibly  Bleed targets.
Invisible,,,,,,,,,,,,,,,,,,,,ADV,,,,,,,,,,,,,,,,DIS,,,,FALSE,TRUE,"Has  Advantage on Attack rolls and imposes  Disadvantage on enemy Attack Rolls. Invisibility ends early if the invisible entity attacks, casts another spell, interacts with an object, takes an action or bonus action, or is damaged."
Invisible Weapon,,,,,,,,,,,,,,,,,,,,ADV,,,,,,,,,,,,,,,,,,,,FALSE,TRUE,Affected entity can't be disarmed. It has  Advantage on Attack rolls. It scores a critical hit when rolling a 19.
Invulnerable,,,,,,,"Poison, Bludgeoning, Piercing, Slashing, Acid, Cold, Fire, Force, Lightning, Necrotic, Psychic, Radiant, Thunder",,,,,,,,,,,,,,,,,,,,,,,,,,,,,,,,,FALSE,TRUE,Immune to all damage Can still be afflicted with status effects
Ironwood Harmony,,,,,,,,,,,,,,,,,,,,,,1d4,Bludgeoning,,,,,,,,,,,,,,,,,FALSE,TRUE,Deals an additional 1d4Bludgeoning while imbued with the druidic magic of  Shillelagh.
Jealous Heart,,,,DEX,,DIS,,,,,,,,,,,,,,,,,,,,,,,,,,,,,,,,,,FALSE,TRUE,"Affected entity will be automatically Critically Hit by Viconia's attacks, and it has  Disadvantage on Wisdom Saving Throws. To end this effect, the creature must deny its Jealous Heart by  Helping an ally."
Jolted,,,,,,,,,,,,,,,,,,,,,,,,,,,,,,,,,,,,,,,,TRUE,FALSE,Takes 1d4Lightning damage each turn and can't take  Reactions. Removed upon leaving the Lightning Aura.
Jump,,,,,,,,,,,,,,,,,,,,,,,,,,,,,,,,,,,,,,,,TRUE,FALSE,Jump distance is tripled.
Just Look At Those Cheekbones!,,,,,,,,,,,,,,,,,,,,,,,,,,,,,,,,,,,,,,,,TRUE,FALSE,Gazing upon this depiction of themselves will  bless the owner of this statue once per Long Rest.
Pushed*,,,,,,,,,,,,,,,,,,,,,,,,,,,,,,,,,,,,,,,,TRUE,FALSE,Knocks back the target.
Knocked Out (Temporary),,,,,,,,,,,,,,,,,,,,,,,,,,,,,,,TRUE,TRUE,TRUE,,,,,,,FALSE,TRUE,"The affected entity which was  Temporarily Hostile before cannot move or take actions, bonus actions or reactions. The affected entity regains consciousness after a Long Rest."
Knocked Out,,,,,,,,,,,,,,,,,,,,,,,,,,,,,,,TRUE,TRUE,TRUE,,,,,,,FALSE,TRUE,"The affected entity which was permanently hostile before cannot move or take actions, bonus actions or reactions. The affected entity disappears permanently after a Long Rest."
Knowledge of the Ages: Charisma,,,,,,,,,,,,,,,,,,,,,,,,,,,,,,,,,,,,,,"Persuasion, Performance, Intimidation, Deception",,FALSE,TRUE,"Has Proficiency in  Deception,  Intimidation,  Performance,  Persuasion."
Knowledge of the Ages: Dexterity,,,,,,,,,,,,,,,,,,,,,,,,,,,,,,,,,,,,,,"Acrobatics, Sleight of Hand, Stealth",,FALSE,TRUE,"Has Proficiency in  Acrobatics,  Sleight of Hand, and  Stealth."
Knowledge of the Ages: Intelligence,,,,,,,,,,,,,,,,,,,,,,,,,,,,,,,,,,,,,,"Arcana, History, Investigation, Nature, Religion",,FALSE,TRUE,"Has Proficiency in  Arcana,  History,  Investigation,  Nature, and  Religion."
Knowledge of the Ages: Strength,,,,,,,,,,,,,,,,,,,,,,,,,,,,,,,,,,,,,,Athletics,,FALSE,TRUE,Has Proficiency in  Athletics.
Knowledge of the Ages: Wisdom,,,,,,,,,,,,,,,,,,,,,,,,,,,,,,,,,,,,,,"Animal Handling, Insight, Medicine, Perception, Survival",,FALSE,TRUE,"Has Proficiency in  Animal Handling,  Insight,  Medicine,  Perception, and  Survival."
Lair Magic,,,,,,,,,,,,,,,,,,,,,,,,,,,,,,,,,,,,,,,,TRUE,FALSE,"When in their lair, the hag and her doubles have  Magic Resistance"
Lathander's Light,,,,,,,,,,,,,,,,,,,,,,,,,,,,,,,,,,,,,,,,TRUE,FALSE,"Sheds holy light in a  6 m / 20 ft radius. In combat, fiends and undead standing in the light are  Blinded, unless they succeed a  Constitution saving throw."
Leadership,,,,,,,,,,,,,,,,,,,,,,1d6,Force,,,,,,,,,,,,,,,,,FALSE,TRUE,Bolstered with supernatural resolve. Attacks deal an additional 1d4Force.
Leadership Aura,,,,,,,,,,,,,,,,,,,,,,,,,,,,,,,,,,,,,,,,TRUE,FALSE,Allied creatures within  6 m / 20 ft deal an additional 1d4Force on their attacks. Non-branded creatures within  6 m / 20 ft are marked as the  Absolute's Enemies.T These effects will end if Dror Ragzlin is incapacitated.
Legendary Action: Adamantine Reverberation,,,,,,,,,,,,,,,,,,,,,,,,,,,,,,,,,,,,,,,,TRUE,FALSE,"When struck, Grym's adamantine form  Reverberates, doubling its movement and granting it 10 temporary hit points. Losing these temporary hit points triggers a shockwave that knocks targets back 4m and deals 4~32 Thunder damage."
Legendary Action: Beguiling Rebuke,,,,,,,,,,,,,,,,,,,,,,,,,,,,,,,,,,,,,,,,TRUE,FALSE,Raphael can spend a Legendary Action to immediately  Beguile a hostile creature and its allies after being attacked.
Legendary Action: Bhaal's Edict,,,,,,,,,,,,,,,,,,,,,,,,,,,,,,,,,,,,,,,,TRUE,FALSE,"If Orin does not use a Legendary Action this turn, the Dread Lord places a creature under Bhaal's Edict."
Legendary Action: Blinding Ambush,,,,,,,,,,,,,,,,,,,,,,,,,,,,,,,,,,,,,,,,TRUE,FALSE,"Once per round, Yurgir can strike a  Hunted creature when it attempts to attack or cast a spell, dealing 5d10 Radiant damage and possibly  Blinding the target."
Legendary Action: Call Consort,,,,,,,,,,,,,,,,,,,,,,,,,,,,,,,,,,,,,,,,TRUE,FALSE,"When attacked, the Owlbear can summon her mate to defend her."
Legendary Action: Devoted Galvanism,,,,,,,,,,,,,,,,,,,,,,,,,,,,,,,,,,,,,,,,TRUE,FALSE,"Once per round when an enemy targets their ally with an ability, Dror Ragzlin can use a Legendary Action to  Galvanise Absolutists within  5 m / 17 ft, granting them  Action Surge."
Legendary Action: Draconic Fury,,,,,,,,,,,,,,,,,,,,,,,,,,,,,,,,,,,,,,,,TRUE,FALSE,This great drake will use its  Fire Breath on the next creature that attacks it.
Legendary Action: Draconic Wrath,,,,,,,,,,,,,,,,,,,,,,,,,,,,,,,,,,,,,,,,TRUE,FALSE,This great drake will use its  Lightning Breath on the next creature that attacks it.
Legendary Action: Fanatic Retaliation,,,,,,,,,,,,,,,,,,,,,,,,,,,,,,,,,,,,,,,,TRUE,FALSE,"When an enemy kills a  Spindleweb Fanatic, Kar'niss will immediately  Retaliate against the attacker."
Legendary Action: Gaze of the Dead,,,,,,,,,,,,,,,,,,,,,,,,,,,,,,,,,,,,,,,,TRUE,FALSE,Myrkul's Apostle will use  Gaze of the Dead on the first creature that strikes it each round in combat.
Legendary Action: Gossamer Tomb,,,,,,,,,,,,,,,,,,,,,,,,,,,,,,,,,,,,,,,,TRUE,FALSE,"Once per round if her offspring is attacked, this creature will try to encase the attacker in a Gossamer Tomb."
Legendary Action: Grasping Appendage,,,,,,,,,,,,,,,,,,,,,,,,,,,,,,,,,,,,,,,,TRUE,FALSE,"Once per round, Malus Thorm can spend a Legendary Action to use  Grasping Appendage."
Legendary Action: Heartwrench,,,,,,,,,,,,,,,,,,,,,,,,,,,,,,,,,,,,,,,,TRUE,FALSE,Viconia can rend a target with a psychic barrage dealing 10d12Psychic after she or an ally is struck by a  Heartform Mapped creature.
Legendary Action: Hordestrike,,,,,,,,,,,,,,,,,,,,,,,,,,,,,,,,,,,,,,,,TRUE,FALSE,Ketheric can  Hordestrike a foe when it is attacked by a minion under  Deadly Orders
Legendary Action: Leaping Static,,,,,,,,,,,,,,,,,,,,,,,,,,,,,,,,,,,,,,,,TRUE,FALSE,Bernard can fire Leaping Static at the first foe that attacks it each round.
Legendary Action: Murderous Retort,,,,,,,,,,,,,,,,,,,,,,,,,,,,,,,,,,,,,,,,TRUE,FALSE,"Orin can immediately strike back at her attacker. If  Deathbringer's Legacy is active, she uses  Deathbringer's Assault (Orin) instead. Sarevok can immediately strike back at his attacker. If Deathbringer's Legacy is active, he uses  Deathbringer's Assault instead."
Legendary Action: Ocular Nightmare,,,,,,,,,,,,,,,,,,,,,,,,,,,,,,,,,,,,,,,,TRUE,FALSE,"After accumulating five  Paranoid Dreams, the Spectator will spend a Legendary Action to cast  Ocular Nightmare when it is next struck."
Legendary Action: Overflowing Brew,,,,,,,,,,,,,,,,,,,,,,,,,,,,,,,,,,,,,,,,TRUE,FALSE,"When Thisobald Thorm's brew changes, it can overflow, dealing 3d6 of the corresponding damage type and empowering his allies."
Legendary Action: Psionic Visage,,,,,,,,,,,,,,,,,,,,,,,,,,,,,,,,,,,,,,,,TRUE,FALSE,Nere can immediately cast  Psionic Visage on himself when attacked.
Legendary Action: Ptarian Dogma,,,,,,,,,,,,,,,,,,,,,,,,,,,,,,,,,,,,,,,,TRUE,FALSE,"Once per round, after being hit, Ptaris can spend a Legendary Action to surround his attacker in  Ptarian Pacifism."
Legendary Action: Sanctuary of Loss,,,,,,,,,,,,,,,,,,,,,,,,,,,,,,,,,,,,,,,,TRUE,FALSE,"After an ally is struck, Viconia can apply  Sanctuary of Loss to them, shielding them from further attacks. This protection will wane when the protected creature attacks."
Legendary Action: Sanguine Lash,,,,,,,,,,,,,,,,,,,,,,,,,,,,,,,,,,,,,,,,TRUE,FALSE,"Orin can use  Sanguine Lash after being attacked. If Orin does not use her Legendary Action in a round,  Bhaal's Edict is placed on a creature."
Legendary Action: Shredding Scales,,,,,,,,,,,,,,,,,,,,,,,,,,,,,,,,,,,,,,,,TRUE,FALSE,"While it has  Diamond Scales, the Bulette can use  Shredding Scales immediately after being hit for the first time in a round."
Legendary Action: Soul Ascension,,,,,,,,,,,,,,,,,,,,,,,,,,,,,,,,,,,,,,,,TRUE,FALSE,Raphael can spend a Legendary Action to immediately cast  Soul Ascension when he or his allies are attacked.
Legendary Action: Soul Sacrifice,,,,,,,,,,,,,,,,,,,,,,,,,,,,,,,,,,,,,,,,TRUE,FALSE,"When a humanoid dies, the Ch'r'ai can  Sacrifice its soul to Vlaakith in return for great power. Once 3 souls have been sacrificed, the Ch'r'ai takes on  Vlaakith's Undying Aspect."
Legendary Action: Spectral Aspect,,,,,,,,,,,,,,,,,,,,,,,,,,,,,,,,,,,,,,,,TRUE,FALSE,Balthazar can adopt his  Spectral Aspect after being struck.
Legendary Action: Sublimation,,,,,,,,,,,,,,,,,,,,,,,,,,,,,,,,,,,,,,,,TRUE,FALSE,"When she loses a piece of armour, Gerringothe Thorm can try to  Sublimate her foes - turning them into  gold."
Legendary Action: The Dead Wastes,,,,,,,,,,,,,,,,,,,,,,,,,,,,,,,,,,,,,,,,TRUE,FALSE,"When a creature dies, Balthazar can create a necrotic miasma where it fell that heals Undead 4~24 hit points and deals 4~24 Necrotic damage to living creatures at the start of their turns."
Legendary Action: Torrential Undeath,,,,,,,,,,,,,,,,,,,,,,,,,,,,,,,,,,,,,,,,TRUE,FALSE,"Once per turn upon being hit, Mystic Carrion can use  Torrential Undeath."
Legendary Action: Tu'narath's Embrace,,,,,,,,,,,,,,,,,,,,,,,,,,,,,,,,,,,,,,,,TRUE,FALSE,Paladin Har'rak can use a Legendary Action to cast  Tu'narath's Embrace on an ally to prevent an Incapacitating Condition.
Legendary Action: Tyrannical Branding,,,,,,,,,,,,,,,,,,,,,,,,,,,,,,,,,,,,,,,,TRUE,FALSE,"Immediately after being struck, Gortash can  Brand his attacker."
Legendary Action: Vampiric Swarm,,,,,,,,,,,,,,,,,,,,,,,,,,,,,,,,,,,,,,,,TRUE,FALSE,Cazador can call forth a  Swarm of Vampire Bats to attack an enemy who steps within  6 m / 20 ft of him.
Legendary Action: Vengeful Playmate,,,,,,,,,,,,,,,,,,,,,,,,,,,,,,,,,,,,,,,,TRUE,FALSE,"Once per round when one of Oliver's summoned shadows is destroyed, he can immediately envelop the nearby area in  The Wasting Quiet."
Legendary Action: Wail of Loss,,,,,,,,,,,,,,,,,,,,,,,,,,,,,,,,,,,,,,,,TRUE,FALSE,"After being attacked, once per round, Malus Thorm can make every assistant cast  Wail of Loss simultaneously."
Legendary Action: Weird Magic Surge,,,,,,,,,,,,,,,,,,,,,,,,,,,,,,,,,,,,,,,,TRUE,FALSE,Auntie Ethel can use her Weird Magic Surge immediately after a spell is cast. A higher level spell will produce more illusory duplicates.
Legendary Action: Wretched Growth,,,,,,,,,,,,,,,,,,,,,,,,,,,,,,,,,,,,,,,,TRUE,FALSE,"If a creature ends its turn within  5 m / 17 ft of the Shambling Mound, it will take 3d10Necrotic and Shadow-Cursed Vines will grow at its feet, possibly  Entangling it."
Legendary Actions Available,,,,,,,,,,,,,,,,,,,,,,,,,,,,,,,,,,,,,,,,TRUE,FALSE,Raphael has 1-4 use(s) of his Legendary Action remaining this round.
Legendary Resistance,,,,,10,,,,,,,,,,,,,,,,,,,,,,,,,,,,,,,,,,,FALSE,TRUE,Affected entity has a +10 bonus to its next  Saving throw. This can be used 3 times.
Legendary Resistance: Crowd Control,,,,,10,,,,,,,,,,,,,,,,,,,,,,,,,,,,,,,,,,,FALSE,TRUE,You have a +10 bonus to your next  Saving throw affecting multiple targets.
Legendary Resistance: Incapacitation,,,,,10,,,,,,,,,,,,,,,,,,,,,,,,,,,,,,,,,,,FALSE,TRUE,You have a +10 bonus to your next Saving Throw against an incapacitating condition. You can use this 3 times.
Legions of Bone (Aura),,,,,,,,,,,,,,,,,,,,,,,,,,,,,,,,,,,,,,,,TRUE,FALSE,"If a character dies within  12 m / 40 ft of Ketheric in combat, a Skeletal Involucre will rise where they fell."
Legions of Bone,,,,,,,,,,,,,,,,,,,,,,,,,,,,,,,,,,,,,,,,TRUE,FALSE,A Skeletal Involucre will rise near this creature if it dies within  12 m / 40 ft of Ketheric.
Lethal Concealment,,,,,,,,,,,,,,,,,,,,,,,,,,,,,,,,,,,,,,,,TRUE,FALSE,Deal an additional 1d6Necrotic while  Hidden.
Lethargic,,,,,,,,,,,,,,,,,,,,,,,,,,,,,,,TRUE,TRUE,TRUE,,,,,,,FALSE,TRUE,"Consumed by exhaustion in the aftermath of  Haste. Can't move or take  Actions,  Bonus Actions, or  Reactions."
Levitating,,,,,,,,,,,,,,,,,,,,,,,,,,,,,,,,,,,,,,,,TRUE,FALSE,The affected entity is suspended in the air.
Liberated Spellcasting,,,,,,,,,,,,,,,,,,,,,,,,,,,,,,,,,,,,,,,,TRUE,FALSE,You can cast a level 1 spell without spending a spell slot.
Lieges of the Underdark Blessing,,,,,1d4,,,,,,,,,,,,,,1d4,,,,,,,,,,,,,,,,,,,,,FALSE,TRUE,Gains a  +1d4 bonus to Attack rolls and  Saving throws.
Life Drain,,,,,,,,,,,,-2d8,,,,,,,,,,,,,,,,,,,,,,,,,,,,FALSE,TRUE,Hit point maximum reduced by 2d8. Creature will die if its hit point maximum is reduced to 0.
Life Essence,,,,,,,,,,,,,,,,,,,,,,,,,,,,,,,,,,,,,,,,TRUE,FALSE,Affected entity has absorbed a creature's essence. It can use that essence to cast any Necromancy spell without consuming a spell slot.
Life Essence Active,,,,,,,,,,,,,,,,,,,,,,,,,,,,,,,,,,,,,,,,TRUE,FALSE,Affected entity next Necromancy spell can be cast without consuming a spell slot.
Life of the Party,,1,,,,,,,,,,,,,,,,,,,,,,,,,,,,,,,,,,,,,,TRUE,FALSE,Gain +Wisdom modifier bonus to Attack rolls against  Drunk targets.
Light,,,,,,,,,,,,,,,,,,,,,,,,,,,,,,,,,,,,,,,,TRUE,FALSE,This object has an aura of light with a radius of  7.5 m / 25 ft.
Lightly Obscured,,,,,,,,,,,,,,,,,,,,,,,,,,,,,,,,,,,,,,,,TRUE,FALSE,Hiding in a Lightly Obscured area. Has to make a Stealth check when caught.
Lightning Aura,,,,,,,,,,,,,,,,,,,,,,,,,,,,,,,,,,,,,,,,TRUE,FALSE,Jolts nearby enemies.
Lightning Blast,,,,,,,,,,,,,,,,,,,,,,,,,,,,,,,,,,,,,,,,TRUE,FALSE,"Your next Lightning spell or cantrip deals additional Lightning damage equal to your remaining Lightning Charges. On hit, all of your LIghtning Charges are consumed."
Lightning Charges,,,,,,,,,,,,,,,,,,,1,,,1,Lightning,,,,,,,,,,,,,,,,,FALSE,TRUE,"Lightning courses through you. You have +1 to Attack Rolls and deal an additional 1Lightning damage. If you gain 5 charges, they are consumed the next time you deal damage, and you deal an additional 1d8Lightning damage. You lose 1 charge per turn."
Lightning Infusion,,,,,,,,,,,,,,,,,,,,,,1d4,Lightning,,,,,,,,,,,,,,,,,FALSE,TRUE,The affected entity deals an additional 1d4Lightning the next time it deals damage with a weapon.
Lightning Resistance,,,,,,,,Lightning,,,,,,,,,,,,,,,,,,,,,,"Shocked, Electrocuted, Jolted",,,,,,,,,,FALSE,TRUE,"Resistant to Lightning damage. Can no longer be  Shocked,  Electrocuted,  Jolted, or otherwise affected by lightning."
Lightning Resistance Aura,,,,,,,,,,,,,,,,,,,,,,,,,,,,,,,,,,,,,,,,TRUE,FALSE,The fantastical powers of this hallucinatory imp give all nearby creatures Resistance to Lightning damage.
Living Shadow,,,,,,,,,,,,,,,,,,,,,,,,,,,,,,,,,,,,,,,,TRUE,FALSE,"While Lightly or Heavily Obscured, this character has Resistance to all damage except Force, Psychic, or Radiant."
Lobotomised,,,,,,,,,,,,,,,,,,,,,,,,,,,,,,,,,,,,,,,,TRUE,FALSE,Us is still suffering from the crippling injury you inflicted all that time ago...
Locked in Single Combat,,,,,,,,,,,,,,,,,,,,,,,,,,,,,,,,,,,,,,,,TRUE,FALSE,This fight will end when one party is obviously victorious.
Longstrider,,,,,,,,,,,,,,,,3,,,,,,,,,,,,,,,,,,,,,,,,FALSE,TRUE,Increase a creature's Movement Speed by  3 m / 10 ft.
Lost Time,,-2,,,,,,,,,,,,,,,,,,,,,,,,,,,,,,,,,,,,,,TRUE,FALSE,Can't take Reactions.
Lover's Avarice,,,,,,,,,WIS,-1,,,,,,,,,,,,,,,,,,,,,,,,,,,,,,FALSE,TRUE,Wisdom is indefinitely reduced by 1.
Loviatar's Love,,,,,,,,,,,,,,,,,,,,,,,,,,,,,,,,,,,,,,,,TRUE,FALSE,"Pain is the path to clarity. When you have 30% Hit Points or less, you gain a +2 bonus to Attack Rolls and Wisdom Saving Throws."
Lunar Legionary,,,,,,,,,,,,,,,,,,,,,,,,,,,,,,,,,,,,,,,,TRUE,FALSE,Entity grants  Brand of the Silverlight to all allies and  Lunar Radiance to all foes within  18 m / 60 ft.
Lunar Protection,,2,,,,,,,,,,,,,,,,,,,,,,,,,,,,,,,,,,,,,,TRUE,FALSE,You have Advantage on  Saving throws against spells - even when Wild-Shaped.
Lunar Radiance,,,,,,,,,,,,,,,,,,,-2,,,,,,,,,,,,,,,,,,,,,FALSE,TRUE,Affected entity has -2 to Attack Rolls. It also sheds bright light in an area surrounding it.
Lunar Vitality,,,,,,,,,,,,,,,,,,,,,,,,,,,,,,,,,,,,,,,22,FALSE,TRUE,"You have  22 temporary hit points. While having the temporary hit points, all incoming damage is reduced by 1."
Lured,,,,,,,,,,,,,,,,,,,,,,,,,,,,,,,,,,,,,,,,TRUE,FALSE,"The affected entity is attracted to a harpy's luring melody and uses its turn to move closer to the harpy, possibly provoking opportunity attacks from the other harpies. The affected entity must pass a DC 13  Wisdom saving throw at the start of their turn or remain lured. Taking damage or being Shoved removes the condition."
Luring Song,,,,,,,,,,,,,,,,,,,,,,,,,,,,,,,,,,,,,,,,TRUE,FALSE,The affected entity must succeed a Wisdom  Saving throw every turn or is  Lured by the Harpy's song. Success grants the  Resisted the Song condition for 2 turns.
Madness,,,,,,,,,,,,,,,,,,,,,,,,,,,,,,,,,,,,,,,,TRUE,FALSE,Hostile to everyone in the vicinity.
Mage Armour,,,13,,,,,,,,,,,,,,,,,,,,,,,,,,,,,,,,,,,,,FALSE,TRUE,Base  Armour Class is 13.
Mage-Animated,,,,,,,,,,5,,20,,,,,,,,,,,,,,,,,,,,,,,,,,,,FALSE,TRUE,"Lorroakan has taken a special interest in this animated armour. As a result, this entity has an additional +5 to its Ability Scores and +20 total Hit Points."
Magic Allergy,,,,,,,,,,,,,,,,,,,,,,,,,,,,,,,,,,,,,,,,TRUE,FALSE,"Allergic to magic. If a spell or cantrip is cast close to the gremishka, it might react to the magic and trigger a random effect."
Magic Allergy: Panther Polymorph,,,,,,,,,,,,,,,,,,,,,,,,,,,,,,,,,,,,,,,,TRUE,FALSE,This gremishka has been polymorphed into a panther.
Magic Awareness,,,,,1d4,,,,,,,,,,,,,,,,,,,,,,,,,,,,,,,,,,,FALSE,TRUE,The barbarian and all creatures within 3 m / 10 ft add a  1d4 bonus to  Saving throws.
Magic Awareness Aura,,,,,,,,,,,,,,,,,,,,,,,,,,,,,,,,,,,,,,,,FALSE,TRUE,"A nearby barbarian is visualising the Weave. Adds a  1d4 bonus to  Saving throws, as long as they stay within 3 m / 10 ft of the barbarian."
Magic Weapon,,,,,,,,,,,,,,,,,,,1,,,1,Weapon,,,,,,,,,,,,,,,,,FALSE,TRUE,"Weapon has become magical, receiving a +1 bonus to Attack rolls and Damage Rolls."
Magical Ambush,,,,,,,,,,,,,,,,,,,,,,,,,,,,,,,,,,,,,,,,TRUE,FALSE,Affected entity is hidden. Creatures have  Disadvantage on  Saving throws against its spells.
Magmatic Disturbance,,,,,,,,,,,,,,,,,,,,,,,,,,,,,,,,,,,,,,,,TRUE,FALSE,"The presence of this creature disturbs nearby  Lava, making it bubble and explode. The bubbles deal 2d6Fire damage when they explode. A DC 12  Dexterity saving throw reduces this damage to half."
Magmatic Regeneration,,,,,,,,,,,,,,,,,,,,,,,,,,,,,,,,,,,,,,,,TRUE,FALSE,Regain 20d6hit points when starting a turn in  Lava.
Maimed,,,,DEX,,DIS,,,,,,,,,,,,,,,,,,,,,,,,,TRUE,,,,,,,,,FALSE,TRUE,The affected creature's Movement Speed is reduced to 0. The affected creature has  Disadvantage on Dexterity Saving Throws. The condition is removed by healing.
Malefic Possession,,,,,,,,,,,,,,,,,,,,,,,,,,,,,,,,,,,,,,,,TRUE,FALSE,The affected entity acts according to the  Possessing ghost's will and takes 4d8Necrotic damage each turn until it dies or is  Turned.
Malfunctioning,,,,,,,,,,,,,,,,,,,,,,,,,,,,,,,,,,,,,,,,TRUE,FALSE,The Steel Watcher is  Stunned
Malfunctioning Shell of Resistance,,,,,,,,,,,,,,,,,,,,,,,,,,,,,,,,,,,,,,,,TRUE,FALSE,"The Micromodron Force Curtain malfunctioned, making this character vulnerable to elemental damage for one turn."
Mammon's Hold,,,,,,,,,,,,,,,,,,,,,,,,,,,,,,,TRUE,TRUE,TRUE,,,,,,,FALSE,TRUE,"Affected entity has been temporarily transformed into gold. It can't move or take actions, bonus actions, or reactions."
Manoeuvring Attack,,,,,,,,,,,,,,,,,,,,,,,,,,,,,,,,,,,,,,,,TRUE,FALSE,Can use  Forced Manoeuvre.
Mantle of Inspiration,,,,,,,,,,,,,,,,,,,,,,,,,,,,,,,,,,,,,,,,TRUE,FALSE,"Imbued with bardic vigour and granted  5 temporary hit points. If hit with a melee attack, the attacker becomes  Charmed."
Mantle of Majesty,,,,,,,,,,,,,,,,,,,,,,,,,,,,,,,,,,,,,,,,TRUE,FALSE,Concentrating on Mantle of Majesty. Can still cast any of the spell's variants on any target each turn.
Mark of Putrefaction,,,,,,,,,,,,,,,,,,,,,,,,,,,,,Necrotic,,,,,,,,,,,FALSE,TRUE,"Marked by the dead. Affected entity is Vulnerable to Necrotic damage, or loses its Necrotic Resistance."
Mark of the Shifter,,,,,,,,,,,,,,1d4,,,,,,,,,,,,1d4,,,,,,,,,,,,,,FALSE,TRUE,"While shapeshifting or disguising itself, the affected entity gains a +1d4 bonus to all  Ability checks."
Marked for Negation,,,,,,,,,,,,,,,,,,,,,,,,,,,,,,,,,,,,,,,,TRUE,FALSE,"The affected entity is within range of the Netherbrain's Orb of Negation. The orb will explode on its turn, dealing 20~200Force damage."
Marshal Undead,,,,,,,,,,,,,,,,,,,,,,,,,,,,,,,,,,,,,,,,TRUE,FALSE,An undying magnitude grants the Death Knight and nearby undead  Advantage against being  Turned.
Marshalled Undead,,,,,,,,,,,,,,,,,,,,,,,,,,,,,,,,,,,,,,,,TRUE,FALSE,The affected entity has  Advantage against being  Turned while within  18 m / 60 ft of the spellcaster.
Martial Arts: Unarmed Strike,,,,,,,,,,,,,,,,,,,,,,,,,,,,,,,,,,,,,,,,TRUE,FALSE,You can make an unarmed attack as a  Bonus Action this turn.
Martial Exertion,,,,,,,,,,,,,,,,,,,,,,,,,,,,,,,,,,,,,,,,TRUE,FALSE,"Affected entity has pushed past its physical limits, taking 6d6Piercing damage per turn to perform an additional attack per turn and to double its movement speed."
Martialling Cry,,,,,,,,,,,,,,,,,,,,,,,,,,,,,,,,,,,,,,,,TRUE,FALSE,You deal maximum damage on all your attacks.
Mating Frenzy,,,,,,,,"Cold, Lightning, Fire, Bludgeoning, Piercing, Slashing, Acid, Force, Necrotic, Poison, Radiant, Thunder",,,,,,,,,,,,,,5,Piercing,,,,,,,"Charmed, Frightened",,,,,,,,,,FALSE,TRUE,"The alioramus has detected mating pheromones and is understandably a bit feral. It deals 5Piercing damage additional damage, gains Resistance to all damage except Psychic, and can't be  Charmed or  Frightened."
Medium Toughness,,,,,,,,,,,,,,,,,,,,,,,,,,,,,,,,,,,,,,,,TRUE,FALSE,This material is unusually strong. Only a hit that deals at least 22 damage can damage it.
Meenlock Fear,,,,,,,,,,,,,,,,,,,,,,,,,,,,,,,,,,,,,,,,TRUE,FALSE,The affected creature's proximity to a Meenlock fills it with fear. It is  Frightened unless it succeeds a  Wisdom saving throw.
Melancholy Heart,,,,WIS,,DIS,,,,,,,,,,,,,,,,,,,,,,,,,,,,,,,,,,FALSE,TRUE,"Affected entity will be automatically Critically Hit by Viconia's attacks, and it has  Disadvantage on Wisdom Saving Throws. To end this effect, the creature must deny its Melancholy Heart by Performing, hearing a performance, or witnessing another act that brings them joy."
Melf's Acid Arrow,,,,,,,,,,,,,,,,,,,,,,,,,,,,,,,,,,,,,,,,TRUE,FALSE,Affected entity takes 2d4Acid damage at the end of their turn.
Melt the Earth,,,,,,,,,,,,,,,,,,,,,,,,,,,,,,,,,,,,,,,,TRUE,FALSE,Lava pools in this creature's footsteps.
Melting,,,,,,,,,,,,,,,,,,,,,,,,,,,,,,,,,,,,,,,,TRUE,FALSE,Takes 10d6Fire damage per turn.
Menaced,,,,,,,,,,,,,,,,,,,,,,,,,,,,,,,,,,,,,,,,TRUE,FALSE,The next attack against this creature will be a Critical Hit.
Mental Fatigue,,,,"WIS, CHA, INT",-1,,,,,,,,,,,,,,,,,,,,,,,,,,,,,,,,,,,FALSE,TRUE,"Affected entity has a -1 penalty to Wisdom, Intelligence and Charisma saving throws for every turn remaining. When it fails a Wisdom, Intelligence, or Charisma saving throw while having 5 or more turns of this condition remaining, the entity takes 1d4Psychic damage and is no longer mentally fatigued. Mental Fatigue has a maximum  Duration: 7 turns."
Mental Instruction,,,,,,,,,,,,,,,,,,,,,,2d6,Psychic,,,,,,,,,,,,,,,,20,FALSE,TRUE,Received instruction from Sa'varsh Kethk. Affected entity has 20 temporary hit points and deals an additional 2d6Psychic damage until it loses its temporary hit points.
Miasmic Mists,,,,,,,,,,,,,,,,,,,,,,,,,,,,,,,,,,,,,,,,TRUE,FALSE,Possibly  Blind targets within  4 m / 13 ft and deal 3~18Necrotic at the start of Cazador's turns.
Miasmic Mists Aura,,,,,,,,,,,,,,,,,,,,,,,,,,,,,,,,,,,,,,,,TRUE,FALSE,"At the start of Cazador's turns, this creature may become  Blinded and take 3~18Necrotic while within  4 m / 13 ft of the vampire."
Mind Flayer Form,,,,,,,,,,,,,,,,,,,,,,,,,,,,,,,,,,,,,,,,TRUE,FALSE,Affected entity has embraced ceremorphosis and become a mind flayer.
Mind Mastery,,,,,,,,,,,,,,,,,,,,,,,,,,,,,,,,,,,,,,,,TRUE,FALSE,"Forced to make a weapon attack against one of its allies by a duergar mind master. Ends after the attack, or when hit."
Mind Sanctuary: Depleted,,,,,,,,,,,,,,,,,,,,,,,,,,,,,,,,,,,,,,,,TRUE,FALSE,You cannot benefit more from Mind Sanctuary this turn.
Mind-Claws Available,,,,,,,,,,,,,,,,,,,,,,,,,,,,,,,,,,,,,,,,TRUE,FALSE,Inquisitor W'wargaz can use a Legendary Action to summon a  Mind-Claw of Tu'narath twice in a round of combat after he or his allies are struck.
Mindbroken,,,,,,,,,,,,,,,,,,,,,,,,,,,,,,,,,,,,,,,,TRUE,FALSE,Affected entity is  Slowed by the Netherbrain's psyche-shattering might.
Mindreader,,,,,,,,,,,,,,,,,,,,,,,,,,,,,,,,,,,"Ranged, Ranged Spell, Ranged Unarmed",DIS,,,,FALSE,TRUE,Ranged attacks have  Disadvantage against this creature.
Mindsteal Link (Source),,1,,,,,,,,,,,,,,,,,,,,,,,,,,,,,,,,,,,,,,TRUE,FALSE,Leeching the psychic energy of those around him. Deals an additional 1d4Psychic per creature he's connected to.
Mindsteal Link (Target),,-2,,,,,,,,,,,,,,,,,,,,,,,,,,,Psychic,,,,,,,,,,,FALSE,TRUE,Being drained by Ch'r'ai W'wargaz. Vulnerable to Psychic damage. Condition ends when the affected entity damages Ch'r'ai W'wargaz.
Mindstruck,,,,DEX,,DIS,,,,,,,,,,,,,,,,,,,,,,,,,,,,,,,,,,FALSE,TRUE,Has  Disadvantage on Wisdom  Saving throws.
Mirror Image,,3,,,,,,,,,,,,,,,,,,,,,,,,,,,,,,,,,,,,,,FALSE,TRUE,"The mirror image distracts attackers, increasing the spellcaster's  Armour Class by 3 per duplicate image. When the caster successfully evades an attack, one of the images disappears."
Mirrored,,,,,,,,,,,,,,,,,,,,,,,,,,,,,,,,,,,,,,,,TRUE,FALSE,Defeat your Reflection to complete Shar's trial. Attacking another player's Reflection will incur Shar's Wrath!
Mirth-Wracked,,,,,,,,,,,,,,,,,,,,,,,,,,,,,,,TRUE,TRUE,TRUE,,,,,,,FALSE,TRUE,"Stunned by a wild joke. Can't move or take Actions, Bonus Actions, or Reactions until damaged."
Missing Pets,,,,,,,,,,,,,,,DIS,,,,,DIS,,,,,,,DIS,,,,TRUE,,,,,,,,,FALSE,TRUE,Cannot move. Affected entities have  Disadvantage on Ability Checks and Attack rolls.
Mist Form,,,,,,,,,,,,,,,,,,,,,,,,,,,,,,,,,,,,,,,,TRUE,FALSE,"Transformed into a cloud of mist, now immune to all non-magical damage. This status is removed by sunlight."
Mobile Flourish,,,,,,,,,,,,,,,,,,,,,,,,,,,,,,,,,,,,,,,,TRUE,FALSE,Can teleport to the target hit with  Mobile Flourish.
Mobile Flourish Target,,,,,,,,,,,,,,,,,,,,,,,,,,,,,,,,,,,,,,,,TRUE,FALSE,Targeted by a bard's fluid attack. The bard can teleport next to the creature.
Moderately Inebriated,,,,,,,,,,,,,"Acrobatics, Sleight of Hand, Stealth, Persuasion, Performance, Intimidation, Deception",,DIS,,,,,,,,,,"CHA, DEX",,DIS,,,,,,,,,,,,,FALSE,TRUE,"Each sip of his special brew makes Thisobald more intoxicated. He has  Disadvantage on Charisma and Dexterity Checks, and has started hallucinating imps."
Momentum,,,,,,,,,,,,,,,,1.5,,,,,,,,,,,,,,,,,,,,,,,,FALSE,TRUE,"Spurred on by a sense of urgency. Movement Speed increased by  1.5 m / 5 ft per remaining duration of this effect. Removed when  Restrained, Incapacitated, Prone, or slowed down. Momentum has a maximum  Duration: 5 turns."
Moonbeam,,,,,,,,,,,,,,,,,,,,,,,,,,,,,,,,,,,,,,,,TRUE,FALSE,"Creature is engulfed by ghostly flames that dead 2~20Radiant damage per turn. On a successful save, the creature still takes half damage."
Moonbeam (Aura),,,,,,,,,,,,,,,,,,,,,,,,,,,,,,,,,,,,,,,,TRUE,FALSE,"Ghostly flames engulf any creature that enters this silvery light or starts its turn inside the light. They deal 2d10Radiant. On a successful save, targets still take half damage."
Moonfire,,,,,,,,,,,,,,,,,,,,,,,,,,,,,,,,,,,,,,,,TRUE,FALSE,The blessing of Dame Aylin's divine mother deals 2d10Radiant to foes that come within  3 m / 10 ft of her or start their turn there.
Moonlight Butterflies,,,,,,,,,,,,,,,,,,,,,,,,,,,,,,,,,,,,ADV,,,,FALSE,TRUE,"Surrounded in moon-pale butterflies, creatures have  Advantage on attacks against the affected entity. When the illusion is fled from or disappears, the entity takes 1d6Psychic."
Moonmother's Embrace,,,,,,,,"Cold, Lightning, Fire","STR, CHA",4,,100,,,,,,,,ADV,,,,,,,,,,,,,,,,,,,,FALSE,TRUE,"The Lady of Silver grants her daughter 100hit points;  Advantage on Attack rolls, +4 to her Strength and Charisma ability scores, and Resistance to Cold, Lightning, and Fire damage."
Moonshield,,,,,,,,,,,,,,,,,,,,,,,,,,,,,,,,,,,,,,,,TRUE,FALSE,Protected by the light of a Moonlantern or Shadow Lantern. The  Shadow Curse does not affect this entity.
Morninglord's Bulwark,,,,,,,,,,,,,,,,,,,,,,,,,,,,,,,,,,,,,,,,TRUE,FALSE,Lathander's warding light protects this door from any harm dealing less than 50 damage.
Morninglord's Radiance,,,,,,,,,,,,,,,,,,,,,,1d4,Radiant,,,,,,,,,,,,,,,,,FALSE,TRUE,Your weapon attacks deal an additional 1d4Radiant damage.  Duration: Until Long rest
Mortally Wounded,,,,,,,,,,,,,,,,,,,,,,,,,,,,,,,,,,,,,,,,TRUE,FALSE,Can't be resurrected.
Mother's Loathing,,,,,,,,,,,,,,,,,,,,,,,,,,,,,,,,,,,,,,,,TRUE,FALSE,Gains Bite until next Long Rest.
Mud-Drenched,,-2,,DEX,-2,,,,,,,,,,,x0.5,,,,,,,,,,,,,,,,,TRUE,,,,,,,FALSE,TRUE,Movement Speed is halved Dexterity  Saving throws are reduced by 2 Cannot take Reactions Cannot make  Extra Attacks or  Improved Extra Attacks
Muddy,,,,DEX,,DIS,,Fire,,,,,,,,x0.5,,,,DIS,,,,,,,,,,,,,,,,ADV,,,,FALSE,TRUE,"Affect entity is covered in hardened mud and its Movement Speed is halved. Attack Rolls against it have  Advantage, while the entity's Attack Rolls and Dexterity Saving Throws have  Disadvantage. Removes Burning and the entity becomes Resistant to Fire damage."
Multiattack Defence,,,,,,,,,,,,,,,,,,,,,,,,,,,,,,,,,,,,,,,,TRUE,FALSE,Affected entity has a -4 penalty to Attack rolls against the ranger it just attacked.
Mummy Rot,,,,,,,,,,,,-8,,,,,,,,,,,,,,,,,,,,,,,,,,,,FALSE,TRUE,Your maximum hit points are reduced by 8. You cannot be healed.
Murderous Dagger Cloud,,,,,,,,,,,,,,,,,,,,,,,,,,,,,,,,,,,,,,,,TRUE,FALSE,Takes 6d4Piercing per turn.
Murderous Strikes,,,,,,,,,,,,,,,,,,,,,,,,,,,,,,,,,,,,,,,,TRUE,FALSE,"After performing four attacks, Sarevok will have embodied Bhaal enough to use  Deathbringer Assault. After performing five attacks, Orin will have embodied Bhaal enough to use  Deathbringer Assault (Orin)"
Myrkul's Call,,,,,,,,,,,,,,,,,,,,,,,,,,,,,,,,,,,,,,,,TRUE,FALSE,"Hearing Myrkul's call, this creature will sacrifice itself to the Bone Lord."
Myrkul's Gift,,,,,,,,"Cold, Necrotic",,,,,,,,,,,,,,1d4,Necrotic,,,,,,,,,,,,,,,,10,FALSE,TRUE,"Gained  10 temporary hit points. Until it loses these temporary hit points, this creature deals an additional 1d4Necrotic with weapon attacks and has Resistance to Cold and Necrotic damage."
Myrkul's Presence,,,,,,,,,,,,,,,,,,,,,,,,,,,,,,,,,,,,,,,,TRUE,FALSE,The apostle exudes the god of death's unholy will and  Bone Chills all nearby creatures.
Mysterious Sharran Wound,,,,,,,,,,,,,,,,,,,,,,,,,,,,,,,,,,,,,,,,TRUE,FALSE,"Your old wound is wracking your body with an intense, mysterious pain."
Mystic Carrion's Blinding Curse,,,,,,,,,,,,,,,,,,,,,,,,,,,,,,,,,,,,,,,,TRUE,FALSE,Affected entity has been cursed by Mystic Carrion. It is  Poisoned and  Blinded. It must succeed a Constitution  Saving throw at the end of its turn or become afflicted with  Mystic Carrion's Restraining Curse and receive 4d10Necrotic damage.
Mystic Carrion's Poisoned Curse,,,,,,,,,,,,,,,,,,,,,,,,,,,,,,,,,,,,,,,,TRUE,FALSE,Affected entity has been cursed by Mystic Carrion. It is  Poisoned. It must succeed a Constitution  Saving throw at the end of its turn or become afflicted by  Mystic Carrion's Blinding Curse and receive 2d10Necrotic damage.
Mystic Carrion's Restraining Curse,,,,,,,,,,,,,,,,,,,,,,,,,,,,,,,,,,,,,,,,TRUE,FALSE,"Affected entity has been cursed by Mystic Carrion. It is  Poisoned,  Blinded,  Restrained, and receives Necrotic damage. Receives 6d10Necrotic damage on a failed Spell save DC  Constitution saving throw each turn."
Mystra's Benevolence,,,,,,,,,,,,,,,,,,,,,,,,,,,,,,,,,,,,,,,,TRUE,FALSE,Gale has Advantage on Concentration checks.
Mystra's Blessing,,,,,,,"Fire, Acid, Cold, Force, Thunder",,,,,,,,,,,,,,,,,,,,,,,,,,,,,,,,,FALSE,TRUE,"Gale is Immune to Fire, Acid, Cold, Force, and Thunder damage unless the damage dealt exceeds 10 points."
Mystra's Blessing (Staff of Arcane Blessing),,,,,,,,,,,,,,,,,,"Melee Spell, Ranged Spell",1d4,,,,,,,,,,,,,,,,,,,,,FALSE,TRUE,+1d4 to Attack rolls made with spells
Narcoleptic Toxins,,,,,,,,,,,,,,,,,,,,,,,,,,,,,,,,,,,,,,,,TRUE,FALSE,"Will explode upon death, releasing toxins that put nearby creatures to  Sleep."
Nature's Step,,,,,,,,,,,,,,,,,,,,,,,,,,,,,,,,,,,,,,,,TRUE,FALSE,Nearby allies have Resistance against Poison damage and can move freely in the nearby area.
Nature's Wrath,,,,DEX,,DIS,,,,,,,,,,,,,,DIS,,,,,,,,,,,TRUE,,,,,ADV,,,,FALSE,TRUE,Cannot move. Attack Rolls against the affected creature have  Advantage. The creature's Attack Rolls and Dexterity Saving Throws have  Disadvantage.
Nauseated,,,,,,,,,,,,,,,,,,,,,,,,,,,,,"Psychic, Acid",,,,,,,,,,,FALSE,TRUE,Vulnerable to Psychic and Acid damage until next Long Rest.
Nauseous,,,,,,,,,,,,,,,,,,,,,,,,,,,,,,,,TRUE,TRUE,,,,,,,FALSE,TRUE,Can't take Actions
Necromantic Restraints,,,,,,,,,,,,,,,,,,,,,,,,,,,,,,,TRUE,,,,,,,,,FALSE,TRUE,Affected entity can't move.
Necrosis,,,,,,,,,,,,,,,,,,,,,,,,,,,,,,,,,,,,,,,,TRUE,FALSE,Gale exudes Necrotic energy. Creature takes 1~4Necrotic damage every turn.
Necrotic Absorption,,,,,,,,,,,,,,,,,,,,,,,,,,,,,,,,,,,,,,,,TRUE,FALSE,The cage is draining this creature. Deals 10d4Necrotic damage per turn this condition is active.
Necrotic Aura,,,,,,,,,,,,,,,,,,,,,,,,,,,,,,,,,,,,,,,,TRUE,FALSE,Gale exudes Necrotic energy. Nearby creatures take 1d4Necrotic every turn.
Necrotic Resistance,,,,,,,,Necrotic,,,,,,,,,,,,,,,,,,,,,,,,,,,,,,,,FALSE,TRUE,Resistant to Necrotic damage.
Necrotic Veil,,,,,,,,"Necrotic, Bludgeoning, Piercing, Slashing, Acid, Cold, Fire, Force, Lightning, Poison, Psychic, Thunder",,,,,,,,,,,,,,,,,,,,,,Turned,,,,,,,,,20,FALSE,TRUE,"A deathly miasma grants the affected entity 20 Temporary Hit Points. While the affected entity has temporary hit points, it is Resistant to all damage except Radiant and cannot be  Turned."
Newborn,,-5,,,,,,,,,,-10,,,,,,,,DIS,,,,,,,,,,,,,TRUE,,,,,,,FALSE,TRUE,Disadvantage on Attack Rolls. hit points lowered by 10. Cannot take  Reactions. Armour Class lowered by 5.
Newborn Zombie,,,,,,,,,,,,,,,,,,,,,,,,,,,,,,,,,,,,,,,,TRUE,FALSE,Zombies born from the Crawling Gnaw cannot last. They take 1Necrotic each turn and only follow the zombie that infected them.
Nightbringer's Beloved,,,,,,,,,,,,,,,,,,,,,,,,,,,,,,,,,,,,,,,,TRUE,FALSE,Shar's ardent favour lets her chosen disciple regain 7d8hit points every time they use their Channel Divinity Charges.
Nightsinger's Favour,,,,,,,,Necrotic,,,,,,,,,,,,,,,,,,,,,,,,,,,,,,,,FALSE,TRUE,Affected entity is Resistant to Necrotic damage until your next Long Rest.
Non-Lethal Damage,,,,,,,,,,,,,,,,,,,,,,,,,,,,,,,,,,,,,,,,TRUE,FALSE,"Non-lethal damage does not kill creatures if it reduces their hit points to 0, it just leaves them unconscious."
Noxious Fumes,,,,,,,,,,,,,,,,,,,,,,,,,,,,,,,,,,,,,,,,TRUE,FALSE,Hostile creatures in a radius of  3 m / 10 ft take 1d4Acid damage.
Noxious Fumes (Bibberbang),,,,,,,,,,,,,,,,,,,,,,,,,,,,,,,,,,,,,,,,TRUE,FALSE,"Affected entity takes 1d4Poison each turn. It must succeed a DC 15  Constitution saving throw or take an additional 2d4Poison, taking half damage in a success."
Numb,,,,,,,"Thunder, Bludgeoning, Piercing, Slashing",,,,,,,,,,,,,,,,,,,,,,,,,,,,,,,,,FALSE,TRUE,"Your puny attacks can't break through the numbness Thisobald feels. He is Immune to Slashing, Piercing, Bludgeoning and Thunder damage."
Numbed,,,,,,,,,,,,,,,,x0.5,,,,,,,,,,,,,,,,,,,,,,,,FALSE,TRUE,"Movement Speed halved. The spellcaster has  Advantage on Attack Rolls against the affected entity. Removed by Help, or when hit by the spellcaster."
Oath Broken,,,,,,,,,,,,,,,,,,,,,,,,,,,,,,,,,,,,,,,,TRUE,FALSE,You have broken your sacred Oath and betrayed your beliefs. You can no longer use Channel Oath Charges. You should go to camp and contemplate what happened and what comes next.
Off Balance,,,,,,,,,,,,,"Athletics, Acrobatics, Sleight of Hand, Stealth",,DIS,,,,,,,,,,"STR, DEX",,DIS,,,,,,,,,ADV,,,,FALSE,TRUE,"The affected entity has  Disadvantage on Strength and Dexterity  Ability checks, and Attack rolls against the entity have  Advantage. Removed by taking damage or when  Helped."
Off Balance (Gargantuan Cleave),,,,,,,,,,,,,,,,,,,,,,,,,,,,,,,,,,,,,,,,TRUE,FALSE,"When hit, must succeed a DC 8  Strength saving throw or fall  Prone."
Oil of Accuracy,,,,,,,,,,,,,,,,,,,2,,,,,,,,,,,,,,,,,,,,,FALSE,TRUE,Has a +2 bonus to Attack rolls with the oiled weapon
Oil of Combustion,,,,,,,,,,,,,,,,,,,,,,,,,,,,,,,,,,,,,,,,TRUE,FALSE,"If the affected entity takes Fire damage, it deals 3d6Fire in  AoE: 3 m / 10 ft (Radius) area."
Oily Sup,,,,,,,,,,,,,,,DIS,,,,,DIS,,,,,,,DIS,,,,,,,,,,,,,FALSE,TRUE,Suffers  Disadvantage on Attack rolls and Ability Checks.
Omen of Acid,,,,,,,,,,,,,,,,,,,,,,,,,,,,,,,,,,,,,,,,TRUE,FALSE,"If the affected entity is dealt 1Acid damage, the owner of the hound will regain 1  Sorcery Point."
Omen of Cold,,,,,,,,,,,,,,,,,,,,,,,,,,,,,,,,,,,,,,,,TRUE,FALSE,"If the affected entity is dealt 1Cold damage, the owner of the hound will regain 1  Sorcery Point."
Omen of Fire,,,,,,,,,,,,,,,,,,,,,,,,,,,,,,,,,,,,,,,,TRUE,FALSE,"If the affected entity is dealt 1Fire damage, the owner of the hound will regain 1  Sorcery Point."
Omen of Lightning,,,,,,,,,,,,,,,,,,,,,,,,,,,,,,,,,,,,,,,,TRUE,FALSE,"If the affected entity is dealt 1Lightning damage, the owner of the hound will regain 1  Sorcery Point."
Omen of Poison,,,,,,,,,,,,,,,,,,,,,,,,,,,,,,,,,,,,,,,,TRUE,FALSE,"If the affected entity is dealt 1Poison damage, the owner of the hound will regain 1  Sorcery Point."
Omen of Thunder,,,,,,,,,,,,,,,,,,,,,,,,,,,,,,,,,,,,,,,,TRUE,FALSE,"If the affected entity is dealt 1Thunder damage, the owner of the hound will regain 1  Sorcery Point."
One with the Shadows,,,,,,,,,,,,,,,,,,,,ADV,,,,,,,,,,,,,,,,DIS,,,,FALSE,TRUE,"Affected entity is invisible. It has  Advantage on Attack Rolls and imposes  Disadvantage on enemy Attack Rolls. Invisibility ends early if the invisible entity moves, attacks, casts another spell, takes an action, or takes damage."
Onus of Battle,,,,,,,,,,,,,,,,,,,,,,,,,,,,,,,,,,,,,,,,TRUE,FALSE,Affected entity can immediately use a  Reaction to make a weapon attack.
Open Hand Technique: Staggered,,,,,,,,,,,,,,,,,,,,,,,,,,,,,,,,,TRUE,,,,,,,FALSE,TRUE,Took a powerful blow. Can't take  Reactions.
Open Warrens,,,,,,,,,,,,,,,,,,,,,,,,,,,,,,,,,,,,,,,,TRUE,FALSE,Kobolds cannot emerge from this tunnel while it is obstructed.
Open Wound,,,,,,,,,,,,,,,,,,,,,,,,,,,,,,,,,,,,,,,,TRUE,FALSE,Creature has recently cut itself. Will lead into the  Rotting condition if a DC 15  Constitution saving throw fails. Removed by healing.
Orphic Favour,,,,"INT, WIS, CHA",3,,,Psychic,,,,,,,,,,,,,,,,,,,,,,,,,,,,,,,,FALSE,TRUE,"While within  18 m / 60 ft of Prince Orpheus, the affected entity has resistance to Psychic and a +3 bonus to Intelligence, Wisdom, and Charisma saving throws."
Orphic Favour Aura,,,,"INT, WIS, CHA",3,,,Psychic,,,,,,,,,,,,,,,,,,,,,,,,,,,,,,,,FALSE,TRUE,"The Prince of the Comet protects his champions. He and nearby allies gain resistance to Psychic and a +3 bonus to Intelligence, Wisdom, and Charisma saving throws."
Otherworldly Miasma,,,,,,,,,,,,,,,,,,,,,,,,,,,,,"Bludgeoning, Piercing, Slashing",,,,,,,,,,,FALSE,TRUE,"Weakened by alien fumes. Vulnerable to Bludgeoning, Piercing, and Slashing damage."
Otherworldly Miasma (Githyanki),,,,,,,,"Bludgeoning, Piercing, Slashing",,,,,,,,,,,,,,,,,,,,,,,,,,,,,,,,FALSE,TRUE,"Alien fumes have hardened this githyanki's skin. It is resistant to Bludgeoning, Piercing, and Slashing damage."
Otiluke's Resilient Sphere,,,,,,,,,,,,,,,,x0.5,,,,,,,,,,,,,,,,,,,,,,,,FALSE,TRUE,"The affected creature is enclosed in an arcane sphere and can neither be damaged by attacks or effects from outside the sphere, nor can it damage anything outside the sphere. The affected creature's Movement Speed is halved."
Otto's Irresistible Dance,,,,DEX,,DIS,,,,,,,,,,,,,,DIS,,,,,,,,,,,TRUE,TRUE,,,,ADV,,,,FALSE,TRUE,Unable to take Actions or Move Attackers have  Advantage on Attack rolls Has  Disadvantage on Attack Rolls and Dexterity  Saving throws
Overgrown Foliage,,,,,,,,,,,,,,,,x0.25,,,,,,,,,,,,,,,,,,,,,,,,FALSE,TRUE,Creatures move at quarter speed in the overgrown foliage.
Overheating,,,,,,,,,,,,,,,,,,,,,,,,,,,,,,,,,,,,,,,,TRUE,FALSE,"This overheating device will explode the next time it's used, dealing 8d8Fire to all nearby creatures. Find a way to cool it or stay away!"
Overloaded Optical Circuit,,,,,,,,,,,,,,,,,,,,,,,,,,,,,,,,,,,,,,,,TRUE,FALSE,"The Steel Watcher's scanner has been overloaded with light, and cannot scan citizens anymore."
Overloaded With Synaptic Power,,,,,,,,,,,,,,,,,,,,,,1d4,Psychic,,,,,,,,,,,,,,,,,FALSE,TRUE,"Affected entity deals an additional 1d4Psychic damage with its attacks, but also receives 1d4Psychic damage per turn."
Owl's Wisdom,,,,,,,,,,,,,"Animal Handling, Insight, Medicine, Perception, Survival",,ADV,,,,,,,,,,WIS,,ADV,,,,,,,,,,,,,FALSE,TRUE,Has  Advantage on Wisdom Checks.
Owlbear's Rage,,,,,,,,"Bludgeoning, Piercing, Slashing","STR, CON",2,,,,,,,,,,,,,,,,,,,,,,,,,,,,,12,FALSE,TRUE,"The owlbear is enraged! Strength and Constitution increased by 2, and gained  12 temporary hit points. The owlbear has resistance to all Physical damage"
Owlbear's Rage Wildshape,,,,,,,,,"STR, CON",2,,,,,,,,,,,,,,,,,,,,,,,,,,,,,12,FALSE,TRUE,The owlbear is enraged! Strength and Constitution are increased by 2. The owlbear gains  12 temporary hit points.
Pacified,,,,,,,,,,,,,,,,,,,,,,,,,,,,,,,TRUE,TRUE,TRUE,,,,,,,FALSE,TRUE,"Incapacitated. Can't move or take actions, bonus actions, or reactions."
Pacified (Ptaris),,,,,,,,,,,,,,,,,,,,,,,,,,,,,,,,,,,,,,,,TRUE,FALSE,"While near another creature affected by  Ptarian Pacifism, this creature cannot harm Ptaris."
Pack Tactics,,,,,,,,,,,,,,,,,,,,ADV,,,,,,,,,,,,,,,,,,,,FALSE,TRUE,Has  Advantage on Attack rolls if one of its allies is within  0.5 m / 2 ft of its target and isn't Incapacitated.
Pact Weapon,,,,,,,,,,,,,,,,,,Melee,CHA,,,CHA,Weapon,,,,,,,,,,,,,,,,,FALSE,TRUE,The warlock bound to this weapon is always Proficient with it. The weapon's damage is magical. The weapon uses the caster's Charisma modifier for Attack rolls and damage rolls. Prevents the weapon from being dropped or otherwise disarmed.
Paid the Price,,,,,,,,,,,,,Perception,,DIS,,,,,,,,,,,,,,,,,,,,,,,,,FALSE,TRUE,"You have a +1 bonus to Intimidation checks, but  Disadvantage on Perception checks. Additionally, you have  Disadvantage when attacking Hags."
Panache: Disadvantage,,,,,,,,,,,,,,,,,,,,DIS,,,,,,,,,,,,,TRUE,,,,,,,FALSE,TRUE,You have  Disadvantage on Attack rolls against all enemies except the caster of  Panache. You are also unable to make Opportunity Attacks against enemies other than the caster.
Panicked Sentinel,,,,,,,,,,,,,,,,,,,,,,,,,,,,,,,,,,,,,,,,TRUE,FALSE,This paranoiac Spectator will immediately fire a random Eye Ray at any creature it can see that moves within  6 m / 20 ft of it.
Paralysed,,,,"DEX, STR",-100,,,,,,,,,,,,,,,,,,,,,,,,,,TRUE,TRUE,TRUE,,,,,,,FALSE,TRUE,"The affected creature cannot move or take  Actions,  Bonus Actions, or  Reactions. The affected creature automatically fails all  Strength and Dexterity saving throws. Attack rolls against the affected creature automatically succeed. Any Attack roll made against The affected creature by an attacker within  3 m / 10 ft is an automatic Critical Hit."
Paralysed (Karabasan's Gift),,,,"DEX, STR",-100,,,,,,,,,,,,,,,,,,,,,,,,"Bludgeoning, Piercing, Slashing",,,,,,,,,,,FALSE,TRUE,"Creature is Incapacitated Vulnerable to Slashing, Piercing, and Bludgeoning damage. Automatically fails all Strength and Dexterity  Saving throws Any Attack Roll made against this creature by an attacker within  3 m / 10 ft automatically hits and is an automatic Critical Hit"
Paranoid Dreams,,,,,,,,,,,,,,,,,,,,,,,,,,,,,,,,,,,,,,,,TRUE,FALSE,"When this Spectator is struck, it dreams in fear. After 5 Paranoid Dreams, it will spend a Legendary Action to cast  Ocular Nightmare. If the Spectator uses one of its Eye Rays, it loses one Paranoid Dream."
Parried,,,,,,,,,,,,,,,,,,,,,,,,,,,,,,,,,,,,,,,,TRUE,FALSE,Already  Parried this turn and has to recover before Parrying again.
Pass Without Trace,,,,,,,,,,,,,Stealth,10,,,,,,,,,,,,,,,,,,,,,,,,,,FALSE,TRUE,Veiled by an ally. +10 bonus to Stealth Checks.
Pass Without Trace Aura,,,,,,,,,,,,,Stealth,10,,,,,,,,,,,,,,,,,,,,,,,,,,FALSE,TRUE,This entity and nearby allies have a +10 bonus to  Stealth checks.
Patient Defence,,,,DEX,,ADV,,,,,,,,,,,,,,,,,,,,,,,,,,,,,,DIS,,,,FALSE,TRUE,Attack Rolls against the affected entity have  Disadvantage. The entity has  Advantage on  Dexterity saving throws.
Performing 'Bard Dance',,,,,,,,,,,,,,,,,,,,,,,,,,,,,,,,,,,,,,,,TRUE,FALSE,Playing a tune. Perform the same song nearby to join in.
Performing 'Of Divinity and Sin',,,,,,,,,,,,,,,,,,,,,,,,,,,,,,,,,,,,,,,,TRUE,FALSE,Playing a mysterious tune. Perform the same song nearby to join in.
Performing 'Old Time Battles',,,,,,,,,,,,,,,,,,,,,,,,,,,,,,,,,,,,,,,,TRUE,FALSE,Playing a tune. Perform the same song nearby to join in.
Performing 'Sing for Me',,,,,,,,,,,,,,,,,,,,,,,,,,,,,,,,,,,,,,,,TRUE,FALSE,Playing a tune. Perform the same song nearby to join in.
Performing 'The Power',,,,,,,,,,,,,,,,,,,,,,,,,,,,,,,,,,,,,,,,TRUE,FALSE,Playing a tune. Perform the same song nearby to join in.
Performing 'The Queen's High Seas',,,,,,,,,,,,,,,,,,,,,,,,,,,,,,,,,,,,,,,,TRUE,FALSE,Playing a tune. Perform the same song nearby to join in.
Perilous Stakes,,,,,,,,,,,,,,,,,,,,,,,,,,,,,"Cold, Bludgeoning, Piercing, Slashing, Acid, Fire, Force, Lightning, Necrotic, Poison, Psychic, Radiant, Thunder",,,,,,,,,,,FALSE,TRUE,"Affected entity is Vulnerable to all damage, but when it attacks it heals 2d8hit points."
Permanent Mind Sanctuary,,,,,,,,,,,,,,,,,,,,,,,,,,,,,,,,,,,,,,,,TRUE,FALSE,"While in combat, Mind Flayers can use actions and bonus actions interchangeably."
Petrified,,,,,,,,,,,,,,,,,,,,,,,,,,,,,,,TRUE,TRUE,TRUE,,,,,,,FALSE,TRUE,"Turned to stone. Can't move or take  Actions,  Bonus Actions, or  Reactions."
Phantasmal Force,,,,,,,,,,,,,,,,,,,,,,,,,,,,,,,,,,,,,,,,TRUE,FALSE,"Haunted by an echo of the last thing that attacked them. Takes 1d6Psychic damage each turn. When the target takes damage from another source, Phantasmal Force changes to that damage type. At the end of each turn, the target makes an  Intelligence saving throw. On a success, the condition ends."
Phantasmal Killer,,,,,,,,,,,,,,,DIS,,,,,DIS,,,,,,,DIS,,,,TRUE,,,,,,,,,FALSE,TRUE,"Affected entity is haunted by its worst nightmares. It takes 4d10Psychic damage per turn, cannot move, and has  Disadvantage on Ability Checks and Attack Rolls."
Phase Optimizer Active,,,,,,,,,,,,,,,,,,,,,,,,,,,,,,,,,,,,,,,,TRUE,FALSE,The affected entity gains an additional action.
Pierce the Weak,,,,,,,,,,,,,,,,,,,,,,,,,,,,,Piercing,,,,,,,,,,,FALSE,TRUE,"Affected entity is Vulnerable to Piercing damage for 3 turns, or until it takes damage."
Pinched,,,,,,,,,,,,,,,,-3,,,,,,,,,,,,,,,,,,,,,,,,FALSE,TRUE,Take 1d4Piercing damage at the beginning of each turn and Movement Speed is reduced by 3 m / 10 ft.
Pinned,,,,,,,,,,,,,,,,,,,,,,,,,,,,,,,,,,,,,,,,TRUE,FALSE,Pinned under a beam.
Pinned Down,,,,,,,,,,,,,,,,-3,,,,,,,,,,,,,,,,,,,,,,,,FALSE,TRUE,Movement Speed is reduced by  3 m / 10 ft.
Pixie Blessing,,,,,,,,,,,,,,,,,,,,,,,,,,,,,,,,,,,,,,,,TRUE,FALSE,The Shadow Curse cannot affect this creature thanks to a pixie's protective magic.
Plant Growth,,,,,,,,,,,,,,,,x0.25,,,,,,,,,,,,,,,,,,,,,,,,FALSE,TRUE,The ground is covered with plants and weeds. Movement Speed is quartered.
Poison Resistance,,,,,,,,Poison,,,,,,,,,,,,,,,,,,,,,,Poisoned,,,,,,,,,,FALSE,TRUE,Resistant to Poison damage. Can no longer be  Poisoned.
Poison Resistance Aura,,,,,,,,,,,,,,,,,,,,,,,,,,,,,,,,,,,,,,,,TRUE,FALSE,The fantastical powers of this hallucinatory imp give all nearby creatures Resistance to Poison damage.
Poisoned,,,,,,,,,,,,,,,DIS,,,,,DIS,,,,,,,DIS,,,,,,,,,,,,,FALSE,TRUE,Suffers  Disadvantage on Attack rolls and Ability Checks.
Poisoned (Suspicious Poison) ,,,,,,,,,,,,,,,DIS,,,,,DIS,,,,,,,DIS,,,,,,,,,,,,,FALSE,TRUE,Suffers  Disadvantage on Attack rolls and Ability Checks. Inflicts 3d6Poison every turn until a successful DC 13  Constitution saving throw.
Poisoned (Spider Meat),,,,,,,,,,,,,,,DIS,,,,,DIS,,,,,,,DIS,,,,,,,,,,,,,FALSE,TRUE,"Deals 3d6Poison per turn Suffers  Disadvantage on Attack rolls and Ability Checks. At the beginning of the turn, makes a DC 13  Constitution saving throw to end the condition on success."
Poisonous Fumes,,,,,,,,,,,,,,,DIS,,,,,DIS,,,,,,,DIS,,,,,,,,,,,,,FALSE,TRUE,Takes 1d4Poison damage per turn. Suffers  Disadvantage on Attack Rolls and Ability Checks.
Polma's Wrath,,-2,,,,,,,STR,4,,,,,,,,,,,,,,,,,,,,,,,,,,,,,,FALSE,TRUE,"Polma is enraged! Strength increased by 4, Armour Class reduced by 2."
Polymorph,,,,,,,,,,,,,,,,,,,,,,,,,,,,,,,,,,,,,,,,TRUE,FALSE,"You are now a particularly ripe wheel of cheese, unpleasant to the nostril."
Polymorph Self,,,,,,,,,,,,,,,,,,,,,,,,,,,,,,,,,,,,,,,,TRUE,FALSE,"Transformed into a blue jay, able to  Fly for 5 rounds."
Polymorphed,,,,,,,,,,,,,,,,,,,,,,,,,,,,,,,,,,,,,,,,TRUE,FALSE,"Creature is turned into a harmless sheep with 3 Hit Points for 5 turns. If the sheep's Hit Points are reduced to 0, the creature reverts to its original form with its original Hit Points."
Polymorphed (Tressym),,,,,,,,,,,,,,,,,,,,,,,,,,,,,,,,,,,,,,,,TRUE,FALSE,Changed into a beast.
Polymorphed: Dire Raven,,,,,,,,,,,,,,,,,,,,,,,,,,,,,,,,,,,,,,,,TRUE,FALSE,Polymorphed into a Dire Raven
Poor Performance,,,,,,,,,,,,,,,,,,,,,,,,,,,,,,,,,,,,,,,,TRUE,FALSE,"Maybe you'd better stop, before anyone starts throwing rocks."
Possessing,,,,,,,,,,,,,,,,,,,,,,,,,,,,,,,,,,,,,,,,TRUE,FALSE,The affected entity cannot be targeted by spells or attacks until the creature it has  Possessed dies or is  Turned.
Potent Mist Form,,,,,,,,,,,,,,,,,,,,,,,,,,,,,,,,,,,,,,,,TRUE,FALSE,"Transformed into a cloud of mist, now immune to all non-magical damage and resistant to magical damage. Possibly  Blind foes within  4 m / 13 ft and inflict 3d6Necrotic at the start of their turn. This condition is removed by sunlight."
Potion of Angelic Relief,,,,,,,,,,,,,,,,,,,,,,,,,,,,,,,,,,,,,,,,TRUE,FALSE,"Affected entity falls asleep for 2 rounds. When it wakes up, it receives the effects of a Short Rest and all 1st and 2nd level spell slots are restored. If interrupted before the duration expires, the effects will not apply."
Potion of Angelic Slumber,,,,,,,,,,,,,,,,,,,,,,,,,,,,,,,,,,,,,,,,TRUE,FALSE,"Affected entity falls asleep for 2 rounds. When it wakes up, it receives the effects of a Long Rest. If interrupted before the duration expires, the effects do not apply."
Potion of Glorious Vaulting,,,,,,,,,,,,,,,,,,,,,,,,,,,,,,,,,,,,,,,,TRUE,FALSE,Jump distance is tripled
Precision Attack,,,,,,,,,,,,,,,,,,,,,,,,,,,,,,,,,,,,,,,,TRUE,FALSE,Affected entity has a bonus to its next weapon Attack Roll equal to its Superiority Die
Predator Essence,,,,,,,,,,,,,,,,,,,,,,,,,,,,,,,,,,,,,,,,TRUE,FALSE,"Each Predator Essence heals the Houndmaster for 4d10hit points. Moreover, he deals an additional 4d10necrotic when he casts  Grave Shot."
Prepared,,,,,,,,,,,,,,,,,,,,,,STR,Slashing,,,,,,,,,,,,,,,,,FALSE,TRUE,Deals an additional [Strength modifier]SlashingDRS damage with melee attacks.
Prey Essence,,,,,,,,,,,,,,,,,,,,,,,,,,,,,,,,,,,,,,,30,FALSE,TRUE,Grants 30 temporary hit points
Prime Target,,,,,,,,,,,,,,,,,,,,,,,,,,,,,,,,,,,,,,,,TRUE,FALSE,You have drawn Grym's ire. Grym will attempt to attack this creature if possible.
Produce Flame,,,,,,,,,,,,,,,,,,,,,,,,,,,,,,,,,,,,,,,,TRUE,FALSE,A flickering flame sheds light in a  9 m / 30 ft radius around the creature.
Profane Womb-Bound,,,,,,,,,,,,,,,,,,,,,,,,,,,,,,,,,,,,,,,,TRUE,FALSE,Silenced and held in place by a Profane Womb.
Profoundly Intoxicated,,,,,,,,,,,,,"Acrobatics, Sleight of Hand, Stealth, Persuasion, Performance, Intimidation, Deception",,DIS,,,,,,,,,,"DEX, CHA",,DIS,,,,,,,,,,,,,FALSE,TRUE,"Thisobald is on the verge of passing out from his heavy drinking. He has  Disadvantage on Charisma and Dexterity Checks, and his hallucinations continue."
Projected Image,,,,,,,,,,,,,,,,,,,,,,,,,,,,,,,,,,,,,,,,TRUE,FALSE,This magical projection cannot be targeted or attacked.
Promise of Wealth,,,,,,,,,,,,,,,,,,,,,,,,,,,,,,,,,,,,,,,,TRUE,FALSE,Affected entity has been marked as wealthy by a follower of Mammon. Creatures with Infectious Greed have Advantage on Attack Rolls against it.
Prone,,,,"DEX, STR",,DIS,,,,,,,,,,,,,,,,,,,,,,,,,TRUE,TRUE,TRUE,,"Melee, Melee Spell, Melee Unarmed",ADV,,,,FALSE,TRUE,"The affected creature cannot move or take  Actions,  Bonus Actions, or  Reactions, and has  Disadvantage on  Strength and Dexterity saving throws. Attacks against a Prone creature have  Advantage if made within  3 m / 10 ft of the creature. A Prone creature must spend half its Movement Speed to stand up.A character with the Athlete feat spends only  1.5 m / 5 ft of Movement Speed to stand up."
Prophecy: A Blunt Tool,,,,,,,,,,,,,,,,,,,,,,,,,,,,,,,,,,,,,,,,TRUE,FALSE,Deal at least 1Bludgeoning to an enemy to regain a Portent Die.
Prophecy: A Little Help,,,,,,,,,,,,,,,,,,,,,,,,,,,,,,,,,,,,,,,,TRUE,FALSE,Casting an Conjuration spell will result in a new Portent Die.
Prophecy: A Little Prick,,,,,,,,,,,,,,,,,,,,,,,,,,,,,,,,,,,,,,,,TRUE,FALSE,Deal at least 1Piercing to an enemy to regain a Portent Die.
Prophecy: Burn After Reading,,,,,,,,,,,,,,,,,,,,,,,,,,,,,,,,,,,,,,,,TRUE,FALSE,Deal at least 1Fire to an enemy to regain a Portent Die.
Prophecy: Changes,,,,,,,,,,,,,,,,,,,,,,,,,,,,,,,,,,,,,,,,TRUE,FALSE,Casting an Transmutation spell will result in a new Portent Die.
Prophecy: Cutting Edge,,,,,,,,,,,,,,,,,,,,,,,,,,,,,,,,,,,,,,,,TRUE,FALSE,Deal at least 1Slashing to an enemy to regain a Portent Die.
Prophecy: Dead Right,,,,,,,,,,,,,,,,,,,,,,,,,,,,,,,,,,,,,,,,TRUE,FALSE,Casting an Necromancy spell will result in a new Portent Die.
Prophecy: Delivering Alms,,,,,,,,,,,,,,,,,,,,,,,,,,,,,,,,,,,,,,,,TRUE,FALSE,"When you  Help an ally, you will gain a new Portent Die."
Prophecy: Evocative,,,,,,,,,,,,,,,,,,,,,,,,,,,,,,,,,,,,,,,,TRUE,FALSE,Casting an Evocation spell will result in a new Portent Die.
Prophecy: Feign Surprise,,,,,,,,,,,,,,,,,,,,,,,,,,,,,,,,,,,,,,,,TRUE,FALSE,Casting an Illusion spell will result in a new Portent Die.
Prophecy: Forceful Insistence,,,,,,,,,,,,,,,,,,,,,,,,,,,,,,,,,,,,,,,,TRUE,FALSE,Deal at least 1Force to an enemy to regain a Portent Die.
Prophecy: Frosty Reception,,,,,,,,,,,,,,,,,,,,,,,,,,,,,,,,,,,,,,,,TRUE,FALSE,Deal at least 1Cold to an enemy to regain a Portent Die.
Prophecy: Grave Fate,,,,,,,,,,,,,,,,,,,,,,,,,,,,,,,,,,,,,,,,TRUE,FALSE,Deal at least 1Necrotic to an enemy to regain a Portent Die.
Prophecy: Guarded,,,,,,,,,,,,,,,,,,,,,,,,,,,,,,,,,,,,,,,,TRUE,FALSE,Casting an Abjuration spell will result in a new Portent Die.
Prophecy: Headache,,,,,,,,,,,,,,,,,,,,,,,,,,,,,,,,,,,,,,,,TRUE,FALSE,Deal at least 1Psychic to an enemy to regain a Portent Die.
Prophecy: Holy Epiphany,,,,,,,,,,,,,,,,,,,,,,,,,,,,,,,,,,,,,,,,TRUE,FALSE,Deal at least 1Radiant to an enemy to regain a Portent Die.
Prophecy: Melting Pot,,,,,,,,,,,,,,,,,,,,,,,,,,,,,,,,,,,,,,,,TRUE,FALSE,Deal at least 1Acid to an enemy to regain a Portent Die.
Prophecy: Predictable,,,,,,,,,,,,,,,,,,,,,,,,,,,,,,,,,,,,,,,,TRUE,FALSE,Casting an Divination spell will result in a new Portent Die.
Prophecy: Reap Rewards,,,,,,,,,,,,,,,,,,,,,,,,,,,,,,,,,,,,,,,,TRUE,FALSE,Dealing the killing blow to an enemy will result in a new a Portent Die after taking a short rest.
Prophecy: Shocking Revelation,,,,,,,,,,,,,,,,,,,,,,,,,,,,,,,,,,,,,,,,TRUE,FALSE,Deal at least 1Lightning to an enemy to regain a Portent Die.
Prophecy: Spellbinding,,,,,,,,,,,,,,,,,,,,,,,,,,,,,,,,,,,,,,,,TRUE,FALSE,Casting an Enchantment spell will result in a new Portent Die.
Prophecy: Thunderous Applause,,,,,,,,,,,,,,,,,,,,,,,,,,,,,,,,,,,,,,,,TRUE,FALSE,Deal at least 1Thunder to an enemy to regain a Portent Die.
Prophecy: Venomous Words,,,,,,,,,,,,,,,,,,,,,,,,,,,,,,,,,,,,,,,,TRUE,FALSE,Deal at least 1Poison to an enemy to regain a Portent Die.
Prophecy: Well-Read,,,,,,,,,,,,,,,,,,,,,,,,,,,,,,,,,,,,,,,,TRUE,FALSE,Learning from or using a Spell Scroll will result in a new Portent Die.
Protection from Energy: Acid,,,,,,,,Acid,,,,,,,,,,,,,,,,,,,,,,,,,,,,,,,,FALSE,TRUE,Has Resistance to Acid damage
Protection from Energy: Cold,,,,,,,,Cold,,,,,,,,,,,,,,,,,,,,,,,,,,,,,,,,FALSE,TRUE,Has Resistance to Cold damage
Protection from Energy: Fire,,,,,,,,Fire,,,,,,,,,,,,,,,,,,,,,,,,,,,,,,,,FALSE,TRUE,Has resistance to Fire damage
Protection from Energy: Lightning,,,,,,,,Lightning,,,,,,,,,,,,,,,,,,,,,,,,,,,,,,,,FALSE,TRUE,Has Resistance to Lightning damage
Protection from Energy: Thunder,,,,,,,,Thunder,,,,,,,,,,,,,,,,,,,,,,,,,,,,,,,,FALSE,TRUE,Has Resistance to Thunder damage
Protection from Evil and Good,,,,,,,,,,,,,,,,,,,,,,,,,,,,,,"Charmed, Frightened",,,,,,DIS,,,,FALSE,TRUE,"The target is protected against Aberrations, Celestials, Elementals, Fey, Fiends, and Undead. These creatures have  Disadvantage on Attack rolls against the target, and the target can't be Charmed, Frightened, or possessed by them."
Protection from Poison,,,,,,,,Poison,,,,,,,,,,,,,,,,,,,,,,,,,,,,,,,,FALSE,TRUE,All previous Poisonous effects afflicting the target are neutralized Target gains  Advantage on  Saving throws against being Poisoned Target gains Resistance to Poison damage
Prowling,,,,,,,,,,,,,,,,,,,,,,,,,,,,,,,,,,,,,,,,TRUE,FALSE,"Stalking its prey. While  Invisible, the affected entity's next attack deals additional 1d8 damage."
Prying Heart,,,,WIS,,DIS,,,,,,,,,,,,,,,,,,,,,,,,,,,,,,,,,,FALSE,TRUE,"Affected entity will be automatically Critically Hit by Viconia's attacks, and it has  Disadvantage on Wisdom Saving Throws. To end this effect, the creature must deny its Prying Heart by  Poisoning itself."
Psionic Drain,,,,,,,,,"WIS, INT, CHA",-2,,,,,,,,,,,,,,,,,,,,,,,,,,,,,,FALSE,TRUE,"Your Intelligence, Wisdom, and Charisma scores are reduced by 2 while Ptaris drains your mind to form a Mental Image. If any ability score reaches 0, you die. Destroying the Mental Image releases the psionic energy and ends this effect."
Psionic Enrichment,,,,,,,,,,,,,,,,,,,,ADV,,,,,,,,,,,,,,,,,,,,FALSE,TRUE,"After using a tadpole power, affected entity gains  Advantage on all attacks for 3 rounds."
Psionic Visages,,,,,,,"Bludgeoning, Piercing, Slashing",,,,,,,,,,,,,,,,,,,,,,,,,,,,,,,,,FALSE,TRUE,"Affected entity is immune to Bludgeoning, Piercing, and Slashing damage while a Psionic Visage stands. When the caster is struck, a visage will shatter, striking the attacker directly with 2d6Psychic damage."
Psionic Ward,,,,,5,,,,,,,,,,,,,,,,,,,,,,,,,Frightened,,,,,,,,,,FALSE,TRUE,Affected entity has a +5 bonus to  Saving throws and can't be  Frightened while within  3 m / 10 ft of the spellcaster.
Psionic Ward Aura,,,,,5,,,,,,,,,,,,,,,,,,,,,,,,,Frightened,,,,,,,,,,FALSE,TRUE,The gish and allies within  3 m / 10 ft have a +5 bonus to Saving Throws and can't be  Frightened.
Psionic Weakening,,,,"CON, WIS, INT",,DIS,,,,,,,,,,,,,,,,,,,,,,,,,,,,,,,,,,FALSE,TRUE,"Affected entity has  Disadvantage on Constitution, Wisdom and Intelligence  Saving throws. Replaces effects from other elixirs when drunk."
Psychic Rend,,,,"WIS, INT",,DIS,,,,,,,"Arcana, History, Investigation, Nature, Religion, Animal Handling, Insight, Medicine, Perception, Survival",,DIS,,,,,,,,,,"WIS, INT",,DIS,,,,,,,,,,,,,FALSE,TRUE,Mentally in shambles. Has Disadvantage on Intelligence and Wisdom checks and Saving Throws.
Psychic Resistance,,,,,,,,Psychic,,,,,,,,,,,,,,,,,,,,,,,,,,,,,,,,FALSE,TRUE,Resistant to Psychic damage.
Psychically Dominated,,,,,,,,,,,,,,,,,,,,,,,,,,,,,,,,,,,,,,,,TRUE,FALSE,"This dragon is being controlled by the deep, twisting grasp of the Netherbrain's psychic might."
Ptarian Pacifism,,,,,,,,,"WIS, INT, CHA",-4,,,,,,,,,,,,,,,,,,,,,,,,,,,,,,FALSE,TRUE,"Affected entity's Strength, Dexterity and Constitution scores have been reduced by 4. It and nearby allies are  Pacified. Unless the  50 temporary hit points granted by this effect are removed, when the effect ends, one of Ptaris' Mental Image will appear."
Punish Divinity,,,,,,,,,,,,,,,,,,,,,,,,,,,,,,,,,,,,,,,,TRUE,FALSE,"When hit with Radiant damage, Raphael can use a reaction to stun the attacker, leaving the impudent creature  Soul Wrenched"
Purple Worm Toxin,,,,,,,,,,,,,,,,,,,,,,,,,,,,,,,,,,,,,,,,TRUE,FALSE,Affected entity takes 1d10Poison damage at the end of its next turn.
Pursuit Protocol,,,,,,,,,,,,,,,,,,,,,,,,,,,,,,,,,,,,,,,,TRUE,FALSE,You attacked a Steel Watcher. The Steel Watch are searching for you across the city.
Qua'nith: Alert Active,,,,,,,,,,,,,,,,,,,,ADV,,,,,,,,,,,,,,5,,,,,,FALSE,TRUE,Voss's psionic detector has warned you of an imminent githyanki attack. You gain a +5 bonus to your initiative check and have Advantage on your next Attack Roll.
Quickening Incantation,,,,,,,,,,,,,,,,,,,,,,,,,,,,,,,,,,,,,,,,TRUE,FALSE,You can cast Illusion and Enchantment Spells as a bonus action.
Quickly Ticking Mine,,,,,,,,,,,,,,,,,,,,,,,,,,,,,,,,,,,,,,,,TRUE,FALSE,This grenade will explode on the end of its turn!
Quickspell Flinger,,,,,,,,,,,,,,,,,,,,,,,,,,,,,,,,,,,,,,,,TRUE,FALSE,Cantrips that cost an  Action cost a  Bonus Action instead.
Radiant Resistance,,,,,,,,Radiant,,,,,,,,,,,,,,,,,,,,,,,,,,,,,,,,FALSE,TRUE,Resistant to Radiant damage.
Radiant Retort,,,,,,,,,,,,,,,,,,,,,,,,,,,,,,,,,,,,,,,,TRUE,FALSE,"Whenever you take Radiant damage, reflect it back at your attacker twofold as Force damage."
Radiating Orb,,,,,,,,,,,,,,,,,,,-1,,,,,,,,,,,,,,,,,,,,,FALSE,TRUE,Affected entity has -1 to Attack Rolls per remaining turn. It also sheds bright light in an area surrounding it. Reduce the duration by 2 each time the entity makes an attack.
Rage,,,,STR,,ADV,,"Bludgeoning, Piercing, Slashing",,,,,Athletics,,ADV,,,,,,,Rage,Weapon,,STR,,ADV,,,,,,,,,,,,,FALSE,TRUE,"Deals an additional 2 (increased to 3 at level 9) damage with melee and improvised weapons, unarmed strikes, and while throwing objects. Has resistance to Physical damage, and  Advantage on Strength Checks and  Saving throws. Cannot cast or concentrate on Spells."
Rage (Boar),,,,STR,,ADV,,"Bludgeoning, Piercing, Slashing",,,,,Athletics,,ADV,,,,,,,1d4+2,Slashing,,STR,,ADV,,,,,,,,,,,,,FALSE,TRUE,"Deals an additional 2 + 1d4Slashing[See Notes] damage with melee attacks. Is  Enlarged[See Notes]. Has Resistance to physical damage, and Advantage on Strength Checks and Saving Throws. Can use  Frenzied Strike (Boar). Rage ends early if the boar didn't attack an enemy or take damage since its last turn."
Rage Impeded,,,,,,,,,,,,,,,,,,,,,,,,,,,,,,,,,,,,,,,,TRUE,FALSE,"Weighed down by Heavy Armour. Until the armour is removed, Raging won't grant extra damage, resistance to physical damage, or  Advantage on Strength Checks and  Saving throws."
Rage: Bear Heart,,,,STR,,ADV,,"Bludgeoning, Piercing, Slashing, Acid, Cold, Fire, Force, Lightning, Necrotic, Poison, Radiant, Thunder",,,,,Athletics,,ADV,,,,,,,Rage,Weapon,,STR,,ADV,,,,,,,,,,,,,FALSE,TRUE,"Deals an additional 2 damage with melee and improvised weapons, and when throwing objects. Also has resistance to all damage except Psychic damage, and  Advantage on Strength checks and  Saving throws. Cannot cast or concentrate on spells. Rage ends early if the barbarian didn't attack an enemy or take damage since their last turn."
Rage: Eagle Heart,,,,STR,,ADV,,"Bludgeoning, Piercing, Slashing",,,,,Athletics,,ADV,,,,,,,Rage,Weapon,,STR,,ADV,,,,,,,,,,,,,FALSE,TRUE,"Can use  Dash as a  Bonus Action, and foes have  Disadvantage on  Opportunity Attacks. Deals an additional 2 damage with melee and improvised weapons, and when throwing objects. Also has resistance to Physical damage, and  Advantage on Strength checks and  Saving throws. Cannot cast or concentrate on spells."
Rage: Elk Heart,,,,STR,,ADV,,"Bludgeoning, Piercing, Slashing",,,,,Athletics,,ADV,4.5,,,,,,Rage,Weapon,,STR,,ADV,,,,,,,,,,,,,FALSE,TRUE,"Movement speed increased by  4.5 m / 15 ft and can use  Primal Stampede. Deals an additional 2 damage with melee and improvised weapons, and when throwing objects. Also has resistance to Physical damage, and  Advantage on Strength checks and  Saving throws. Cannot cast or concentrate on spells."
Rage: Tiger Heart,,,,STR,,ADV,,"Bludgeoning, Piercing, Slashing",,,,,Athletics,,ADV,,,,,,,Rage,Weapon,,STR,,ADV,,,,,,,,,,,,,FALSE,TRUE,"Jump distance increased by  4.5 m / 15 ft and can use  Tiger's Bloodlust. Deals an additional 2 damage with melee and improvised weapons, and when throwing objects. Also has resistance to Physical damage, and  Advantage on Strength checks and  Saving throws. Cannot cast or concentrate on spells."
Rage: Wolf Heart,,,,STR,,ADV,,"Bludgeoning, Piercing, Slashing",,,,,Athletics,,ADV,,,,,,,Rage,Weapon,,STR,,ADV,,,,,,,,,,,,,FALSE,TRUE,"Can use  Inciting Howl and allies have  Advantage on melee Attack rolls against enemies within  2 m / 7 ft. Deals an additional 2 damage with melee and improvised weapons, and when throwing objects. Also has resistance to Physical damage, and  Advantage on Strength checks and  Saving throws. Cannot cast or concentrate on spells."
Rage: Wolf Heart's Prey,,,,,,,,,,,,,,,,,,,,,,,,,,,,,,,,,,,,,,,,TRUE,FALSE,Standing near a Raging Wolf Heart barbarian. The barbarian's allies have  Advantage on melee Attack rolls against this creature.
Raging Vortex,,,,,,,,,,,,,,,,,,,,,,,,,,,,,,,,,,,,,,,,TRUE,FALSE,Affected entity is  Silenced and is being dealt 2d8Bludgeoning damage per turn while remaining in the vortex.
Rallied,,,,,,,,,,,,,,,,,,,,,,,,,,,,,,,,,,,,,,,8,FALSE,TRUE,Granted  8 temporary hit points by a friendly combatant's rallying cry.
Rallied (Endgame),,,,,,,,,,,,,,,,,,,,,,,,,,,,,,,,,,,,,,,30,FALSE,TRUE,The galvanising word and will of Duke Ravengard runs hot through your veins - granting you 30 temporary hit points.
Rampage,,,,,,,,,,,,,,,,,,,,,,,,,,,,,,,,,,,,,,,,TRUE,FALSE,"When a gnoll Downs a creature with a melee attack on its turn, it regains 1 bonus action and half of its movement speed."
Rampart Aura,,,,,,,,,,,,,,,,x0.5,,,,,,,,,,,,,,,,,,,,,,,,FALSE,TRUE,All entities with or in this aura have their movement speed halved.
Rapport Spores,,,,,,,,,,,,,,,,,,,,,,,,,,,,,,,,,,,,,,,,TRUE,FALSE,Affected creatures can communicate telepathically with one another. Does not have a mechanical effect.
Rapture,,,,,1d6,,,,,,,,,1d6,,,,,1d6,,,,,,,1d6,,,,,,,,,,,,,,FALSE,TRUE,"Has a +1d6 bonus to Attack Rolls, Ability Checks, and Saving Throws. Until next long rest."
Ray of Frost,,,,,,,,,,,,,,,,-3,,,,,,,,,,,,,,,,,,,,,,,,FALSE,TRUE,Movement Speed is reduced by  3 m / 10 ft.
Reactive Restoration,,,,,,,,,,,,,,,,,,,,,,,,,,,,,,,,,,,,,,,,TRUE,FALSE,"When  Blinded,  Paralysed, or  Poisoned, the affected entity is automatically  Restored."
Ready to Parry,,,,,,,,,,,,,,,,,,,,,,,,,,,,,,,,,,,,,,,,TRUE,FALSE,"The Githyanki stands ready to parry the next weapon attack, reducing its incoming damage by 10. The Githyanki can parry an attack as long as they have a  Reaction, they wield a greatsword, and they aren't  Blinded,  Incapacitated or  Restrained."
Ready to Parry (Supreme),,,,,,,,,,,,,,,,,,,,,,,,,,,,,,,,,,,,,,,,TRUE,FALSE,"The Githyanki stands ready to parry the next weapon attack, reducing its incoming damage by 20. The Githyanki can parry an attack as long as they have a  Reaction, they wield a greatsword, and they aren't  Blinded,  Incapacitated or  Restrained."
Reaper's Reward,,,,,,,,,,,,,,,,,,,,,,,,,,,,,,,,,,,,,,,,TRUE,FALSE,Consumed a necromite's soul and gained the ability to cast  Finger of Death
Reapply Hex,,,,,,,,,,,,,,,,,,,,,,,,,,,,,,,,,,,,,,,,TRUE,FALSE,Can cast Hex without expending a new spell slot.
Recast Speak with Dead,,,,,,,,,,,,,,,,,,,,,,,,,,,,,,,,,,,,,,,,TRUE,FALSE,Can recast Speak with Dead without expending a spell slot.
Recharging,,,,,,,,,,,,,,,,,,,,,,,,,,,,,,,,,,,,,,,,TRUE,FALSE,This device cannot fire this turn.
Reckless Attack,,,,,,,,,,,,,,,,,,,,ADV,,,,,,,,,,,,,,,,ADV,,,,FALSE,TRUE,"You have  Advantage on Attack Rolls, but enemies also have Advantage on Attack Rolls against you."
Reckless Roar,,,,,,,,,,,,,,,,,,,,ADV,,,,,,,,,,,,,,,,ADV,,,,FALSE,TRUE,"Creature has  Advantage on Attack Rolls, but its attackers also have Advantage on Attack Rolls against the creature"
Reckless Warcry,,-1,,,,,,,STR,3,,,,,,,,,,,,,,,,,,,,,,,,,,,,,,FALSE,TRUE,Strength is increased by 3.
Reconfigured: Undead,,,,,,,,,,,,,,,,,,,,,,,,,,,,,,,,,,,,,,,,TRUE,FALSE,The foulest stench is in the air...
Recovering,,,,,,,,,,,,,,,,,,,,,,,,,,,,,,,,,,,,,,,,TRUE,FALSE,"Thisobald has had enough of his own concoctions - for now. Soon the numbness will set in once more, and the cycle will start all over again."
Reduced,,,,STR,,DIS,,,,,,,Athletics,,DIS,,,,,,,,,,STR,,DIS,,,,,,,,,,,,,FALSE,TRUE,Size is reduced. Weapon attacks deal  1d4 less damage. Has  Disadvantage on Strength Checks and  Saving throws. Carrying Capacity is reduced by 25%
Reduced (Duergar),,5,,STR,,DIS,,,,,,,Athletics,,DIS,,,,,,,-1d4,Weapon,,STR,,DIS,,,,,,,,,,,,,FALSE,TRUE,Size is reduced. Has  Disadvantage on Strength Checks and  Saving throws. Attacks deal  1d4 less damage.
Reeling,,,,,,,,,,,,,,,,,,,-1,,,,,,,,,,,,,,,,,,,,,FALSE,TRUE,Recovering from receiving a terrible blow or hitting a strong metal. Has a -1 penalty to Attack Rolls for every turn remaining. Reeling has a maximum  Duration: 10 turns.
Reflective Mucus,,2,,,,,,,,,,,,,,,,,,,,,,,,,,,,,,,,,,,,,,TRUE,FALSE,"Reflects the first projectile flying towards it back at the attacker, after which the mucus is removed."
Reflective Shell,,,,,,,,,,,,,,,,,,,,,,,,,,,,,,,,,,,,,,,,TRUE,FALSE,Projectiles targeted at this creature are reflected back to their point of origin.
Reflectoguard Active,,,,,,,,,,,,,,,,,,,,,,,,,,,,,,,,,,,,,,,,TRUE,FALSE,Any projectile fired at this character is sent back to where it came from.
Refreshed,,,,,,,,,,,,10,,,,,,,,,,,,,,,,,,,,,,,,,,,,FALSE,TRUE,Hit Point maximum increased by 10 until the next Long Rest. Turns into  Nauseated after a Long Rest.
Regeneration,,,,,,,,,,,,,,,,,,,,,,,,,,,,,,,,,,,,,,,,TRUE,FALSE,"The Wood Woad regains 10hit points if it walks through a vine surface, unless it recently took Fire damage."
Rejuvenating Miasma,,,,,,,,,,,,,,,,,,,,,,,,,,,,,,,,,,,,,,,,TRUE,FALSE,Animate Dead doesn't require a corpse in this area due to a lingering necrotic stench.
Relentless Avenger,,,,,,,,,,,,,,,,4.5,,,,,,,,,,,,,,,,,,,,,,,,FALSE,TRUE,You have a  4.5 m / 15 ft bonus to your Movement Speed
Rended Flesh,,,,,,,,,,,,,,,,,,,,,,,,,,,,,,,,,,,,,,,,TRUE,FALSE,Affected entity can't be healed and can't gain Temporary Hit Points.
Repair Matrix,,,,,,,,,,,,,,,,,,,,,,,,,,,,,,,,,,,,,,,,TRUE,FALSE,"At the start of its turn, restorative servos heal this Steel Watcher for 3d8hit points."
Resistance,,,,,1d4,,,,,,,,,,,,,,,,,,,,,,,,,,,,,,,,,,,FALSE,TRUE,Gains a  +1d4 bonus to  Saving throws.
Resistant to Acid Damage,,,,,,,,Acid,,,,,,,,,,,,,,,,,,,,,,,,,,,,,,,,FALSE,TRUE,Acid damage against this entity is halved.
Resistant to Cold Damage,,,,,,,,Cold,,,,,,,,,,,,,,,,,,,,,,,,,,,,,,,,FALSE,TRUE,Cold damage against this entity is halved.
Resistant to Fire Damage,,,,,,,,Fire,,,,,,,,,,,,,,,,,,,,,,,,,,,,,,,,FALSE,TRUE,Fire damage against this entity is halved.
Resistant to Lightning Damage,,,,,,,,Lightning,,,,,,,,,,,,,,,,,,,,,,,,,,,,,,,,FALSE,TRUE,Lightning damage against this entity is halved.
Resistant to Necrotic Damage,,,,,,,,Necrotic,,,,,,,,,,,,,,,,,,,,,,,,,,,,,,,,FALSE,TRUE,Necrotic damage against this entity is halved.
Resistant to Poison Damage,,,,,,,,Poison,,,,,,,,,,,,,,,,,,,,,,,,,,,,,,,,FALSE,TRUE,Poison damage against this entity is halved.
Resistant to Radiant Damage,,,,,,,,Radiant,,,,,,,,,,,,,,,,,,,,,,,,,,,,,,,,FALSE,TRUE,Radiant damage against this entity is halved.
Resisted the Song,,,,,,,,,,,,,,,,,,,,,,,,,,,,,,,,,,,,,,,,TRUE,FALSE,The affected entity succeeded a  Saving throw against the harpy's  Luring Song and is immune to the effects for 2 turns.
Resonating Ki,,,,,,,,,,,,,,,,,,,,,,,,,,,,,,,,,,,,,,,,TRUE,FALSE,The ki within the affected entity is resonating with a monk's. The monk can use  Ki Resonation: Blast to make it explode.
Restrained,,,,DEX,,DIS,,,,,,,,,,,,,,DIS,,,,,,,,,,,TRUE,,,,,ADV,,,,FALSE,TRUE,"Cannot move. Attack rolls against the affected entity have  Advantage, while the entity's Attack rolls and  Dexterity saving throws have  Disadvantage"
Retributive Justice,,,,,,,,,,,,,,,,,,,,,,,,,,,,,,,,,,,,,,,,TRUE,FALSE,"This Echo of Bhaal is drawing on new, terrible powers to avenge Sarevok's death."
Revealed,,,,,,,,,,,,,,,,,,,,,,,,,,,,,,,,,,,,,,,,TRUE,FALSE,Affected entity lost its  Invisibility due to the effects of  See Invisibility.
Reverberation,,,,"STR, DEX, CON",-1,,Thunder,,,,,,,,,,,,,,,,,,,,,,,,,,,,,,,,,FALSE,TRUE,"Affected entity has a -1 penalty to Strength, Dexterity, and Constitution  Saving throws per remaining turn. When the entity has 5 or more turns of Reverberation, it takes 1d4Thunder damage and must succeed a DC 10  Constitution saving throw or fall  Prone. The condition is removed afterward. Creatures Immune to Thunder damage can't receive Reverberation."
Revitalising Gore,,,,,,,,,,,,,,,,,,,,,,,,,,,,,,,,,,,,,,,,TRUE,FALSE,"Affected entity is drenched in its enemies' blood. It regains 2d6hit points per turn. At level 10, the healing is increased to 4d6hit points per turn."
Righteous Clarity,,,,,,,,,,,,,,,,,,,PRO,,,,,,,,,,,,,,,,,,,,,FALSE,TRUE,Has a +proficiency bonus to Attack rolls.
Ritual Chant: Bhaal's Power Word Kill,,,,,,,,,,,,,,,,,,,,,,,,,,,,,,,,,,,,,,,,TRUE,FALSE,"As part of the challenge to enter the temple, the Farslayer has begun chanting. It can cast  Bhaal's Power Word Kill once its profane ritual ends. Exiting the Farslayer's chanting range of 55 m / 183 ft makes its enemies invulnerable to the effect. Slaying the Farslayer stops the ritual and wins the conflict."
Ritual Component,,,,,,,,,,,,,,,,,,,,,,,,,,,,,,,,,,,,,,,,TRUE,FALSE,Astarion is Incapacitated as part of a profane ritual until Helped.
Ritual Drain: Astarion,,,,,,,,,,,,,,,,,,,,,,,,,,,,,,,,,,,,,,,,TRUE,FALSE,Has an additional bonus action after draining Astarion's life force. This effect can only apply once per round.
Ritual Drain: Violet,,5,,,,,,,,,,,,,,,,,,,,,,,,,,,,,,,,,,,,,,FALSE,TRUE,The creature has an additional +5 to its Armour Class after absorbing Violet's strength.
Ritual Drain: Yousen,,,,,,,,,,,,,,,,,,,,,,,,,,,,,,,,,,,,,,,,TRUE,FALSE,The creature gains 3d8hit points every turn while drawing on Yousen's vitality.
Ritual Sources,,,,,,,,,,,,,,,,,,,,,,,,,,,,,,,,,,,,,,,,TRUE,FALSE,"For each ritual source, your movement increases by  1 m / 3 ft, you receive  10 temporary hit pointss and your attacks and spells deal an additional 1d10Necrotic damage, after draining a vampire spawn's life force."
Roiling Hellfire,,,,,,,,,,,,,,,,,,,,,,,,,,,,,,,,,,,,,,,,TRUE,FALSE,"6d6 (6~36) Fire Flames from the heart of Avernus engulf this entity, inflicting 6d6Fire damage per turn."
Rotten Reflux,,,,,,,,,,,,,,,,,,,,,,,,,,,,,,,,,,,,,,,,TRUE,FALSE,"Necrotic damage has spoiled Thisobald's special brew, letting him use  Rotting Regurgitation."
Rotting,,,,CHA,,DIS,,,,,,,"Persuasion, Performance, Intimidation, Deception",,DIS,,,,,,,,,,CHA,,DIS,,,,,,,,,,,,,FALSE,TRUE,Open wound is starting to rot.  Disadvantage on  Ability checks and  Saving throws using Charisma. DC 15  Constitution saving throw to remove condition when the condition expires from duration. Failure will lead to you gaining  Flesh Rot.
Rumbling with Kereska's Thunder,,,,,,,,Thunder,,,,,,,,,,,,,,,,,,,,,,,,,,,,,,,,FALSE,TRUE,"Affected entity has resistance to Thunder damage. Its thunder spells deal additional damage equal to its proficiency bonus. When it deals spell damage, it inflicts 2 turns of  Reverberation upon the target. While attuned to Kereska's thunder, it can cast  Shatter and  Destructive Wave at 5th level once per short rest."
Ruptured,,,,,,,,,,,,,,,,,,,,,,,,,,,,,,,,,,,,,,,,TRUE,FALSE,"Take 1d4Piercing for each  1 m / 3 ft movement. Each time the damage is triggered, reduce the condition duration by 1."
Sacred Defiance,,,,,,,,,,,,,,,,,,,,,,,,,,,,,,,,,,,,,,,,TRUE,FALSE,Affected entity has  Advantage against the effects of  Turn Undead while near the spellcaster.
Sacred Defiance Aura,,,,,,,,,,,,,,,,,,,,,,,,,,,,,,,,,,,,,,,,TRUE,FALSE,Affected entity and nearby undead have  Advantage against the effect of Turn Undead.
Sacred Flame,,,,,,,,,,,,,,,,,,,,,,,,,,,,,,,,,,,,,,,,TRUE,FALSE,The affected entity sheds light in 1.5m radius. It cannot become  Invisible. Enemies are more likely to target this character during the trial.
Sacred Munitions,,,,,,,,,,,,,,,,,,,,,,,,,,,,,,,,,,,,,,,,TRUE,FALSE,Affected entity's ranged weapon attacks possibly inflict  Turn Undead on a target.
Sacred Weapon,,,,,,,,,,CHA,,,,,,,,,,,,,,,,,,,,,,,,,,,,,,FALSE,TRUE,Wielder's Charisma Modifier is added to Attack Rolls made with this weapon. The weapon has become magical and emits light.
Sacrificed Soul,,,,,,,,,,,,,,,,,,,,DIS,,,,,,,,,,,,,,,,ADV,,,,FALSE,TRUE,"The affected entity has  Disadvantage on Attack Rolls, and attacks against it have  Advantage while the creature that sacrificed its soul is alive."
Sacrificial Lamb,,,,,,,,"Thunder, Bludgeoning, Piercing, Slashing, Acid, Cold, Fire, Force, Lightning, Necrotic, Poison, Psychic, Radiant",,,,,,,,,,,,,,,,,,,,,,,TRUE,TRUE,TRUE,,,,,,,FALSE,TRUE,"Entity can't move or take actions, bonus actions, or reactions while enveloped in vampiric magic. If Cazador draws power from all the spawns bound this way three times, he will ascend. Grants resistance to all damage types."
Sanctuary,,,,,,,,,,,,,,,,,,,,,,,,,,,,,,,,,,,,,,,,TRUE,FALSE,"Affected entity can't be targeted by enemy attacks or spells. However, it can still take damage from spells that influence a larger area. Condition ends if the affected entity attacks or harms another creature, and will receive  Sanctuary Blocked for 1 turn."
Sanctuary Blocked,,,,,,,,,,,,,,,,,,,,,,,,,,,,,,,,,,,,,,,,TRUE,FALSE,Affected entity can't receive  Sanctuary
Sanctuary of Loss,,,,,,,,,,,,,,,,,,,,,,,,,,,,,,,,,,,,,,,,TRUE,FALSE,The Nightbringer's dark arcana stops this entity being directly targeted by spells or attacks until it takes a harmful action. Areas of effect can still harm this entity. Viconia can still use  Heartwrench and keep this protection.
Sapped,,,,,,,,,,,,,,,,,,,,,,,,,,,,,,,,,,,,,,,,TRUE,FALSE,Target has been psionically drained.
Sapping Curse,,,,,,,,,,,,,,,,,,,,,,,,,,,,,,,,,,,,,,,,TRUE,FALSE,"This cursed energy drains vitality of anyone who dares get closer. Any creature within range of the affected entity gains the condition  Vitality Drain, and takes 4d6+4Necrotic per turn. Take half damage on succeeding DC 8  Wisdom saving throw. Target is cursed."
Savage Howl,,,,,,,,,,,,,,,,5,,,,,,,,,,,,,,,,,,,,,,,20,FALSE,TRUE,Movement Speed increased by  5 m / 17 ft. Gains  20 temporary hit points
Scarlet Remittance +1,,,,,,,,,,,,,,,,,,,1,,,1,Weapon,,,,,1,,,,,,,,,,,,FALSE,TRUE,"Affected entity has +1 bonus to Attack rolls, damage, and Spell Save DC."
Scarlet Remittance +2,,,,,,,,,,,,,,,,,,,2,,,2,Weapon,,,,,2,,,,,,,,,,,,FALSE,TRUE,"Affected entity has +2 bonus to Attack rolls, damage, and Spell Save DC."
Scarlet Remittance +3,,,,,,,,,,,,,,,,,,,3,,,3,Weapon,,,,,3,,,,,,,,,,,,FALSE,TRUE,"Affected entity has +3 bonus to Attack rolls, damage, and Spell Save DC."
Scarlet Saturation,,,,,,,,,,,,,,,,,,,,,,,,,,,,,,,,,,,,,,,,TRUE,FALSE,Your next attack is guaranteed to Critically Hit.
Scarlet Stupor,,,,,,,,,,,,,,,,,,,,,,,,,,,,,,,,,,,,,,,,TRUE,FALSE,The next creature to roll a  Saving throw against one of your spells has  Disadvantage.
Scorching Siphon,,,,,,,,,,,,,,,,,,,,,,,,,,,,,,,,,,,,,,,,TRUE,FALSE,A nearby fire myrmidon grants the affected entity Immunity to Fire damage and an additional 3d8Fire damage to  Elemental Retort. The affected entity also gains temporary access to  Fireball and an additional  Reaction per turn.
Scratch's Sniff,,,,,,,,,,,,,,,,,,,,,,,,,,,,,,,,,,,,,,,,TRUE,FALSE,Scratch has discovered something of note nearby.
Sea Plague,,,,STR,,DIS,,,,,,,Athletics,,DIS,,,,,DIS,,,,,STR,,DIS,,,,,,,,,,,,,FALSE,TRUE,"Beaded and adrip with thick oily sweat, the affected entity has  Disadvantage on  Ability checks,  Saving throws, and Attack rolls using  Strength."
Searing Smite,,,,,,,,,,,,,,,,,,,,,,,,,,,,,,,,,,,,,,,,TRUE,FALSE,Takes 1d6Fire damage per turn. The condition ends if target succeeds a Constitution  Saving throw.
See Invisibility,,,,,,,,,,,,,,,,,,,,,,,,,,,,,,,,,,,,,,,,TRUE,FALSE,Can see Invisible creatures within  9 m / 30 ft. Creatures must succeed a Dexterity  Saving throw or lose their Invisibility.
Seeming,,,,,,,,,,,,,,,,,,,,,,,,,,,,,,,,,,,,,,,,TRUE,FALSE,Appearance is entirely changed.
Seething Fury,,,,,,,,,,,,,,,,,,,,,,,,,,,,,,,,,,,,,,,,TRUE,FALSE,"Rage brews within the gnoll. Once it gives in to its fury, it'll be able to attack multiple times per turn. This will evolve into  Festering Frenzy and then  Frenzied Fury, which will allow the gnoll to attack three times per turn."
Seized by Planar Binding,,,,,,,,,,,,,,,,,,,,,,,,,,,,,,,,,,,,,,,,TRUE,FALSE,"Affected entity follows and fights for the one who has bound it. Every time it takes damage, it may break the caster's control over it with a successful  Wisdom saving throw."
Self-Same Trial,,,,,,,,,,,,,,,,,,,,,,,,,,,,,,,,,,,,,,,,TRUE,FALSE,"Shar has created this reflection as a test. If a creature attacks a reflection that is not their own, it incurs  Cheater's Folly."
Selune's Blessing: Lunar Brand,,,,,,,,,,,,,,,,,,,,,,1d4,Radiant,,,,,,,,,,,,,,,,,FALSE,TRUE,Your attacks deal an additional 1d4Radiant damage.
Selune's Blessing: Moonsnare,,,,,,,,,,,,,,,,x0.5,,,,,,,,,,,,,,,,,,,,,,,,FALSE,TRUE,Movement speed halved.
Selûne's Ire,,,,,,,,,,,,,,,,,,,,,,,,,,,,,,,,,,,,,,,,TRUE,FALSE,"As a reaction, the Sliver can deal 12d12Radiant damage to an attacker. It can use  Selûne's Ire again after its next turn."
Selûne's Seal,,,,,,,,,,,,,,,,,,,,,,,,,,,,,,,,,,,,,,,,TRUE,FALSE,"A protective shield surrounds the chest, dealing 4d6Radiant damage to any heretics that touch it."
Sentinel Foe,,,,,,,,,,,,,,,,,,,,,,,,,,,,,,,TRUE,,,,,,,,,FALSE,TRUE,Can't move. Restrained by an Opportunity Attack from a Sentinel.
Septic,,,,CON,,DIS,,,CON,-1,,,,,,,,,,,,,,,,,,,,,,,,,,,,,,FALSE,TRUE,"Affected entity has its Constitution reduced by 1, and has  Disadvantage on Constitution  Saving throws"
Serpent Fang Toxin,,,,,,,,,,,,,,,,,,,,,,,,,,,,,,,,,,,,,,,,TRUE,FALSE,Affected entity takes 1d6Poison damage at the end of its next turn.
Severe Arcane Hunger,,,,,,DIS,,,,,,,,,,x0.5,,,,,,,,,,,DIS,,,,,,,,,,,,,FALSE,TRUE,The Netherese Orb in Gale's body is severely weakening him. He has  Disadvantage on Attack rolls and all  Saving throws. His movement speed is halved.
Severed Soul,,,,,,,,,,,,,,,DIS,,,,,DIS,,,,,,,DIS,,,,,,,,,,,,,FALSE,TRUE,"With no soul to motivate it, the affected entity has  Disadvantage on Attack rolls and all  Ability checks until  Restore Soul is cast on a Soul Pillar or Raphael."
Shackled,,,,,,,,,,,,,,,,,,,,,,,,,,,,,,,,,,,,,,,,TRUE,FALSE,Chained to the ground with iron shackles
Shadespell,,,,,,,,,,,,,,,,,,,,,,,,,,,,,,,,,,,,,,,,TRUE,FALSE,"As long as it remains obscured, the affected entity has +1 to spell save DC."
Shadow Curse,,,,,,,,,,,,,,,,,,,,,,,,,,,,,,,,,,,,,,,,TRUE,FALSE,"Without a light source, you will take 2d4Necrotic damage every turn. This damage doubles each turn the party members are affected by the Shadow Curse."
Shadow Infusion (Hound of Ill Omen),,,,,,,,,,,,,,,,,,,,,,,,,,,,,,,,,,,,,,,,TRUE,FALSE,Close to another creature of the shadows. The Hound of Ill Omen has gained the Right Behind You reaction.
Shadow Infusion (Accursed Spectre),,,,,,,,,,,,,,,,,,,,,,,,,,,,,,,,,,,,,,,,TRUE,FALSE,Close to another creature of the shadows. The Accursed Spectre has gained the Splinter Shadow reaction.
Shadow Possession,,,,,,,,,,,,,,,,,,,,,,1d4,Necrotic,,,,,,,,,,,,,,,,,FALSE,TRUE,Affected entity is possessed by frenzied shadows and will attack the nearest creature. Its weapon attacks deal an additional 1d4Necrotic damage.
Shadow Step,,,,,,,,,,,,,,,,,,,,ADV,,,,,,,,,,,,,,,,,,,,FALSE,TRUE,Affected entity has  Advantage on their next melee Attack roll
Shadow Veil,,,,,,,,"Bludgeoning, Piercing, Slashing",,,,,,,,,,,,,,,,,,,,,,,,,,,,,,,,FALSE,TRUE,"Because it is Lightly or Heavily Obscured, this entity is Resistant to Bludgeoning, Piercing, and Slashing damage."
Shadow Visage,,,,,,,,,,,,,,,,,,,,,,,,,,,,,,,,,,,,,,,,TRUE,FALSE,This visage is floating in shadowy limbo. It cannot be damaged until drawn into combat.
Shadow-Animated,,,,,,,,,,,,,,,,,,,,,,,,,,,,,,,,,,,,,,,,TRUE,FALSE,"This armour is animated by shadow, increasing its Ability Scores and Hit Points."
Shadow-Cursed Undead,,,,,,,,Necrotic,,,,,,,,,,,,,,,,,,,,,,,,,,,,,,,,FALSE,TRUE,"Those who die in the shadows are cursed to remain there forever. These undead have reduced Hit Points and Strength, are Resistant to Necrotic damage and cannot use Spells or Weapon Actions."
Shadow-Cursed Vines,,,,DEX,,DIS,,,,,,,,,,,,,,DIS,,,,,,,,,,,TRUE,,,,,ADV,,,,FALSE,TRUE,"Affected entity can't move and takes 1-4NecroticDRS damage per turn. Attack Rolls against it have  Advantage, while its Attack Rolls and Dexterity  Saving throws have  Disadvantage."
Shapechanged,,,,,,,,,,,,,,,,,,,,,,,,,,,,,,,,,,,,,,,,TRUE,FALSE,This creature has shapechanged into a male human.
Shar's Blessing: Barrier of Darkness,,,,,,,,,,,,,,,,,,,,,,,,,,,,,,,,,,,,,,,,FALSE,TRUE,You have an  Advantage on  Saving throws while in darkness or dim light.
Shar's Embrace,,,,,,,,,,,,,,,,,,,,,,,,,,,,,,,,,,,,,,,,TRUE,FALSE,You cannot move or escape while locked in the  Dark Lady's clutches.
Shar-Stricken,,,,,,,,,,,,,,,,,,,,,,,,,,,,,,,,,,,,,,,,TRUE,FALSE,"The Lady of Loss  Hexes you, causing a temporary lapse in your agility."
Sharran Retribution,,,,,,,,,,,,,,,,,,,,,,,,,,,,,,,,,,,,,,,,TRUE,FALSE,Shield of Faith reduces all damage by 2 and deals 1d4Necrotic damage back at the attacker.
Shattered,,,,,,,,,,,,,,,,,,,,,,,,,,,,,,,,,,,,,,,,TRUE,FALSE,Imbued with the gnawing exhaustion of endless labour. Receives an additional 1d4Piercing when struck by the war pick Deep Delver.
Shattered Psyche,,-2,,,,,,,,,,,,,,,,,,,,,,,,,,,,,,,,,,,,,,FALSE,TRUE,Armour Class is reduced by 2.
Shattered Psyche (Full-illithid),,-6,,,-5,,,,,,,,,,,,,,,,,,,,,,,,,,,,,,,,,,,FALSE,TRUE,"Your Armour Class Armour Class is reduced by 6, you have a -5 penalty to all  Saving throws, and  Disadvantage on Concentration saving throws."
Shell of Resistance,,,,,,,"Thunder, Fire","Lightning, Bludgeoning, Piercing, Slashing, Cold, Acid, Force, Necrotic, Radiant, Psychic, Poison",,,,,,,,3,,,,,,,,,,,,,,,,,,,,,,,,FALSE,TRUE,"Gortash has Immunity to Thunder damage, Resistance to physical and elemental damage for one turn, an extra bonus action and  3 m / 10 ft extra Movement Speed. Tactician only Gortash has Immunity to Fire as well."
Shield,,5,,,,,,,,,,,,,,,,,,,,,,,,,,,,,,,,,,,,,,TRUE,FALSE,Immune to Magic Missile.
Shield of Faith,,2,,,,,,,,,,,,,,,,,,,,,,,,,,,,,,,,,,,,,,FALSE,TRUE,Receives +2 bonus to Armour Class Armour Class.
Shield of Screams,,3,,,,,,,,,,,,,,,,,,,,,,,,,,,,,,,,,,,,,,TRUE,FALSE,Protected by the screams of his enemies. Attackers take 2d6Psychic damage when they hit Nere with a melee attack.
Shielded,,,,,,,,,,,,,,,,,,,,,,,,,,,,,,,,,,,,,,,,TRUE,FALSE,Shielded from the Voice of the Absolute.
Shillelagh,,,,,,,,,,,,,,,,,,,,,,1d8,Bludgeoning,,,,,,,,,,,,,,,,,FALSE,TRUE,Creature's weapon is magical and deals  1d8Bludgeoning damage. Attack rolls use the wielder's Spellcasting modifier.
Shillelagh (Strengthened),,,,,,,,,,,,,,,,,,,,,,4d8,Bludgeoning,,,,,,,,,,,,,,,,,FALSE,TRUE,Creature's weapon is magical and deals 4d8Bludgeoning damage. Attack rolls use the wielder's Spellcasting Ability Modifier. This condition is only available to the summoned Dryad
Shocked,,,,DEX,,DIS,,,,,,,"Acrobatics, Sleight of Hand, Stealth",,DIS,,,,,,,,,,DEX,,DIS,,,,,,,,,,,,,FALSE,TRUE,Cannot take reactions and has  Disadvantage on Ability Checks and Saving Throws using Dexterity.
Shocking Brew,,,,,,,,,,,,,,,,,,,,,,2d6,Lightning,,,,,,,,,,,,,,,,,FALSE,TRUE,Affected entity deals an additional 2d6Lightning damage while infused with Thisobald's current brew.
Shocking Grasp,,,,,,,,,,,,,,,,,,,,,,,,,,,,,,,,,TRUE,,,,,,,FALSE,TRUE,Cannot take Reactions.
Shredded Armour,,-2,,,,,,,,,,,,,,,,,,,,,,,,,,,,,,,,,,,,,,TRUE,FALSE,Removed by healing.
Shrouded,,,,,,,,,,,,,,,,,,,,,,,,,,,,,,,,,,,,,,,,TRUE,FALSE,This painting is obscured while within  6 m / 20 ft of the Judge.
Shrouded Sentence,,,,,,,,,,,,,,,,,,,,,,,,,,,,,,,,,,,,,,,,TRUE,FALSE,"The Judge is obscuring paintings within  6 m / 20 ft, preventing judgement being passed on an accused soul."
Sickened,,,,,,,,,,,,,,,,,,,,,,,,,,,,,"Cold, Bludgeoning, Piercing, Slashing, Acid, Fire, Force, Lightning, Necrotic, Poison, Psychic, Thunder",,,,,,,,,,,FALSE,TRUE,"Overpowering, indescribable sickness. Vulnerable to most types of damage. Vulnerable to all damage types except Radiant"
Silence Aura,,,,,,,,,,,,,,,,,,,,,,,,,,,,,,,,,,,,,,,,TRUE,FALSE,"While it remains in the aura, affected entity is  Silenced."
Silenced,,,,,,,Thunder,,,,,,,,,,,,,,,,,,,,,,,,,,,,,,,,,FALSE,TRUE,"Creature can't speak or cast spells with a verbal component, and is immune to Thunder damage."
Silkroot Euphoria,,,,,,,,,,,,,"Acrobatics, Sleight of Hand, Stealth, Deception, Intimidation, Performance, Persuasion",,DIS,,,,,,,,,,"DEX, CHA",,DIS,,,,,,,,,,,,,FALSE,TRUE,The creature suffers  Disadvantage on Dexterity and Charisma checks.
Silvanus' Blessing,,,,,,,,,,,,,,,,,,,,,,,,,,,,,,,,,,,,,,"Nature, Animal Handling",,FALSE,TRUE,Has Proficiency in Nature and Animal Handling
Silvered Bulwark,,,,,,,"Thunder, Bludgeoning, Piercing, Slashing, Acid, Cold, Fire, Force, Radiant, Psychic, Poison, Necrotic, Lightning",,,,,,,,,,,,,,,,,,,,,,,,,,,,,,,,,FALSE,TRUE,Affected entity is Immune to all damage. This protection is shared by every creature and object within the barrier.
Simple Toxin,,,,,,,,,,,,,,,,,,,,,,,,,,,,,,,,,,,,,,,,TRUE,FALSE,Affected entity takes 1d4Poison damage at the end of its next turn.
Singing,,,,,,,,,,,,,,,,,,,,,,,,,,,,,,,,,,,,,,,,TRUE,FALSE,The harpy  Lures nearby creatures with a magical melody. The song ends if she is incapacitated or loses concentration.
Singing Sword: Shriek,,,,,-1d4,,,,,,,,,,,,,,-1d4,,,,,,,,,,,,,,,,,,,,,FALSE,TRUE,"Affected entity has  1d4 penalty to all  Saving throws and Attack rolls. When it is damaged, it takes an additional 1d4Thunder damage."
Singing Sword: Shrieking,,,,,,,,,,,,,,,,,,,,,,,,,,,,,,,,,,,,,,,,TRUE,FALSE,Enemies within  6 m / 20 ft of range have  1d4 penalty to all  Saving throws and Attack rolls and take an additional 1d4Thunder damage.
Singing Sword: Singing,,,,,,,,,,,,,,,,,,,,,,,,,,,,,,,,,,,,,,,,TRUE,FALSE,All allies within  6 m / 20 ft of range have 1d4 bonus to Attack rolls and  Saving throws.
Singing Sword: Song,,,,,1d4,,,,,,,,,,,,,,1d4,,,,,,,,,,,,,,,,,,,,,FALSE,TRUE,Wielder has 1d4 bonus to Attack rolls and  Saving throws.
Sinister Lord,,5,,,,,,,,,,,,,,7,,,,,,7d10,Necrotic,,,,,,,,,,,,,,,,,FALSE,TRUE,"With the ritual complete Cazador has ascended. His movement speed is permanently increased by 7 m / 23 ft, the damage of his attacks and spells increases by 7~70Necrotic, and he regains 100hit points per turn."
Sinister Seal,,,,,,,,,,,,,,,,,,,,,,,,,,,,,,,,,,,,,,,,TRUE,FALSE,Dark energy envelops this door.
Skilled Skullduggery,,,,,,,,,,,,,,,,,,,,,,,,,,,,,,,,,,,,,,,,TRUE,FALSE,"While hidden, the number the affected entity needs to roll a Critical Hit while attacking is reduced by 1. This effect can stack."
Slash the Weak,,,,,,,,,,,,,,,,,,,,,,,,,,,,,Slashing,,,,,,,,,,,FALSE,TRUE,"Affected entity is Vulnerable to Slashing damage for 3 turns, or until it takes damage."
Slayer Form,,,,,,,,,,,,,,,,,,,,,,,,,,,,,,,,,,,,,,,,TRUE,FALSE,"Affected entity has embraced its savage compulsions, allowing it to assume its Slayer form."
Sleeping,,,,"STR, DEX",-100,,,,,,,,,,,,,,,,,,,,,,,,,,TRUE,TRUE,TRUE,,,ADV,,,,FALSE,TRUE,"A sleeping creature cannot move or act. Moreover, the creature automatically fails  Strength and Dexterity saving throws. Attack rolls against it have  Advantage, and any attack that hits the creature is a critical hit if the attacker is within 1.5 m / 5 ft of the creature. Removed by taking damage, becoming  Wet, receiving  Help or being  Shoved."
Slightly Drunk,,,,,,,,,STR,2,,,"Acrobatics, Sleight of Hand, Stealth, Deception, Intimidation, Performance, Persuasion",,DIS,,,,,,,,,,"DEX, CHA",,DIS,,,,,,,,,,,,,FALSE,TRUE,"Just drunk enough for everyone to notice. Strength increased by 2,  Disadvantage on Charisma and Dexterity checks."
Slowed,,-2,,DEX,-2,,,,,,,,,,,x0.5,,,,,,,,,,,,,,,,,TRUE,,,,,,,FALSE,TRUE,"Movement Speed is halved. Dexterity  Saving throws are reduced by 2. Can only take an Action or a Bonus Action, not both. Cannot take Reactions Cannot make  Extra Attacks or  Improved Extra Attacks. Spells cast might be delayed for one turn"
Sluggardly,,,,,,,,,,,,,,,,,,,,,,,,,,,,,,,,,,,,,,,,TRUE,FALSE,Can't make an Opportunity Attack against its most recent attacker.
Sneaking,,,,,,,,,,,,,,,,,,,,,,,,,,,,,,,,,,,,,,,,TRUE,FALSE,Hiding in an unobscured area. Will be caught on sight.
Soul Branding,,,,,,,,,,,,,,,,1.5,,,,,,2d4+1,Fire,,,,,,,,,,,,,,,,,FALSE,TRUE,"Creature's movement speed is increased by 1.5 m / 5 ft, and its next weapon attack deals an additional 2d4 + 1Fire damage. This condition ends upon landing a successful weapon attack."
Soul Caged,,,,,,,,,,,,,,,,,,,,,,,,,,,,,,,,,,,,,,,,TRUE,FALSE,A Soul Cage binds the Nightsong as an engine for Ketheric's Immunity to all damage. The Nightsong can be  Helped out of the Soul Cage.
Soul Charges,,,,,,,,,,,,,,,,,,,,,,,,,,,,,,,,,,,,,,,,TRUE,FALSE,Raphael has soul(s) to spend on powerful spells.
Soul Echo,,,,,,,,,,,,,,,,,,,,,,,,,,,,,,,,,,,,,,,,TRUE,FALSE,"While this companion's body is gone, their soul lingers on and can be used to resurrect them."
Soul Oath,,,,,,,,,,,,,,,,,,,,,,,,,,,,,,,,,,,,,,,,TRUE,FALSE,"This creature has sworn a Soul Oath to protect its dark master. Should that master die, this creature will also succumb to death."
Soul Overcharge,,,,,,,,,,,,,,,,,,,,,,,,,,,,,,,,,,,,,,,,TRUE,FALSE,Raphael has consumed the power of a destroyed Soul Pillar. He is unable to cast spells using Souls until he transforms into the  Ascended Fiend.
Soul Pillar Proximity,,,,,,,,,,,,,,,,,,,,,,,,,,,,,,,,,,,,,,,,TRUE,FALSE,"Raphael is surrounded by Soul Pillars, granting Raphael's attacks an additional 1d12Fire (per pillar) damage and a +3 (per pillar) bonus to his Dexterity score."
Soulnumbed,,,,,,,,,,,,,,,,,,,,,,,,,,,,,,,,,TRUE,,,,,,,FALSE,TRUE,Can't take  Bonus Actions or  Reactions.
Souls Sacrificed: 1,,1,,,,,,,,2,,,,,,,,,,,,,,,,,,,,,,,,,,,,,,FALSE,TRUE,Vlaakith has increased this creature's all of its ability scores by 2. It now fires 3 beams when it casts  Eldritch Blast.
Souls Sacrificed: 2,,2,,,,,,,,4,,,,,,,,,,,,,,,,,,,,,,,,,,,,,,FALSE,TRUE,Vlaakith has increased this creature's all of its ability scores by 4. It now fires 4 beams when it casts  Eldritch Blast.
Sovereign's Protection,,,,,,,,,,,,,,,,,,,,,,,,,,,,,,,,,,,,,,,,TRUE,FALSE,"Protected from the myconids' mushroom traps by the Sovereign's spore sac. ""Mushroom traps"" like Bibberbang do not notice the affected creature when nearby, enabling safe passage."
Speak with Animals,,,,,,,,,,,,,,,,,,,,,,,,,,,,,,,,,,,,,,,,TRUE,FALSE,Can comprehend and communicate with beasts.
Spectator's Charm,,,,,,,,,,,,,,,,,,,,,,,,,,,,,,,,,,,,,,,,TRUE,FALSE,A feeble enchantment prevents this creature from attacking the spectator. Any damage could break it...
Spectral Aspect,,,,,,,"Cold, Necrotic","Acid, Fire, Lightning, Thunder",,,,,,,,,,,,,,,,,,,,,,"Frightened, Paralysed, Restrained, Petrified, Prone",,,,,,,,,,FALSE,TRUE,"This creature has Resistance to Acid, Fire, Lightning, and Thunder damage, and is Immune to Cold and Necrotic damage. Creatures that strike it become  Bone Chilled for 2 turns. It cannot be  Frightened,  Paralysed,  Petrified,  Restrained or made  Prone. It can also  Fly while in this ghostly form."
Spell Rot,,,,,,,,,,,,,,,,,,,,,,,,,,,,,,,,,,,,,,,,TRUE,FALSE,"Unless you are Undead, each time you cast a spell you receive 2d6Necrotic damage per spell level."
Spell Rot Necrosis,,,,,,,,,,,,,,,,,,,,,,,,,,,,,,,,,,,,,,,,TRUE,FALSE,You receied 2d6Necrotic for casting a level x spell while you have  Spell Rot.
Spider Queen's Wrath,,-1,,,,,,"Bludgeoning, Piercing, Slashing",STR,2,,,,,,,,,,,,,,,,,,,,,,,,,,,,,,FALSE,TRUE,Creature is enraged! Strength increased by 2. Tactician Difficulty: Creature is enraged! Gains an additional attack per turn. Strength is increased by 2 and has Resistance to physical damage.
Spike Growth,,,,,,,,,,,,,,,,,,,,,,,,,,,,,,,,,,,,,,,,TRUE,FALSE,Take 2d4Piercing for every  1.5 m / 5 ft moved on the spikes.
Spindleweb Fanatic,,,,,,,,,,,,,,,,,,,,,,1d6,Psychic,,,,,,,,,,,,,,,,,FALSE,TRUE,"Affected entity deals an additional 1d6Psychic, as long as the source of the aura isn't  Incapacitated."
Spindleweb Fanaticism,,,,,,,,,,,,,,,,3,,,,,,1d6,Psychic,,,,,,,,,,,,,,,,,FALSE,TRUE,"Affected entity and its allies deal an additional 1d6Psychic damage, as long as it isn't  Incapacitated. The entity's movement speed is also increased by 3 m / 10 ft."
Spindleweb Sanctuary,,,,,,,,,,,,,,,,,,,,,,,,,,,,,,,,,,,,,,,,TRUE,FALSE,"Affected entity can't be targeted by enemy attacks or spells. However, it can still take damage from spells that influence a larger area. If the affected entity attacks or harms another creature, the sanctuary will shatter, dealing 3~24Psychic to nearby creatures."
Spindleweb Skepticism,,-6,,,,,,,,,,,,,,,,,,,,,,,,,,,,,,,,,,,,,,FALSE,TRUE,"Affected entity has -6 to Armour Class, as long as the source of the aura isn't  Incapacitated."
Spirit Guardians,,,,,,,,,,,,,,,,x0.5,,,,,,,,,,,,,,,,,,,,,,,,FALSE,TRUE,"Spirits assail the affected entity. Takes 3d8Radiant or 3d8Necrotic damage per turn, and Movement Speed is halved. Still takes half damage on a successful Saving Throw."
Spirit Guardians Aura,,,,,,,,,,,,,,,,,,,,,,,,,,,,,,,,,,,,,,,,TRUE,FALSE,"Spirits protect the affected entity. Nearby enemies take 3d8Radiant or 3d8Necrotic damage per turn, and Movement Speed is halved. The caster can't become  Invisible while concentrating on this spell. On a successful save, targets still take half damage. WIS Save"
Spirit of the Land,,,,,,,,,,1,,,,,,2,,,,,,,,,,,,,,,,,,,,,,,,FALSE,TRUE,The reunited soul Thaniel provides a +1 to all Ability Scores and an additional 2m movement speed to all affected entities.
Spiteful Suffering,,,,,,,,,,,,,,,,,,,,,,,,,,,,,,,,,,,,ADV,,,,FALSE,TRUE,"Affected entity takes 1d4 + Charisma ModifierNecrotic damage each turn and Attack Rolls against it have  Advantage. At the start of each turn, the affected entity makes a  Charisma saving throw to remove this effect."
Spoiled Brew,,,,,,,,,,,,,,,,,,,,,,,,,,,,,,,,,,,,,,,,TRUE,FALSE,"Thisobald emits a rancid, evil stench from his soured brew, dealing 1d6Necrotic to all non-undead in range."
Spore Servant,,,,,,,,,,,,,,,,,,,,,,,,,,,,,,,,,,,,,,,,TRUE,FALSE,"The animating spores of a myconid sovereign have taken over this dead creature's body, moving it according to the sovereign's will. Resurrected creature is classified as a plant. Creature is immune to all frightening effects, all blinding effects,  Befuddled,  Noxious Fumes,  Sleeping,  Charmed,  Crown of Madness,  Mind Mastery,  Paralysed, and  Hold Person. Creature is resistant to Poison damage. Creature is unable to cast spells or wild shape."
Spreading Spores,,,,,,,,,,,,,,,,,,,,,,,,,,,,,,,,,,,,,,,,TRUE,FALSE,"Affected entity is inhaling dry, throat-closing spores that deal 2d8Necrotic damage per turn."
Sprouting Necrosis,,,,,,,,,,,,,,,,,,,,,,,,,,,,,,,,,,,,,,,,TRUE,FALSE,"At the end of its turns, Shadow-Cursed Vines will sprout at the affected entity's feet."
Stage Fright,,,,,,,,,,,,,,,,,,,,DIS,,,,,,,,,,,,,,,,,,,,FALSE,TRUE,Creature has  Disadvantage on Attack Rolls Takes 2d6Psychic damage each time they miss an Attack Roll Removed upon succeeding on an Attack Roll
Staggering Smite,,,,,,,,,,,,,,,DIS,,,,,DIS,,,,,,,DIS,,,,,,,,,,,,,FALSE,TRUE,"Has  Disadvantage on Attack Rolls and Ability Checks, and can't take reactions."
Starry Form: Archer,,,,,,,,,,,,,,,,,,,,,,,,,,,,,,,,,,,,,,,,TRUE,FALSE,"In Starry Form. As a Bonus Action, you can cast  Luminous Arrow."
Starry Form: Chalice,,,,,,,,,,,,,,,,,,,,,,,,,,,,,,,,,,,,,,,,TRUE,FALSE,"In Starry Form. Whenever you cast a healing spell that consumes a spell slot, you can cast  Chalice Healing."
Starry Form: Dragon,,,,,,,,,,,,,,,,,,,,,,,,,,,,,,,,,,,,,,,,TRUE,FALSE,"In Starry Form. When you make a Saving Throw to maintain Concentration on a spell, a roll result of 9 or lower is considered a 10. As a Bonus Action while in this Starry Form, you can cast  Dazzling Breath."
Stasis,,,,,,,,,,,,,,,,,,,,,,,,,,,,,,,,,,,,,,,,TRUE,FALSE,A headless corpse preserved through esoteric magic.
Static Discharge Aura,,,,,,,,,,,,,,,,,,,,,,,,,,,,,,,,,,,,,,,,TRUE,FALSE,"All constructs near Bernard deal an additional 2d4Lightning to weapon attacks. All others take 2d8Lightning each turn. When the condition ends, Bernard is  Stunned for 2 turns."
Static Discharge: Electroshock,,,,,,,,,,,,,,,,,,,,,,,,,,,,,,,,,TRUE,,,,,,,FALSE,TRUE,"Standing near a statically charged Bernard. Takes 2d8Lightning each turn, can't take reactions and will take an additional 2d8Lightning if it attacks Bernard."
Static Discharge: Supercharge,,,,,,,,,,,,,,,,,,,,,,2d4,Lightning,,,,,,,,,,,,,,,,,FALSE,TRUE,Standing near a statically charged Bernard. Deals an additional 2d4Lightning.
Stealthier,,,,,,,,,,,,,Stealth,3,,,,,,,,,,,,,,,,,,,,,,,,,,FALSE,TRUE,"As long as affected entity remains obscured, it has a +3 bonus to Stealth Checks."
Steeped in Bliss,,,,"CHA, WIS, INT",,DIS,,,,,,,"Athletics, Acrobatics, Sleight of Hand, Stealth",,ADV,,,,,,,,,,"STR, DEX, CON",,ADV,,Psychic,,,,,,,,,,,FALSE,TRUE,"Seized by great joy, affected entity is more energized and also more mentally compliant. Entity has  Advantage on physical  Ability checks and  Disadvantage on mental  Saving throws. Entity is also vulnerable to Psychic damage."
Stench,,,,,,,,,,,,,,,,,,,,,,,,,,,,,,,,,,,,,,,,TRUE,FALSE,Affected entity smells really bad.
Stench of Death,,,,,,,,,,,,,,,,,,,,,,,,,,,,,,,,,,,,,,,,TRUE,FALSE,"Affected entity reeks of decaying matter, a sour greenish smell like a waft of unkept tombs."
Step of the Wind,,,,,,,,,,,,,,,,,,,,,,,,,,,,,,,,,,,,,,,,TRUE,FALSE,Jumping no longer requires a  Bonus Action.
Stolen Vigour,,,,,,,,,,,,,,,,,,,,,,,,,,,,,,,,,,,,,,,,TRUE,FALSE,Your chosen ability score is reduced by 2.
Stoneskin,,,,,,,,"Bludgeoning, Piercing, Slashing",,,,,,,,,,,,,,,,,,,,,,,,,,,,,,,,FALSE,TRUE,"Has Resistance to non-magical Bludgeoning, Piercing, and Slashing damage."
Stormheart Resolve,,,,,,,,,,,,,,,,,,,,,,,,,,,,,,,,,,,,,,,100,FALSE,TRUE,"This creature began  Hoarding Energy, gained  100 temporary hit points for 1 round and lost all Incapacitating Conditions after reviving itself."
Strength Drain,,,,STR,-3,,,,,,,,,,,,,,,,,,,,,,,,,,,,,,,,,,,FALSE,TRUE,A shadow has drained the affected entity's Strength by 3.
Stricken With Blinding Sickness,,,,WIS,,DIS,,,,,,,"Animal Handling, Insight, Medicine, Perception, Survival",,DIS,,,,,,,,,,WIS,,DIS,,,,,,,,,,,,,FALSE,TRUE,"Fingernails of searing pain dig into the affected entity's eyes. It has  Disadvantage on Wisdom Checks and  Saving throws, and is also Blinded."
Stricken with Crawler Mucus,,,,,,,,,,,,,,,,,,,,,,,,,,,,,,,,,,,,,,,,TRUE,FALSE,Affected entity is  Poisoned and  Paralysed Lasts until affected entity has made a successful  Constitution saving throw.
Stricken with Drow Poison,,,,,,,,,,,,,,,,,,,,,,,,,,,,,,,,,,,,,,,,TRUE,FALSE,Affected entity is  Poisoned and has fallen  Asleep. Lasts until affected entity has made a successful  Constitution saving throw or takes damage.
Stricken with Eldritch Inertia,,,,,,DIS,,,,,,,,,,,,,,,,,,,,,,,,,,,,,,,,,,FALSE,TRUE,Affected entity has  Disadvantage on its next  Saving throw against a spell cast by the source of the condition.
Stricken With Filth Fever,,,,STR,,DIS,,,,,,,Athletics,,DIS,,,,,DIS,,,,,STR,,DIS,,,,,,,,,,,,,FALSE,TRUE,"Beaded and adrip with thick oily sweat, the affected entity has  Disadvantage on Checks,  Saving throws, and Attack rolls using Strength."
Stricken With Flesh Rot,,,,,,,,,,,,,"Persuasion, Performance, Intimidation, Deception",,DIS,,,,,,,,,,CHA,,DIS,,"Cold, Bludgeoning, Piercing, Slashing, Acid, Fire, Force, Lightning, Necrotic, Poison, Psychic, Thunder, Radiant",,,,,,,,,,,FALSE,TRUE,"Rotting in their own vat of stinking Skin, the affected entity has  Disadvantage on Charisma Checks and Vulnerability to all damage."
Stricken with Malice,,,,,,,,,,,,,,,DIS,,,,,DIS,,,,,,,DIS,,,,,,,,,ADV,,,,FALSE,TRUE,Affected entity is Blinded and Poisoned. Has  Disadvantage on Attack Rolls and its range of attacks and spells is reduced to  3 m / 10 ft. Attack Rolls against Blinded creatures have  Advantage. Suffers  Disadvantage on Ability Checks.
Stricken With Mindfire,,,,,,,,,,,,,"Arcana, History, Investigation, Nature, Religion",,DIS,,,,,,,,,,INT,,DIS,,,,,,,,,,,,,FALSE,TRUE,Affected entity's brain is cooking in a stew of hot blood. It has  Disadvantage on Intelligence Checks and behaves as if  Confused during combat.
Stricken With Seizures,,,,DEX,,DIS,,,,,,,"Acrobatics, Sleight of Hand, Stealth",,DIS,,,,,,,,,,DEX,,DIS,,,,,,,,,,,,,FALSE,TRUE,"Involuntary convulsions shiver through the affected entity, giving it  Disadvantage on Ability Checks,  Saving throws, and Attack rolls using Dexterity."
Stricken With Slimy Doom,,,,CON,,DIS,,,,,,,,,,,,,,,,,,,CON,,DIS,,,,,,,,,,,,,FALSE,TRUE,"Affected entity oozes waxy, globulous blood. It has  Disadvantage on Constitution Checks and  Saving throws. In addition, whenever it takes damage, it is Stunned until the end of its next turn."
Stunned,,,,"DEX, STR",-100,,,,,,,,,,,,,,,,,,,,,,,,,,TRUE,TRUE,TRUE,,,ADV,,,,FALSE,TRUE,"Affected creatures cannot move or take  Actions,  Bonus Actions, or  Reactions. Affected creatures automatically fail  Strength and Dexterity saving throws. Removed by Freedom of Movement, Greater Restoration, Unshackling Strike. Attack Rolls against affected creatures have  Advantage."
Sturdy,,,,,,,,,,,,,,,,,,,,,,,,,,,,,,,,,,,,,,,,TRUE,FALSE,This material is rather strong. Only a hit that deals at least 10 damage can damage it.
Sudden Rush,,,,,,,,,,,,,,,,x2,,,,,,,,,,,,,,,,,,,,,,,,FALSE,TRUE,Movement speed is increased to 18 m / 60 ft and moving doesn't provoke Opportunity Attacks.
Sumptuously Drained,,,,,,,,,,,,-30,,,,,,,,,,,,,,,,,,,,,,,,,,,,FALSE,TRUE,"Affected entity's lifeforce has been drained by the incubus, reducing its maximum hit points by  30 hit points."
Sunbeam,,,,,,,,,,,,,,,,,,,,,,,,,,,,,,,,,,,,,,,,TRUE,FALSE,Can  Recast Sunbeam
Sunlight Hypersensitivity,,,,,,,,,,,,,,,,,,,,DIS,,,,,,,DIS,,,,,,,,,,,,,FALSE,TRUE,"This creature takes 20 Radiant damage if it starts its turn in sunlight. While sunlit, it has  Disadvantage on Attack rolls and  Ability checks."
Superheated,,,,,,,,,,,,,,,,,,,,,,,,,,,,,Bludgeoning,,,,,,,,,,,FALSE,TRUE,Exposure to lava has caused Grym's adamantine body to soften. Can now be affected by certain damage types and is vulnerable to Bludgeoning damage.
Superior Elixir of Arcane Cultivation,,,,,,,,,,,,,,,,,,,,,,,,,,,,,,,,,,,,,,,,TRUE,FALSE,Has an additional  level 3 Spell Slot.
Supreme Defences,,1,,,,,,,,,,,,,,,,,,,,,,,,,,,,,,,,,,,,,,TRUE,FALSE,"While concentrating, you add your Spellcasting Ability Modifier to your  Saving throws."
Supreme Elixir of Arcane Cultivation,,,,,,,,,,,,,,,,,,,,,,,,,,,,,,,,,,,,,,,,TRUE,FALSE,Has an additional Level 4 spell slot. Replaces effects from other elixirs when drunk.
Surgeon's Chosen,,4,,,,,,,,,,,,,,,,,,,,,,,,,,,,,,,,,,,,,,TRUE,FALSE,Carrying the implement requested by the Surgeon to complete its surgery.
Surprised,,,,,,,,,,,,,,,,,,,,,,,,,,,,,,,,TRUE,TRUE,,,,,,,FALSE,TRUE,Cannot take  Actions or  Reactions.
Survival Instinct,,,,,,,,,,,,,,,,,,,,,,,,,,,,,,,,,,,,,,,,TRUE,FALSE,"If the character reaches 0 Hit Points, it regains 3d4hit points instead of falling Unconscious."
Sussur Antimagic Field,,,,,,,,,,,,,,,,,,,,,,,,,,,,,,,,,,,,,,,,TRUE,FALSE,Sussur blooms nullify nearby magic.
Sussur Flower Antimagic Field,,,,,,,,,,,,,,,,,,,,,,,,,,,,,,,,,,,,,,,,TRUE,FALSE,"A sussur tree flower is draining the character of its magical energy, preventing it from casting spells."
Swarmed,,,,,,,,,,,,,,,,,,,,,,,,,,,,,Piercing,,,,,,,,,,,FALSE,TRUE,"Affected entity is Vulnerable to Piercing damage and will take 4d8Piercing every turn. While the entity is Swarmed, Cazador will heal 4d8hit points every turn."
Sweet Stone Features,,,,,1d4,,,,,,,,,,,,,,1d4,,,,,,,,,,,,,,,,,,,,,FALSE,TRUE,Affected entity is blessed by their own depiction in stone. It gains a  +1d4 bonus to Attack Rolls and Saving Throws.
Swift as Wind,,,,,,,,,,,,,,,,,,Melee,,ADV,,1d8,Force,,,,,,,,,,,,,,,,,FALSE,TRUE,Your next weapon attack has  Advantage. That attack deals an additional 1d8Force.
Symbiotic Entity,,,,,,,,,,,,,,,,,,,,,,,,,,,,,,,,,,,,,,,,TRUE,FALSE,"Affected entity has gained 4 Temporary Hit Points per Druid level, its melee weapon or unarmed attacks deal an additional 1d6Necrotic damage, and it deals double damage with  Halo of Spores. [See Notes] Ends early if the entity uses  Wild Shape."
Telekinesis,,,,,,,,,,,,,,,,,,,,,,,,,,,,,,,,,,,,,,,,TRUE,FALSE,"Once per turn, the affected entity can telekinetically throw a creature or object again without expending a Spell Slot"
Tempestuous Magic: Flight,,,,,,,,,,,,,,,,,,,,,,,,,,,,,,,,,,,,,,,,TRUE,FALSE,Can  Fly as a bonus action.
Tempestuous Siphon,,,,,,,,,,,,,,,,,,,,,,,,,,,,,,,,,,,,,,,,TRUE,FALSE,A nearby air myrmidon grants the affected entity Immunity to Lightning damage and an additional 3d8Lightning damage to  Elemental Rebuke. The affected entity also gains temporary access to  Lightning Bolt and an additional  Reaction per turn.
Temporarily Hostile,,,,,,,,,,,,,,,,,,,,,,,,,,,,,,,,,,,,,,,,TRUE,FALSE,"If knocking out this entity or fleeing from combat it may harbour some resentment towards the party, but does not remain hostile."
Temporary Hit Points (8),,,,,,,,,,,,,,,,,,,,,,,,,,,,,,,,,,,,,,,8,FALSE,TRUE,Kept from death's door by a brief magical boost. Gained  8 temporary hit points.
Temporary Hit Points (10),,,,,,,,,,,,,,,,,,,,,,,,,,,,,,,,,,,,,,,10,FALSE,TRUE,Kept from death's door by a brief magical boost. Gained  10 temporary hit points.
Temporary Hit Points (15),,,,,,,,,,,,,,,,,,,,,,,,,,,,,,,,,,,,,,,15,FALSE,TRUE,Kept from death's door by a brief magical boost. Gained  15 temporary hit points.
Temporary Hit Points (3),,,,,,,,,,,,,,,,,,,,,,,,,,,,,,,,,,,,,,,3,FALSE,TRUE,Kept from death's door by a brief magical boost. Gained  3 temporary hit points.
Temporary Hit Points (4),,,,,,,,,,,,,,,,,,,,,,,,,,,,,,,,,,,,,,,4,FALSE,TRUE,Kept from death's door by a brief magical boost. Gained  4 temporary hit points.
Temporary Hit Points (Bolstering Smite),,,,,,,,,,,,,,,,,,,,,,,,,,,,,,,,,,,,,,,CHA,FALSE,TRUE,Gained  Charisma modifier temporary hit points from  Bolstering Smite.
Temporary Hit Points (Ever Vigilant),,,,,,,,,,,,,,,,,,,,,,,,,,,,,,,,,,,,,,,15,FALSE,TRUE,Kept from death's door by a brief magical boost. Gained  15 temporary hit points.
Temporary Hit Points (Stirring Execution),,,,,,,,,,,,,,,,,,,,,,,,,,,,,,,,,,,,,,,CHA,FALSE,TRUE,Affected entity has gained  Charisma modifier temporary hit points.
Temporary Hit Points (Elixir of Bloodlust),,,,,,,,,,,,,,,,,,,,,,,,,,,,,,,,,,,,,,,5,FALSE,TRUE,Elixir of Bloodlust granted you  5 temporary hit points. Replaces effects from other elixirs when drunk.
Temporary Hit Points (Well-Liked and Well-Fortified),,,,,,,,,,,,,,,,,,,,,,,,,,,,,,,,,,,,,,,CHA,FALSE,TRUE,"Well-Liked and Well-Fortified: instead of dying, you have gained  temporary hit points equal to your Charisma modifier."
Temporary Hit Points (Remedial Rhymes),,,,,,,,,,,,,,,,,,,,,,,,,,,,,,,,,,,,,,,4,FALSE,TRUE,Gained  4 temporary hit points.
Temporary Hit Points (Drunken Cloth),,,,,,,,,,,,,,,,,,,,,,,,,,,,,,,,,,,,,,,CON,FALSE,TRUE,Kept from death's door by a brief magical boost. Gained  Constitution modifier temporary hit points.
Test Subject,,,,,,,,,,,,,,,,,,,,,,,,,,,,,,,,,,,,,,,,TRUE,FALSE,You have ingested Araj's potion as part of an experiment.
Tharchiate Vigour,,,,,,,,,,,,,,,,,,,,,,,,,,,,,,,,,,,,,,,20,FALSE,TRUE,Granted 20 Temporary Hit Points by The Tharchiate Codex's enervating magic.
Tharchiate Withering,,,,,,,,,,-5,,,,,,,,,,,,,,,,,,,,,,,,,,,,,,FALSE,TRUE,Your Constitution score is reduced by 5 while cursed by The Tharchiate Codex's warped arcana.
Thaumaturgy,,,,,,,,,,,,,"Perception, Intimidation, Performance",,ADV,,,,,,,,,,,,,,,,,,,,,,,,,FALSE,TRUE,Has  Advantage on Intimidation and Performance Skill Checks.
The Dead Wastes,,,,,,,,,,,,,,,,,,,,,,,,,,,,,,,,,,,,,,,,TRUE,FALSE,This fragment of Myrkul's realm restores 4d6hit points to Undead and deals 4d6Necrotic to living creatures at the end of their turns in the area.
The Pain Maiden's Blessing,,,,,1d4,,,,,,,,,,,,,,1d4,,,,,,,,,,,,,,,,,,,,,FALSE,TRUE,Gains a  +1d4 bonus to Attack rolls and  Saving throws.
The Terazul Jitters,,2,,DEX,,ADV,,,,,,,,,,9,,,,,,,,,,,,,,,,,,,,,,,,FALSE,TRUE,"You move faster but become exhausted after moving while under the frenetic influence of Terazul. Affected entity gains an additional  Action, 9 m / 30 ft of movement, and  Advantage on Dexterity  Saving throws. When the condition ends, the affected entity becomes  Lethargic and is completely incapacitated for 1 turn."
The Wasting Quiet (Aura),,,,,,,,,,,,,,,,,,,,,,,,,,,,,,,,,,,,,,,,TRUE,FALSE,Any creatures within this miasma of childlike terror are  Silenced and take 3d8Necrotic damage every time they enter or start their turn inside.
The Wasting Quiet,,,,,,,,,,,,,,,,,,,,,,,,,,,,,,,,,,,,,,,,TRUE,FALSE,The creature is  Silenced and takes 3d8Necrotic damage every time they enter or start their turn inside this miasma of childlike terror.
Thoroughly Stuffed,,,,WIS,,ADV,,,,,,12,,,,,,,,,,,,,,,,,,Frightened,,,,,,,,,,FALSE,TRUE,"The affected entity is immune to Diseases, Poisons, and being Frightened, it makes all Wisdom  Saving throws with  Advantage, and its maximum Hit Points are increased by 12"
Those Laid Bare,,,,,,,,,,,,,,,,,,,,,,,,,,,,,,,,,,,,,,,,TRUE,FALSE,Affected entity has a +1 bonus to save against spell DC.
Thoughtless Brain,,,,,,,,,,,,,,,,,,,,,,,,,,,,,,Surprised,,,,,,,,,,FALSE,TRUE,Mystic Carrion's spells have a +3 bonus to their Difficulty Class and he can't be  Surprised while his brain is intact.
Threat Assessment,,,,,,,,,,,,,,,,,,,,,,,,,,,,,,,,,,,,,,,,TRUE,FALSE,Grym has locked on to a new target.
Threatened,,,,,,,,,,,,,,,,,,"Ranged, Ranged Spell, Ranged Unarmed",,DIS,,,,,,,,,,,,,,,,,,,,FALSE,TRUE,An enemy is close. Has  Disadvantage on ranged Attack rolls.
Thunder Infusion,,,,,,,,,,,,,,,,,,,,,,1d4,Thunder,,,,,,,,,,,,,,,,,FALSE,TRUE,The affected entity deals an additional 1d4Thunder the next time it deals damage with a weapon.
Thunder Resistance,,,,,,,,Thunder,,,,,,,,,,,,,,,,,,,,,,,,,,,,,,,,FALSE,TRUE,Resistant to Thunder damage.
Thwarted Consumption,,,,,,,,,,,,,,,,,,,,,,,,,,,,,,,,,,,,,,,,TRUE,FALSE,Raphael cannot consume a soul from this Pillar because it recently took Radiant damage or had its souls dispersed by other means.
Tides of Chaos,,,,,,,,,,,,,,,,,,,,,,,,,,,,,,,,,,,,,,,,TRUE,FALSE,Increased chance of  Wild Magic surge (to 50%). Lost immediately after casting a Level 1 or higher Spell and rolling a  Wild Magic Check.
Tippler's Rage,,,,,,,,,,,,,,,,,,,,,,,,,,,,,,,,,,,,,,,,TRUE,FALSE,"While the affected entity is  Drunk, it has  Advantage on Attack rolls. It also creates a blast with each attack, dealing 1d4Thunder damage in a radius of  3 m / 10 ft."
Toad Mode,,,,,,,,,,,,,,,,,,,,,,,,,,,,,,,,,,,,,,,,TRUE,FALSE,"If you do not want to think, Dolly Thrice will make you shrink."
Tongue of Madness,,,,,,,,,,,,,"Persuasion, Performance, Intimidation, Deception",,DIS,,,,,,,,,,CHA,,DIS,,,,,,,,,,,,,FALSE,TRUE,"Speaking aloud every thought, gaining  Disadvantage on Charisma Checks."
Tortured,,,,CON,,DIS,,,,,,,,,,,,,,,,,,,,,,,,,,,,,,,,,,FALSE,TRUE,Has  Disadvantage on Constitution  Saving throws.
Toxic Reflux,,,,,,,,,,,,,,,,,,,,,,,,,,,,,,,,,,,,,,,,TRUE,FALSE,"Poison damage has contaminated Thisobald's special brew, letting him use  Venomous Regurgitation."
Transmuted To Steel,,2,,,,,,,,,,,,,,-6,,,,,,,,,,,,,,,,,,,,,,,,FALSE,TRUE,movement speed has been reduced by  6 m / 20 ft.
Transmuter's Stone: Acid Resistance,,,,,,,,Acid,,,,,,,,,,,,,,,,,,,,,,,,,,,,,,,,FALSE,TRUE,"Affected entity has Resistance to Acid Damage, as long as it carries the transmuter's stone."
Transmuter's Stone: Cold Resistance,,,,,,,,Cold,,,,,,,,,,,,,,,,,,,,,,,,,,,,,,,,FALSE,TRUE,"Affected entity has Resistance to Cold Damage, as long as it carries the transmuter's stone."
Transmuter's Stone: Constitution,,,,,,,,,,,,,,,,,,,,,,,,,,,,,,,,,,,,,,,,TRUE,FALSE,"Affected entity has Proficiency in Constitution Saving Throws, as long as it carries the transmuter's stone."
Transmuter's Stone: Darkvision,,,,,,,,,,,,,,,,,,,,,,,,,,,,,,,,,,,,,18,,,FALSE,TRUE,"Affected entity can see in the dark out to a range of  Range: 18 m / 60 ft, as long as it carries the transmuter's stone."
Transmuter's Stone: Depleted Magic,,,,,,,,,,,,,,,,,,,,,,,,,,,,,,,,,,,,,,,,TRUE,FALSE,Affected entity has recently created a Transmuter's Stone. It needs to cast a Transmutation spell of Level 1 or higher or take a Long Rest before it can create another one.
Transmuter's Stone: Fire Resistance,,,,,,,,Fire,,,,,,,,,,,,,,,,,,,,,,,,,,,,,,,,FALSE,TRUE,"Affected entity has Resistance to Fire Damage, as long as it carries the transmuter's stone."
Transmuter's Stone: Lightning Resistance,,,,,,,,Lightning,,,,,,,,,,,,,,,,,,,,,,,,,,,,,,,,FALSE,TRUE,"Affected entity has Resistance to Lightning Damage, as long as it carries the transmuter's stone."
Transmuter's Stone: Movement Speed,,,,,,,,,,,,,,,,3,,,,,,,,,,,,,,,,,,,,,,,,FALSE,TRUE,"Affected entity's movement speed is increased by  3 m / 10 ft, as long as it carries the transmuter's stone."
Transmuter's Stone: Thunder Resistance,,,,,,,,Thunder,,,,,,,,,,,,,,,,,,,,,,,,,,,,,,,,FALSE,TRUE,"Affected entity has Resistance to Thunder Damage, as long as it carries the transmuter's stone."
Transpositional Flux,,,,,,,,,,,,,,,,,,,,,,,,,,,,,,,,,,,,,,,,TRUE,FALSE,Any creature that interacts with this stone will be teleported.
Treacly Tummy,,,,,,,,,,,,,"Arcana, History, Investigation, Nature, Religion, Animal Handling, Insight, Medicine, Perception, Survival",,DIS,,,,,,,,,,"WIS, INT",,DIS,,,,,,,,,,,,,FALSE,TRUE,Disadvantage on Wisdom and Intelligence Checks.
Treading Twilight,,,,,,,,,,,,,,,,,,,,,,,,,,,,,,,,,,,,,,,,TRUE,FALSE,"While remaining obscured, affected entity has a +1 bonus to  Armour Class."
Trembling Legs,,,,,,,,,DEX,-1,,,,,,-2.5,,,,,,,,,,,,,,,,,,,,,,,,FALSE,TRUE,"Affected entity is still wobbling on unsteady legs. Its movement speed is reduced by 2.5m / 8.3ft, and its Dexterity is reduced by 1."
True Strike,,,,,,,,,,,,,,,,,,,,,,,,,,,,,,,,,,,,DIS,,,,FALSE,TRUE,The spellcaster has  Advantage on Attack rolls against this creature.
Tu'narath's Embrace,,,,,,,,,,,,,,,,,,,,,,,,,,,,,,,,,,,,,,,50,FALSE,TRUE,"This creature was blessed by a nearby Ch'r'ai, it cannot be affected by incapacitating conditions and received  50 temporary hit points."
Turned,,,,,,,,,,,,,,,,,,,,,,,,,,,,,,,,,,,,,,,,TRUE,FALSE,"A turned creature must spend its turns trying to move as far away from the creature which turned it as possible. It cannot willingly move to a space within 9 m / 30 ft of that creature. It also cannot take Reactions. For its Actions, it can use only the  Dash action or try to escape from an effect that prevents it from moving. The condition ends upon taking damage."
Turned to Gold,,,,,,,,,,,,,,,,,,,,,,,,,,,,,,,TRUE,TRUE,TRUE,,,,,,,FALSE,TRUE,"The affected creature is turned into gold. It cannot move or take actions, bonus actions, or reactions."
Tyrannical Curse,,,,,,,,,,,,,,,,,,,,,,,,,,,,,,,,,,,,,,,,TRUE,FALSE,"Bane's fist will fall at the end of the affected entity's next turn unless the curse is removed, dealing 20d10Force to the target area and giving nearby Banites  Tyrant's Edict."
Tyrant Tongue,,,,,,,,,,,,,Intimidation,2,,,,,,,,,,,,,,,,,,,,,,,,,,FALSE,TRUE,"The Sovereign's spores have infused the vocal cords, instilling fear and doubt in any who listens. Has a +2 bonus on Intimidation Checks."
Tyrant's Edict,,,,,,,,,,,,,,,,,,,,ADV,,,,,,,,,,,,,,,,,,,,FALSE,TRUE,Bane is granting this creature an additional action and  Advantage on attack rolls.
Umbral Form,,,,,,,,,,,,,,,,,,,,,,1d8,Necrotic,,,,,,,,,,,,,,,,,FALSE,TRUE,"On a hit, the affected entity deals an additional 1d8Necrotic. It is Immune to non-magical damage, and can make an additional melee attack each turn. It cannot cast spells while maintaining this form."
Umbral Influx,,,,,,,,,,,,,,,,,,,,,,,,,,,,,,,,,,,,,,,,TRUE,FALSE,"Tendrils of shadow engulf the corpse, until it becomes unclear where the body ends and the shadows begin."
Umbral Shroud,,,,,,,,,,,,,,,,,,,,ADV,,,,,,,,,,,,,,,,DIS,,,,FALSE,TRUE,"Has  Advantage on Attack rolls and imposes  Disadvantage on enemy Attack Rolls. Invisibility ends early if the invisible entity attacks, casts another spell, takes an action, or takes damage."
Umbral Tremor,,,,,,,,,,,,,,,,,,,,,,,,,,,,,,,,,,,,,,,,TRUE,FALSE,The Umbral Tremor is about to open - unleashing the Nightsinger's fell hordes.
Unbeating Heart,,,,,,,,,,,,,,,,,,,,,,,,,,,,,,,,,,,,,,,,TRUE,FALSE,"Carrion's undying life force is stored outside of his body - if killed while his heart is intact, he will rise again the next day."
Unbridled Wrath,,,,,,,Fire,,,,,,,,,,,,,,,,,,,,,,,,,,,,,,,,,FALSE,TRUE,Releasing a decade of pent-up rage in a blaze of infernal fury. The affected entity is Immune to Fire damage.
Uncanny Sight,,,,,,,,,,,,,,,,,,,,,,,,,,,,,,,,,,,,,,,,TRUE,FALSE,Can see objects hidden to the unaided eye.
Unconscious,,,,"STR, DEX",-100,,,,,,,,,,,,,,,,,,,,,,,,,,,,,,,,,,,FALSE,TRUE,Character is unconscious. The creature automatically fails Strength and Dexterity  Saving throws. Attack rolls within 3 m / 10 ft automatically Critical Hit
Undead Fortitude,,,,,,,,,,,,,,,,,,,,,,,,,,,,,,,,,,,,,,,,TRUE,FALSE,"When reduced to 0 hit points, regain 1 hit point instead (unless the damage was radiant or caused by a critical hit)."
Undead Ward,,,,,,,,"Bludgeoning, Piercing, Slashing",,,,,,,,,,,,,,,,,,,,,,,,,,,,,,,,FALSE,TRUE,"Affected entity is Resistant to Bludgeoning, Slashing, and Piercing damage."
Undead Ward Aura,,,,,,,,,,,,,,,,,,,,,,,,,,,,,,,,,,,,,,,,TRUE,FALSE,"Allied undead within  9 m / 30 ft are Resistant to Bludgeoning, Slashing, and Piercing damage."
Under Operation,,,,,,,,,,,,,,,,,,,,,,,,,,,,,,,TRUE,,,,,,,,,FALSE,TRUE,Target cannot move or speak.
Undying Fury,,,,,,,,,STR,4,,,,,,,,,,,,,,,,,,,,,,,,,,,,,,FALSE,TRUE,Cazador's anger increases his Strength score by 4 and lets him attack multiple times.
Unmovable,,,,,,,,,,,,,,,,,,,,,,,,,,,,,,Prone,,,,,,,,,,FALSE,TRUE,"While concentrating on a spell, you can't be knocked  Prone or moved against your will."
Unnerved,,,,,,,,,,,,,,,,,,,,,,,,,,,,,,,,,,,,,,,,TRUE,FALSE,This entity cannot take actions as their courage has been stifled by a ghost.
Unrelenting Storm,,,,,,,,,,,,,,,,,,,,,,,,,,,,,,,,,,,,,,,,TRUE,FALSE,"The next time this creature would be reduced to 0 hit points, it will instead remain conscious with 1 hitpoint left. In addition, it will begin  Hoarding Energy, gain  100 temporary hit points for 1 round and lose any Incapacitating Conditions."
Unstable,,,,,,,,,,,,,,,,,,,,,,,,,,,,,,,,,,,,,,,,TRUE,FALSE,"The gremishka is reacting to nearby magic and has become unstable. At the start of its next turn, it will trigger a random effect."
Unstable Ballistics,,,,,,,,,,,,,,,,,,,,,,,,,,,,,,,,,,,,,,,,TRUE,FALSE,This grenade will explode immediately when interacted with.
Unstoppable,,,,,,,,,,,,,,,,,,,,,,,,,,,,,,,,,,,,,,,,TRUE,FALSE,Reduce the next damage taken by the entity to 1 and consumes one charge of Unstoppable. Unstoppable creatures cannot be moved by any external forces — mundane or magical.
Untenable Secret,,,,,,,,,,,,,,,,,,,,,,,,,,,,,,,,,,,,,,,,TRUE,FALSE,Ravaged by a monstrous secret. Affected entity must cast  Share Untenable Secret on an ally or suffer debilitating Psychic damage.
Unyielding Construct,,,,,,,,,,,,,,,,,,,,,,,,,,,,,,,,,,,,,,,,TRUE,FALSE,Only an attack dealing at least 15 damage can harm this Steel Watcher.
Upset Stomach,,,,,,,,,,,,,,,,,,,,,,,,,,,,,,,,,,,,,,,,TRUE,FALSE,"Something was off about that apple. When the duration ends, make a DC 15  Constitution saving throw. Failing will inflict the condition  Feverish."
Vampire Bat Form,,,,,,,,,,,,,,,,,,,,,,,,,,,,,,,,,,,,,,,,TRUE,FALSE,Polymorphed into a vampire bat
Vampire Regeneration,,,,,,,,,,,,,,,,,,,,,,,,,,,,,,,,,,,,,,,,TRUE,FALSE,"The vampire regains  20 hit points at the start of its turn, unless it is in sunlight, or has taken radiant damage or damage from holy water."
Vampiric Touch,,,,,,,,,,,,,,,,,,,,,,,,,,,,,,,,,,,,,,,,TRUE,FALSE,"Each turn, using an Action, can recast Vampiric Touch without expending a Spell Slot."
Veil of Shar,,,,,2,,,,,,,,,,,,,,,,,,,,,,,,,,,,,,,,,,,FALSE,TRUE,Shield of Faith also grants a +2 bonus to all Saving Throws.
Venomous Brew,,,,,,,,,,,,,,,,,,,,,,2d6,Poison,,,,,,,,,,,,,,,,,FALSE,TRUE,Affected entity deals an additional 2d6Poison damage while infused with Thisobald's current brew.
Venomous Revenge,,,,,,,,,,,,,,,,,,,,,,1d6,Poison,,,,,,,,,,,,,,,,,FALSE,TRUE,"Affected entity has been recently healed, and its weapon attacks deal an additional 1d6Poison."
Vessel for Kereska's Poison,,,,,,,,Poison,,,,,,,,,,,,,,,,,,,,,,,,,,,,,,,,FALSE,TRUE,"Affected entity has resistance to Poison damage. Its poison spells deal additional damage equal to its proficiency bonus. When it deals spell damage, it inflicts 2 turns of  Poisoned upon the target. While attuned to Kereska's poison, it can cast  Cloudkill and  Ray of Sickness at 5th level once per short rest."
Vicious Mockery,,,,,,,,,,,,,,,,,,,,DIS,,,,,,,,,,,,,,,,,,,,FALSE,TRUE,Disadvantage on the next Attack roll.
Violent Heart,,,,WIS,,DIS,,,,,,,,,,,,,,,,,,,,,,,,,,,,,,,,,,FALSE,TRUE,"Affected entity will be automatically Critically Hit by Viconia's attacks, and it has Disadvantage on Wisdom Saving Throws. To end this effect, the creature must deny its Violent Heart by healing an enemy."
Virulent Venom,,,,,,,,,,,,,,,,,,,,,,,,,,,,,Poison,,,,,,,,,,,FALSE,TRUE,Vulnerable to Poison damage.
Vitality Drain,,,,,,,,,,,,,,,,,,,,,,,,,,,,,,,,,,,,,,,,TRUE,FALSE,The dead girl's Sapping Curse is draining your vitality. Affected entity takes takes 4d6+4Necrotic per turn. Take half damage on succeeding a DC 8  Wisdom saving throw. Doubled movement cost.
Vlaakith's Undying Aspect,,3,,,,,,,,6,,,,,,,,,,,,,,,,,,,,,,,,,,,,,,FALSE,TRUE,"This scion of the Lich Queen has had its  Armour Class increased by 3, all of its Ability Scores increased by 6, and fires 6 beams when casting  Eldritch Blast."
Voice of Reason,,,,,,,,,,,,,,,,,,,,,,,,,,,,,,,,,,,,,,,,TRUE,FALSE,"Your Oath echoes in your mind, keeping Auntie Ethel's whispers at bay - for now."
Voice of the Circle,,,,,,,,,,,,,Persuasion,2,,,,,,,,,,,,,,,,,,,,,,,,,,FALSE,TRUE,"The Soverign's spores have infused the vocal cords, making them echo with authority. Has a +2 bonus on Persuasion Checks."
Void Cloud,,,,,,,,,,,,,,,,,,,,,,,,,,,,,,,,,,,,,,,,TRUE,FALSE,Becomes  blinded and suffers 2d8Cold damage at the end of the turn.
Volatile Blood,,,,,,,,,,,,,,,,,,,,,,,,,,,,,,,,,,,,,,,,TRUE,FALSE,This creature takes 1d6Necrotic damage each turn and Detonate upon death.
Volatile Shield (10),,,,,,,,,,,,,,,,,,,,,,,,,,,,,,,,,,,,,,,10,FALSE,TRUE,"Affected entity has been granted temporary hit points by an illithid. If these are removed by incoming damage, the shield bursts, possibly  Stunning nearby foes. The shield only bursts after all temporary hit points have been removed. This also removes the condition. When the shield bursts, enemies within  9 m / 30 ft are  Stunned for 1 turn, unless they succeed a DC 15  Intelligence saving throw."
Volatile Shield (25),,,,,,,,,,,,,,,,,,,,,,,,,,,,,,,,,,,,,,,25,FALSE,TRUE,"Affected entity has been granted temporary hit points by an illithid. If these are removed by incoming damage, the shield bursts, possibly  Stunning nearby foes. The shield only bursts after all temporary hit points have been removed. This also removes the condition. When the shield bursts, enemies within  9 m / 30 ft are  Stunned for 1 turn, unless they succeed a DC 15  Intelligence saving throw."
Volo's Guide to Monsters,,,,,2,,,,,,,,,2,,,,,2,,,,,,,2,,,,,,,,,,,,,,FALSE,TRUE,"With steadfast application of knowledge from Volo's preeminent work, affected entitites gain +2 to Attack Rolls, Saving Throws and Ability Checks."
Vow of Enmity,,,,,,,,,,,,,,,,,,,,,,,,,,,,,,,,,,,,DIS,,,,FALSE,TRUE,Spellcaster has  Advantage on Attack Rolls against the affected entity.
Wall of Fire,,,,,,,,,,,,,,,,,,,,,,,,,,,,,,,,,,,,,,,,TRUE,FALSE,A blazing wall of fire that deals 5d8Fire to anyone within  3 m / 10 ft.
Wall of Fire: Aura,,,,,,,,,,,,,,,,,,,,,,,,,,,,,,,,,,,,,,,,TRUE,FALSE,Engulfed in a wall of blazings flames. The affected entity takes 5d8 + 1d8 per additional Spell LevelFire damage per turn it stays within  3 m / 10 ft of the fire.
Wall of Thorns,,,,,,,,,,,,,,,,,,,,,,,,,,,,,,,,,,,,,,,,TRUE,FALSE,"Walking through a wall of pliable, twisted thorns. While within the wall, the affected entity's movement speed is quartered, and it takes 7d8Piercing damage per turn."
War Paint,,,,,,,,,,,,,,,,,,,,,,,,,,,,,,,,,,,,,,,,TRUE,FALSE,Decorated with worg dung.
Warden of Vitality (Aura),,,,,,,,,,,,,,,,,,,,,,,,,,,,,,,,,,,,,,,,TRUE,FALSE,Affected entity can use  Restore Vitality to heal itself or nearby allies.
Warden of Vitality,,,,,,,,,,,,,,,,,,,,,,,,,,,,,,,,,,,,,,,,TRUE,FALSE,Close enough to a friendly paladin to be healed with  Restore Vitality.
Warding Bond (Caster),,,,,,,,,,,,,,,,,,,,,,,,,,,,,,,,,,,,,,,,TRUE,FALSE,"Creature is bound to an ally. Each time the ally takes damage, the creature takes the same amount of damage."
Warding Bond,,1,,,1,,,"Bludgeoning, Piercing, Slashing, Acid, Cold, Fire, Force, Lightning, Necrotic, Poison, Psychic, Radiant, Thunder",,,,,,,,,,,,,,,,,,,,,,,,,,,,,,,,FALSE,TRUE,"Affected entity has a +1 bonus to Armour Class and Saving throw Saving throws, and Resistance to all damage. Each time it takes damage, the spellcaster takes the same amount of damage."
Wasting Brew,,,,,,,,,,,,,,,,,,,,,,2d6,Necrotic,,,,,,,,,,,,,,,,,FALSE,TRUE,Affected entity deals an additional 2d6Necrotic damage while infused with Thisobald's current brew.
Wasting Mortal,,,,,,,,,,,,,,,,,,,,,,,,,,,,,,,,,,,,,,,,TRUE,FALSE,This living creature takes 4d6Necrotic at the end of every turn while it is within  The Dead Wastes. Afflicted creatures also cannot regenerate  hit points and their movement costs twice as much.
Water Layer Protection,,2,,,2,,,Fire,,,,,,,,,,,,,,,,,,,,,,Burning,,,,,,,,,,FALSE,TRUE,Prevented from  Burning. Resistant to Fire damage. Saving throw +2
Wayward Heart,,,,WIS,,DIS,,,,,,,,,,,,,,,,,,,,,,,,,,,,,,,,,,FALSE,TRUE,"Affected entity will be automatically Critically Hit by Viconia's attacks, and it has Disadvantage on Wisdom Saving Throws. To end this effect, the creature must deny its Wayward Heart by acquiescing to Shar and aiding Viconia in combat."
Wayward Undead,,,,,,,,,,,,,,,,,,,,,,,,,,,,,,,,,,,,,,,,TRUE,FALSE,"Affected entity is controlled by Mystic Carrion until combat ends. When this affect ends, the entity is destroyed."
Weak Grip,,,,STR,,DIS,,,,,,,,,,,,,,DIS,,,,,,,,,,,,,,,,,,,,FALSE,TRUE,Has  Disadvantage on Attack rolls and Strength  Saving throws. Removed if an ally Helps this creature.
Weapon Dropped!,,,,,,,,,,,,,,,,,,,,,,,,,,,,,,,,,,,,,,,,TRUE,FALSE,"An enemy has made you drop your weapon to the ground, similar to  Disarmed."
Weapon Stolen!,,,,,,,,,,,,,,,,,,,,,,,,,,,,,,,,,,,,,,,,TRUE,FALSE,An enemy has taken your weapon.
Weavebound Vines,,,,,,,,,,,,,,,,,,,,,,,,,,,,,,,,,,,,,,,,TRUE,FALSE,Vines crafted from the very Weave itself - a most unorthodox enchantment. Incapacitates the affected entity. Dispelled when the entity is attacked.
Weavewalker,,,,,,,,,,,,,,,,,,,,,,,,,,,,,,,,,,,,,,,,TRUE,FALSE,"One must remove all obstacles to follow one's destiny -  Arabella's favour grants affected creatures the benefits of  Freedom of Movement. The affected creature's Movement Speed cannot be reduced by Difficult Terrain, spells or magical effects. The affected creature cannot be  Paralysed or  Restrained."
Wet,,,,,,,,Fire,,,,,,,,,,,,,,,,,,,,,"Lightning, Cold","Burning, Wild Magic: Burning",,,,,,,,,,FALSE,TRUE,Immune to  Burning and  Wild Magic: Burning. Resistant to Fire damage. Vulnerable to Lightning and Cold damage.
Whirlwind,,,,,,,,,,,,,,,,,,,,,,,,,,,,,,,,,,,,,,,,TRUE,FALSE,Creatures in this whirlwind may become  Restrained ( Strength saving throw)
Whispers of Madness,,,,,,,,,,,,,"Animal Handling, Insight, Medicine, Perception, Survival",,DIS,,,,,,,,,,WIS,,DIS,,,,,,,,,,,,,FALSE,TRUE,Dark whispers pervade the creature's mind.  Disadvantage on Wisdom Checks.
Wholeness of Body,,,,,,,,,,,,,,,,,,,,,,,,,,,,,,,,,,,,,,,,TRUE,FALSE,Affected entity has an extra  Bonus Action and recovers 1  Ki Point every turn.
Wild Magic: Burning,,,,,,,,,,,,,,,,,,,,,,,,,,,,,,,,,,,,,,,,TRUE,FALSE,Takes 1d6Fire damage at the start of each turn.
Wild Magic: Cat Form,,,,,,,,,,,,,,,,,,,,,,,,,,,,,,,,,,,,,,,,TRUE,FALSE,"Flickering, unreliable magic has polymorphed you into a cat."
Wild Magic: Dark Tendrils,,,,,,,,,,,,,,,,,,,,,,,,,,,,,,,,,,,,,,,,TRUE,FALSE,"Each creature within  9 m / 30 ft of you must succeed a  Constitution saving throw or take 1d12Necrotic damage. Additionally, you gain  1d12 temporary hit points. The DC is based off your Charisma modifier"
Wild Magic: Dog Form,,,,,,,,,,,,,,,,,,,,,,,,,,,,,,,,,,,,,,,,TRUE,FALSE,"Flickering, unreliable magic has polymorphed you into a dog."
Wild Magic: Enchant Weapons,,,,,,,,,,,,,,,,,,,,,,1d4,Force,,,,,,,,,,,,,,,,,FALSE,TRUE,The next attack with this weapon is a Critical Hit and deals an additional 1d4Force.
Wild Magic: Explosive Healing,,,,,,,,,,,,,,,,,,,,,,,,,,,,,,,,,,,,,,,,TRUE,FALSE,Your spells of Level 1 and higher heal all creatures in a  3 m / 10 ft radius for 1d4hit points hit points per Spell Slot level.
Wild Magic: Intangible Spirit,,,,,,,,,,,,,,,,,,,,,,,,,,,,,,,,,,,,,,,,TRUE,FALSE,"Can summon an  Intangible Spirit each turn, until the end of their  Rage."
Wild Magic: Light Bolt,,,,,,,,,,,,,,,,,,,,,,,,,,,,,,,,,,,,,,,,TRUE,FALSE,"Can shoot a  Bolt of Light from their chest each turn, until the end of their  Rage."
Wild Magic: Magic Retribution,,,,,,,,,,,,,,,,,,,,,,,,,,,,,,,,,,,,,,,,TRUE,FALSE,"Until the end of the barbarian's Rage, enemies that hit them take 1d6Force damage in retaliation."
Wild Magic: Protective Lights (Aura),,1,,,,,,,,,,,,,,,,,,,,,,,,,,,,,,,,,,,,,,TRUE,FALSE,"Protected by multicoloured lights. Until the end of the barbarian's  Rage, the barbarian and any allies within  3 m / 10 ft have a +1 bonus to  Armour Class."
Wild Magic: Protective Lights,,1,,,,,,,,,,,,,,,,,,,,,,,,,,,,,,,,,,,,,,TRUE,FALSE,Surrounded by a barbarian's wild magic. Has a +1 bonus to  Armour Class until the end of the barbarian's  Rage.
Wild Magic: Sorcery Points,,,,,,,,,,,,,,,,,,,,,,,,,,,,,,,,,,,,,,,,TRUE,FALSE,Each spell you cast restores Sorcery Points equal to its Spell Slot level.
Wild Magic: Swap,,,,,,,,,,,,,,,,,,,,,,,,,,,,,,,,,,,,,,,,TRUE,FALSE,Casting a spell or cantrip makes you switch positions with a targeted creature.
Wild Magic: Telekinesis,,,,,,,,,,,,,,,,,,,,,,,,,,,,,,,,,,,,,,,,TRUE,FALSE,You are able to use Telekinesis without expending a spell slot.
Wild Magic: Teleport,,,,,,,,,,,,,,,,,,,,,,,,,,,,,,,,,,,,,,,,TRUE,FALSE,Can use a  Bonus Action to teleport up to  9 m / 30 ft.
Wild Magic: Teleport (Barbarian),,,,,,,,,,,,,,,,,,,,,,,,,,,,,,,,,,,,,,,,TRUE,FALSE,"Can  Teleport each turn, until the end of their  Rage."
Wild Magic: Turn Magic,,,,,,,,,,,,,,,,,,,,,,,,,,,,,,,,,,,,,,,,TRUE,FALSE,"At the start of each turn, triggers a random magical effect."
Wild Magic: Vine Growth,,,,,,,,,,,,,,,,,,,,,,,,,,,,,,,,,,,,,,,,TRUE,FALSE,"Surrounded by flowers and vines Until the end of the barbarian's Rage, the ground within  5 m / 17 ft is  Difficult Terrain for everyone other than the barbarian, halving Movement Speed"
Wild Magic: Weapon Infusion,,,,,,,,,,,,,,,,,,,,,,1d6,Force,,,,,,,,,,,,,,,,,FALSE,TRUE,"Magic infuses this weapon. Until the end of the barbarian's Rage, it deals an additional 1d6Force damage and gains the  Light and  Thrown properties. If thrown, it immediately reappears in the barbarian's hand."
Wild Shape: Air Myrmidon,,,,,,,,,,,,,,,,,,,,,,,,,,,,,,,,,,,,,,,,TRUE,FALSE,Wild shaped into an Air Myrmidon
Wild Shape: Badger,,,,,,,,,,,,,,,,,,,,,,,,,,,,,,,,,,,,,,,,TRUE,FALSE,Wild shaped into a Badger
Wild Shape: Boar,,,,,,,,,,,,,,,,,,,,,,,,,,,,,,,,,,,,,,,,TRUE,FALSE,Wild shaped into a Boar
Wild Shape: Cat,,,,,,,,,,,,,,,,,,,,,,,,,,,,,,,,,,,,,,,,TRUE,FALSE,Wild shaped into a Cat
Wild Shape: Cave Bear,,,,,,,,,,,,,,,,,,,,,,,,,,,,,,,,,,,,,,,,TRUE,FALSE,Wild shaped into a Cave Bear
Wild Shape: Deep Rothé,,,,,,,,,,,,,,,,,,,,,,,,,,,,,,,,,,,,,,,,TRUE,FALSE,Wild shaped into a Deep Rothé
Wild Shape: Dilophosaurus,,,,,,,,,,,,,,,,,,,,,,,,,,,,,,,,,,,,,,,,TRUE,FALSE,Wild shaped into a Dilophosaurus
Wild Shape: Dire Raven,,,,,,,,,,,,,,,,,,,,,,,,,,,,,,,,,,,,,,,,TRUE,FALSE,Wild shaped into a Dire Raven
Wild Shape: Dire Wolf,,,,,,,,,,,,,,,,,,,,,,,,,,,,,,,,,,,,,,,,TRUE,FALSE,Wild shaped into a Dire Wolf
Wild Shape: Earth Myrmidon,,,,,,,,,,,,,,,,,,,,,,,,,,,,,,,,,,,,,,,,TRUE,FALSE,Wild shaped into an Earth Myrmidon
Wild Shape: Fire Myrmidon,,,,,,,,,,,,,,,,,,,,,,,,,,,,,,,,,,,,,,,,TRUE,FALSE,Wild shaped into an Fire Myrmidon
Wild Shape: Giant Spider,,,,,,,,,,,,,,,,,,,,,,,,,,,,,,,,,,,,,,,,TRUE,FALSE,Wild shaped into a Giant Spider
Wild Shape: Owlbear,,,,,,,,,,,,,,,,,,,,,,,,,,,,,,,,,,,,,,,,TRUE,FALSE,Wild shaped into an Owlbear
Wild Shape: Panther,,,,,,,,,,,,,,,,,,,,,,,,,,,,,,,,,,,,,,,,TRUE,FALSE,Wild shaped into a Panther
Wild Shape: Polar Bear,,,,,,,,,,,,,,,,,,,,,,,,,,,,,,,,,,,,,,,,TRUE,FALSE,Wild shaped into a Polar Bear
Wild Shape: Rat,,,,,,,,,,,,,,,,,,,,,,,,,,,,,,,,,,,,,,,,TRUE,FALSE,Wild shaped into a rat
Wild Shape: Sabre-Toothed Tiger,,,,,,,,,,,,,,,,,,,,,,,,,,,,,,,,,,,,,,,,TRUE,FALSE,Wild shaped into a Sabre-Toothed Tiger
Wild Shape: Water Myrmidon,,,,,,,,,,,,,,,,,,,,,,,,,,,,,,,,,,,,,,,,TRUE,FALSE,Wild shaped into a Water Myrmidon
Wilted Dreams,,,,,,,,,,,,,,,,,,,,,,,,,,,,,,,,,,,,,,,,TRUE,FALSE,The target takes 3d6Psychic damage during next Long Rest.
Witch Bolt,,,,,,,,,,,,,,,,,,,,,,,,,,,,,,,,,,,,,,,,TRUE,FALSE,The spellcaster can use an Action each turn to activate the arc linking it to this creature to automatically deal 1d12Lightning damage.
Withering Barrier,,,,,,,,,,,,,,,,,,,,,,,,,,,,,,,,,,,,,,,,TRUE,FALSE,"If the affected entity is hit with a melee attack while it still has temporary hit points, it deals 1d6Piercing to creatures within  3 m / 10 ft."
Withering Life Force,,,,,,,,,,,,,,,,,,,,,,,,,,,,,,,,,,,,,,,20,FALSE,TRUE,Stole a creature's life force and gained  20 temporary hit points. Reconstituted Arcanists can hand their Withering Life Force to other creatures.
Within the Mind Sanctuary,,,,,,,,,,,,,,,,,,,,,,,,,,,,,,,,,,,,,,,,TRUE,FALSE,"Affected entity can take actions and bonus actions interchangeably, as long as it stays within the mind sanctuary. After using both action and bonus action, this condition ends and you gain the  Mind Sanctuary: Depleted condition."
Witness,,,,,,,,,,,,,,,,,,,,,,,,,,,,,,,,,,,,,,,,TRUE,FALSE,Witnessed the murder of a guard and will report to other guards as soon as possible.
Wizardsbane Oil,,,,CON,,DIS,,,,,,,,,,,,"Ranged Spell, Melee Spell",-3,,,,,,,,,-3,,,,,,,,,,,,FALSE,TRUE,Affected entity has -3 penalty to Spell Attack Rolls and Spell Save DC  Disadvantage on  Concentration Saving Throws
Wound Closure,,,,,,,,,,,,,,,,,,,,,,,,,,,,,,,,,,,,,,,,TRUE,FALSE,"While unconscious, the affected entity stabilises at the start of its turn."
Wrath,,,,,,,,,,,,,,,,,,,,,Melee,1,Weapon,,,,,,,,,,,,,,,,,FALSE,TRUE,You have a +1 bonus to damage with melee weapons for every turn this condition has remaining.
Wrathful Spirits,,,,,,,,,,,,,,,,,,,,,,,,,,,,,"Poison, Thunder, Radiant, Psychic, Necrotic, Lightning, Force, Fire, Cold, Acid, Slashing, Piercing, Bludgeoning",,,,,,,,,,,FALSE,TRUE,Spiritual energy has  Frightened this creature and is making it Vulnerable to all damage.
Wretched Growth,,,,,,,,,,,,,,,,,,,,,,,,,,,,,,,,,,,,,,,,TRUE,FALSE,"Affected entity will take 3d10Necrotic and possibly become  Entangled by Shadow-Cursed Vines if it ends its turn within  5 m / 17 ft of the Shambling Mound. On save, the affected entity still takes half damage."
Writhing Souls,,,,,,,,,,,,,,,,,,,,,,,,,,,,,,,,,,,,,,,,TRUE,FALSE,"While stood within the  Soul Ascension, this non-fiend will take 6d10Necrotic every turn as its soul is rended."
Writhing Tide,,,,,,,,,,,,,,,,,,,,,,,,,,,,,,,,,,,,,,,,TRUE,FALSE,Your swarm is protecting you from surface effects.
Wyvern Toxin,,,,,,,,,,,,,,,,,,,,,,,,,,,,,,,,,,,,,,,,TRUE,FALSE,Affected entity takes 1d8Poison damage at the end of its next turn.
Yeenoghu's Blessing,,,,,,,,,,,,,,,,,,,,,,,,,,,,,,,,,,,,,,,,TRUE,FALSE,Indulged its lust for violence. Yeenoghu's Gift won't turn the affected creature  Mad.
Yeenoghu's Gift,,,,,,,,,,,,,,,,,,,,,,,,,,,,,,,,,,,,,,,,TRUE,FALSE,Famished for slaughter. Affected entity can go  Mad for 2 turns if it doesn't deal damage to an enemy by the end of its turn.
Yeenoghu's Hunger,,,,,,,,,,,,,,,,,,,,,,,,,,,,,,,,,,,,,,,,TRUE,FALSE,"Bloated with the spoils of slaughter, but still hungry - a gnoll is growing in the hyena's belly."
Zariel's Protection,,,,,,,,,,,,,,,,,,,,,,,,,,,,,,,,,,,,,,,,TRUE,FALSE,"When attacked, Mizora will disappear to the Hells and return after a minute."