Creature,,,Type,Race,Class,Subclass,Identity,Size,Movement,Darkvision,Weight,XP,Actions/Spells,Weapons,Grenades,Boss,Imunities,,Vulnerabilities,Family,Faction,Title
Olam,,,Humanoid,Human,,,Male,Medium,9.0m,,75.0kg,6,,,,FALSE,,,,,Harpers,
Spectator,,,Aberration,Beholder,,,,Medium,12.0m,5.0m,110.0kg,5,"Bite (Spectator),Confusion Ray,Fear Ray,Paralysing Ray,Unpetrification Ray,Wounding Ray (Spectator)",,,TRUE,"Maimed,Prone,Hideous Laughter",,,,,Predator of the Dark
Cloaker Phantasm,,,Aberration,Cloaker,,,,Tiny,16.0m,18.0m,1.0kg,8,"Fly (class action),Moan",,,FALSE,,,,,,
Strange Ox,,,Beast,Beast,,,,Large,9.0m,12.0m,600.0kg,3,"Ochre Sputum (acid),Alternate Form: Dire Wolf,Alternate Form: Minotaur,Alternate Form: Phase Spider,Alternate Form: Shadow Mastiff,Ochre Sputum (acid),Pseudopod",,,FALSE,,,,,,
Strange Ox (Act 2),,,Ooze,Ooze,,,,Medium,9.0m,6.0m,180.0kg,6,"Ochre Sputum (acid),Alternate Form: Dire Wolf,Alternate Form: Minotaur,Alternate Form: Phase Spider,Alternate Form: Shadow Mastiff,Ochre Sputum (acid),Pseudopod",,,FALSE,,,,,,
Strange Ox (Act 3),,,Ooze,Ooze,,,,Large,9.0m,9.0m,600.0kg,9,"Ochre Sputum (acid),Alternate Form: Dire Wolf,Alternate Form: Minotaur,Alternate Form: Phase Spider,Alternate Form: Shadow Mastiff,Ochre Sputum (acid),Pseudopod",,,FALSE,,,,,,
Illithid Arcanist,,,Aberration,Mind Flayer,,,,Medium,9.0m,8.0m,60.0kg,8,"Counterspell,Levitate (Illithid Power),Magic Missile,Mind Blast,Mind Flayer Domination,Shield,Tentacle Whip (Mind Flayer)",,,FALSE,,,,,,
Omeluum,,,Aberration,Mind Flayer,,,,Medium,9.0m,18.0m,60.0kg,75,"Blur,Dissonant Whispers,Hold Person,Levitate (Illithid Power),Mind Blast,Silence,Sleep,Teleport to Submersible",,,FALSE,,,,,Society of Brilliance,
Omeluum (Act Three),,,Aberration,Mind Flayer,,,,Medium,9.0m,18.0m,60.0kg,75,"Blur,Dissonant Whispers,Hold Person,Levitate (Illithid Power),Mind Blast,Silence,Sleep,Teleport to Submersible",,,FALSE,,,,,,
The Emperor,,,Aberration,Mind Flayer,,,,Medium,9.0m,12.0m,60.0kg,12,"Extract Brain,Levitate (Illithid Power),Mind Blast,Mind Flayer Domination,Shield of Thralls,Tentacle Whip (Mind Flayer),Evard's Black Tentacles,Sleep,Slow,Telekinesis,Karsus' Compulsion",,,FALSE,,,"Shredded Armour,Sleeping,Sluggardly",,,
Fist Marcus,,,Humanoid,"Aberration, Human (former)",,,Male,Medium,9.0m,,75.0kg,150,"Concussive Smash,Fly (class action),Main Hand Attack,Tenacity,Vampiric Shout",Greatclub +1,,TRUE,,,,,Cult of the Absolute,Agent of the Absolute
Intellect Devourer,,,Aberration,Aberration,,,,Small,9.0m,1.0m,20.0kg,1,"Claws (Intellect Devourer),Devour Intellect,Synaptic Discharge",,,FALSE,,,,,,
Intellect Glutton,,,Aberration,Aberration,,,,Small,9.0m,5.0m,20.0kg,5,,,,FALSE,,,,,,
Mind Flayer Tadpole,,,Aberration,Aberration,,,,Tiny,7.0m,7.0m,0.1kg,7,,,,FALSE,,,,,,
The Netherbrain,,,Aberration,Elder Brain,,,,Huge,0.0m,20.0m,"10,000.0kg",20,"Orb of Negation,Retributive Brainquake",,,TRUE,"Blinded,Colour Spray,Charmed,Dominated,Command: Flee,Fearful,Frightened,Phantasmal Killer,Frozen,Banished,Paralysed,Command: Halt,Polymorphed,Prone,Hideous Laughter,Sleeping,Stunned,Confused Stupor",,,,,
Spectral Flumph,,,Aberration,Aberration,,,,Tiny,1.0m,1.0m,0.0kg,1,,,,FALSE,,,,,,
Tentacle,,,Aberration,Aberration,,,,Medium,3.0m,3.0m,80.0kg,3,Grapple (Tentacle),,,FALSE,,,,,,
Us (Prologue),,,Aberration,Intellect Devourer,,,,Small,9.0m,12.0m,20.0kg,10,"Claws (Intellect Devourer),Claws (Us),Devour Intellect,Synaptic Discharge (Us),Claws (Intellect Devourer),Devour Intellect,Synaptic Discharge",,,FALSE,,,,,,
Us (Act Two),,,Aberration,Intellect Devourer,,,,Small,9.0m,4.0m,20.0kg,4,"Claws (Intellect Devourer),Claws (Us),Devour Intellect,Synaptic Discharge (Us),Claws (Intellect Devourer),Devour Intellect,Synaptic Discharge",,,FALSE,,,,,,
Us (Lobotomised),,,Aberration,Intellect Devourer,,,,Small,6.0m,4.0m,20.0kg,4,"Claws (Intellect Devourer),Claws (Us),Devour Intellect,Synaptic Discharge (Us),Claws (Intellect Devourer),Devour Intellect,Synaptic Discharge",,,FALSE,,,,,,
Acid Hallucination,,,Fiend,Fiend,,,,Small,9.0m,6.0m,15.0kg,0,Claws (Imp),,,FALSE,,,,,,
Grym,,,Construct,Adamantine Golem,,,,Large,11.0m,20.0m,"5,000.0kg",875,"Awaken,Quake,Seismic Wrath,Slam (Grym)",,,TRUE,"Bleeding,Burning,Charmed,Dominated,Chest Trauma,Dazed,Difficult Terrain,Frightened,Phantasmal Killer,Gaping Wounds,Knocked Out,Melting,Paralysed,Petrified,Poisoned,Nauseous,Stunned",,,,,Eternal Protector of the Forge
Agile Guardian,,,Undead,Skeleton,,,,Medium,12.0m,3.0m,20.0kg,10,Ranged Attack,Longbow,,FALSE,,,,,,
Air Elemental,,,Elemental,Elemental,,,,Tiny,9.0m,9.0m,0.0kg,9,"Gushing Air,Primordial Gales,Multiattack (Air Elemental),Elemental Warp,Fly (class action)",,,FALSE,,,,,,
Chult Alioramus,,,Beast,Alioramus,,,,Large,9.0m,10.0m,250.0kg,10,"Bite (Alioramus),Pounce (Alioramus)",,,FALSE,,,,,,
Chult Alioramus Colossa,,,Beast,Alioramus,,,,Large,9.0m,10.0m,250.0kg,10,"Bite (Alioramus),Exude Mating Pheromones,Pounce (Alioramus)",,,FALSE,,,,,,
Animated Armour,,,Construct,,,,,Medium,9.0m,,40.0kg,,"Main Hand Attack,Ranged Attack",,,FALSE,,,,,,
Apostate Defender,,,Undead,Skeleton,,,,Medium,9.0m,3.0m,18.0kg,3,"Flourish,Lacerate,Main Hand Attack",Scimitar,,FALSE,,,,,,
Apostate Destroyer,,,Undead,Skeleton,,,,Large,9.0m,7.0m,73.0kg,7,"Concussive Smash,Main Hand Attack,Tenacity",Greatclub +1,,FALSE,,,,,,
Apostate Librarian,,,Undead,Skeleton,,,,Medium,9.0m,3.0m,18.0kg,3,"Blindness,Main Hand Attack,Ray of Frost,Sleep,Topple",Quarterstaff,,FALSE,,,,,,
Apostate Sentinel,,,Undead,Skeleton,,,,Medium,9.0m,3.0m,18.0kg,3,"Piercing Shot,Ranged Attack",Light Crossbow,,FALSE,,,,,,
Arcane Turret,,,Construct,Construct,,,,Medium,0.0m,4.0m,50.0kg,40,,,,FALSE,,,,,,
Armoured Crab,,,Beast,Crab,,,,Tiny,9.0m,4.0m,5.0kg,4,Razor Claw,,,FALSE,,,,,,
Bernard,,,Construct,Automaton,,,,Medium,10.0m,18.0m,200.0kg,75,"Multiattack (Bernard),Static Overdrive, Main Hand Attack",Light of Creation,,TRUE,,,,Lenore De Hurst (creator),,Guardian of the Enchanted Tower
Azer,,,Elemental,,,,,Medium,9.0m,1.0m,75.0kg,1,"Main Hand Attack,Overheat,Searing Smite (Azer)",Azer Warhammer,,FALSE,,,,,,
Bat,,,Beast,Bat,,,,Tiny,9.0m,1.0m,1.0kg,1,"Bite (Bat),Fly (class action)",,,FALSE,,,,,,
Bear,,,Beast,Bear,,,,Large,9.0m,,300.0kg,,"Claws (Bear Wild Shape),Goading Roar",,,FALSE,,,,,,
Bosk,,,Beast,Bear,,,Male,Medium,9.0m,,200.0kg,10,Claws (Bear),,,FALSE,,,,,Circle of the Emerald Grove,
Cave Bear,,,Beast,Bear,,,,Large,9.0m,,300.0kg,5,"Claws (Bear),Multiattack (Cave Bear Wild Shape)",,,FALSE,,,,,,
Ormn,,,Beast,Bear,,,Male,Medium,3.0m,,200.0kg,10,Claws (Bear),,,FALSE,,,,,Circle of the Emerald Grove,
Orsu,,,Beast,Bear,,,Male,Medium,9.0m,,200.0kg,3,"Bite (Bear),Claws (Bear Wild Shape)",,,FALSE,,,,,Circle of the Emerald Grove,
Tuffet,,,Beast,Bear,,,Female,Medium,3.0m,,200.0kg,10,Claws (Bear),,,FALSE,,,,,Circle of the Emerald Grove,
Ursa,,,Beast,Bear,,,,Large,3.0m,,200.0kg,3,"Claws (Bear Companion),Goading Roar",,,FALSE,,,,,,
Ursa Ingens,,,Beast,Bear,,,,Large,11.0m,,250.0kg,11,"Claws (Bear Companion),Dash (bonus action),Disengage: Bonus Action,Goading Roar,Help (bonus action),Honeyed Paws,Ursine Reinforcements",,,FALSE,,,,,,
Ursa Major,,,Beast,Bear,,,,Large,5.0m,,250.0kg,5,"Claws (Bear Companion),Goading Roar,Honeyed Paws,Dash (bonus action),Disengage: Bonus Action,Help (bonus action)",,,FALSE,,,,,,
Postmaster Badger,,,Beast,Badger,,,,Medium,9.0m,,50.0kg,170,,,,FALSE,,,,,Harpers,
Blue Jay,,,Beast,Bird,,,Male,Tiny,9.0m,,0.5kg,1,,,,FALSE,,,,,,
Commander Lightfeather,,,Beast,Bird,,,,Tiny,9.0m,,1.0kg,1,,,,FALSE,,,,,,
Dishevelled Chicken,,,Beast,Chicken,,,,Tiny,9.0m,,2.0kg,1,,,,FALSE,,,,,,
Scared Boar,,,Beast,Boar,,,,Medium,9.0m,,80.0kg,3,,,,FALSE,,,,,,
Tusk,,,Beast,Boar,,,,Medium,3.0m,,80.0kg,10,"Rush (Boar),Tusk Attack (Boar)",,,FALSE,,,,,Circle of the Emerald Grove,
Verres,,,Beast,Boar,,,,Medium,9.0m,,80.0kg,3,"Boar Charge,Tusk Attack (Boar)",,,FALSE,,,,,,
Verres Calamitosus,,,Beast,Bear,,,,Medium,11.0m,,250.0kg,11,"Boar Charge,Dash (bonus action),Disengage: Bonus Action,Frenzied Strike (Boar),Help (bonus action),Kick Up Muck,Rage (Boar),Tusk Attack (Boar)",,,FALSE,,,,,,
Verres Major,,,Beast,Boar,,,,Medium,5.0m,,80.0kg,5,"Boar Charge,Tusk Attack (Boar),Rage (Boar),Frenzied Strike (Boar),Dash (bonus action),Disengage: Bonus Action,Help (bonus action)",,,FALSE,,,,,,
Conjured Crab,,,Beast,Crab,,,,Small,9.0m,1.0m,5.0kg,0,Maiming Pinch,,,FALSE,,,,,,
Nessa,,,Beast,Displacer beast,,,Female,Medium,12.0m,12.0m,140.0kg,110,"Displace (Displacer Beast),Illusory Copy,Tentacle Whip (Displacer Beast)",,,FALSE,,,,,,
Shadow-Whiskers,,,Beast,Displacer Beast,,,Female,Medium,9.0m,12.0m,140.0kg,200,"Illusory Copy,Tentacle Whip (Displacer Beast)",,,FALSE,,,,,Circus of the Last Days,
Addled Frog,,,Beast,Frog,,,Female,Tiny,9.0m,,1.0kg,1,"Mirror Image,Reflective Mucus,Venomous Discharge (Addled Frog)",,,FALSE,,,,,,
Conjured Frog,,,Beast,Frog,,,,Tiny,9.0m,1.0m,1.0kg,0,"Bufotoxin,Jump (Frog)",,,FALSE,,,,,,
Ancient Giant Eagle,,,Beast,Giant Eagle,,,,Large,15.0m,,60.0kg,40,"Fly (class action),Gale (class action),Multiattack (Giant Eagle),Cry for Help,Signalling Cry,Talons",,,FALSE,,,,,,
Bloated Hyena,,,Beast,Hyena,,,,Medium,0.0m,1.0m,50.0kg,20,,,,FALSE,,,,,,
Hyena (Shadow-Cursed Lands),,,Beast,Hyena,,,Male,Medium,15.0m,1.0m,50.0kg,20,,,,FALSE,,,,,Cult of the Absolute,
Cranium Rat,,,Beast,Rat,,,,Tiny,9.0m,,1.0kg,,Infectious Bite (Rat),,,FALSE,,,,,,
Giant Rat,,,Beast,Rat,,,,Tiny,9.0m,1.0m,1.0kg,1,Vampiric Vermin,,,FALSE,,,,,Szarr Palace,
Necrotic Rat,,,Beast,Rat,,,,Tiny,9.0m,16.0m,1.0kg,1,Necrotic Bite,,,FALSE,,,,,,
Soporific Rat,,,Beast,Rat,,,,Tiny,9.0m,1.0m,1.0kg,1,Bite (Rat Combatant),,,FALSE,,,,,,
Corvus,,,Beast,Raven,,,,Small,9.0m,,7.0kg,3,"Beak Attack (Dire Raven),Fly (class action),Rend Vision (Dire Raven)",,,FALSE,,,,,,
Corvus Celer,,,Beast,Raven,,,,Small,9.0m,,7.0kg,11,"Bad Omen,Beak Attack (Dire Raven),Dash (bonus action),Disengage: Bonus Action,Fly (Dire Raven Companion),Help (bonus action),On Black Wings,Rend Vision (Dire Raven)",,,FALSE,,,,,,
Corvus Major,,,Beast,Raven,,,,Small,9.0m,,7.0kg,5,"Bad Omen,Beak Attack (Dire Raven),Fly (class action),Rend Vision (Dire Raven),Dash (bonus action),Disengage: Bonus Action,Help (bonus action)",,,FALSE,,,,,,
Quothe,,,Beast,Raven,,,,Tiny,9.0m,1.0m,1.0kg,0,"Beak Attack (Raven Familiar),Fly (class action),Rend Vision (Raven Familiar)",,,FALSE,,,,,,
Raven,,,Beast,Bird (Raven),,,,Tiny,9.0m,12.0m,1.0kg,75,Rend Vision (Dire Raven),,,FALSE,,,,,,
Shadow-Cursed Raven,,,Undead,Undead,,,,Tiny,1.0m,1.0m,1.0kg,40,"Beak Attack (Shadow-Cursed Raven),Fly (class action)",,,FALSE,,,,,,
Aggressive Crag Spider,,,Beast,Spider,,,,Tiny,9.0m,1.0m,0.5kg,1,"Arachnid Jump,Bite (Tiny Spider)",,,FALSE,,,,,,
Aranea,,,Beast,Spider,,,,Medium,9.0m,12.0m,60.0kg,3,"Venomous Bite (Wolf Spider Companion),Web (Spider)",,,FALSE,,,,,,
Aranea Major,,,Beast,Spider,,,,Medium,9.0m,12.0m,120.0kg,5,"Cocoon,Venomous Bite (Wolf Spider Companion),Web (Spider),Dash (bonus action),Disengage: Bonus Action,Help (bonus action)",,,FALSE,,,,,,
Aranea Aculeata,,,Beast,Spider,,,,Medium,9.0m,12.0m,120.0kg,11,"Bursting Brood,Cocoon,Dash (bonus action),Disengage: Bonus Action,Help (bonus action),Venomous Bite (Wolf Spider Companion),Web (Spider)",,,FALSE,,,,,,
Combustion Belly Spiderling,,,Beast,Spider,,,,Tiny,9.0m,11.0m,0.5kg,11,"Arachnid Jump,Bite (Tiny Spider),Spiderling Burst",,,FALSE,,,,,,
Crag Spider,,,Beast,Spider,,,,Tiny,9.0m,1.0m,0.5kg,1,"Arachnid Jump,Bite (Tiny Spider)",,,FALSE,,,,,,
Larger Giant Spider,,,Beast,Spider,,,,Medium,3.0m,3.0m,120.0kg,10,"Arachnid Jump,Urticating Hairs,Venomous Bite (Wolf Spider Companion)",,,FALSE,,,,Smaller Giant Spider (sibling),,
Smaller Giant Spider,,,Beast,Spider,,,,Medium,3.0m,3.0m,120.0kg,10,"Arachnid Jump,Urticating Hairs,Web (Spider)",,,FALSE,,,,Larger Giant Spider (sibling),,
Sword Spider,,,Beast,Spider,,,,Medium,9.0m,5.0m,90.0kg,40,"Bite (Sword Spider),Arachnid Jump",,,FALSE,,,,,,
Lupus,,,Beast,Wolf,,,,Medium,3.0m,,60.0kg,3,"Bite (Wolf),Lunging Bite",,,FALSE,,,,,,
Lupus Major,,,Beast,Wolf,,,,Medium,5.0m,,60.0kg,5,"Bite (Wolf),Infectious Bite (Wolf Companion),Lunging Bite,Dash (bonus action),Disengage: Bonus Action,Help (bonus action)",,,FALSE,,,,,,
Lupus Optumus,,,Beast,Wolf,,,,Medium,11.0m,,60.0kg,11,"Bite (Wolf),Dash (bonus action),Disengage: Bonus Action,Help (bonus action),Infectious Bite (Wolf Companion),Lunging Bite,Lupine Slash",,,FALSE,,,,,,
Dire Wolf,,,Beast,Wolf,,,,Medium,9.0m,,110.0kg,1,Bite (Dire Wolf),,,FALSE,,,,,,
Dire Wolf (Wild shape),,,Beast,Wolf,,,,Medium,,,,,"Bite (Dire Wolf),Inciting Howl (Wolf),Exposing Bite",,,FALSE,,,,,,
Cat,,,Beast,,,,,Tiny,9.0m,1.0m,5.0kg,1,,,,FALSE,,,,,,
Chicken,,,Beast,,,,,Tiny,9.0m,9.0m,2.0kg,9,,,,FALSE,,,,,,
Deep Rothé,,,Beast,,,,,Large,9.0m,1.0m,600.0kg,1,"Dancing Lights (Deep Rothé),Frenzied Charge,Gore (Deep Rothé)",,,FALSE,,,,,,
Dilophosaurus,,,Beast,Beast,,,,Large,9.0m,10.0m,250.0kg,10,"Bite (Dilophosaurus),Corrosive Spit,Pounce (Dilophosaurus)",,,FALSE,,,,,,
Dog,,,Beast,Dog,,,,Small,9.0m,,35.0kg,,,,,FALSE,,,,,,
Owlbear,,,Beast,Beast,,,,Large,12.0m,3.0m,550.0kg,3,"A Mother's Desperation,Claws (Owlbear),Crushing Flight,Multiattack (Owlbear)",,,TRUE,,,,Owlbear CubUnnamed male cub (deceased)Owlbear Mate,,
Pig,,,Beast,Beast,,,,Medium,9.0m,,75.0kg,1,,,,FALSE,,,,,,
Squirrel,,,Beast,,,,,Tiny,1.0m,1.0m,1.0kg,1,,,,FALSE,,,,,,
Sheep,,,Beast,,,,,Medium,9.0m,1.0m,50.0kg,1,Dash,,,FALSE,,,,,,
Tingmiaq,,,Beast,Bird,,,,Tiny,9.0m,,1.0kg,1,,,,FALSE,,,,,Circle of the Emerald Grove,
Topaz,,,Beast,Bird,,,Male,Tiny,9.0m,,0.5kg,1,,,,FALSE,,,,,Circle of the Emerald Grove,
Wounded Bird,,,Beast,Bird,,,Female,Tiny,1.0m,1.0m,0.5kg,1,,,,FALSE,,,,,Circle of the Emerald Grove,
Blast Cannon,,,Construct,Construct,,,,Medium,,,400.0kg,50,,,,FALSE,,,,,,
Bitey Buddy,,,Fey,Blink Dog,,,,Medium,9.0m,16.0m,50.0kg,110,"Bite (Dire Wolf),Blink (class action),Menacing Howl",,,FALSE,,,,,,
Bloodmarrow Skeleton,,,Undead,Skeleton,,,,Medium,9.0m,5.0m,20.0kg,5,Blood Skeleton Slam,,,FALSE,,,,,,
Boar,,,Beast,Boar,,,,Medium,9.0m,,80.0kg,,"Rush (Boar),Tusk Attack (Boar)",,,FALSE,,,,,,
Bugbear,,,Humanoid,Bugbear,,,,Medium,9.0m,3.0m,110.0kg,3,"Main Hand Attack,Throw","Javelin,Morningstar",,FALSE,,,,,,
Bulette,,,Monstrosity,Bulette,,,,Large,9.0m,5.0m,600.0kg,5,"Bite (Bulette),Corrosive Phlegm,Deadly Leap,Burrow (Bulette)",,,TRUE,,,,,,Predator of the Dark
Cambion,,,Fiend,,,,,Medium,9.0m,4.0m,80.0kg,75,"Fire Bolt,Fly (class action),Main Hand Attack",Trident,,FALSE,,,,,,
Cat (Wild Shape),,,Beast,Cat,,,,Tiny,,,,,"Claws (Cat),Meow",,,FALSE,,,,,,
Valeria,,,Celestial,Hollyphant,,,,Small,10.0m,,27.0kg,250,"Joyous Trumpet,Trumpet of Blasting,Trumpet of Sparkles",,,FALSE,,,,,,Sleuth of Helm
Deva,,,Celestial,Celestial,,,,Medium,9.0m,10.0m,75.0kg,10,"Concussive Smash,Fly (class action),Help,Main Hand Attack,Revivify,Wrathful Smite",Deva Mace,,FALSE,,,,,,
Moonlight Sliver,,,Celestial,Celestial,,,,Medium,11.0m,11.0m,75.0kg,11,"Lunar Smite,Selûne's Ire,Silvered Bulwark",,,FALSE,,,,,,
Cheese Wheel,,,Construct,Construct,,,,Tiny,9.0m,1.0m,6.0kg,1,"Cheesy Smell,Jump",,,FALSE,,,,,,
Cloaker,,,Aberration,,,,,Large,16.0m,8.0m,8.0kg,8,"Bite (Cloaker),Fly (class action),Multiattack (Cloaker),Phantasms",,,FALSE,,,,,,
Coin Halberd,,,Construct,,,,,Tiny,9.0m,7.0m,3.0kg,0,"Lance Charge,Pierce",,,FALSE,,,,,,
Cold Hallucination,,,Fiend,Fiend,,,,Small,9.0m,6.0m,15.0kg,0,Claws (Imp),,,FALSE,,,,,,
Conjured Imp,,,Fiend,Imp,,,,Small,9.0m,1.0m,15.0kg,0,"Claws (Imp),Fly (class action),Invisibility (Imp),Sting (Imp)",,,FALSE,,,,,,
Conjured Quasit,,,Fiend,Quasit,,,,Small,9.0m,1.0m,10.0kg,1,"Claws (Quasit),Invisibility (Quasit),Scare",,,FALSE,,,,,,
Conjured Rat,,,Beast,Rat,,,,Tiny,9.0m,1.0m,5.0kg,0,Infectious Bite (Rat),,,FALSE,,,,,,
Mage Hand,,,Undead,Conjured Spectre,,,,Tiny,9.0m,,0.1kg,0,"Shove,Throw",,,FALSE,,,,,,
Feeble Spectre,,,Undead,Undead,,,,Tiny,9.0m,6.0m,1.0kg,6,"Pluck Soul,Right Behind You",,,FALSE,,,,,,
Mundane Spectre,,,Undead,Undead,,,,Tiny,9.0m,6.0m,1.0kg,6,"Devour Soul,Pluck Soul,Right Behind You",,,FALSE,,,,,,
Primordial Spectre,,,Undead,Undead,,,,Tiny,9.0m,6.0m,1.0kg,6,"Devour Soul,Seize Soul,Reap Soul,Right Behind You",,,FALSE,,,,,,
Conjured Spider,,,Beast,Spider,,,,Tiny,9.0m,1.0m,0.5kg,0,"Arachnid Jump,Bite (Spider)",,,FALSE,,,,,,
Hollow Armour,,,Construct,Animated Armour,,,,Medium,9.0m,6.0m,40.0kg,6,"Main Hand Attack,Shadow Torrent",Rusty Greatsword,,FALSE,,,,,,
Klank,,,Construct,Animated Armour,,,,Medium,9.0m,18.0m,40.0kg,250,"Cleave,Lacerate,Main Hand Attack,Pommel Strike",Greatsword,,FALSE,,,,,,
Krank,,,Construct,Animated Armour,,,,Medium,9.0m,18.0m,40.0kg,400,Ranged Attack,Longbow,,FALSE,,,,,,
Flesh,,,Construct,Flesh Golem,,,Male,Medium,9.0m,12.0m,200.0kg,180,"Corpulent Rage,Multiattack (Flesh),Slam (Flesh)",,,FALSE,,,,Balthazar (brother),,
Scrying Eye,,,Construct,Construct,,,,Small,9.0m,1.0m,25.0kg,20,"Psychic Resonance,Psychic Scream",,,FALSE,,,,,,
Hellfire Watcher,,,Construct,Steel Watcher,,,,Large,18.0m,11.0m,750.0kg,510,"Debilitating Shot,Hellfire Exhaust,Main Hand Attack (Steel Watcher),Reposition Malefactor,Self-Detonate","Watcher Greatsword, Hellfire Engine Crossbow",,FALSE,"Bleeding,Burning,Charmed,Dominated,Drunk,Exhausted,Frightened,Phantasmal Killer,Melting,Poisoned,Nauseous,Polymorphed,Roiling Hellfire,Surprised,Sleeping,Prone",,,,,
Steel Watcher Titan,,,Construct,Steel Watcher,,,,Large,30.0m,12.0m,"1,800.0kg",12,"Defensive Protocol: Bulwark,Hellfire Curse,Hellfire Missiles,Launch Protocol: Bola,Main Hand Attack (Steel Watcher),Multiattack (Steel Watcher Titan),Self-Detonate (Steel Watcher Titan),Repelling Protocol,Targeting Protocol: Hellfire Missiles,Terminate Bulwark Protocol",Watcher Greatsword,,TRUE,"Banished,Bleeding,Burning,Charmed,Dominated,Drunk,Exhausted,Frightened,Phantasmal Killer,Melting,Poisoned,Nauseous,Polymorphed,Roiling Hellfire,Surprised,Sleeping,Prone,Wet",,,,,Gortash's Magnum Opus
Doggy,,,Construct,Construct,,,,Medium,9.0m,16.0m,50.0kg,50,Shadowjaw Bite,,,FALSE,,,,,,
Elminster,,,Humanoid,Human/Construct,Wizard,,Male,Medium,9.0m,,75.0kg,1000,"Misty Step,Otiluke's Freezing Sphere,Polymorph,Slow,Sunbeam",,,FALSE,,,,,,Sage of Shadowdale
Guardian of Faith,,,Construct,Construct,,,,Medium,0.0m,7.0m,50.0kg,7,"Strike of the Guardian,Divine Retaliation",,,FALSE,,,,,,
Manifestation of Tyranny,,,Construct,Construct,,,,Tiny,0.0m,9.0m,1.0kg,9,"Black Hand Strike,Shove,Throw",,,FALSE,,,,,,
Ptaris' Mental Image,,,Construct,Construct,,,,,9.0m,,1.0kg,1,"Astral Step,Sapping Strike",,,FALSE,,,,,,
Rage Queller,,,Aberration,Aberration,,,,Medium,9.0m,12.0m,90.0kg,12,"Calm Emotions,Main Hand Attack,Staggering Smite",Greataxe +2,,FALSE,,,,,Cult of the Absolute,Countermeasure: Barbarian
The Snapping of Strings,,,Aberration,Aberration,,,,Medium,9.0m,12.0m,75.0kg,12,"Fracture Psyche,Ranged Attack,Silence,Stage Fright",Hand Crossbow +2,,FALSE,,,,,Cult of the Absolute,Countermeasure: Bard
Blasphemous Acolyte,,,Aberration,Aberration,Cleric,,,Medium,9.0m,12.0m,90.0kg,12,"Contagion: Flesh Rot,Harm,Inflict Wounds,Main Hand Attack,Turn Undead",Flail +2,,FALSE,,,,,Cult of the Absolute,Countermeasure: Cleric
Unnatural Blot,,,Aberration,Aberration,Druid,,,Medium,9.0m,12.0m,90.0kg,12,"Blight,Cloudkill,Dominate Beast,Flame Blade,Insect Plague,Main Hand Attack",Scimitar +2,,FALSE,,,,,Cult of the Absolute,Countermeasure: Druid
Breaker of War,,,Aberration,Aberration,,,,Medium,9.0m,12.0m,90.0kg,12,"Action Surge,Goading Attack (Melee),Force Tunnel,Main Hand Attack",Spear +2,,FALSE,,,,,Cult of the Absolute,Countermeasure: Fighter
Way of the Profane Ki,,,Aberration,Aberration,,,,Medium,9.0m,12.0m,90.0kg,12,"Flurry of Blows: Stagger,Stunning Strike (Unarmed),Unarmed Strike,Water Whip",,,FALSE,,,,,Cult of the Absolute,Countermeasure: Monk
Oathless Wretch,,,Aberration,Aberration,,,,Medium,9.0m,12.0m,90.0kg,12,"Divine Smite,Heat Metal,Main Hand Attack,Thunderous Smite",Longsword +2,,FALSE,,,,,Cult of the Absolute,Countermeasure: Paladin
The Darkening Hunt,,,Aberration,Aberration,,,,Medium,9.0m,12.0m,90.0kg,12,"Ensnaring Strike (Ranged),Ranged Attack",Longbow +2,,FALSE,,,,,Cult of the Absolute,Countermeasure: Ranger
Assassin's Folly,,,Aberration,Aberration,Rogue,,,Medium,9.0m,12.0m,90.0kg,12,"Main Hand Attack,Sneak Attack (Melee)",Dagger +2,,FALSE,,,,,Cult of the Absolute,Countermeasure: Rogue
Metamage Persecutor,,,Aberration,Aberration,,,,Medium,9.0m,12.0m,90.0kg,12,"Black Hole,Chain Lightning,Concentrated Blast,Main Hand Attack,Shield,Slow",Quarterstaff +2,,FALSE,,,,,Cult of the Absolute,Countermeasure: Sorcerer
Pactsplitter,,,Aberration,Aberration,Warlock,,,Medium,9.0m,12.0m,90.0kg,12,"Banishing Smite (Melee),Blindness,Hypnotic Pattern,Main Hand Attack,Misty Step",Rapier +2,,FALSE,,,,,Cult of the Absolute,Countermeasure: Warlock
Spellplague,,,Aberration,Aberration,Wizard,,,Medium,9.0m,12.0m,90.0kg,12,"Absorb Intellect,Counterspell,Disintegrate,Ice Storm,Magic Missile,Main Hand Attack,Polymorph",Dagger +2,,FALSE,,,,,Cult of the Absolute,Countermeasure: Wizard
Crab,,,Beast,Crab,,,,Tiny,9.0m,1.0m,5.0kg,1,,,,FALSE,,,,,,
Minthara,,,Humanoid,Drow,Paladin,Oath of Vengeance,Female,Medium,9.0m,6.0m,75.0kg,6,"Bless,Concentrated Blast,Divine Smite (reaction),Faerie Fire,Hold Person,Lay on Hands: Greater Healing,Misty Step,Soul Branding,Vow of Enmity, Main Hand Attack",Xyanyde,,TRUE,,,,,,
Sarevok Anchev,,,Humanoid,Human,,,,Medium,,,,,"Deathbringer Assault,Deathbringer's Legacy,Indomitable,Power Word Kill",,,TRUE,Lethargic,,,,,
Crawling Claw,,,Undead,Crawling Claw,,,,Tiny,6.0m,,1.0kg,,Claws (Crawling Claw),,,FALSE,,,,,,
Cursed Kuo-Toa (Melee),,,Humanoid,Kuo-toa,,,,Medium,,,,,"Main Hand Attack,Net",Rusty Spear,,FALSE,,,,,,
Ketheric Thorm,,,Undead,Undead Half-Elf,Paladin,Oathbreaker,,Medium,9.0m,11.0m,75.0kg,11,"Blinding Smite,Backbreaker,Concussive Smash,Deadly Orders,Divine Smite,Howl of the Dead,Incubate Death,Main Hand Attack,Weakening Strike",Ketheric's Warhammer,,TRUE,"Poisoned,Polymorphed,Knocked Out",,,,,
Lyrthindor,,,Humanoid,Elf,,,Male,Medium,9.0m,12.0m,30.0kg,180,"Backbreaker,Beckoning Darkness,Blight,Flourish,Inflict Wounds,Main Hand Attack,Shadow Step,Sleep",Justiciar's Scimitar,,FALSE,,,,Unnamed wife (deceased)Unnamed daughter (deceased),Church of Shar,
Shadowheart,,,Humanoid,Half-elf,Cleric,Trickery Domain,Female,Medium,9.0m,,75.0kg,1,,,,FALSE,,,,Arnell Hallowleaf (father)Emmeline Hallowleaf (mother),,Daughter of Darkness
Charismatic Sentinel,,,Undead,Dark Justiciar,Paladin,Oath of Vengeance,,Medium,9.0m,12.0m,30.0kg,60,"Main Hand Attack,Divine Smite,Shadow Step,Bane,Hunter's Mark,Inquisitor's Might",Greatsword,,FALSE,,,,,,
Intelligent Sentinel,,,Undead,Dark Justiciar,Wizard,Necromancy School,,Medium,9.0m,12.0m,30.0kg,60,"Main Hand Attack,Bone Chill,Melf's Acid Arrow,Phantasmal Force,Shadow Step",Quarterstaff,,FALSE,,,,,,
Justiciar Avenger,,,Undead,Dark Justiciar,,,,Medium,9.0m,7.0m,30.0kg,60,Main Hand Attack,,,FALSE,,,,,,
Justiciar Crusader,,,Undead,Undead,,,,Large,9.0m,7.0m,80.0kg,280,"Main Hand Attack,Overwhelming Grief,Subsume Shadow",Greatsword,,FALSE,,,,,,
Justiciar Soulhunter,,,Undead,Dark Justiciar,,,,Medium,9.0m,7.0m,30.0kg,60,"Ranged Attack,Shadow Step",,,FALSE,,,,,,
Justiciar Nightweaver,,,Undead,Dark Justiciar,,,,Medium,9.0m,7.0m,30.0kg,60,"Beckoning Darkness,Shadow Step,Sleep,Untenable Secret",,,FALSE,,,,,,
Wise Sentinel,,,Undead,Dark Justiciar,Cleric,Trickery Domain,,Medium,9.0m,12.0m,30.0kg,60,"Main Hand Attack,Inflict Wounds,Sacred Flame,Spirit Guardians (Necrotic),Shadow Step,Cloak of Shadows",Mace,,FALSE,,,,,,
That Which Guards,,,Undead,Death Knight,,,,Medium,9.0m,12.0m,80.0kg,640,"Compelled Duel,Hellfire Orb,Searing Smite,Staggering Smite",,,FALSE,,,,,,Death Knight
That Which Lurks,,,Undead,Death Knight,,,,Medium,9.0m,12.0m,80.0kg,320,"Wrathful Smite,Staggering Smite",,,FALSE,,,,,,Death Knight
That Which Watches,,,Undead,Death Knight,,,,Medium,9.0m,12.0m,80.0kg,320,"Wrathful Smite,Staggering Smite",,,FALSE,,,,,,Death Knight
Stalker Svignee,,,Undead,Death Knight,,,,Medium,9.0m,12.0m,80.0kg,640,"Staggering Smite,Hellfire Orb,Searing Smite,Compelled Duel",,,FALSE,,,,,,
Death Shepherd,,,Undead,Skeleton,,,,Large,9.0m,6.0m,80.0kg,50,"Cleave,Lacerate,Main Hand Attack,No Rest for the Wicked,Pommel Strike,Reach from Beyond",Greatsword,,FALSE,,,,,,
Devotee of Mahkloompah,,,Humanoid,Sahuagin,,,,Medium,9.0m,6.0m,90.0kg,6,"Blood Frenzy,Claws (action),Net",,,FALSE,,,,,,
Displacer Beast,,,Beast,,,,,Medium,12.0m,5.0m,140.0kg,5,"Displace (Displacer Beast),Illusory Copy,Tentacle Whip (Displacer Beast)",,,FALSE,,,,,,
Displacer Beast (Illusion),,,Beast,,,,,Medium,0.0m,1.0m,50.0kg,1,Tentacle Whip (Displacer Beast),,,FALSE,,,,,,
Djinni,,,Elemental,Elemental,,,,Medium,9.0m,10.0m,100.0kg,10,"Main Hand Attack,Drunken Inhale,Misty Step,Sweetplum Gales,Thunderwave",Djinni Scimitar,,FALSE,,,,,,
Doppelganger,,,Monstrosity,,,,,Medium,9.0m,8.0m,75.0kg,8,"Doppelganger (class action),Morphic Ambush,Multiattack (Doppelganger)",,,FALSE,,,,,,
Ansur,,,Undead,Undead Dragon,,,,Large,12.0m,17.0m,"4,000.0kg",400,"Bout of Storms,Fly (Dragons),Frightful Presence,Gather Power,Lightning Breath (Ansur),Multiattack (Ansur),Slam (Ansur),Stormheart Nova",,,TRUE,"Bleeding,Charmed,Dominated,Chest Trauma,Dazed,Electrocuted,Command: Flee,Fearful,Frightened,Phantasmal Killer,Gaping Wounds,Paralysed,Command: Halt,Poisoned,Nauseous,Polymorphed,Prone,Hideous Laughter,Shocked,Shocking Grasp,Steeped in Bliss,Wet",,,,,
Kar'niss,,,Monstrosity,Drider,,,Male,Medium,9.0m,12.0m,150.0kg,150,"Lacerate,Main Hand Attack,Multiattack (Drider),Pommel Strike,Rush Attack,Sanctuary,Venom Claws",Cruel Sting,,TRUE,,,,,Cult of the Absolute,Light of the Absolute
Dryad,,,Fey,Fey,,,,Medium,9.0m,6.0m,55.0kg,6,"Entangle (Dryad),Fallen Lover,Spike Growth,Strengthened Shillelagh",,,FALSE,,,,,,
Duergar Spore Servant (Guard caster),,,Plant,Duergar (formerly),,,,Medium,7.5m,3.0m,75.0kg,3,"Lacerate, Main Hand Attack",Handaxe,,FALSE,,,,,,
Duergar Spore Servant (Guard melee),,,Plant,Duergar (formerly),,,,Medium,8.0m,3.0m,80.0kg,3,Concussive Smash,,,FALSE,,,,,,
Duergar Spore Servant (Patrol melee),,,Plant,Duergar (formerly),,,,Medium,7.5m,3.0m,80.0kg,3,"Lacerate, Main Hand Attack",Handaxe,,FALSE,,,,,,
Duergar Spore Servant (Ranged),,,Plant,Duergar (formerly),,,,Medium,7.5m,3.0m,80.0kg,3,"Piercing Shot, Ranged Attack",Light Crossbow,,FALSE,,,,,,
Earth Elemental,,,Elemental,Elemental,,,,Large,9.0m,9.0m,250.0kg,9,"Soil-Clogged Slam,Seismic Strike,Multiattack (Earth Elemental),Elemental Warp",,,FALSE,,,,,,
Grease Mephit,,,Elemental,Mephit,,,,Tiny,9.0m,4.0m,4.0kg,4,"Hurl Grease,Greasy Discharge,Fly (class action),Summon Mephit (Fire),Summon Mephit (Grease)",,,FALSE,,,,,,
Ice Mephit,,,Elemental,Mephit,,,,Tiny,9.0m,3.0m,4.0kg,3,"Freezing Claws,Ice Breath,Chromatic Orb: Cold,Death Burst (Cold),Fly (class action)",,,FALSE,,,,,,
Magma Mephit,,,Elemental,Mephit,,,,Tiny,9.0m,3.0m,4.0kg,75,"Burning Claws,Death Burst (Fire),Fire Breath (Magma Mephit),Fly (class action),Heat Metal",,,FALSE,,,,,,
Mud Mephit,,,Elemental,Mephit,,,,Tiny,9.0m,3.0m,4.0kg,3,"Death Burst (Mud),Fly (class action),Mud Breath,Muddy Claws,Mud Fling",,,FALSE,,,,,,
Air Myrmidon,,,Elemental,Elemental,,,,Small,9.0m,11.0m,20.0kg,11,"Main Hand Attack,Electrified Flail,Raging Vortex,Invisibility (Air Myrmidon),Elemental Warp,Fly (class action)",Flail of the Vortex,,FALSE,"Weapon Dropped!, Prone",,,,,
Earth Myrmidon,,,Elemental,Elemental,,,,Medium,9.0m,11.0m,150.0kg,11,"Grounded Thunder Strike,Sludgy Sling,Burrow (Earth Myrmidon),Muck to Metal,Elemental Warp",,,FALSE,"Weapon Dropped!, Prone",,,,,
Fire Elemental,,,Elemental,Elemental,,,,Tiny,9.0m,9.0m,0.0kg,9,"Smouldering Touch,Erupting Cinder,Multiattack (Fire Elemental),Elemental Warp",,,FALSE,,,,,,
Fire Myrmidon,,,Elemental,Elemental,,,,Small,9.0m,11.0m,40.0kg,11,"Main Hand Attack,Scorching Strike,Myrmidon's Immolation,Cinderous Swipe,Elemental Warp,Fly (class action)",Scimitar of Cinder,,FALSE,"Weapon Dropped!, Prone",,,,,
Hell Sphere,,,Elemental,Elemental,,,,Medium,9.0m,12.0m,199.0kg,12,Ram (Hell Sphere),,,FALSE,,,,,,
Water Elemental,,,Elemental,Elemental,,,,Medium,9.0m,9.0m,118.0kg,9,"Slam (Water Elemental),Winter's Breath,Multiattack (Water Elemental),Elemental Warp",,,FALSE,"Frightened, Prone, Stunned, Command: Halt, Command: Flee, Command: Grovel, Command: Approach",,,,,
Water Myrmidon,,,Elemental,Elemental,,,,Medium,9.0m,11.0m,175.0kg,11,"Main Hand Attack,Hiemal Strike,Explosive Icicle,Healing Vapours,Elemental Warp,Fly (class action)",Trident of the Depths,,FALSE,"Weapon Dropped!, Prone",,,,,
Ettercap,,,Monstrosity,,,,,Medium,9.0m,3.0m,85.0kg,3,"Claws (action),Multiattack (Ettercap),Web",,,FALSE,,,,,,
Fetid Ooze,,,Ooze,Ooze,,,,Medium,9.0m,6.0m,180.0kg,6,"Pseudopod,Ochre Sputum (acid)",,,FALSE,,,,,,
Auntie Ethel,,,Fey,Hag,,,,Medium,9.0m,5.0m,125.0kg,150,"A Coven of Hags,Auntie's Trickery,Break Illusion,Claws (Hag),Damsel in Distress,Hold Person,Ray of Sickness,Throw,Throw,Vicious Mockery (Auntie Ethel),Auntie's Trickery,Ethel's Insect Plague,Ray of Sickness",,"Poisonous Slime Bomb,Flammable Slime Bomb",TRUE,,,,,,Sister of the Seeing Pearl
Auntie Ethel (Act 3),,,Fey,Hag,,,,Medium,9.0m,5.0m,125.0kg,11,"A Coven of Hags,Auntie's Trickery,Break Illusion,Claws (Hag),Damsel in Distress,Hold Person,Ray of Sickness,Throw,Throw,Vicious Mockery (Auntie Ethel),Auntie's Trickery,Ethel's Insect Plague,Ray of Sickness",,"Poisonous Slime Bomb,Flammable Slime Bomb",TRUE,,,,,,
BOOOAL,,,Fey,Redcap,,,,Small,9.0m,18.0m,35.0kg,75,"Ironbound Pursuit,Open Wounds",,,FALSE,,,,,,
Redcap Blood Sage,,,Humanoid,Redcap,,,,Small,9.0m,4.0m,35.0kg,40,"Bloodlust (Redcap),Hold Person,Open Wounds",,,FALSE,,,,,,
Redcap Boatswain,,,Fey,Redcap,,,,Small,9.0m,4.0m,35.0kg,4,"Ironbound Pursuit,Multiattack (Redcap)",,,FALSE,,,,,,
Redcap Mystic Cannoneer,,,Fey,Redcap,,,,Small,9.0m,4.0m,35.0kg,4,"Bloodlust (Redcap),Open Wounds,Throw",,Scrap and Shrapnel Grenade,FALSE,,,,,,
Arbiter Cirrus,,,Fiend,Cambion,,,Female,Medium,9.0m,12.0m,82.0kg,12,,,,FALSE,,,,,Zariel's Avernus,
Arbiter Feena,,,Fiend,Cambion,,,Female,Medium,9.0m,12.0m,82.0kg,12,,,,FALSE,,,,,Zariel's Avernus,
Mizora,,,Fiend,Cambion,Sorcerer,,Female,Medium,9.0m,18.0m,75.0kg,12,"Command,Chromatic Orb,Crown of Madness,Dimension Door,Disintegrate,Eyebite,Freedom of Movement,Haste,Hold Monster",,,FALSE,,,,,,
Raphael,,,Fiend,Cambion / ⁠Devil,,,,Medium,12.0m,30.0m,80.0kg,1400,"Consume Souls,Diabolic Chains,Flames of Avernus,Igniting Spark,Incinerate,Infernal Salve,Invocation of Eternal Debt",,,TRUE,"Banished,Burning,Melting,Poisoned,Nauseous,Polymorphed,Roiling Hellfire",,,,,
Raphael (Ascended),,,Fiend,Cambion / ⁠Devil,,,,Medium,12.0m,30.0m,80.0kg,1400,"Consume Souls,Diabolic Chains,Flames of Avernus,Igniting Spark,Incinerate,Infernal Salve,Invocation of Eternal Debt,Claws (Raphael),Fiendish Ascension,Multiattack (Raphael),Ravaging Inferno,Punish Divinity,Soul Drain",,,TRUE,"Banished,Burning,Melting,Poisoned,Nauseous,Polymorphed,Roiling Hellfire",,,,,
Pillar of Souls,,,,,,,,,,,,,,,,FALSE,,,,,,
Vengeful Cambion,,,Fiend,Cambion,,,,Medium,9.0m,9.0m,50.0kg,9,"Rays of Fire,Disarming Strike,Fly (class action)",,,FALSE,,,,,,
Commander Zhalk,,,Fiend,Cambion,,,Male,Medium,9.0m,12.0m,80.0kg,75,"Fly (class action),Main Hand Attack",Everburn Blade,,TRUE,,,,,,
Shovel,,,Fiend,Quasit,,,Female,Small,9.0m,1.0m,10.0kg,1,"Claws (Quasit),Invisibility (Quasit),Scare",,,FALSE,,,,,,
Flind,,,Humanoid,Gnoll,,,Female,Medium,9.0m,12.0m,100.0kg,75,"Bloodfest,Flail of Madness,Flail of Pain,Flail of Paralysis,Main Hand Attack,Ranged Attack,Seething Fury,Multiattack (Flind),Multiattack (Ranged)","Chaos Flail,Goblin Bow",,TRUE,,,,,,Gnoll Warlord
Gilded Hellsboar,,,Fiend,Hellsboar,,,,Medium,12.0m,3.0m,120.0kg,10,"Rush (Hellsboar),Tusk Attack (Gilded Hellsboar)",,,FALSE,,,,,,
Lesser Hellsboar,,,Fiend,Hellsboar,,,,Medium,1.0m,1.0m,120.0kg,3,Tusk Attack (Lesser Hellsboar),,,FALSE,,,,,,
Vengeful Boar,,,Fiend,Vengeful Boar,,,,Medium,12.0m,5.0m,120.0kg,5,"Rush (Hellsboar),Tusk Attack (Boar)",,,FALSE,,,,,,
Cursed Imp,,,Fiend,Imp,,,,Small,9.0m,24.0m,15.0kg,400,"Caustic Claws,Fly (class action),Ray of Sickness,Sting (Cursed Imp)",,,FALSE,,,,,,
Cruor,,,Fiend,Imp,,,,Small,9.0m,24.0m,15.0kg,1,,,,FALSE,,,,,,Orin's Butler
Gilded Imp,,,Fiend,Imp,,,,Small,9.0m,9.0m,50.0kg,9,Petrifying Sting,,,FALSE,,,,,,
Gilded Minotaur,,,Monstrosity,Monstrosity,,,,Large,12.0m,18.0m,300.0kg,9,"Main Hand Attack, Brutal Leap, Charge (Minotaur), Gore (Minotaur), Reckless Roar",Greatclub (Minotaur),,FALSE,,,,,,
Lesser Imp,,,Fiend,Imp,,,,Small,1.0m,1.0m,15.0kg,10,"Fiery Bolt,Main Hand Attack,Main Hand Attack,Ranged Attack","Light Crossbow,Scimitar,Handaxe",,FALSE,,,,,,
Vengeful Imp,,,Fiend,Imp,,,,Small,9.0m,5.0m,13.6kg,5,"Eldritch Blast,Claws (Imp)",,,FALSE,,,,,,
Hoarding Merregon,,,Fiend,Merregon,,,,Medium,9.0m,24.0m,75.0kg,110,"Cleave,Lacerate,Main Hand Attack,Rush Attack",Merregon Halberd,,FALSE,,,,,,
Merregon Legionnaire,,,Fiend,Merregon,,,,Medium,9.0m,24.0m,75.0kg,75,"Cleave,Lacerate,Main Hand Attack,Rush Attack",Merregon Halberd,,FALSE,,,,,,
Vengeful Merregon,,,Fiend,Merregon,,,,Medium,9.0m,5.0m,75.0kg,5,"Cleave,Crossbow Shot,Main Hand Attack,Lacerate,Rush Attack",Merregon Halberd,,FALSE,,,,,,
Haarlep,,,Fiend,Incubus,,,,Medium,9.0m,12.0m,50.0kg,400,"Claws (action),Draining Kiss (Haarlep),Incubus Charm",,,FALSE,,,,,,
Yurgir,,,Fiend,Fiend,,,,Large,10.0m,10.0m,220.0kg,250,"Concussive Burst,Explosive Retribution,Infernal Dagger,Invisibility (class action),Volatile Cluster",,,TRUE,"Burning,Charmed,Dominated,Poisoned,Nauseous,Roiling Hellfire",,,,,
Fire Hallucination,,,Fiend,Fiend,,,,Small,9.0m,6.0m,15.0kg,0,Claws (Imp),,,FALSE,,,,,,
Flaming Sphere,,,Elemental,Elemental,,,,Medium,9.0m,1.0m,199.0kg,1,Ram,,,FALSE,,,,,,
Flying Ghoul,,,Undead,,,,,Medium,12.0m,6.0m,60.0kg,6,"Claws (Flying Ghoul),Devour (Animate Dead Ghoul),Fly (class action)",,,FALSE,,,,,,
Fungal Zombie,,,Undead,Zombie,,,,Medium,9.0m,3.0m,50.0kg,3,Slam (Animate Dead Zombie),,,FALSE,,,,,,
Gaseous Form,,,,,,,,Tiny,9.0m,1.0m,0.0kg,1,"Fly (class action),Dismiss Gaseous Form",,,FALSE,,,,,,
Ghast,,,Undead,,,,,Medium,9.0m,6.0m,70.0kg,90,"Claws (Ghast),Stench",,,FALSE,,,,,,
Echo of a Lost Love,,,Undead,Ghost,,,Female,Medium,9.0m,18.0m,1.0kg,320,"Fly (class action),Perturbing Visage,Possession,Withering Touch,Disconcerting Visage,Terrifying Visage,Disconcerting Visage (Tactician),Terrifying Visage (Tactician)",,,FALSE,,,,,,
Echo of Abazigal,,,Undead,Ghost,,,,Medium,9.0m,12.0m,1.0kg,320,,,,FALSE,,,,,Cult of Bhaal,
Echo of Amelyssan,,,Undead,"Ghost, Human (former)",,,,Medium,9.0m,,1.0kg,320,"Warding Bond,Sanctuary,Heal,Fly (class action),Cloudkill,Vampiric Touch",,,FALSE,,,,,Cult of Bhaal,
Echo of Illasera,,,Undead,"Ghost, Elf (former)",,,Female,Medium,9.0m,12.0m,1.0kg,320,"Haste,Counterspell,Fly (class action),Guiding Bolt,Spirit Guardians",,,FALSE,,,,,Cult of Bhaal,
Echo of Sendai,,,Undead,"Ghost, Drow (former)",,,,Medium,9.0m,16.0m,1.0kg,320,"Slow,Command,Fly (class action),Blight,Harm,Inflict Wounds",,,FALSE,,,,,Cult of Bhaal,
Farslayer of Bhaal Ghislev,,,Undead,Ghost,,,Male,Medium,9.0m,30.0m,75.0kg,400,"Benign Transposition: Teleport,Bhaal's Power Word Kill Ritual,Cloud of Daggers,Ice Knife,Main Hand Attack,Ray of Frost,Slow,Topple",Spear,,FALSE,,,,,Cult of Bhaal,Death's Gatekeeper
Gordis,,,Undead,Ghost,,,,Small,9.0m,12.0m,0.0kg,1,"Bite (Ghost Dogs),Fly (class action),Terrifying Howl,Have Nice Gift!,Loyal Furry Friend",,,FALSE,,,,,,
Houndmaster Pol,,,Undead,Ghost,,,,Medium,9.0m,18.0m,1.0kg,250,"Grave Shot,Houndmaster's Mark",,,FALSE,,,,,,
Rocky,,,Undead,Ghost,,,,Small,8.0m,12.0m,0.0kg,1,"Bite (Ghost Dogs),Fly (class action),Terrifying Howl,Have Nice Gift!,Loyal Furry Friend",,,FALSE,,,,,,
Zina,,,Undead,Ghost,,,,Small,8.0m,12.0m,0.0kg,1,"Bite (Ghost Dogs),Fly (class action),Terrifying Howl,Have Nice Gift!,Loyal Furry Friend",,,FALSE,,,,,,
Tribunal Ghost,,,Undead,Ghost,,,,Medium,9.0m,3.0m,3.0kg,320,"Fly (class action),Main Hand Attack,Piercing Strike,Throw",Dagger,,FALSE,,,,,,
Tormented Soul,,,Undead,Ghost,,,,Medium,8.0m,8.0m,1.0kg,8,"Fly (class action),Multiattack (Tormented Soul),Withering Touch,Unnerving Screech,Animus Screech",,,FALSE,,,,,,
Vengeful Soul,,,Undead,Ghost,,,,Medium,8.0m,8.0m,1.0kg,8,"Dreadful Glare,Withering Touch,Multiattack (Vengeful Soul)",,,FALSE,,,,,,
Poltergeist,,,Undead,Undead,,,,Medium,,,1.0kg,,"Fly (class action),Forceful Throw,Telekinetic Thrust,Withering Touch",,,FALSE,,,,,,
Ghoul,,,Undead,,,,,Medium,9.0m,3.0m,50.0kg,75,"Claws (Ghoul),Devour (Ghoul)",,,FALSE,,,,,,
Buthir,,,Giant,Ogre,,,Female,Large,12.0m,12.0m,500.0kg,75,"Buthir's Wrath,Main Hand Attack,Slam (Ogre),Throw Stone (Ogre)",Heavy Spiked Club,,FALSE,,,,Grukkoh (partner),Cult of the Absolute,
Chock,,,Giant,Ogre,,,Male,Large,12.0m,12.0m,500.0kg,75,"Concussive Smash,Main Hand Attack,Slam (Ogre),Tenacity,Throw Stone (Ogre)",Gnarled Tree Branch,,FALSE,,,,,Cult of the Absolute,
Fank,,,Giant,Ogre,,,Male,Large,12.0m,12.0m,500.0kg,75,"Concussive Smash,Main Hand Attack,Slam (Ogre),Tenacity,Throw Stone (Ogre)",Gnarled Tree Branch,,FALSE,,,,,Cult of the Absolute,
Glourik,,,Giant,Ogre,,,Female,Large,12.0m,12.0m,500.0kg,180,"Concussive Smash,Main Hand Attack,Slam (Ogre),Tenacity,Throw Stone (Ogre)",Heavy Spiked Club,,FALSE,,,,,Cult of the Absolute,
Lump the Enlightened,,,Giant,Ogre,,,Male,Large,12.0m,12.0m,500.0kg,75,"Blur,Fire Bolt,Main Hand Attack,Melf's Acid Arrow",Heavy Spiked Club,,FALSE,,,,,,
Mig,,,Giant,Ogre,,,Female,Large,9.0m,12.0m,500.0kg,180,"Main Hand Attack,Slam (Ogre),Throw Stone (Ogre)",Heavy Spiked Club,,FALSE,,,,,Cult of the Absolute,
Polma,,,Giant,Ogre,,,Female,Large,9.0m,12.0m,500.0kg,75,"Main Hand Attack,Slam (Ogre),Throw Stone (Ogre)",Gnarled Tree Branch,,FALSE,,,,,Cult of the Absolute,Bodyguard of the High Priestess
Giant Eagle,,,Beast,,,,,Large,15.0m,4.0m,60.0kg,40,"Fly (class action),Gale (class action),Multiattack (Giant Eagle),Talons",,,FALSE,,,,,,
Giant Spider,,,Beast,Spider,,,,Medium,9.0m,1.0m,120.0kg,1,"Venomous Bite (Spider Wild Shape),Web (Spider Wild Shape),Arachnid Jump",,,FALSE,,,,,,
Barnabus',,,Humanoid,Gnoll,,,Male,Medium,9.0m,12.0m,100.0kg,110,"Bite (Gnoll),Brace (Ranged),Hamstring Shot,Ranged Attack,Seething Fury",Longbow,,FALSE,,,,,,
Timothy',,,Humanoid,Gnoll,,,Male,Medium,9.0m,12.0m,100.0kg,110,"Bite (Gnoll),Hamstring Shot,Ranged Attack,Seething Fury",Shortbow,,FALSE,,,,,,
Tomelia',,,Humanoid,Gnoll,,,,Medium,9.0m,12.0m,100.0kg,110,"Bite (Gnoll),Hamstring Shot,Ranged Attack,Seething Fury",Shortbow,,FALSE,,,,,,
Gnoll Fang of Yeenoghu,,,Humanoid,Gnoll,,,,Medium,9.0m,4.0m,100.0kg,40,"Demonic Bite,Main Hand Attack,Soul Offering",Spear,,FALSE,,,,,,
Gnoll Flesh Gnawer,,,Humanoid,Gnoll,,,,Medium,9.0m,4.0m,100.0kg,40,"Bloodfest,Claws (action)",,,FALSE,,,,,,
Gnoll Hunter,,,Humanoid,Gnoll,,,,Medium,9.0m,4.0m,100.0kg,40,"Brace (Ranged),Hamstring Shot,Multiattack (Ranged),Ranged Attack,Seething Fury",Longbow,,FALSE,,,,,,
Newborn Gnoll,,,Humanoid,Gnoll,,,,Medium,12.0m,4.0m,100.0kg,40,"Bite (Gnoll),Sudden Rush",,,FALSE,,,,,,
Crusher,,,Humanoid,Goblin,,,Male,Small,12.0m,12.0m,35.0kg,50,"Flourish,Lacerate,Main Hand Attack,Reckless Warcry",Goblin Scimitar,,FALSE,,,,,Cult of the Absolute,Novice of the Absolute
Fezzerk,,,Humanoid,Goblin,Fighter,,Male,Small,9.0m,12.0m,35.0kg,50,"Lacerate,Gargantuan Cleave,Main Hand Attack,Menacing Attack (Melee),Prepare,Throw Stone",Very Heavy Greataxe,,FALSE,,,,,Cult of the Absolute,Goblin Boss
Grat the Trader,,,Humanoid,Goblin,,,Male,Small,9.0m,12.0m,35.0kg,10,,,,FALSE,,,,,Cult of the Absolute,Novice of the Absolute
True Soul Gut,,,Humanoid,Goblin,,,Female,Small,9.0m,12.0m,35.0kg,40,"Aid,Call for Help,Shield,Shocking Grasp,Shield of Faith,The Absolute's Will",,,TRUE,,,,,Cult of the Absolute,High Priestess of the Absolute
Sazza,,,Humanoid,Goblin,,,Female,Small,9.0m,12.0m,35.0kg,20,,,,FALSE,,,,,Cult of the Absolute,
Goblin Brawler,,,Humanoid,Goblin,,,,Small,9.0m,1.0m,35.0kg,1,"Flourish,Lacerate,Main Hand Attack,Throw Stone",Goblin Scimitar,,FALSE,,,,,,
Goblin Booyahg,,,Humanoid,Goblin,Wizard,,,Small,9.0m,2.0m,35.0kg,2,"Acid Splash,Grease,Main Hand Attack,Ray of Sickness,Topple",Ritual Staff,,FALSE,,,,,,
Goblin Boss,,,Humanoid,Goblin,,,,Small,9.0m,3.0m,35.0kg,3,"Main Hand Attack,Reckless Warcry,Throw Stone",Goblin Scimitar,,FALSE,,,,,,
Goblin Devout,,,Humanoid,Goblin,Cleric,,,Small,9.0m,2.0m,35.0kg,2,"Bless,Concussive Smash,Cure Wounds,Main Hand Attack,Sacred Flame",Crude Mace,,FALSE,,,,,,
Goblin Sapper,,,Humanoid,Goblin,,,,Small,9.0m,2.0m,35.0kg,15,"Dash,Detonate",,,FALSE,,,,,Cult of the Absolute,
Goblin Sharp-Eye,,,Humanoid,Goblin,Ranger,,,Small,9.0m,2.0m,35.0kg,2,"Ensnaring Strike (Ranged),Nimble Escape,Ranged Attack,Worg Companion",Goblin Bow,,FALSE,,,,,,
Goblin Tracker,,,Humanoid,Goblin,,,,Small,9.0m,1.0m,35.0kg,1,"Hamstring Shot,Nimble Escape,Ranged Attack",Goblin Bow,,FALSE,,,,,,
Goblin Warlock,,,Humanoid,Goblin,Warlock,,,Small,9.0m,2.0m,35.0kg,2,"Armour of Agathys,Eldritch Blast,Hex (Dexterity)",,,FALSE,,,,,,
Goblin Warrior,,,Humanoid,Goblin,Fighter,,,Small,9.0m,2.0m,35.0kg,2,"Cleave,Lacerate,Main Hand Attack,Menacing Attack (Melee),Prepare,Throw Stone",Greataxe,,FALSE,,,,,,
Grasping Vine,,,Plant,Plant,,,,Medium,0.0m,1.0m,50.0kg,1,Grasping Pull,,,FALSE,,,,,,
Grease Elemental,,,Elemental,Elemental,,,,Large,9.0m,9.0m,750.0kg,9,Slam (Grease Elemental),,,FALSE,,,,,,
Greaseball,,,Ooze,Ooze,,,,Medium,9.0m,3.0m,180.0kg,3,"Ochre Sputum (grease),Pseudopod (Greaseball)",,,FALSE,,,,,,
Gremishka,,,Monstrosity,,,,,Tiny,9.0m,1.0m,5.0kg,40,Bite (Gremishka),,,FALSE,,,,,,
Visage of Cowardice,,,Undead,Grim Visage,,,,Tiny,12.0m,16.0m,6.0kg,110,"Blind Terror,Death Shriek,Headbutt",,,FALSE,,,,,,
Visage of Greed,,,Undead,Grim Visage,,,,Tiny,12.0m,16.0m,6.0kg,110,"Burning Avarice,Death Shriek,Headbutt",,,FALSE,,,,,,
Visage of Guilt,,,Undead,Grim Visage,,,,Tiny,12.0m,16.0m,6.0kg,110,"Death Shriek,Headbutt,Venomous Guilt",,,FALSE,,,,,,
Visage of Heartlessness,,,Undead,Grim Visage,,,,Tiny,12.0m,16.0m,6.0kg,110,"Death Shriek,Headbutt,Moral Confinement",,,FALSE,,,,,,
Visage of Obedience,,,Undead,Grim Visage,,,,Tiny,12.0m,16.0m,6.0kg,110,"Brutal Servitude,Death Shriek,Headbutt",,,FALSE,,,,,,
Visage of Regret,,,Undead,Grim Visage,,,,Tiny,12.0m,16.0m,6.0kg,110,"Choking Wail,Death Shriek,Headbutt",,,FALSE,,,,,,
Harpy,,,Monstrosity,Harpy,,,,Medium,32.0m,3.0m,50.0kg,20,"Claws (Harpy),Fly (class action),Luring Song,Multiattack (Harpy),Sharp Rock",,,FALSE,,,,,,
Hellsboar,,,Fiend,Hellsboar,,,,Medium,12.0m,3.0m,120.0kg,3,"Rush (Boar),Tusk Attack (Boar)",,,FALSE,,,,,,
Blurg,,,Humanoid,Hobgoblin,Wizard,,Male,Medium,9.0m,16.0m,50.0kg,75,"Blur,Burning Hands,Misty Step,Scorching Ray,Shatter,Thunderwave,Witch Bolt",,,FALSE,,,,,Society of Brilliance,Trader
Dror Ragzlin,,,Humanoid,Hobgoblin,Barbarian,,Male,Medium,9.0m,16.0m,50.0kg,75,"Absolute Power,Action Surge,Leadership,Repulsor (Dror Ragzlin)",,,TRUE,,,,,Cult of the Absolute,True Soul of the Absolute
Kled,,,Humanoid,Hobgoblin,Barbarian,,,Medium,12.0m,16.0m,75.0kg,250,Main Hand Attack,Greatsword,,FALSE,,,,,Anti-Hag Support Group,
Hook Horror,,,Monstrosity,Hook Horror,,,,Large,9.0m,4.0m,252.0kg,4,"Echoes in the Dark,Hook (class action),Multiattack (Hook Horror),Pounce (Hook Horror)",,,FALSE,,,,,,
Hook Horror Spore Servant,,,Plant,Hook Horror (formerly),,,,Large,9.0m,,252.0kg,,"Hook (class action),Multiattack (Hook Horror),Pounce (Hook Horror)",,,FALSE,,,,,,
Bugbear Assassin,,,Humanoid,Bugbear,,,,Medium,9.0m,12.0m,110.0kg,40,"Main Hand Attack,Throw Stone",Morningstar,,FALSE,,,,,,
Chop,,,Humanoid,Bugbear,,,Male,Medium,9.0m,12.0m,110.0kg,140,,,,FALSE,,,,,Cult of the Absolute,
Grukkoh,,,Humanoid,Bugbear,,,Male,Medium,9.0m,12.0m,110.0kg,20,"Main Hand Attack,Throw","Javelin,Morningstar",,FALSE,,,,Buthir (partner),Cult of the Absolute,
Lann Tarv,,,Humanoid,Bugbear,Paladin,Oath of Vengeance,Male,Medium,9.0m,12.0m,110.0kg,110,"Concussive Smash,Heartstopper,Main Hand Attack,Tenacity,Throw,Abjure Enemy","Javelin,Morningstar",,FALSE,,,,,Cult of the Absolute,Armourer to the Absolute
Kobold Inventor,,,Humanoid,Kobold,,,,Small,9.0m,5.0m,35.0kg,75,"Main Hand Attack,Throw,Throw Stone (Kobold),Throw",Dagger,"Alchemist's Fire, Acid Vial",FALSE,,,,,,
Kobold Looter,,,Humanoid,Kobold,,,,Small,9.0m,5.0m,35.0kg,75,"Main Hand Attack,Throw Stone (Kobold)",Dagger,,FALSE,,,,,,
Kobold Scout,,,Humanoid,Kobold,,,,Small,9.0m,5.0m,35.0kg,75,Throw Stone (Kobold),,,FALSE,,,,,,
Kuo-toa Hunter,,,Humanoid,Kuo-toa,,,,Medium,9.0m,2.0m,60.0kg,2,"Net,Piercing Shot,Ranged Attack",Light Crossbow,,FALSE,,,,,,
Cursed Kuo-Toa (Ranged),,,Humanoid,Kuo-toa,,,,Medium,9.0m,6.0m,60.0kg,6,"Ranged Attack,Net",Light Crossbow,,FALSE,,,,,,
Cursed Kuo-Toa Chief,,,Humanoid,Kuo-toa,,,,Medium,9.0m,7.0m,60.0kg,7,"Main Hand Attack,Net",Lightning Jabber,,FALSE,,,,,,
Pooldripp the Zealous,,,Humanoid,Kuo-toa,,,,Medium,9.0m,16.0m,60.0kg,75,Fire Bolt,,,FALSE,,,,,,
He Who Was,,,Humanoid,Shadar-Kai,Ranger,,Male,Medium,9.0m,12.0m,75.0kg,150,"Bane,Confusion,Darkness,Fear,Shadow Spear, Main Hand Attack",Spear,,FALSE,,,,,,Shadar-Kai Gloom Weaver
Blaise Hhune,,,Humanoid,Werewolf,,,Male,Medium,9.0m,,100.0kg,400,"Claws (action),Multiattack (Werewolf)",,,FALSE,,,,,,
Duver Rillyn,,,Humanoid,Werewolf,,,,Medium,9.0m,,100.0kg,400,"Claws (action),Multiattack (Werewolf)",,,FALSE,,,,,,
Gheris Hhune,,,Humanoid,Werewolf,,,Male,Medium,9.0m,,100.0kg,400,"Claws (action),Multiattack (Werewolf)",,,FALSE,,,,,,
Lurianna Sauvage,,,Humanoid,Werewolf,,,,Medium,10.0m,,100.0kg,400,,,,FALSE,,,,,,
Predator Werewolf,,,Humanoid,Werewolf,,,,Medium,9.0m,12.0m,100.0kg,12,"Claws (action),Multiattack (Werewolf)",,,FALSE,,,,,,
Orin the Red,,,Humanoid,Human / ⁠Changeling,,,,Medium,12.0m,12.0m,75.0kg,12,"Shroud Self,Unsettling Visage",,,TRUE,,,,,,
Orin (Slayer Form),,,Monstrosity,,,,,Large,10.0m,12.0m,400.0kg,12,"Dismiss: Slayer,Let the Slaughter Begin,Multiattack (Slayer),Piercing Growl,Relentless Lunge,Slay,Sumptuous Blood Bath, Sanguine Animation",,,TRUE,,,,,,
Sahuagin,,,Humanoid,Sahuagin,,,,Medium,9.0m,6.0m,90.0kg,6,"Blood Frenzy,Claws (action)",,,FALSE,,,,,,
Hyena,,,Beast,,,,,Medium,15.0m,,50.0kg,40,Bite (Hyena),,,FALSE,,,,,,
Bugthimble,,,Humanoid,Kobold,,,Female,Small,9.0m,12.0m,35.0kg,250,"Flourish,Lacerate,Main Hand Attack,Throw Stone (Kobold)",Kurwin's Cauteriser,,FALSE,,,,,,
Koll the Red,,,Humanoid,Kobold,,,Male,Small,9.0m,12.0m,35.0kg,400,,,,FALSE,,,,,,
Popper,,,Humanoid,Kobold,,,,Small,5.0m,12.0m,35.0kg,200,,,,FALSE,,,,,Circus of the Last Days,Purveyor of Treats and Trinkets
Kuo-toa,,,Humanoid,Kuo-toa,,,,Medium,9.0m,2.0m,60.0kg,2,"Main Hand Attack,Piercing Strike",BOOOAL's Arms,,FALSE,,,,,,
Lava Elemental,,,Elemental,Elemental,,,,Medium,9.0m,6.0m,600.0kg,150,"Create Lava,Multiattack (Lava Elemental),Slam (Lava Elemental)",,,FALSE,,,,,,
Lightning Hallucination,,,Fiend,Fiend,,,,Small,9.0m,6.0m,15.0kg,0,Claws (Imp),,,FALSE,,,,,,
Meazel,,,Humanoid,,,,,Medium,9.0m,5.0m,75.0kg,5,"Claws (Meazel),Garrotte (Meazel),Shadow Teleport (Meazel),Garrotte (Meazel - tactician)",,,FALSE,,,,,,
Meenlock,,,Fey,,,,,Small,6.0m,,50.0kg,50,"Claws (Meenlock),Sense Hidden Presence,Shadow Teleport (Meenlock)",,,FALSE,,,,,,
Boney,,,Elemental,Mephit,,,Male,Tiny,9.0m,12.0m,,200,"Death Burst (Mud),Fly (class action),Mud Breath,Mud Fling,Punch",,,FALSE,,,,Stoney (wife),Circus of the Last Days,Co-owner of Stoney and Boney's Bespoke Creations
Young Grease Mephit,,,Elemental,Mephit,,,,Tiny,9.0m,4.0m,4.0kg,4,"Death Burst (Mud),Fly (class action),Punch",,,FALSE,,,,,,
Young Magma Mephit,,,Elemental,Mephit,,,,Tiny,9.0m,3.0m,4.0kg,20,"Death Burst (Fire),Fly (class action),Burning Claws",,,FALSE,,,,,,
Ancient Mud Mephit,,,Elemental,Mephit,,,,Tiny,9.0m,3.0m,4.0kg,3,"Fly (class action),Mud Breath,Mud Fling,Punch,Summon Mephit (Mud)",,,FALSE,,,,,,
Young Mud Mephit,,,Elemental,Mephit,,,,Tiny,9.0m,1.0m,4.0kg,1,"Death Burst (Mud),Fly (class action),Mud Breath,Mud Fling",,,FALSE,,,,,,
Mimic,,,Monstrosity,Monstrosity,,,,Medium,4.5m,3.0m,50.0kg,3,"Bite (Mimic),Pseudopod Lash",,,FALSE,,,,,,
Minotaur,,,Monstrosity,Monstrosity,,,,Large,12.0m,4.0m,300.0kg,75,"Brutal Leap,Charge (Minotaur),Gore (Minotaur),Reckless Roar",,,FALSE,,,,,,
Phase Spider Matriarch,,,Monstrosity,Phase Spider,,,,Large,9.0m,5.0m,250.0kg,5,"Ethereal Jaunt,Matriarch's Call,Spider Queen's Wrath,Venomous Bite (Phase Spider Matriarch),Venomous Discharge (Phase Spider Matriarch),Gossamer Tomb",,,FALSE,,,,,,Predator of the Ethereal Plane
Phase Spiderling,,,Monstrosity,Phase Spider,,,,Tiny,9.0m,1.0m,0.5kg,1,"Bite (Phase Spiderling),Ethereal Jaunt",,,FALSE,,,,,,
Shadow Mastiff Alpha,,,Monstrosity,Shadow mastiff,,,,Medium,9.0m,6.0m,50.0kg,6,"Shadowjaw Bite,Terrifying Howl",,,FALSE,,,,,,
Tara,,,Monstrosity,Tressym,,,,Tiny,9.0m,12.0m,5.0kg,1,,,,FALSE,,,,Gale,,
Slayer,,,Monstrosity,Monstrosity,,,,Large,10.5m,,400.0kg,,"Dismiss: Slayer,Let the Slaughter Begin,Multiattack (Slayer),Piercing Growl,Relentless Lunge,Slay,Sumptuous Blood Bath",,,FALSE,,,,,Cult of Bhaal,
Mossy Myconid,,,Plant,Myconid,,,,Medium,8.0m,4.0m,80.0kg,4,"Fist,Hallucination Spores,Timmask Spores (class action)",,,FALSE,,,,,,
Mud Elemental,,,Elemental,Elemental,,,,Large,9.0m,9.0m,750.0kg,9,"Slam (Mud Elemental),Multiattack (Mud Elemental)",,,FALSE,,,,,,
Mummy,,,Undead,Mummy,,,,Medium,11.0m,11.0m,50.0kg,11,"Dreadful Glare,Multiattack (Mummy),Rotting Fist",,,FALSE,,,,,,
Zara the Mummy,,,Undead,Mummy,,,Female,Medium,8.0m,16.0m,50.0kg,200,"Dreadful Glare,Multiattack (Mummy),Rotting Fist",,,FALSE,,,,,Circus of the Last Days,
Ancient Servant,,,Undead,Mummy,,,,Medium,9.0m,16.0m,50.0kg,140,"Dreadful Glare,Multiattack (Mummy),Rotting Fist",,,FALSE,,,,,,
Mystic Carrion,,,Undead,Mummy Lord,,,Male,Medium,9.0m,16.0m,50.0kg,400,"Bone Chill,Carrion's Explosive Cloudkill,Dreadful Glare,Multiattack (Mummy),Mystic Carrion's Vile Curse,Rotting Fist",,,TRUE,"Bleeding,Charmed,Dominated,Chest Trauma,Frightened,Phantasmal Killer,Gaping Wounds,Paralysed,Command: Halt,Poisoned,Nauseous",,,,,
Murderous Crow,,,,Beast,,,,Tiny,15.0m,3.0m,7.0kg,3,"Beak Attack (Dire Raven),Fly (class action),Rend Vision (Murderous Crow)",,,FALSE,,,,,,
Sovereign Glut,,,Plant,Myconid,,,,Medium,8.0m,18.0m,130.0kg,40,"Animating Spores,Fist (Glut),Multiattack (Glut)",,,TRUE,,,,,,Displaced Myconid Monarch
Sovereign Spaw,,,Plant,Myconid,,,,Medium,8.0m,18.0m,130.0kg,75,"Animating Spores,Fist (Spaw),Multiattack (Spaw)",,,FALSE,,,,,,Myconid Monarch
Noxious Myconid,,,Plant,Myconid,,,,Medium,8.0m,4.0m,80.0kg,4,"Bibberbang Spores,Fist",,,FALSE,,,,,,
Restless Myconid,,,Plant,Myconid,,,,Medium,8.0m,4.0m,80.0kg,4,"Animating Spores,Fist,Hallucination Spores,Haste Spores,Timmask Spores (class action)",,,FALSE,,,,,,
Ochre Jelly,,,Ooze,Ooze,,,,Medium,9.0m,5.0m,180.0kg,5,"Ochre Sputum (acid),Pseudopod",,,FALSE,,,,,,
Guard Gurgon,,,Giant,Ogre,,,Male,Large,12.0m,12.0m,500.0kg,75,"Concussive Smash,Main Hand Attack,Slam (Ogre),Tenacity,Throw Stone",Gnarled Tree Branch,,FALSE,,,,,Cult of the Absolute,
Owlbear (Wild Shape),,,Beast,Beast,,,,Large,,,,,"Claws (Owlbear),Crushing Flight (Owlbear Wild Shape),Enrage,Rupture",,,FALSE,,,,,,
Owlbear Mate,,,Beast,Beast,,,,Large,3.0m,3.0m,600.0kg,3,"Claws (Owlbear),Crushing Flight,Multiattack (Owlbear),Vengeful Father",,,FALSE,,,,Owlbear (mate) Owlbear Cub (child),,
Phase Spider,,,Monstrosity,,,,,Medium,9.0m,3.0m,90.0kg,3,"Ethereal Jaunt,Venomous Bite (Phase Spider),Venomous Discharge (Phase Spider),Web (Spider)",,,FALSE,,,,,,
Dolly Dolly Dolly,,,Fey,Pixie,,,Female,Tiny,9.0m,,25.0kg,1,,,,FALSE,,,,,,
Shadow-Cursed Needle Blight,,,Plant,Blight,,,,Medium,9.0m,3.0m,50.0kg,3,"Needle Burst,Needles",,,FALSE,,,,,,
Shadow-Cursed Vine Blight,,,Plant,Blight,,,,Medium,6.0m,6.0m,100.0kg,6,"Constrict,Entangling Plants,Slam (Shadow-Cursed Vine Blight)",,,FALSE,,,,,,
Shadow-Cursed Shambling Mound,,,Plant,Shambling Mound,,,,Large,9.0m,24.0m,500.0kg,200,"Adhesive Whip,Devour (Shambling Mound),Digestive Sap,Multiattack (Shadow-Cursed Shambling Mound)",,,TRUE,"Bleeding,Blinded,Colour Spray,Difficult Terrain: Vines,Entangled,Gaping Wounds,Shadow-Cursed Vines,Surprised",,,,,
Wood Woad,,,Plant,Plant,,,,Medium,9.0m,4.0m,50.0kg,4,"Entangle (Wood Woad),Main Hand Attack",Twisting Branch,,FALSE,,,,,,
Giant Shadow Creeper,,,Plant,Plant,,,,Large,0.0m,7.0m,240.0kg,7,"Cursed Thorns (Giant Shadow Creeper),Merciless Crush,Needlestorm",,,FALSE,,,,,,
Shadow Creeper,,,Plant,Plant,,,,Medium,6.0m,6.0m,80.0kg,6,"Barbed Vine,Burrow (Shadow Creeper),Cursed Thorns,Shadow Pull",,,FALSE,,,,,,
Poison Hallucination,,,Fiend,Fiend,,,,Small,9.0m,6.0m,15.0kg,0,Claws (Imp),,,FALSE,,,,,,
Rat,,,Beast,,,,,Tiny,9.0m,1.0m,1.0kg,1,Bite (Rat),,,FALSE,,,,,,
Dire Raven,,,Beast,Raven,,,,Small,9.0m,,7.0kg,3,"Beak Attack (Dire Raven),Rend Vision (Dire Raven),Fly (class action)",,,FALSE,,,,,,
Qudenos,,,Dragon,Dragon,,,Male,Huge,18.0m,30.0m,"6,000.0kg",250,,,,FALSE,,,,,,
Dominated Red Dragon,,,Dragon,Dragon,,,,Huge,17.0m,17.0m,"6,000.0kg",17,"Fire Breath (Dragons),Fly (Dragons),Frightful Presence,Multiattack (Red Dragon)",,,TRUE,,,,,,Githyanki Draconic Cohort
Fred,,,Fey,Redcap,,,,Small,9.0m,18.0m,35.0kg,200,"Ironbound Pursuit,Main Hand Attack,Multiattack (Redcap)",Sickle,,FALSE,,,,,Circus of the Last Days,Janitorial Assistant
Jatlo,,,Fey,Dragonborn / Redcap,,,Male,Small,9.0m,18.0m,35.0kg,250,"Call of the Crustacean,Ironbound Pursuit",,,FALSE,,,,,Anti-Hag Support Group,
Jatlo (Dragonborn),,,Fey,Dragonborn / Redcap,,,,Small,9.0m,18.0m,35.0kg,250,"Call of the Crustacean,Ironbound Pursuit",,,FALSE,,,,,,
Paramidious,,,Fey,Redcap,,,,Small,9.0m,18.0m,35.0kg,200,"Ironbound Pursuit,Lacerate,Main Hand Attack,Multiattack (Redcap)",Sickle,,FALSE,,,,,Circus of the Last Days,Janitorial Assistant
Redcap,,,Fey,Redcap,,,,Small,9.0m,4.0m,35.0kg,40,"Ironbound Pursuit,Main Hand Attack,Multiattack (Redcap)",Sickle,,FALSE,,,,,,
Robust Guardian,,,Undead,Skeleton,,,,Medium,9.0m,3.0m,20.0kg,3,Main Hand Attack,Mace,,FALSE,,,,,,
Sahuagin Champion,,,Humanoid,Sahuagin,,,,Medium,9.0m,9.0m,90.0kg,9,"Blood Frenzy,Claws (action)",,,FALSE,,,,,,
Sahuagin Hunter,,,Humanoid,Sahuagin,,,,Medium,9.0m,6.0m,90.0kg,6,"Blood Frenzy,Claws (action),Net",,,FALSE,,,,,,
Shadow,,,Undead,,,,,Medium,10.0m,5.0m,0.0kg,5,"Dark Currents,Necrotic Claws (Shadow),Strength Drain",,,FALSE,,,,,,
Shadow Mastiff,,,Monstrosity,,,,,Medium,6.0m,6.0m,50.0kg,6,Shadowjaw Bite,,,FALSE,,,,,,
Skeleton,,,Undead,,,,,Medium,9.0m,1.0m,20.0kg,1,,,,FALSE,,,,,,
Lur Fu,,,Beast,Spider,,,Male,Medium,9.0m,12.0m,0.5kg,40,"Arachnid Jump,Bite (Tiny Spider)",,,FALSE,,,,,,
Lur Jox,,,Beast,Spider,,,Male,Medium,9.0m,12.0m,0.5kg,40,"Arachnid Jump,Bite (Tiny Spider)",,,FALSE,,,,,,
Lur Otan,,,Beast,Spider,,,Male,Medium,9.0m,12.0m,0.5kg,40,"Arachnid Jump,Bite (Tiny Spider)",,,FALSE,,,,,,
Lur Xanta,,,Beast,Spider,,,Female,Medium,9.0m,12.0m,0.5kg,40,"Arachnid Jump,Bite (Tiny Spider)",,,FALSE,,,,,,
Spiritual Weapon (Greataxe),,,,,,,,Tiny,,,,,"Greataxe Slash,Lacerate (Spiritual Weapon),Fly (Spiritual Weapon)",,,FALSE,,,,,,
Spiritual Weapon (greatsword),,,,,,,,Tiny,,,,,"Greatsword Slash,Lacerate (Spiritual Weapon),Fly (Spiritual Weapon)",,,FALSE,,,,,,
Spiritual Weapon (Halberd),,,,,,,,Tiny,,,,,"Halberd Slash,Lacerate (Spiritual Weapon),Fly (Spiritual Weapon)",,,FALSE,,,,,,
Spiritual Weapon (Maul),,,,,,,,Tiny,,,,,"Maul Blow,Concussive Smash (Spiritual Weapon),Fly (Spiritual Weapon)",,,FALSE,,,,,,
Spiritual Weapon (Spear),,,,,,,,Tiny,,,,,"Spear Thrust,Piercing Strike (Spiritual Weapon),Fly (Spiritual Weapon)",,,FALSE,,,,,,
Spiritual Weapon (Trident),,,,,,,,Tiny,,,,,"Trident Thrust,Piercing Strike (Spiritual Weapon),Fly (Spiritual Weapon)",,,FALSE,,,,,,
Itchy,,,Undead,Crawling Claw,,,,Tiny,6.0m,,1.0kg,110,Claws (Crawling Claw),,,FALSE,,,,,Circus of the Last Days,
Scratchy,,,Undead,Crawling Claw,,,,Tiny,6.0m,,1.0kg,110,Claws (Crawling Claw),,,FALSE,,,,,Circus of the Last Days,
Winged Horror,,,Undead,Flying Ghoul,,,,Medium,9.0m,3.0m,75.0kg,110,"Calling for Help,Claws (Flying Ghoul),Fly (class action)",,,FALSE,,,,,,
Fallen Gur Hunter,,,Undead,Ghast,,,,Medium,9.0m,6.0m,70.0kg,6,"Claws (Fallen Gur Hunter),Stench",,,FALSE,,,,,,
Ulnar,,,Undead,Ghast,,,,Medium,9.0m,12.0m,70.0kg,250,"Claws (Ghast),Stench",,,FALSE,,,,,,
Benji,,,Undead,Ghoul,,,,Medium,9.0m,12.0m,50.0kg,200,"Claws (Ghoul),Devour (Ghoul)",,,FALSE,,,,,Circus of the Last Days,Principal Sniffer
Carpal,,,Undead,Ghoul,,,,Medium,9.0m,12.0m,50.0kg,250,"Claws (Ghoul),Devour (Ghoul)",,,FALSE,,,,,,
Ghoul Medic,,,Undead,Ghoul,,,,Medium,9.0m,4.0m,50.0kg,4,"Claws (Ghoul),Expert Stitching",,,FALSE,,,,,,
Hamate,,,Undead,Ghoul,,,,Medium,9.0m,12.0m,50.0kg,250,"Claws (Ghoul),Devour (Ghoul)",,,FALSE,,,,,,
Ligus,,,Undead,Ghoul,,,,Medium,9.0m,12.0m,50.0kg,250,"Claws (Ghoul),Devour (Ghoul)",,,FALSE,,,,,,
Rectus,,,Undead,Ghoul,,,,Medium,9.0m,12.0m,50.0kg,250,"Claws (Ghoul),Devour (Ghoul)",,,FALSE,,,,,,
Shadow Friend,,,Undead,Shadow,,,,Medium,1.0m,1.0m,0.0kg,1,Necrotic Claws (Shadow),,,FALSE,,,,,,
Shadow Plush,,,Undead,Shadow,,,,Tiny,7.0m,7.0m,0.0kg,7,"Crushing Flight,Shadowy Claws",,,FALSE,,,,,,
The Judge,,,Undead,Shadow,,,,Medium,12.0m,14.0m,0.0kg,5,,,,FALSE,,,,,,
Chatterteeth,,,Undead,Skeleton,,,,Medium,9.0m,12.0m,20.0kg,210,"Eyebite,Misty Step,Ray of Frost",,,FALSE,,,,,,
Entombed Scribe,,,Undead,Skeleton,,,,Medium,9.0m,2.0m,20.0kg,5,"Fog Cloud,Ray of Frost,Silence",,,FALSE,,,,,,
Entombed Warrior,,,Undead,Skeleton,,,,Medium,9.0m,3.0m,20.0kg,10,"Main Hand Attack,Throw Stone",Scimitar,,FALSE,,,,,,
Fallen Champion,,,Undead,Skeleton,,,,Medium,9.0m,12.0m,20.0kg,9,"Cleave,Lacerate,Main Hand Attack,Pommel Strike",Greatsword +1,,FALSE,,,,,,
Fallen Fighter,,,Undead,Skeleton,,,,Medium,9.0m,12.0m,20.0kg,5,"Concussive Smash,Main Hand Attack",Greatclub,,FALSE,,,,,,
Fallen Ranger,,,Undead,Skeleton,,,,Medium,9.0m,12.0m,20.0kg,5,"Brace (Ranged),Piercing Shot,Ranged Attack",Heavy Crossbow,,FALSE,,,,,,
Fallen Wizard,,,Undead,Skeleton,,,,Medium,9.0m,12.0m,20.0kg,5,"Counterspell,Magic Missile,Main Hand Attack,Silence,Topple",Quarterstaff,,FALSE,,,,,,
Giant Skeleton,,,Undead,Skeleton,,,,Medium,9.0m,9.0m,75.0kg,9,Main Hand Attack,Greatclub,,FALSE,,,,,,
Godey,,,Undead,Skeleton,,,,Medium,9.0m,12.0m,20.0kg,210,"Lacerate,Main Hand Attack,Pommel Strike,Rush Attack",Longsword,,FALSE,,,,,,
Infernal Mason,,,Undead,Skeleton,,,,Medium,9.0m,12.0m,20.0kg,210,,,,FALSE,,,,Halfred (brother),,Eternal Debtor
Necromite,,,Undead,Skeleton,,,,Medium,9.0m,3.0m,14.0kg,3,"Reach from Beyond,For the Lord of Bones!",,,FALSE,,,,,Cult of Myrkul,
Skeletal Involucre,,,,,,,,,,,90.0kg,,"Reach from Beyond,For the Lord of Bones!",,,FALSE,,,,,Cult of Myrkul,
Reconstituted Arcanist,,,Undead,Skeleton,,,,Medium,9.0m,12.0m,20.0kg,75,"Main Hand Attack,Piercing Strike,Withering Gift,Withering Theft",Rusty Dagger,,FALSE,,,,,,
Reconstituted Duellist,,,Undead,Skeleton,,,,Medium,9.0m,7.0m,20.0kg,7,"Lacerate,Main Hand Attack,Pommel Strike,Rush Attack,Cleave,Lacerate,Main Hand Attack,Pommel Strike","Rusty Greatsword,Rusty Longsword",,FALSE,,,,,,
Reconstituted Marksman,,,Undead,Skeleton,,,,Medium,9.0m,7.0m,20.0kg,7,"Brace (Ranged),Mark of Putrefaction,Piercing Shot,Ranged Attack",Rusty Heavy Crossbow,,FALSE,,,,,,
Withers,,,Undead,Skeleton,,,,Medium,9.0m,,50.0kg,,,,,FALSE,,,,,Church of Jergal,
Cazador Szarr,,,Undead,Vampire,,,,Medium,9.0m,12.0m,70.0kg,1400,"Blight,Call Lightning,Fly (class action),Forced Teleportation,Misty Escape (Cazador Szarr),Enough - Wretches!,Claws (action),Multiattack (Vampire), Main Hand Attack",Woe,,TRUE,,,,Amanita Szarr (niece),,Vampire Lord
Astarion,,,Humanoid,Elf,Rogue,Arcane Trickster,Male,Medium,9.0m,,75.0kg,1,,,,FALSE,,,,,,The Pale Elf
Andrik,,,Undead,Vampire Spawn,,,,Medium,9.0m,16.0m,75.0kg,400,"Bite (Vampire Spawn),Claws (action),Multiattack (Vampire Spawn)",,,FALSE,,,,,Gur,
Chamberlain Dufay,,,Undead,Vampire spawn,,,,Medium,9.0m,16.0m,75.0kg,400,,,,FALSE,,,,,,
Aurelia,,,Undead,Vampire Spawn,,,Female,Medium,9.0m,16.0m,75.0kg,400,"Bite (Vampire Spawn),Claws (action),Multiattack (Vampire Spawn)",,,FALSE,,,,,,
Chessa,,,Undead,Vampire Spawn,,,Female,Medium,9.0m,16.0m,75.0kg,400,"Bite (Vampire Spawn),Claws (action),Multiattack (Vampire Spawn)",,,FALSE,,,,Gandrel (father)Kass (sister),Gur,
Dalyria,,,Undead,Vampire spawn,,,,Medium,9.0m,16.0m,75.0kg,320,"Bite (Vampire Spawn),Claws (action),Multiattack (Vampire Spawn)",,,FALSE,,,,,,
Gondlemead,,,Undead,Vampire Spawn,,,Male,Medium,9.0m,16.0m,75.0kg,400,"Bite (Vampire Spawn),Claws (action),Multiattack (Vampire Spawn)",,,FALSE,,,,,,
Hapdim,,,Undead,Vampire Spawn,,,Female,Medium,9.0m,16.0m,75.0kg,400,"Bite (Vampire Spawn),Claws (action),Multiattack (Vampire Spawn)",,,FALSE,,,,,,
Kass,,,Undead,Vampire Spawn,,,Female,Medium,9.0m,16.0m,75.0kg,400,"Bite (Vampire Spawn),Claws (action),Multiattack (Vampire Spawn)",,,FALSE,,,,Gandrel (father)Chessa (sister),Gur,
Leon,,,Undead,Vampire spawn,,,,Medium,9.0m,16.0m,75.0kg,400,"Bite (Vampire Spawn),Claws (action),Multiattack (Vampire Spawn)",,,FALSE,,,,Victoria (daughter),,
Misha,,,Undead,Vampire Spawn,,,Male,Medium,9.0m,16.0m,75.0kg,400,"Bite (Vampire Spawn),Claws (action),Multiattack (Vampire Spawn)",,,FALSE,,,,,Gur,
Pale Petras,,,Undead,Vampire Spawn,,,Male,Medium,9.0m,16.0m,75.0kg,320,"Bite (Vampire Spawn),Claws (action),Multiattack (Vampire Spawn)",,,FALSE,,,,,,
Sebastian,,,Undead,Vampire Spawn,,,Male,Medium,9.0m,16.0m,75.0kg,12,,,,FALSE,,,,,,
Vanja,,,Undead,Vampire Spawn,,,Male,Medium,9.0m,16.0m,75.0kg,400,"Bite (Vampire Spawn),Claws (action),Multiattack (Vampire Spawn)",,,FALSE,,,,,Gur,
Wensleydale,,,Undead,Vampire Spawn,,,,Medium,9.0m,16.0m,75.0kg,400,"Bite (Vampire Spawn),Claws (action),Multiattack (Vampire Spawn)",,,FALSE,,,,,,
Violet,,,Undead,Vampire spawn,,,Female,Medium,9.0m,16.0m,75.0kg,400,"Bite (Vampire Spawn),Claws (action),Multiattack (Vampire Spawn)",,,FALSE,,,,,,
Yousen,,,Undead,Vampire spawn,,,,Medium,9.0m,16.0m,75.0kg,400,"Bite (Vampire Spawn),Claws (action),Multiattack (Vampire Spawn)",,,FALSE,,,,,,
Daddy,,,Undead,Wraith,,,,Medium,9.0m,14.0m,0.0kg,180,"Daddy's Lecture,Dark Currents,Life Drain",,,FALSE,,,,"Mummy, Doggy, Oliver",,Strongest Daddy Ever!
Mummy (Wraith),,,Undead,Wraith,,,,Medium,7.0m,14.0m,0.0kg,180,"Dark Currents,Life Drain,Mummy's Lullaby",,,FALSE,,,,"Daddy, Doggy, Oliver",,Best Mummy Ever!
Connor Vinderblad,,,Undead,Zombie,,,Male,Medium,9.0m,16.0m,50.0kg,20,Slam (Zombie),,,FALSE,,,,Mayrina (wife),,Mayrina's Husband
Blighted Actor,,,Undead,Zombie,,,Male,Medium,9.0m,16.0m,50.0kg,50,"Slam (Brewer Zombie),Slam (Brewer Zombie - tactician)",,,FALSE,,,,,,
Blighted Barman,,,Undead,Zombie,,,Male,Medium,9.0m,16.0m,50.0kg,50,"Slam (Brewer Zombie),Slam (Brewer Zombie - tactician)",,,FALSE,,,,,,
Blighted Patron,,,Undead,Zombie,,,Male,Medium,9.0m,16.0m,50.0kg,50,"Slam (Brewer Zombie),Slam (Brewer Zombie - tactician)",,,FALSE,,,,,,
Blighted Troubador,,,Undead,Zombie,,,Male,Medium,9.0m,16.0m,50.0kg,50,"Slam (Brewer Zombie),Slam (Brewer Zombie - tactician)",,,FALSE,,,,,,
Greater Zombie,,,Undead,Zombie,,,,Medium,10.0m,6.0m,50.0kg,6,Slam (Greater Zombie),,,FALSE,,,,,,
Strange Beggar Lumbar,,,Undead,Zombie,,,Male,Medium,9.0m,16.0m,50.0kg,135,,,,FALSE,,,,,,
Strange Beggar Morbus,,,Undead,Zombie,,,Male,Medium,9.0m,16.0m,50.0kg,135,,,,FALSE,,,,,,
Reanimated Corpse,,,Undead,Zombie,,,,Medium,7.5m,16.0m,50.0kg,1,Slam (Zombie),,,FALSE,,,,,,
Strange Beggar Sacrum,,,Undead,Zombie,,,Male,Medium,9.0m,16.0m,4.0kg,135,,,,FALSE,,,,,,
Thrumbo,,,Undead,Zombie,,,,Medium,9.0m,16.0m,50.0kg,135,,,,FALSE,,,,,,
Zealous Assistant,,,Undead,Undead,,,,Medium,9.0m,6.0m,65.0kg,6,"Main Hand Attack,Obliging Assistant,Mind Screech",,,FALSE,,,,,,
Zombie Dror Ragzlin,,,Undead,Zombie,Barbarian,,,Medium,9.0m,16.0m,75.0kg,5,Slam (Zombie),,,FALSE,,,,,,
Zombie Minthara,,,Undead,Zombie,Paladin,,,Medium,9.0m,16.0m,75.0kg,6,Slam (Zombie),,,FALSE,,,,,,
Zombie Wulbren,,,Undead,Zombie,,,,Medium,6.0m,16.0m,50.0kg,6,Slam (Zombie),,,FALSE,,,,,,
Apostle of Myrkul,,,Undead,Undead,,,,Medium,0.0m,30.0m,200.0kg,320,"Call of the Damned,Cold Embrace,Gaze of the Dead,Main Hand Attack,Reaper's Scythe",Scythe of Myrkul,,TRUE,"Bleeding,Charmed,Dominated,Chest Trauma,Frightened,Phantasmal Killer,Gaping Wounds,Frozen,Banished,Poisoned,Nauseous,Polymorphed,Prone,Hideous Laughter,Sleeping,Stunned,Confused Stupor",,,,Cult of Myrkul,Visage of the Dead God
Balthazar,,,Undead,Undead Human,Wizard,Necromancy School,Male,Medium,9.0m,18.0m,100.0kg,350,"Animate Dead (Balthazar),Bone Chill,Cloudkill,Main Hand Attack,Misty Step,No Rest for the Wicked,Piercing Strike,Ray of Sickness,Shield",Dagger,,TRUE,,,,,,Commander of the Reborn Dead
Gerringothe Thorm,,,Undead,"Undead, former Elf",,,,Medium,9.0m,8.0m,150.0kg,8,"Claws (action),Combustible Coins,Jealous Avarice,Left Coin Whip,Right Coin Whip,Summon coin halberd",,,TRUE,,,,,,Accursed Keeper of Coins
Malus Thorm,,,Undead,"Undead, former, Elf",,,,Medium,9.0m,7.0m,100.0kg,7,"Bloody Bonesaw,Claws (Malus Thorm),Lethal Leech,Lovely Assistant,Multiattack (Malus Thorm),Request Surgical Instrument,Terror Trepan,This Won't Hurt A Bit",,,TRUE,,,,,,
Oathbreaker Knight,,,Undead,,Paladin,Oathbreaker,,Medium,12.0m,12.0m,50.0kg,640,"Dreadful Aspect,Hellish Rebuke,Compelled Duel,Control Undead,Crown of Madness,Lay on Hands: Greater Healing,Wrathful Smite,Spiteful Suffering",,,FALSE,,,,,,Custodian of the Fallen
Sister Anya,,,Undead,Undead,,,Female,Medium,9.0m,12.0m,65.0kg,90,"Inject Nostrum,Main Hand Attack,Mind Screech,Obliging Assistant,Piercing Strike,Throw",Syringe (+1),Karabasan's Gift,FALSE,,,,,,
Sister Geanne,,,Undead,Undead,,,Female,Medium,9.0m,12.0m,65.0kg,90,"Bloodletting,Main Hand Attack,Mind Screech,Obliging Assistant,Piercing Strike,Throw",Artificial Leech (+1),Karabasan's Gift,FALSE,,,,,,
Sister Hunna,,,Undead,Undead,,,Female,Medium,9.0m,12.0m,65.0kg,90,"Flourish,Hand Me My Saw,Incise Ligaments,Lacerate,Main Hand Attack,Mind Screech,Obliging Assistant,Throw",Bonesaw (+1),Karabasan's Gift,FALSE,,,,,,
Sister Lidwin,,,Undead,Undead,,,Female,Medium,9.0m,12.0m,65.0kg,90,"Mind Screech,Obliging Assistant",,,FALSE,,,,,,
Sister Sinda,,,Undead,Undead,,,Female,Medium,9.0m,12.0m,65.0kg,90,"Mind Screech,Obliging Assistant,Throw",,Karabasan's Gift,FALSE,,,,,,
Sister Vanessa,,,Undead,Undead,,,Female,Medium,9.0m,12.0m,65.0kg,90,"Flourish,Main Hand Attack,Mind Screech,Obliging Assistant,Piercing Strike,Throw,Trephination",Trepan (+1),Karabasan's Gift,FALSE,,,,,,
Squire,,,Undead,Undead,,,Female,Small,12.0m,12.0m,14.0kg,60,"Bite (Squire),Calling for Help",,,FALSE,,,,"Isobel Thorm, Ketheric Thorm, Melodia Thorm",,The General's War-Hound
Thisobald Thorm,,,Undead,Undead,,,,Large,9.0m,6.0m,600.0kg,6,"Acidic Regurgitation,Concussive Smash,Electrified Regurgitation,Fiery Regurgitation,Icy Regurgitation,Ladle Sweet Anguish,Main Hand Attack,Roaring Belch,Rotting Regurgitation,Venomous Regurgitation,Overflowing Brew",Brewing Ladle,,TRUE,,,,,,Wretched Distiller
Werewolf,,,Humanoid,Werewolf,,,,Medium,10.0m,11.0m,100.0kg,11,Claws (action),,,FALSE,,,,,,
Indra,,,Beast,Wolf,,,Female,Medium,9.0m,,60.0kg,20,Bite (Wolf),,,FALSE,,,,,Zhentarim,
Isbeth,,,Beast,Wolf,,,Male,Medium,9.0m,,60.0kg,20,Bite (Wolf),,,FALSE,,,,,Zhentarim,
Istor,,,Beast,Wolf,,,Male,Medium,9.0m,,60.0kg,20,Bite (Wolf),,,FALSE,,,,,,
Silver,,,Beast,Wolf,,,Male,Medium,2.0m,,60.0kg,5,,,,FALSE,,,,,Circle of the Emerald Grove,
Vulk,,,Beast,Wolf,,,Male,Medium,9.0m,,110.0kg,5,Bite (Dire Wolf),,,FALSE,,,,,Circle of the Emerald Grove,
Bloodfang,,,Beast,Wolf,,,,Medium,9.0m,,110.0kg,210,"Bite (Dire Wolf),Savage Howl",,,FALSE,,,,,,
D'hak,,,Beast,Wolf,,,,Medium,9.0m,,110.0kg,40,"Bite (Dire Wolf),Exposing Bite",,,FALSE,,,,,,
Ur'uth,,,Beast,Wolf,,,,Medium,9.0m,,110.0kg,40,"Bite (Dire Wolf),Exposing Bite",,,FALSE,,,,,Crèche Y'llek,
Whitemist,,,Beast,Wolf,,,,Medium,9.0m,,110.0kg,210,"Bite (Dire Wolf),Savage Howl",,,FALSE,,,,,,
Worg,,,Monstrosity,,,,,Medium,12.0m,2.0m,140.0kg,2,Bite (Wolf),,,FALSE,,,,,,
Worg (White),,,Monstrosity,,,,,Medium,,,,,Bite (Worg),,,FALSE,,,,,,
Wraith,,,Undead,,,,,Medium,9.0m,5.0m,0.0kg,5,"Life Drain,Necrotic Claws (Shadow),Umbral Ally",,,FALSE,,,,,,
Zombie,,,Undead,Zombie,,,,Medium,9.0m,3.0m,50.0kg,3,Slam (Zombie),,,FALSE,,,,,,
Bigmouth' Thimsen,,,Humanoid,Dwarf,,,Male,Medium,7.5m,12.0m,75.0kg,1,,,,FALSE,,,,,,
Ears' Oohna,,,Humanoid,Elf,,,Female,Medium,9.0m,12.0m,75.0kg,1,,,,FALSE,,,,,,
Grumpo' Daggles,,,Humanoid,Human,,,Male,Medium,9.0m,,75.0kg,1,,,,FALSE,,,,,,
Gunny' Sacko,,,Humanoid,Human,,,Male,Medium,9.0m,,75.0kg,1,,,,FALSE,,,,,,
Logs' Odoolan,,,Humanoid,Human,,,Male,Medium,9.0m,,75.0kg,1,,,,FALSE,,,,,,
Loose Lips' Cyrilla,,,Humanoid,Elf,,,Female,Medium,9.0m,12.0m,75.0kg,1,,,,FALSE,,,,,,
Plumes' Fronkin,,,Humanoid,Human,,,Male,Medium,9.0m,,75.0kg,1,,,,FALSE,,,,,,
Suspicious' Foont,,,Humanoid,Halfling,,,Male,Small,7.5m,,35.0kg,1,,,,FALSE,,,,,,
Zinfandel' Gorse,,,Humanoid,Halfling,,,Male,Small,7.5m,,35.0kg,1,,,,FALSE,,,,,,
Abby,,,Humanoid,Human,Barbarian,Berserker,Female,Medium,9.0m,,85.0kg,400,"Enraged Throw,Frenzied Strike,Frenzy,Main Hand Attack,Reckless Attack",Greataxe,,FALSE,,,,,Cult of Bhaal,
Abdirak,,,Humanoid,Human,,,Male,Medium,9.0m,,75.0kg,20,"Bone Chill,Concussive Smash,Cure Wounds,Inflict Wounds,Main Hand Attack",Loviatar's Scourge,,FALSE,,,,,,
Night Blade Abraxa,,,Humanoid,Human,,,Female,Medium,9.0m,30.0m,75.0kg,400,Ranged Attack,Longbow,,FALSE,,,,,Cult of Bhaal,
Absolute Questioner,,,Humanoid,Gnome,Warlock,,,Medium,7.5m,8.0m,75.0kg,8,"Blindness,Cloud of Daggers,Confusion,Eldritch Blast",,,FALSE,,,,,Cult of the Absolute,
Acolyte of the Absolute,,,Humanoid,,Cleric,,,Medium,9.0m,4.0m,75.0kg,4,"Bless,Cure Wounds,Piercing Shot,Ranged Attack,Sacred Flame",Light Crossbow,,FALSE,,,,,Cult of the Absolute,
Raider Add’ath,,,Humanoid,Githyanki,Fighter,,Male,Medium,9.0m,,75.0kg,75,"Brace (Ranged),Misty Step,Piercing Shot,Ranged Attack,Rally,Trip Attack (Ranged)",Githyanki Crossbow,,FALSE,,,,,Crèche Y'llek,
Adept of the Absolute,,,Humanoid,Human,Cleric,War Domain,,,8.0m,8.0m,8.0kg,8,"Death Ward,Guardian of Faith,Guiding Bolt,Hunger of Hadar,Main Hand Attack,Sacred Flame,Topple",Quarterstaff,,FALSE,,,,,,
Adrielle,,,Humanoid,Human,Cleric,War Domain,Female,Medium,9.0m,,75.0kg,250,"Concussive Smash,Divine Strike: Weapon (Melee),Guiding Bolt,Main Hand Attack,Sacred Flame,Shield of Faith,Tenacity,Weakening Strike",Flail,,FALSE,,,,,Anti-Hag Support Group,Cleric of Helm
Aelar,,,Humanoid,Elf,Druid,,Male,Medium,9.0m,12.0m,75.0kg,20,"Blur,Cure Wounds,Main Hand Attack,Ranged Attack,Resistance,Silence,Wild Shape: Bear","Shortbow,Quarterstaff",,FALSE,,,,,Circle of the Emerald Grove,
Fist Recruit Aelis,,,Humanoid,Human,Cleric,,Female,Medium,9.0m,,75.0kg,40,"Backbreaker,Bane,Concussive Smash,Lesser Restoration,Main Hand Attack,Sacred Flame,Weakening Strike",Warhammer,,FALSE,,,,,Flaming Fist,
Aelis Siryasius,,,Humanoid,Half-elf,Sorcerer,Draconic Bloodline,Male,Medium,9.0m,12.0m,75.0kg,320,"Fireball,Fire Bolt,Fly (class action),Invigorating Flame,Main Hand Attack,Scorching Ray,Topple",Quarterstaff +2,,FALSE,,,,,,
Griefguard Afara,,,Humanoid,Elf,,,Female,Medium,9.0m,24.0m,30.0kg,135,Main Hand Attack,Mace,,FALSE,,,,,Church of Shar,
Fist Aggralix,,,Humanoid,Dwarf,Ranger,,Female,Medium,7.5m,12.0m,75.0kg,8,"Brace (Ranged),Ensnaring Strike (Ranged),Piercing Shot,Ranged Attack,Volley",Heavy Crossbow,,FALSE,,,,,Flaming Fist,
Sharp-Eye Aggy,,,Humanoid,Goblin,Ranger,,Male,Small,9.0m,12.0m,35.0kg,20,"Ensnaring Strike (Ranged),Nimble Escape,Ranged Attack,Worg Companion",Goblin Bow,,FALSE,,,,,Cult of the Absolute,
Fist Aguta,,,Humanoid,Human,Fighter,,Female,Medium,9.0m,,75.0kg,250,"Main Hand Attack,Rush Attack,Trip Attack (Melee)",Spear,,FALSE,,,,,Flaming Fist,
Raider Ahu'u'rag,,,Humanoid,Githyanki,,,Female,Medium,9.0m,,75.0kg,75,"Brace (Ranged),Misty Step,Piercing Shot,Ranged Attack,Rally,Trip Attack (Ranged)",Githyanki Crossbow,,FALSE,,,,,Crèche Y'llek,
Aideen,,,Humanoid,Human,Wizard,,Female,Medium,9.0m,,75.0kg,250,"Fire Bolt,Fireball,Lightning Bolt,Topple",,,FALSE,,,,Maggie Ni Chuirc (sibling),Dead Eyes,Leader of the Dead Eyes
Black Gauntlet Aischa,,,Humanoid,Human,Cleric,,Female,Medium,9.0m,,75.0kg,400,"Aura of Terror,Blight,Concussive Smash,Dominate Person,Inflict Wounds,Main Hand Attack,Phantasmal Killer,Spirit Guardians (Necrotic)",Infernal Mace,,FALSE,,,,,Cult of Bane,
Alan Alyth,,,Humanoid,Half-elf,,,Male,Medium,9.0m,12.0m,75.0kg,1,,,,FALSE,,,,,,
Albert,,,Humanoid,Human,,,Male,Small,9.0m,,25.0kg,1,,,,FALSE,,,,Sparky (dog),,
Alembrosius,,,Humanoid,Human,,,Male,Small,9.0m,,25.0kg,1,,,,FALSE,,,,,,
Alexander Rainforest,,,Humanoid,Elf,,,Male,Medium,9.0m,12.0m,75.0kg,1,,,,FALSE,,,,,,
Alfira,,,Humanoid,Tiefling,Bard,College of Lore,Female,Medium,9.0m,12.0m,75.0kg,20,,,,FALSE,,,,,Tiefling refugees,
Alia Durinbold,,,Humanoid,Elf,,,Female,Medium,9.0m,12.0m,75.0kg,1,,,,FALSE,,,,⁠Durinbold,,Lady of Baldur's Gate
Alice Althea,,,Humanoid,Elf,,,Female,Medium,9.0m,12.0m,75.0kg,1,,,,FALSE,,,,,,
Allandra Grey,,,Humanoid,Human,Cleric,Tempest Domain,Female,Medium,9.0m,,75.0kg,400,"Ice Storm,Lacerate,Main Hand Attack,Ray of Frost,Water Whip",Wavemother's Sickle,,FALSE,,,,,Church of Umberlee,Flood TideWavemistress of Umberlee
Allymer,,,Humanoid,Human,,,Male,Medium,9.0m,,75.0kg,1,,,,FALSE,,,,,,
Amek,,,Humanoid,Tiefling,,,Male,Medium,9.0m,12.0m,75.0kg,1,Unarmed Strike,,,FALSE,,,,,Tiefling refugees,
Fist of Bane Aminah,,,Humanoid,Dwarf,,,Female,Medium,7.5m,24.0m,75.0kg,320,"Main Hand Attack,Ranged Attack,Menacing Attack (Melee)","Hand Crossbow,Mace +1",,FALSE,,,,,,
Mamzell Amira,,,Humanoid,Human,Bard,College of Lore,Female,Medium,9.0m,,75.0kg,200,"Bane,Colour Spray,Cutting Words,Sleep,Vicious Mockery",,,FALSE,,,,,,
Dead Caravan Agent,,,Humanoid,Human,,,Male,Medium,9.0m,,75.0kg,4,,,,FALSE,,,,,Zhentarim,
Dockworker Amphol,,,Humanoid,Dragonborn,,,Female,Medium,9.0m,8.0m,100.0kg,8,,,,FALSE,,,,,,
Anders,,,Humanoid,Human,Paladin,Oathbreaker,Male,Medium,9.0m,,75.0kg,75,"Divine Smite,Main Hand Attack,Thunderous Smite,Tyr's Protection",Sword of Justice,,FALSE,,,,,,Sword of Tyr
Fist Anderson,,,Humanoid,Halfling,Wizard,,Male,Small,7.5m,,35.0kg,250,"Main Hand Attack,Topple",Quarterstaff,,FALSE,,,,,Flaming Fist,
Andorn,,,Humanoid,Human,Rogue,,Male,Medium,9.0m,,75.0kg,15,"Main Hand Attack,Sneak Attack (Melee)",Shortsword,,FALSE,,,,,Overgrown Ruin Looters,
Andrick,,,Humanoid,Human,Fighter,,Male,Medium,9.0m,,75.0kg,20,"Lacerate,Main Hand Attack,Pommel Strike,Rush Attack,Throw",Longsword,Acid Vial,FALSE,,,,Brynna (sister)  Edowin (brother),Cult of the Absolute,Novice of the Absolute
Angevin Troy,,,Humanoid,Human,,,Male,Medium,9.0m,,75.0kg,1,,,,FALSE,,,,,,
Anita Fischer,,,Humanoid,Human,,,Female,Medium,9.0m,,75.0kg,1,,,,FALSE,,,,"Elias Fischer (husband)Lily Fischer (daughter, deceased)",,
Fist of Bane Anouk,,,Humanoid,Dwarf,,,Female,Medium,7.5m,24.0m,75.0kg,320,"Main Hand Attack,Ranged Attack,Menacing Attack (Melee)","Hand Crossbow,Mace +1",,FALSE,,,,,,
Antinia the Goon,,,Humanoid,Human,Fighter,,Female,Medium,9.0m,,75.0kg,250,"Main Hand Attack,Off-Hand Attack (Melee)",Handaxe,,FALSE,,,,,,
Quivers Antinnia,,,Humanoid,Human,Ranger,,Male,Medium,9.0m,,75.0kg,250,"Brace (Ranged),Hamstring Shot,Ranged Attack",Longbow,,FALSE,,,,,,
Harper Antony,,,Humanoid,Human,Ranger,,Male,Medium,9.0m,,75.0kg,90,"Hamstring Shot,Main Hand Attack,Piercing Strike,Ranged Attack","Longbow,Dagger",,FALSE,,,,,Harpers,
Apikusis,,,Humanoid,Half-elf,Druid,,Female,Medium,9.0m,12.0m,55.0kg,1,Main Hand Attack,Club,,FALSE,,,,,Circle of the Emerald Grove,
Arabella,,,Humanoid,Tiefling,,,Female,Small,9.0m,12.0m,25.0kg,1,,,,FALSE,,,,Locke (father)Komira (mother),Tiefling refugees,
Aradin,,,Humanoid,Human,Fighter,,,Medium,9.0m,,75.0kg,20,"Action Surge,Concussive Smash,Main Hand Attack,Tenacity",Greatclub,,FALSE,,,,,,
Araj Oblodra,,,Humanoid,Drow,Rogue,,Female,Medium,9.0m,16.0m,75.0kg,110,"Cunning Action: Dash,Cunning Action: Disengage,Mobile Shot,Piercing Strike,Piercing Shot,Sneak Attack (Melee),Sneak Attack (Ranged), Ranged Attack","Hand Crossbow,Dagger",,FALSE,,,,House Oblodra of Menzoberranzan (defunct),,
Aran Elomar,,,Humanoid,Human,,,Male,Medium,9.0m,,75.0kg,1,,,,FALSE,,,,,,
Arborio Rolfin,,,Humanoid,Elf,,,Male,Medium,9.0m,12.0m,75.0kg,1,,,,FALSE,,,,,,
Arcagh,,,Humanoid,Drow,Fighter,,Male,Medium,9.0m,16.0m,75.0kg,40,"Disarming Attack (Melee),Flourish,Main Hand Attack,Piercing Strike,Pushing Attack (Melee)",Shortsword,,FALSE,,,,,,
Archer Velicia,,,Humanoid,Elf,Ranger,Gloom Stalker,Female,Medium,9.0m,12.0m,75.0kg,75,"Brace (Ranged),Hamstring Shot,Ranged Attack",Longbow,,FALSE,,,,,Harpers,
Archivist,,,Humanoid,Tiefling,,,Male,Medium,9.0m,12.0m,75.0kg,1,,,,FALSE,,,,,Tiefling refugees,
Zealot Arden,,,Humanoid,Dwarf,Paladin,,Male,Medium,7.5m,12.0m,75.0kg,140,"Branding Smite,Cleave,Hamstring Shot,Lacerate,Lay on Hands: Greater Healing,Lay on Hands: Lesser Healing,Main Hand Attack,Ranged Attack,Rush Attack,Thunderous Smite,Abjure Enemy","Shortbow,Halberd",,FALSE,,,,,Cult of the Absolute,
Githyanki Ardent,,,Humanoid,Githyanki,,,,Medium,5.0m,5.0m,75.0kg,5,"Main Hand Attack,Psychic Rend,Mirror Image,Misty Step,Sleep",Githyanki Shortsword,,FALSE,,,,,,
Fist 'Edge' Arensen,,,Humanoid,Human,Fighter,,Male,Medium,9.0m,,75.0kg,250,"Main Hand Attack,Sweeping Attack",Halberd,,FALSE,,,,,Flaming Fist,City Executioner
Arfur Gregorio,,,Humanoid,Human,,,Male,Medium,9.0m,,75.0kg,1,"Main Hand Attack,Piercing Strike",Dagger +1,,FALSE,,,,,,
Alchemist Argram,,,Humanoid,Dwarf,Wizard,,Male,Medium,7.5m,24.0m,75.0kg,75,"Fire Bolt,Invisibility (Duergar),Maiming Strike,Main Hand Attack,Misty Step,Piercing Strike,Weakening Strike",War Pick,,FALSE,,,,,Cult of the Absolute,Novice of the Absolute
Arka,,,Humanoid,Tiefling,Ranger,,Female,Medium,9.0m,12.0m,75.0kg,20,"Piercing Shot,Ranged Attack",Light Crossbow,,FALSE,,,,Kanon (sibling),Tiefling refugees,
Arkleia Oloril,,,Humanoid,Human,,,,Medium,9.0m,,75.0kg,1,,,,FALSE,,,,,Flaming Fist,Flaming Fist Quartermaster
Arne Jacobson,,,Humanoid,Human,,,Male,Medium,9.0m,,75.0kg,,,,,FALSE,,,,,,
Arnell Hallowleaf,,,Humanoid,Elf,,,Male,Medium,9.0m,12.0m,75.0kg,320,,,,FALSE,,,,Emmeline Hallowleaf (wife)Shadowheart (daughter),,
Fist Arrinye,,,Humanoid,Human,Ranger,,Female,Medium,9.0m,,75.0kg,250,"Brace (Ranged),Ensnaring Strike (Ranged),Piercing Shot,Ranged Attack,Volley",Heavy Crossbow,,FALSE,,,,,Flaming Fist,
Arron,,,Humanoid,Halfling,Fighter,,Male,Small,7.5m,,35.0kg,20,,,,FALSE,,,,,Circle of the Emerald Grove,
Art Cullagh,,,Humanoid,Human,,,Male,Medium,9.0m,,75.0kg,90,,,,FALSE,,,,,Flaming Fist,
Harper Arthus,,,Humanoid,Half-elf,Barbarian,,Male,Medium,9.0m,12.0m,75.0kg,90,"Cleave,Lacerate,Maiming Strike,Main Hand Attack,Rage,Reckless Attack",Battleaxe,,FALSE,,,,,Harpers,
Artimezt,,,Humanoid,Drow,Ranger,,Male,Medium,9.0m,16.0m,75.0kg,40,"Hamstring Shot,Ranged Attack",Shortbow,,FALSE,,,,,,
Asharak,,,Humanoid,Tiefling,Fighter,Battle Master,Male,Medium,9.0m,12.0m,75.0kg,20,"Disarming Attack (Melee),Hamstring Shot,Main Hand Attack,Pommel Strike,Ranged Attack","Greatsword,Longbow",,FALSE,,,,,Tiefling refugees,
Asparagus Mhallie,,,Humanoid,Human,,,Female,Medium,9.0m,,75.0kg,1,,,,FALSE,,,,,,
Servant Asthena,,,Humanoid,Elf,,,Female,Medium,9.0m,12.0m,75.0kg,8,,,,FALSE,,,,,,
Astoundo the Greater,,,Humanoid,Elf,Wizard,,Female,Medium,9.0m,12.0m,75.0kg,1,,,,FALSE,,,,,,
Astoundo the Lesser,,,Humanoid,Human,Wizard,,Male,Medium,9.0m,,75.0kg,1,,,,FALSE,,,,,,
Youth Astyl,,,Humanoid,Githyanki,,,Female,Medium,9.0m,,75.0kg,75,"Flourish,Main Hand Attack,Piercing Strike",Shortsword,,FALSE,,,,,Crèche Y'llek,
Asumi,,,Humanoid,Human,,,Female,Medium,9.0m,,75.0kg,1,,,,FALSE,,,,Becca (daughter),,
Fist Aubree,,,Humanoid,Half-elf,Ranger,,Female,Medium,9.0m,12.0m,75.0kg,90,"Brace (Ranged),Piercing Shot,Ranged Attack",Heavy Crossbow,,FALSE,,,,,Flaming Fist,
Augur Harxkellan,,,Humanoid,Dragonborn,,,Male,Medium,9.0m,,100.0kg,1,,,,FALSE,,,,,,
Avery Sonshal,,,Humanoid,Human,,,Male,Medium,9.0m,,75.0kg,250,"Burning Hands,Fire Bolt,Fireball,Main Hand Attack,Piercing Strike,Misty Step",Dagger,,FALSE,,,,,Cult of Bane,
Dark Breaker Avgarioletta,,,Humanoid,Human,,,Female,Medium,9.0m,,75.0kg,250,"Brace (Ranged),Chromatic Orb: Cold,Ice Knife,Conjure Elemental: Water Elemental,Main Hand Attack,Piercing Strike,Piercing Shot,Ranged Attack,Thunderwave","Heavy Crossbow +1,Dagger",,FALSE,,,,Vilmina (partner),Church of Umberlee,
Avourel,,,Humanoid,Half-elf,,,Female,Medium,7.5m,12.0m,75.0kg,1,,,,FALSE,,,,,,
Dame Aylin,,,Humanoid,Aasimar,Paladin,Oath of Vengeance,Female,Medium,9.0m,60.0m,75.0kg,140,"Cleave,Abjure Enemy,Fly (class action),Lacerate,Lunar Blessing,Lunar Flare,Lunar Smite,Main Hand Attack,Pommel Strike",Greatsword +1,,TRUE,,,,Isobel Thorm (partner)Selûne (mother)Shar (aunt),,"The Nightsong, Singer of SorrowsSword of the MoonmaidenDaughter of Selûne"
Ayo Armbrust,,,Humanoid,Human,,,Male,Small,12.0m,,25.0kg,1,,,,FALSE,,,,Talli (mother)Tym (father),,
Tracker Azak,,,Humanoid,Goblin,,,Female,Small,9.0m,12.0m,35.0kg,20,"Hamstring Shot,Nimble Escape,Ranged Attack",Goblin Bow,,FALSE,,,,,Cult of the Absolute,
Azari,,,Humanoid,Human,Fighter,,,Medium,9.0m,,75.0kg,200,"Cleave,Lacerate,Main Hand Attack,Piercing Strike,Rush Attack,Trip Attack (Melee)","Javelin,Halberd",,FALSE,,,,,Flaming Fist,
Youth Ba’akreth,,,Humanoid,Githyanki,,,Female,Medium,9.0m,,75.0kg,75,"Flourish,Main Hand Attack,Piercing Strike",Shortsword,,FALSE,,,,,Crèche Y'llek,
Guard Baalfe,,,Humanoid,Human,,,Female,Medium,9.0m,,75.0kg,250,"Concussive Smash,Main Hand Attack,Mobile Shot,Piercing Shot,Ranged Attack,Menacing Attack (Melee)","Hand Crossbow,Mace",,FALSE,,,,,Cult of Bane,
Babyjowls,,,Humanoid,Halfling,,,Female,Small,7.5m,,35.0kg,1,,,,FALSE,,,,,The Guild,Guild Member
Bad Twin Bubbins,,,Humanoid,Halfling,Rogue,,Male,Small,7.5m,,35.0kg,320,"Flourish,Lacerate,Main Hand Attack",Scimitar,,FALSE,,,,,The Guild,
Baelen Bonecloak,,,Humanoid,Dwarf,,,Male,Medium,7.5m,12.0m,75.0kg,40,,,,FALSE,,,,Derryth Bonecloak (wife),,
Baff Elkhorn,,,Humanoid,Gnome,Barbarian,Wildheart,Female,Small,7.5m,12.0m,35.0kg,250,"Rage: Elk Heart,Reckless Attack,Sneak Attack (Melee)",,,FALSE,,,,,,
Fist of Bane Bagdog,,,Humanoid,Half-orc,,,Male,Medium,9.0m,18.0m,100.0kg,250,"Concussive Smash,Main Hand Attack,Ranged Attack,Menacing Attack (Melee)","Hand Crossbow,Mace +1",,FALSE,,,,,,
Servant Bailey,,,Humanoid,Human,,,Male,Medium,7.5m,,35.0kg,1,,,,FALSE,,,,,,
Manip Bakshi,,,Humanoid,Human,Cleric,War Domain,Male,Medium,9.0m,,75.0kg,250,"Aid,Calm Emotions,Command: Grovel,Crusader's Mantle,Mass Cure Wounds,Sacred Flame",,,FALSE,,,,,Flaming Fist,
Tracker Bal,,,Humanoid,Goblin,,,Male,Small,9.0m,12.0m,35.0kg,20,"Hamstring Shot,Nimble Escape,Ranged Attack",Goblin Bow,,FALSE,,,,,Cult of the Absolute,Novice of the Absolute
Gondian Bala Ofran,,,Humanoid,Gnome,,,Female,Small,7.5m,12.0m,35.0kg,320,"Lightning Bolt,Misty Step,Shocking Grasp,Thunderwave",,,FALSE,,,,Deedle Ofran (sister)Genshu Ofran (brother),Church of Gond,
Balgor,,,Humanoid,Dwarf,,,Male,Medium,7.5m,9.5m,75.0kg,,,,,FALSE,,,,,,
Bao'ek'nuk,,,Humanoid,Bugbear,,,Male,Medium,9.0m,12.0m,110.0kg,20,"Concussive Smash,Heartstopper,Main Hand Attack,Piercing Strike,Tenacity,Throw","Javelin,Morningstar",,FALSE,,,,,Cult of the Absolute,
Barcus,,,Humanoid,Gnome,,,Male,Small,6.0m,24.0m,35.0kg,20,,,,FALSE,,,,,Clan Ironhand,
Voiceless Penitent Bareki,,,Humanoid,Human,Paladin,,Male,Medium,9.0m,,75.0kg,400,"Aura of Penance,Concussive Smash,Divine Smite,Main Hand Attack",Mace,,FALSE,,,,,,
Sarth Baretha,,,Humanoid,Githyanki,Fighter,Battle Master,Female,Medium,9.0m,,75.0kg,90,"Action Surge,Astral Step,Cleave,Disarming Attack (Melee),Lacerate,Main Hand Attack,Pommel Strike,Second Wind",Githyanki Greatsword,,TRUE,,,,,,Warrior of the One Sky
Barnz,,,Humanoid,Human,,,Male,Medium,9.0m,30.0m,75.0kg,320,"Main Hand Attack,Shroud Self",Murderous Cut,,FALSE,,,,,Cult of Bhaal,
Barth,,,Humanoid,Half-elf,,,Male,Medium,9.0m,12.0m,75.0kg,20,"Main Hand Attack,Ranged Attack","Hand Crossbow,Shortsword",,FALSE,,,,,,
Barton,,,Humanoid,Human,Rogue,,Male,Medium,9.0m,,75.0kg,15,"Ranged Attack,Sneak Attack (Ranged),Throw",Shortbow,Alchemist's Fire,FALSE,,,,,Overgrown Ruin Looters,
Bastian d'Zinn,,,Humanoid,Human,,,Male,Medium,9.0m,,35.0kg,1,,,,FALSE,,,,,,
Battrick Degronce,,,Humanoid,Gnome,,,Male,Small,7.5m,12.0m,35.0kg,1,,,,FALSE,,,,,,
Sharran Sentry Baxta,,,Humanoid,Human,Fighter,,Male,Medium,9.0m,24.0m,75.0kg,320,"Flourish,Lacerate,Main Hand Attack",Scimitar (Sharran),,FALSE,,,,,Church of Shar,
Baz Hopbank,,,Humanoid,Halfling,,,Male,Small,7.5m,,35.0kg,1,,,,FALSE,,,,,,
Bearclaw,,,Humanoid,Gnome,Barbarian,Wildheart,Female,Small,7.5m,12.0m,35.0kg,250,"Rage: Bear Heart,Reckless Attack,Sneak Attack (Melee)",,,FALSE,,,,,,
Beatrice Provoss,,,Humanoid,Human,,,Female,Medium,9.0m,,75.0kg,1,,,,FALSE,,,,Provoss,,Lady of Baldur's Gate
Becca,,,Humanoid,Human,,,Female,Small,9.0m,,25.0kg,1,,,,FALSE,,,,Asumi (mother),,
Bedi,,,Humanoid,Half-orc,Barbarian,Wildheart,Male,Medium,9.0m,18.0m,100.0kg,75,"Lacerate,Main Hand Attack,Off-Hand Attack (Melee),Rage: Wolf Heart,Reckless Attack,Throw","Lantern,Handaxe",Alchemist's Fire,FALSE,,,,,Cult of the Absolute,
Adept Bel,,,Humanoid,Half-elf,Cleric,,Male,Medium,9.0m,12.0m,75.0kg,140,"Command: Flee,Death Ward,Guardian of Faith,Guiding Bolt,Hunger of Hadar,Main Hand Attack,Sacred Flame,Topple",Quarterstaff,,FALSE,,,,,Cult of the Absolute,
Beldron,,,Humanoid,Gnome,,,Male,Small,7.5m,24.0m,35.0kg,75,,,,FALSE,,,,Lunkbug (husband),Clan Ironhand,Ironhand's Steward
Belford Willoughby,,,Humanoid,Human,,,Male,Small,9.0m,,25.0kg,1,,,,FALSE,,,,Harvard Willoughby (father),,
Fist Bella (Bloomridge Park),,,Humanoid,Human,Fighter,,Female,Medium,9.0m,,75.0kg,250,"Cleave,Lacerate,Main Hand Attack,Rush Attack,Sweeping Attack,Throw","Javelin,Halberd",,FALSE,,,,,Flaming Fist,
Fist Bella (Wyrms Rock Fortress),,,Humanoid,Dwarf,Ranger,,Female,Medium,7.5m,12.0m,75.0kg,200,"Brace (Ranged),Ensnaring Strike (Ranged),Piercing Strike,Ranged Attack,Volley",Heavy Crossbow,,FALSE,,,,,Flaming Fist,
Bellar,,,Humanoid,Human,Rogue,,Male,Medium,9.0m,,75.0kg,40,"Brace (Ranged),Hamstring Shot,Ranged Attack,Sneak Attack (Ranged)",Longbow,,FALSE,,,,,Zhentarim,
Bellora Truscott,,,Humanoid,Human,,,Female,Medium,9.0m,,75.0kg,1,,,,FALSE,,,,Phinn Truscott (husband)Unnamed daughter (deceased),,
Belron Strongstep,,,Humanoid,Dwarf,,,Male,Medium,7.5m,9.0m,75.0kg,,,,,FALSE,,,,Unnamed wife (deceased),,
Acolyte Belub,,,Humanoid,Dwarf,Cleric,,Male,Medium,7.5m,24.0m,75.0kg,110,"Bless,Cure Wounds,Piercing Shot,Ranged Attack,Sacred Flame",Light Crossbow,,FALSE,,,,,Cult of the Absolute,
Ben Golewits,,,Humanoid,Human,,,,Medium,9.0m,,75.0kg,1,Main Hand Attack,Dagger,,FALSE,,,,Marpha Golewits (wife)Cinta Golewits (daughter),,
Zealot Bennel,,,Humanoid,Human,Paladin,,Male,Medium,9.0m,,75.0kg,140,"Branding Smite,Lay on Hands: Greater Healing,Lay on Hands: Lesser Healing,Main Hand Attack,Ranged Attack,Thunderous Smite,Abjure Enemy","Shortbow,Halberd",,FALSE,,,,,Cult of the Absolute,
Benryn,,,Humanoid,Half-elf,,,Male,Medium,9.0m,12.0m,75.0kg,1,,,,FALSE,,,,"Mirileth (wife, deceased)",,
Booyahg Benta,,,Humanoid,Goblin,Wizard,,Female,Small,9.0m,12.0m,35.0kg,15,"Acid Splash,Grease,Main Hand Attack,Ray of Sickness,Topple",Ritual Staff,,FALSE,,,,,Cult of the Absolute,
Beorn Wunterbrood,,,Humanoid,Human,Fighter,,Male,Medium,9.0m,,75.0kg,400,,,,FALSE,,,,,,
Bering Gahorst,,,Humanoid,Human,,,Male,Medium,9.0m,,75.0kg,1,,,,FALSE,,,,,,
Worker Bernyr,,,Humanoid,Dwarf,,,Male,Medium,7.5m,12.0m,75.0kg,1,,,,FALSE,,,,,,
Bertram,,,Humanoid,Human,,,Male,Medium,9.0m,,75.0kg,1,,,,FALSE,,,,Martina (partner),,
Beulla Sandfoot,,,Humanoid,Halfling,,,Female,Small,7.5m,,35.0kg,1,,,,FALSE,,,,,,
Bex,,,Humanoid,Tiefling,,,Female,Medium,9.0m,12.0m,75.0kg,1,Unarmed Strike,,,FALSE,,,,Danis (husband),Tiefling refugees,
Warrior Bez,,,Humanoid,Goblin,Fighter,,Female,Small,9.0m,12.0m,35.0kg,20,"Lacerate,Main Hand Attack,Menacing Attack (Melee),Throw Stone",Handaxe,,FALSE,,,,,Cult of the Absolute,
Big Clive,,,Humanoid,Human,,,Male,Medium,9.0m,12.0m,75.0kg,1,,,,FALSE,,,,,,
Big Liar Bronzon,,,Humanoid,Half-orc,,,Female,Medium,9.0m,18.0m,75.0kg,1,,,,FALSE,,,,,,
Brother Bill,,,Humanoid,Elf,,,Male,Medium,9.0m,12.0m,75.0kg,200,,,,FALSE,,,,,Church of Ilmater,
Billigan Indigo,,,Humanoid,Human,,,Male,Medium,9.0m,,75.0kg,,,,,FALSE,,,,Sammia Indigo (wife)Dannbo Indigo (son),,
Billy,,,Humanoid,Human,,,Male,Small,9.0m,,25.0kg,1,,,,FALSE,,,,,,
Billyum,,,Humanoid,Human,,,Female,Small,9.0m,,25.0kg,1,,,,FALSE,,,,,,
Brawler Birka,,,Humanoid,Goblin,,,Female,Small,9.0m,12.0m,35.0kg,20,"Flourish,Lacerate,Main Hand Attack,Throw Stone",Goblin Scimitar,,FALSE,,,,,Cult of the Absolute,
Birta Grougg,,,Humanoid,Half-orc,,,Female,Medium,9.0m,18.0m,100.0kg,1,,,,FALSE,,,,,,
Blades Bakstir,,,Humanoid,Halfling,,,Male,Small,7.5m,,35.0kg,1,,,,FALSE,,,,,The Guild,Guild Member
Harper Blaird,,,Humanoid,Elf,Ranger,,Male,Medium,9.0m,12.0m,75.0kg,400,"Fog Cloud,Hamstring Shot,Ranged Attack,Wolf Companion",Longbow,,FALSE,,,,,Harpers,
Blarson Throaks,,,Humanoid,Human,,,,Medium,9.0m,12.0m,75.0kg,1,,,,FALSE,,,,Clovia Throaks (husband)Gasper Throaks (son),,
Bleeri,,,Humanoid,Dwarf,,,Male,Medium,7.5m,12.0m,75.0kg,1,,,,FALSE,,,,,,
Blevindall,,,Humanoid,Dwarf,,,Female,Medium,7.5m,12.0m,75.0kg,1,,,,FALSE,,,,,,
Bliggerillo,,,Humanoid,Halfling,,,Male,Small,7.5m,,35.0kg,1,,,,FALSE,,,,,,
Blinded Elf,,,Humanoid,Elf,,,Female,Medium,9.0m,12.0m,75.0kg,1,,,,FALSE,,,,,,
Bhaal Cultist Bloodmopper,,,Humanoid,Human,,,Male,Medium,9.0m,30.0m,75.0kg,400,"Main Hand Attack,Piercing Strike",Dagger,,FALSE,,,,,Cult of Bhaal,
Head Clerk Meadhoney,,,Humanoid,Halfling,,,Male,Small,7.5m,,35.0kg,1,,,,FALSE,,,,,The Counting House,
Blossom,,,Humanoid,Human,,,Female,Small,9.0m,,25.0kg,1,,,,FALSE,,,,Dharin Brislen (father)Leepak Brislen (mother)Bunny (sister),,
Sharran Novice Bluenail,,,Humanoid,Dwarf,Fighter,,Female,Medium,7.5m,24.0m,75.0kg,320,Main Hand Attack,Mace,,FALSE,,,,,Church of Shar,
Blunt Skuncher,,,Humanoid,Human,Wizard,Evocation School,Male,Medium,9.0m,,75.0kg,140,"Fire Bolt,Magic Missile,Topple",,,FALSE,,,,,Stone Lord,
Death's Head of Bhaal Blythe,,,Humanoid,Human,,,Female,Medium,9.0m,30.0m,75.0kg,320,"Flourish,Lacerate,Main Hand Attack,Piercing Strike,Stunning Gaze",Murderous Cut,,FALSE,,,,,Cult of Bhaal,
Bobby,,,Humanoid,Human,,,Male,Small,9.0m,,25.0kg,1,,,,FALSE,,,,,,
Bobula Hanvers,,,Humanoid,Human,,,Female,Medium,9.0m,,75.0kg,1,,,,FALSE,,,,,,
Bogdan Vortleson,,,Humanoid,Elf,,,Male,Medium,9.0m,12.0m,75.0kg,1,,,,FALSE,,,,,,
Warlock Bolt,,,Humanoid,Goblin,Warlock,,Female,Small,9.0m,12.0m,35.0kg,20,"Armour of Agathys,Eldritch Blast,Hex,Lacerate,Main Hand Attack",Handaxe,,FALSE,,,,,Cult of the Absolute,Novice of the Absolute
Bombasto,,,Humanoid,Human,,,Male,Medium,9.0m,,75.0kg,250,"Cleave,Lacerate,Main Hand Attack,Menacing Attack (Melee),Prepare,Trip Attack (Melee)",Greataxe,,FALSE,,,,,,
Bonna,,,Humanoid,Dwarf,Fighter,,Female,Medium,7.5m,24.0m,75.0kg,75,"Cleave,Enlarge (Duergar),Lacerate,Main Hand Attack,Prepare",Greataxe,,FALSE,,,,,Cult of the Absolute,Novice of the Absolute
Harper Bor,,,Humanoid,Half-elf,Barbarian,,Male,Medium,9.0m,12.0m,75.0kg,90,"Cleave,Lacerate,Maiming Strike,Main Hand Attack,Rage,Reckless Attack",Battleaxe,,FALSE,,,,,Harpers,
Borgus Elamin,,,Humanoid,Elf,Wizard,,Male,Medium,9.0m,12.0m,75.0kg,200,"Acid Splash,Armour of Agathys,Arms of Hadar,Chromatic Orb: Acid",,,FALSE,,,,,Zhentarim,
Black Gauntlet Borri Paver,,,Humanoid,Dwarf,Cleric,,Male,Medium,7.5m,12.0m,75.0kg,400,"Aura of Terror,Blight,Dominate Person,Inflict Wounds,Initiate Collar Detonation,Phantasmal Killer,Spirit Guardians (Necrotic)",,,FALSE,,,,,Cult of Bane,
Hiccups Bortun,,,Humanoid,Human,,,Male,Medium,9.0m,,75.0kg,1,,,,FALSE,,,,,,
Veteran Warrior Bradi'ith,,,Humanoid,Githyanki,,,,Medium,9.0m,,75.0kg,200,"Cleave,Disarming Attack (Melee),Enhance Leap,Lacerate,Main Hand Attack,Pommel Strike,Second Wind",Githyanki Greatsword,,FALSE,,,,,,
Brakkal,,,Humanoid,Goblin,,,Male,Small,9.0m,12.0m,35.0kg,20,,,,FALSE,,,,,,Faithful of Maglubiyet
Novice Bramble,,,Humanoid,Halfling,Cleric,,,Small,7.5m,,35.0kg,200,Sacred Flame,,,FALSE,,,,,Church of Ilmater,
Cashguard Basher Brammels,,,Humanoid,Human,Paladin,,Male,Medium,9.0m,,75.0kg,250,"Backbreaker,Blinding Smite,Concussive Smash,Divine Smite,Lay on Hands: Greater Healing,Main Hand Attack,Mobile Shot,Piercing Shot,Ranged Attack,Tenacity","Hand Crossbow,Maul",,FALSE,,,,,The Counting House,
Fist Brandella,,,Humanoid,Human,Fighter,,,Medium,9.0m,,75.0kg,250,"Cleave,Lacerate,Main Hand Attack,Rush Attack,Sweeping Attack,Throw","Javelin,Halberd",,FALSE,,,,,Flaming Fist,
Harper Branthos,,,Humanoid,Elf,Fighter,,Male,Medium,10.5m,12.0m,75.0kg,90,"Disarming Attack (Melee),Main Hand Attack,Pommel Strike,Rush Attack",Longsword,,FALSE,,,,,Harpers,
Brathwen,,,Humanoid,Dwarf,Fighter,,Male,Medium,7.5m,24.0m,75.0kg,75,"Backbreaker,Bone Chill,Concussive Smash,Main Hand Attack,Menacing Attack (Melee),Throw,Weakening Strike",Warhammer,Smokepowder Bomb,FALSE,,,,,Cult of the Absolute,Novice of the Absolute
Sharp-Eye Breg,,,Humanoid,Goblin,Ranger,,Male,Small,9.0m,12.0m,35.0kg,20,"Ensnaring Strike (Ranged),Hamstring Shot,Nimble Escape,Ranged Attack,Worg Companion",Goblin Bow,,FALSE,,,,,Cult of the Absolute,
Brawler Brek,,,Humanoid,Goblin,,,Male,Small,9.0m,12.0m,35.0kg,20,"Flourish,Lacerate,Main Hand Attack,Throw Stone",Goblin Scimitar,,FALSE,,,,,Cult of the Absolute,
Warrior Brelal’reth,,,Humanoid,Githyanki,Fighter,,Female,Medium,9.0m,,75.0kg,75,"Cleave,Disarming Attack (Melee),Enhance Leap,Lacerate,Main Hand Attack,Pommel Strike,Second Wind",Githyanki Greatsword,,FALSE,,,,,Crèche Y'llek,
Brem,,,Humanoid,Human,Ranger,,Male,Medium,9.0m,,75.0kg,40,"Main Hand Attack,Ranged Attack","Hand Crossbow,Dagger",,FALSE,,,,Garias (younger sibling),Zhentarim,Trader
Breva Brightmoon,,,Humanoid,Dwarf,Fighter,,Female,Medium,7.5m,12.0m,75.0kg,200,"Main Hand Attack,Rush Attack,Trip Attack (Melee)",Spear,,FALSE,,,,,Flaming Fist,Prison Guard
Brigid,,,Humanoid,Human,,,Female,Medium,9.0m,,75.0kg,1,,,,FALSE,,,,Cormac (husband),,
Zealot Brinn,,,Humanoid,Halfling,Paladin,,Male,Small,7.5m,,35.0kg,140,"Branding Smite,Cleave,Divine Smite,Lacerate,Lay on Hands: Greater Healing,Lay on Hands: Lesser Healing,Main Hand Attack,Rush Attack,Thunderous Smite,Abjure Enemy",Halberd,,FALSE,,,,,Cult of the Absolute,
Brinna Brightsong,,,Humanoid,Halfling,Bard,,Female,Small,7.5m,,,,,,,FALSE,,,,,,
Elder Brithvar,,,Humanoid,Dwarf,Fighter,,Male,Medium,7.5m,24.0m,75.0kg,75,"Enlarge,Maiming Strike,Main Hand Attack,Piercing Strike,Throw,Weakening Strike","Javelin,Deep Delver",,FALSE,,,,,Clan Flameshade,
Fist Broadhorn,,,Humanoid,Dwarf,Fighter,,Male,Medium,7.5m,12.0m,75.0kg,200,"Cleave,Lacerate,Main Hand Attack,Rush Attack,Sweeping Attack,Throw","Javelin,Halberd",,FALSE,,,,,Flaming Fist,
Fist Broko,,,Humanoid,Human,Wizard,,Female,Medium,9.0m,,75.0kg,250,"Blight,Conjure Elemental: Fire Elemental,Counterspell,Fire Bolt,Melf's Acid Arrow,Main Hand Attack,See Invisibility,Topple",Quarterstaff,,FALSE,,,,,Flaming Fist,
Bronte,,,Humanoid,Human,,,Female,Medium,9.0m,,75.0kg,1,,,,FALSE,,,,,,
Fist Brottor,,,Humanoid,Dwarf,Fighter,,Male,Medium,7.5m,12.0m,75.0kg,250,"Main Hand Attack,Rush Attack,Trip Attack (Melee)",Spear,,FALSE,,,,,Flaming Fist,
Ironshield Brounce,,,Humanoid,Gnome,Fighter,,Female,Small,7.5m,24.0m,35.0kg,250,"Backbreaker,Concussive Smash,Main Hand Attack,Weakening Strike",Warhammer,,FALSE,,,,,Clan Ironhand,
Bruha Oakhide,,,Humanoid,Dwarf,,,Female,Medium,7.5m,12.0m,75.0kg,1,,,,FALSE,,,,Thatmatt Oakhide (husband),,
Bruno Indomicus,,,Humanoid,Dwarf,,,Male,Medium,7.5m,12.0m,75.0kg,1,,,,FALSE,,,,,,
Flaming Fist Bryanne,,,Humanoid,Human,,,Female,Medium,9.0m,,75.0kg,40,"Lacerate,Main Hand Attack,Pommel Strike,Rush Attack",Longsword,,FALSE,,,,,Flaming Fist,
Brynna,,,Humanoid,Human,Cleric,,Female,Medium,9.0m,,75.0kg,20,"Command: Halt,Concussive Smash,Healing Word,Main Hand Attack,Sacred Flame",Mace,,FALSE,,,,Andrick (brother)  Edowin (brother),Cult of the Absolute,Novice of the Absolute
Buff Tanner,,,Humanoid,Human,,,,Medium,9.0m,,75.0kg,1,,,,FALSE,,,,,,
Bug Bludgeon,,,Humanoid,Dwarf,Ranger,Gloom Stalker,Male,Medium,7.5m,12.0m,75.0kg,75,"Brace (Ranged),Ranged Attack,Hamstring Shot","Shortbow,Longbow",,FALSE,,,,,The Guild,
Bumpnagel,,,Humanoid,Gnome,Ranger,,Male,Small,7.5m,24.0m,35.0kg,200,"Barkskin,Ensnaring Strike (Ranged),Main Hand Attack,Ranged Attack","Hand Crossbow,Longsword",,FALSE,,,,,Clan Ironhand,
Bunny,,,Humanoid,Human,,,Female,Small,9.0m,,25.0kg,1,,,,FALSE,,,,Dharin Brislen (father)Leepak Brislen (mother)Blossom (sister),,
Buntter,,,Humanoid,Half-orc,,,Male,Medium,9.0m,18.0m,75.0kg,1,,,,FALSE,,,,,,
Burrock,,,Humanoid,Halfling,,,Male,Small,7.5m,,35.0kg,5,,,,FALSE,,,,,Cult of the Absolute,Novice of the Absolute
Burzenberg,,,Humanoid,Human,,,Male,Medium,9.0m,,75.0kg,1,,,,FALSE,,,,,,
Bustlebury,,,Humanoid,Halfling,,,Male,Small,7.5m,,35.0kg,1,,,,FALSE,,,,,,
Byldrath,,,Humanoid,Human,,,Male,Medium,9.0m,12.0m,35.0kg,1,,,,FALSE,,,,,,
Caerdwyn,,,Humanoid,Half-elf,,,Female,Medium,9.0m,12.0m,75.0kg,1,,,,FALSE,,,,,,
Caitlin,,,Humanoid,Human,,,Female,Medium,9.0m,,75.0kg,1,,,,FALSE,,,,,,
Caitriono,,,Humanoid,Human,,,Male,Medium,9.0m,,75.0kg,1,,,,FALSE,,,,,,
Cal,,,Humanoid,Tiefling,Fighter,,Male,Medium,9.0m,12.0m,75.0kg,20,Main Hand Attack,Javelin,,FALSE,,,,Lia (sister) Rolan (brother),Tiefling refugees,
Fist Callaway,,,Humanoid,Human,Fighter,,Male,Medium,9.0m,,75.0kg,200,"Main Hand Attack,Piercing Strike,Rush Attack,Trip Attack (Melee)","Spear,Javelin",,FALSE,,,,,Flaming Fist,
Callem Bormul,,,Humanoid,Human,,,Male,Medium,9.0m,,75.0kg,1,,,,FALSE,,,,Bormul,,Baron
Harper Callie,,,Humanoid,Dwarf,Fighter,Battle Master,Female,Medium,7.5m,12.0m,75.0kg,90,"Concussive Smash,Disarming Attack (Melee),Main Hand Attack,Menacing Attack (Melee),Tenacity",Greatclub,,FALSE,,,,,Harpers,
Callira,,,Humanoid,Dwarf,,,Female,Medium,7.5m,12.0m,75.0kg,1,,,,FALSE,,,,,,
Cappa Delourese,,,Humanoid,Elf,,,Female,Medium,9.0m,12.0m,75.0kg,1,,,,FALSE,,,,,,
Caralee Grollo,,,Humanoid,Gnome,,,Female,Small,7.5m,12.0m,35.0kg,1,Dash,,,FALSE,,,,,Church of Gond,
Carlorina the Wolf,,,Humanoid,Half-elf,Rogue,,Female,Medium,9.0m,16.0m,75.0kg,320,Main Hand Attack,Shortsword,,FALSE,,,,,,Zhentarim
Carmen Pennygood,,,Humanoid,Dwarf,,,Female,Medium,7.5m,12.0m,75.0kg,1,,,,FALSE,,,,Figaro Pennygood (brother)Julio Facemaker (deceased father),,
Carnelia Vanthampur,,,Humanoid,Elf,,,Female,Medium,9.0m,12.0m,75.0kg,1,,,,FALSE,,,,,,
Carys,,,Humanoid,Gnome,,,Female,Small,7.5m,12.0m,35.0kg,1,,,,FALSE,,,,,,
Cassivora Dophir,,,Humanoid,Human,,,Female,Medium,9.0m,,75.0kg,200,"Flourish,Lacerate,Main Hand Attack",Scimitar,,FALSE,,,,,The Gur,
Caïros,,,Humanoid,Tiefling,Fighter,Battle Master,Male,Medium,9.0m,12.0m,75.0kg,200,"Action Surge,Backbreaker,Concussive Smash,Disarming Attack (Melee),Grand Slam,Indomitable,Main Hand Attack,Second Wind,Tenacity",Corpsegrinder,,FALSE,,,,,Envoys of the Stone Lord,Envoy of the Stone Lord
Cecee Gaborr,,,Humanoid,Human,,,Female,Medium,9.0m,,25.0kg,1,,,,FALSE,,,,,,
Cefrey,,,Humanoid,Human,Wizard,,Female,Medium,9.0m,,2.0kg,15,"Burning Hands,Fire Bolt,Ice Knife,Mage Armour,Main Hand Attack,Shocking Grasp",Quarterstaff,,FALSE,,,,,Overgrown Ruin Looters,
Ceres Olsin,,,Humanoid,Human,,,Female,Medium,9.0m,,75.0kg,1,Dash,,,FALSE,,,,Frell Olsin (husband),Church of Gond,
Cerys,,,Humanoid,Tiefling,Ranger,,Female,Medium,9.0m,12.0m,75.0kg,20,"Brace (Ranged),Hamstring Shot,Ranged Attack",Longbow,,FALSE,,,,,Tiefling refugees,Elturian Scout
Warrior Ch’guth,,,Humanoid,Githyanki,Fighter,,Female,Medium,9.0m,,75.0kg,75,"Cleave,Disarming Attack (Melee),Enhance Leap,Lacerate,Main Hand Attack,Pommel Strike,Second Wind",Githyanki Greatsword,,FALSE,,,,,Crèche Y'llek,
Ch'kk'ch,,,Humanoid,Human,,,Female,Small,9.0m,,25.0kg,1,,,,FALSE,,,,,,
Iron Consul Chadd,,,Humanoid,Half-orc,Fighter,,Male,Medium,9.0m,18.0m,100.0kg,320,"Main Hand Attack,Mobile Shot,Piercing Shot,Ranged Attack,Rush Attack,Voice of Command,Goading Attack (Melee)","Hand Crossbow,Spear +1",,FALSE,,,,,Cult of Bane,
News Hawker Chalara,,,Humanoid,Human,,,Female,Small,9.0m,,25.0kg,1,,,,FALSE,,,,,,
Monsieur Chapeau,,,Humanoid,Halfling,,,Male,Small,7.5m,,35.0kg,10,"Flourish,Main Hand Attack,Perform 'Bard Dance',Piercing Strike,Weakening Strike",Rapier,,FALSE,,,,,,
Charl Baragezian,,,Humanoid,Human,,,Male,Small,9.0m,,25.0kg,1,,,,FALSE,,,,Fyl Baragezian (father)Nonah Baragezian (mother),,
Charming Latham,,,Humanoid,Human,Wizard,Evocation School,Male,Medium,9.0m,,75.0kg,75,"Conjure Elemental: Water Elemental,Ice Knife,Ice Storm,Main Hand Attack,Piercing Strike,Ray of Frost",Dagger,,FALSE,,,,,The Guild,
Cheeky Nora,,,Humanoid,Half-elf,,,Female,Medium,9.0m,12.0m,75.0kg,1,,,,FALSE,,,,,The Guild,Guild Member
Chell,,,Humanoid,Asmodeus tiefling,,,Female,Medium,9.0m,12.0m,75.0kg,1,,,,FALSE,,,,,Tiefling refugees,
Harper Chenti,,,Humanoid,Human,Druid,,Female,Medium,9.0m,,75.0kg,90,"Cure Wounds,Healing Word,Heat Metal,Main Hand Attack,Shillelagh,Topple",Quarterstaff,,FALSE,,,,,Harpers,
Clerk Chervis,,,Humanoid,Elf,,,Male,Medium,9.0m,12.0m,75.0kg,1,,,,FALSE,,,,,The Counting House,
Sauceman Chorizo,,,Humanoid,Dwarf,,,Male,Medium,7.5m,12.0m,75.0kg,200,,,,FALSE,,,,,,
Raider Chost,,,Humanoid,Githyanki,Fighter,,,Medium,9.0m,,75.0kg,75,"Brace (Ranged),Misty Step,Piercing Shot,Rally,Ranged Attack,Trip Attack (Ranged)",Githyanki Crossbow,,FALSE,,,,,,
Churg Elvek,,,Humanoid,Human,,,Male,Medium,9.0m,30.0m,75.0kg,250,"Lacerate,Main Hand Attack,Aura of Murder (class action)",Handaxe,,FALSE,,,,,Cult of Bhaal,
Raider Chy'raagh,,,Humanoid,Githyanki,,,Male,Medium,9.0m,,75.0kg,75,"Brace (Ranged),Misty Step,Piercing Shot,Ranged Attack,Rally,Trip Attack (Ranged)",Githyanki Crossbow,,FALSE,,,,,Crèche Y'llek,
Ciara Blank,,,Humanoid,Dwarf,,,Female,Medium,7.5m,9.0m,35.0kg,1,,,,FALSE,,,,,,
Cilarea,,,Humanoid,Human,,,Female,Medium,9.0m,30.0m,75.0kg,320,"Main Hand Attack,Off-Hand Attack (Melee),Piercing Strike",Dagger,,FALSE,,,,,Cult of Bhaal,
Cillian,,,Humanoid,Human,,,Male,Medium,9.0m,,75.0kg,1,,,,FALSE,,,,,,
Cinna Brewcellar,,,Humanoid,Halfling,,,Female,Small,7.5m,,35.0kg,1,,,,FALSE,,,,,,
Cinnamon,,,Humanoid,Human,,,Female,Small,9.0m,,25.0kg,1,,,,FALSE,,,,,,
Cinta Golewits,,,Humanoid,Human,,,Female,Small,9.0m,,25.0kg,,,,,FALSE,,,,Ben Golewits (father)Marpha Golewits (mother),,
Cirian,,,Humanoid,Human,,,Female,Medium,9.0m,30.0m,75.0kg,250,"Aura of Murder (class action),Flourish,Lacerate,Main Hand Attack,Piercing Strike,Stunning Gaze",Murderous Cut,,FALSE,,,,,,
Civilian,,,Humanoid,Elf,,,Female,Medium,9.0m,12.0m,75.0kg,1,"Unarmed Strike,Dash",,,FALSE,,,,,,
Warrior Clack,,,Humanoid,Goblin,Fighter,,Female,Small,9.0m,12.0m,35.0kg,20,"Cleave,Lacerate,Main Hand Attack,Menacing Attack (Melee),Prepare,Throw Stone",Greataxe,,FALSE,,,,,Cult of the Absolute,Novice of the Absolute
Cleet,,,Humanoid,Human,,,Male,Medium,9.0m,,75.0kg,1,,,,FALSE,,,,,,
Brother Clements,,,Humanoid,Dwarf,Cleric,,Male,Medium,7.5m,12.0m,75.0kg,200,"Cure Wounds,Sacred Flame",,,FALSE,,,,,Church of Ilmater,
Gondian Clore Falson,,,Humanoid,Human,,,Female,Medium,9.0m,,75.0kg,320,"Concussive Smash,Lightning Bolt,Main Hand Attack,Misty Step,Shocking Grasp,Thunderwave",Light Hammer,,FALSE,,,,Featherweight Falson (father),Church of Gond,
Reaper of Bhaal Clotilde,,,Humanoid,Human,,,Female,Medium,9.0m,30.0m,75.0kg,250,"Flourish,Lacerate,Main Hand Attack,Piercing Strike,Shroud Self",Murderous Cut,,FALSE,,,,,Cult of Bhaal,
Fist Clover,,,Humanoid,Human,Ranger,,Female,Medium,9.0m,,75.0kg,250,"Brace (Ranged),Ensnaring Strike (Ranged),Piercing Shot,Ranged Attack,Volley",Heavy Crossbow,,FALSE,,,,,Flaming Fist,
Clovia Throaks,,,Humanoid,Human,,,,Medium,9.0m,12.0m,75.0kg,1,,,,FALSE,,,,Blarson Throaks (husband)Gasper Throaks (son),,
Night Blade Comina,,,Humanoid,Human,,,,Medium,9.0m,30.0m,75.0kg,400,Main Hand Attack,Dagger,,FALSE,,,,,Cult of Bhaal,
Conall,,,Humanoid,Human,,,,Small,9.0m,,25.0kg,1,,,,FALSE,,,,,,
Cora Highberry,,,Humanoid,Halfling,,,Female,Small,7.5m,,35.0kg,1,,,,FALSE,,,,Roger Highberry (husband),,
Cordrane,,,Humanoid,Dwarf,,,,Medium,7.5m,12.0m,75.0kg,250,"Blindness,Bone Chill,Ray of Sickness",,,FALSE,,,,,,
Cordula Eltan,,,Humanoid,Human,Wizard,,Female,Medium,9.0m,,75.0kg,320,"Cone of Cold,Confusion,Fire Bolt,Lightning Bolt,Magic Missile,Main Hand Attack,Otto's Irresistible Dance",Quarterstaff +1,,FALSE,,,,,Flaming Fist,
Corliss,,,Humanoid,Halfling,Ranger,,Female,Small,7.5m,,35.0kg,75,,,,FALSE,,,,,Cult of the Absolute,Novice of the Absolute
Fist Corlos,,,Humanoid,Dwarf,Fighter,,Female,Medium,7.5m,12.0m,75.0kg,250,"Cleave,Lacerate,Main Hand Attack,Piercing Strike,Rush Attack,Sweeping Attack","Javelin,Halberd",,FALSE,,,,,Flaming Fist,
Cormac,,,Humanoid,Human,,,Male,Medium,9.0m,,75.0kg,1,,,,FALSE,,,,Brigid (wife),,
Night Blade Corniche,,,Humanoid,Tiefling,,,Female,Medium,9.0m,30.0m,75.0kg,400,Ranged Attack,Heavy Crossbow,,FALSE,,,,,Cult of Bhaal,
Counting House Artillerist,,,Humanoid,Human,,,,Medium,9.0m,9.0m,75.0kg,9,"Main Hand Attack,Ranged Attack","Rapier,Heavy Crossbow",,FALSE,,,,,,
Counting House Enforcer,,,Humanoid,Human,Paladin,,,Medium,9.0m,9.0m,75.0kg,9,"Main Hand Attack,Lay on Hands: Greater Healing,Blinding Smite,Divine Smite",Maul,,FALSE,,,,,,
Courageous Little Kimmabeth,,,Humanoid,Human,,,Male,Medium,9.0m,,75.0kg,1,,,,FALSE,,,,,,
Crak,,,Humanoid,Half-orc,,,Male,Medium,9.0m,18.0m,100.0kg,1,,,,FALSE,,,,,,
Fist Creekrider,,,Humanoid,Dwarf,Cleric,,Male,Medium,7.5m,12.0m,75.0kg,250,"Aid,Backbreaker,Calm Emotions,Command: Grovel,Concussive Smash,Crusader's Mantle,Main Hand Attack,Mass Cure Wounds,Sacred Flame,Weakening Strike",Warhammer,,FALSE,,,,,Flaming Fist,
Cressida Flint,,,Humanoid,Human,,,Female,Medium,9.0m,,75.0kg,1,,,,FALSE,,,,,,
Fist Crosse,,,Humanoid,Human,Fighter,,Male,Medium,9.0m,,75.0kg,250,"Cleave,Lacerate,Main Hand Attack,Rush Attack,Sweeping Attack",Halberd,,FALSE,,,,,Flaming Fist,
Sharp-Eye Crub,,,Humanoid,Goblin,Ranger,,Male,Small,9.0m,12.0m,35.0kg,20,"Ensnaring Strike (Ranged),Hamstring Shot,Nimble Escape,Ranged Attack,Worg Companion",Goblin Bow,,FALSE,,,,,Cult of the Absolute,Novice of the Absolute
Devout Cry,,,Humanoid,Goblin,Cleric,,Female,Small,9.0m,12.0m,35.0kg,20,"Bless,Concussive Smash,Cure Wounds,Main Hand Attack,Sacred Flame",Crude Mace,,FALSE,,,,,Cult of the Absolute,Novice of the Absolute
Booyahg Culk,,,Humanoid,Goblin,,,Male,Small,9.0m,12.0m,35.0kg,20,"Acid Splash,Grease,Main Hand Attack,Ray of Sickness,Sleep,Topple",Ritual Staff,,FALSE,,,,,Cult of the Absolute,
Cutter Violet,,,Humanoid,Human,,,Female,Medium,9.0m,,75.0kg,1,,,,FALSE,,,,,The Guild,Guild Member
Cyndirie Vand,,,Humanoid,Human,,,,Medium,9.0m,,75.0kg,1,,,,FALSE,,,,,,
Cyrel,,,Humanoid,Human,Wizard,,Female,Medium,9.0m,,75.0kg,40,"Hold Person,Magic Missile,Main Hand Attack,Piercing Strike,Ray of Frost,Ray of Sickness,Shield,Thunderwave",Dagger,,FALSE,,,,,,Trader
Cyrella,,,Humanoid,Human,,,Female,Small,9.0m,,25.0kg,1,,,,FALSE,,,,,,
Fist Cyril,,,Humanoid,Elf,Fighter,,Male,Medium,9.0m,12.0m,75.0kg,90,"Lacerate,Main Hand Attack,Pommel Strike,Rush Attack,Trip Attack (Melee)",Longsword,,FALSE,,,,,Flaming Fist,
Cashguard Artillerist Dadger,,,Humanoid,Human,,,,Medium,9.0m,,75.0kg,250,"Main Hand Attack,Ranged Attack","Rapier,Heavy Crossbow",,FALSE,,,,,,
Gauntlet Dain,,,Humanoid,Human,Cleric,Light Domain,Female,Medium,9.0m,,75.0kg,90,"Backbreaker,Command: Grovel,Concussive Smash,Cure Wounds,Guiding Bolt,Radiance of the Dawn,Sacred Flame,Weakening Strike, Main Hand Attack",Warhammer,,FALSE,,,,,Flaming Fist,
Acolyte Daine,,,Humanoid,Dwarf,Cleric,,Female,Medium,7.5m,12.0m,75.0kg,110,"Bless,Cure Wounds,Piercing Shot,Ranged Attack,Sacred Flame",Light Crossbow,,FALSE,,,,,Cult of the Absolute,
Dairow Vin,,,Humanoid,Tiefling,,,Male,Medium,9.0m,12.0m,75.0kg,1,,,,FALSE,,,,Unnamed husband (deceased)Garrett (brother-in-law),Tiefling refugees,
Dalthar,,,Humanoid,Dwarf,Ranger,,Female,Medium,7.5m,24.0m,75.0kg,75,"Brace (Ranged),Ensnaring Strike (Ranged),Invisibility (Duergar),Main Hand Attack,Piercing Shot,Piercing Strike,Ranged Attack","Dagger,Heavy Crossbow",,FALSE,,,,,Cult of the Absolute,Novice of the Absolute
Damays,,,Humanoid,Tiefling,Ranger,,Male,Medium,9.0m,9.0m,75.0kg,15,"Main Hand Attack,Ranged Attack","Shortsword,Shortbow",,FALSE,,,,,Tiefling refugees,
Dame Guisarme,,,Humanoid,Dwarf,,,Female,Medium,7.5m,12.0m,75.0kg,250,"Lacerate,Main Hand Attack,Menacing Attack (Melee),Pommel Strike,Rush Attack,Trip Attack (Melee)",Longsword,,FALSE,,,,,,
Dammon,,,Humanoid,Tiefling,,,Male,Medium,9.0m,12.0m,60.0kg,1,,,,FALSE,,,,,Tiefling refugees,
Dandi Thistlepetal,,,Humanoid,Gnome,,,Male,Small,7.5m,12.0m,35.0kg,1,,,,FALSE,,,,,,
Danfora of the Kingfish,,,Humanoid,Drow,,,Female,Medium,9.0m,16.0m,75.0kg,1,,,,FALSE,,,,,,
Danis,,,Humanoid,Tiefling,,,Male,Medium,9.0m,12.0m,75.0kg,1,Unarmed Strike,,,FALSE,,,,Bex (wife),Tiefling refugees,
Danna,,,Humanoid,Dwarf,Wizard,,Female,Medium,7.5m,24.0m,75.0kg,75,"Burning Hands,Cleave,Grease,Invisibility (Duergar),Lacerate,Mage Armour,Magic Missile,Main Hand Attack,Rush Attack,Thunderwave",Halberd,,FALSE,,,,,Clan Flameshade,
Dannbo Indigo,,,Humanoid,Human,,,Male,Medium,9.0m,,25.0kg,,,,,FALSE,,,,Sammia Indigo (mother)Billigan Indigo (father),,
Danton,,,Humanoid,Tiefling,Druid,,Male,Medium,9.0m,,75.0kg,1,,,,FALSE,,,,,,
Danzo Arkwright,,,Humanoid,Dwarf,,,,Medium,7.5m,12.0m,75.0kg,1,,,,FALSE,,,,,,Postmaster
Fist Healer Darbonna,,,Humanoid,Human,Cleric,,Female,Medium,9.0m,,75.0kg,250,"Aid,Backbreaker,Calm Emotions,Command: Grovel,Concussive Smash,Crusader's Mantle,Main Hand Attack,Mass Cure Wounds,Sacred Flame,Weakening Strike",Warhammer,,FALSE,,,,,Flaming Fist,
Dark Breaker,,,Humanoid,Human,,,,Medium,10.0m,10.0m,75.0kg,10,"Chromatic Orb: Cold,Conjure Elemental: Water Elemental,Disarming Strike,Ice Knife,Main Hand Attack,Piercing Strike,Rush Attack,Thunderwave",Trident,,FALSE,,,,,Church of Umberlee,
Cook Darlie,,,Humanoid,Half-elf,,,Female,Medium,9.0m,12.0m,75.0kg,1,,,,FALSE,,,,,,
Darra,,,Humanoid,Goblin,,,Female,Small,9.0m,12.0m,35.0kg,110,"Flourish,Lacerate,Main Hand Attack,Throw Stone",Goblin Scimitar,,FALSE,,,,,Cult of the Absolute,
Harper Darragh,,,Humanoid,Dwarf,Fighter,,Male,Medium,7.5m,12.0m,75.0kg,90,"Concussive Smash,Main Hand Attack",Club,,FALSE,,,,,Harpers,
Dart Dirtwood,,,Humanoid,Dwarf,Ranger,,Male,Medium,7.5m,12.0m,75.0kg,250,Ranged Attack,Heavy Crossbow,,FALSE,,,,,,
Darvis,,,Humanoid,Dwarf,,,Male,Medium,7.5m,9.0m,75.0kg,1,,,,FALSE,,,,,,
Dashkent Moliver,,,Humanoid,Halfling,,,Male,Small,7.5m,,35.0kg,1,,,,FALSE,,,,,,Flophouse Custodian
Dave Hosmo,,,Humanoid,Human,,,Male,Medium,9.0m,,75.0kg,1,,,,FALSE,,,,,,
Dead Drow,,,Humanoid,Drow,,,Male,Medium,9.0m,12.0m,75.0kg,1,,,,FALSE,,,,,,
Dead Tiefling,,,Humanoid,Tiefling,,,Female,Medium,9.0m,12.0m,75.0kg,1,,,,FALSE,,,,,Tiefling refugees,
Dead Whitburn Servant,,,Humanoid,Human,,,Female,Medium,9.0m,,75.0kg,10,,,,FALSE,,,,,The Watch,
Fist Debin,,,Humanoid,Dwarf,Ranger,,Female,Medium,7.5m,12.0m,75.0kg,200,"Ensnaring Strike (Ranged),Volley",,,FALSE,,,,,Flaming Fist,
Deedle Ofran,,,Humanoid,Gnome,,,Female,Small,7.5m,12.0m,35.0kg,1,Dash,,,FALSE,,,,Bala Ofran (sister)Genshu Ofran (brother),Church of Gond,
Saer Deelia,,,Humanoid,Human,,,Female,Medium,9.0m,,75.0kg,1,,,,FALSE,,,,,,
Reaper of Bhaal Deera,,,Humanoid,Human,,,,Medium,9.0m,30.0m,75.0kg,250,"Main Hand Attack,Shroud Self",Murderous Cut,,FALSE,,,,,Cult of Bhaal,
Deeziks Tormo,,,Humanoid,Human,,,Female,Medium,9.0m,,75.0kg,8,,,,FALSE,,,,,,
Delcan,,,Humanoid,Human,,,,Medium,9.0m,,75.0kg,1,,,,FALSE,,,,,,
Night Blade Dellinjah Dax,,,Humanoid,Human,,,,Medium,9.0m,30.0m,75.0kg,320,"Brace (Ranged),Hamstring Shot,Ranged Attack,Main Hand Attack,Piercing Strike","Longbow,Dagger",,FALSE,,,,,Cult of Bhaal,
Dellys,,,Humanoid,Human,,,Male,Small,9.0m,,25.0kg,1,,,,FALSE,,,,,,
Delverdenn,,,Humanoid,Dwarf,Warlock,,Male,Medium,9.0m,12.0m,75.0kg,250,"Backbreaker,Blight,Concussive Smash,Eldritch Blast,Main Hand Attack,Misty Step,Weakening Strike",Warhammer,,FALSE,,,,,Society of Brilliance,Society of Brilliance
Lord Delwaer Jeth,,,Humanoid,Elf,,,Male,Medium,9.0m,12.0m,75.0kg,1,"Main Hand Attack,Piercing Strike,Weakening Strike",Rapier,,FALSE,,,,,,
Delyarna,,,Humanoid,Elf,,,Female,Medium,9.0m,12.0m,75.0kg,1,,,,FALSE,,,,,,
Demir,,,Humanoid,Human,,,Male,Medium,9.0m,,75.0kg,1,"Lacerate,Main Hand Attack",Cleaver,,FALSE,,,,Johl (brother)  Mayrina (sister),,
Derryth Bonecloak,,,Humanoid,Dwarf,,,Female,Medium,7.5m,12.0m,65.0kg,40,,,,FALSE,,,,Baelen Bonecloak (husband),,Trader
Death's Head of Bhaal Derysia,,,Humanoid,Human,,,Female,Medium,9.0m,30.0m,75.0kg,400,"Flourish,Lacerate,Main Hand Attack,Piercing Strike,Stunning Gaze",Murderous Cut,,FALSE,,,,,Cult of Bhaal,
Gauntlet Devella Fountainhead,,,Humanoid,Gnome,Paladin,Oath of Devotion,Female,Small,7.5m,12.0m,35.0kg,250,"Divine Smite,Main Hand Attack,Sacred Weapon,Silence",Longsword,,FALSE,,,,,Flaming Fist,Constable of the Flaming Fist
Devoured Eternal Debtor,,,Humanoid,Elf,,,Male,Medium,9.0m,12.0m,75.0kg,1,Forever Indebted,,,FALSE,,,,,House of Hope,
Sapper Dextor,,,Humanoid,Goblin,,,Male,Small,9.0m,12.0m,35.0kg,15,"Dash,Detonate",,,FALSE,,,,,Cult of the Absolute,
Dez Kanshaw,,,Humanoid,Gnome,,,Male,Small,7.5m,12.0m,35.0kg,1,,,,FALSE,,,,,,
Dharin Brislen,,,Humanoid,Human,,,Male,Medium,9.0m,,75.0kg,1,,,,FALSE,,,,Leepak Brislen (wife)Bunny (daughter)Blossom (daughter),,
Dholber Greene,,,Humanoid,Human,,,Male,Medium,9.0m,,75.0kg,1,,,,FALSE,,,,Dwindling (son)Wife (deceased),,
Reaper of Bhaal Dhoria,,,Humanoid,Human,,,Male,Medium,9.0m,30.0m,75.0kg,400,"Flourish,Lacerate,Main Hand Attack,Piercing Strike,Shroud Self",Murderous Cut,,FALSE,,,,,Cult of Bhaal,
Dhourn,,,Humanoid,Drow,Wizard,,Male,Medium,9.0m,16.0m,75.0kg,40,"Darkness,Mage Armour,Main Hand Attack,Misty Step,Piercing Strike,Scorching Ray,Sleep,Thunderwave",Dagger,,FALSE,,,,,,Initiate of the Living Library
Fist Diallo,,,Humanoid,Human,Fighter,,Female,Medium,9.0m,,75.0kg,200,"Main Hand Attack,Piercing Strike,Rush Attack,Trip Attack (Melee)","Spear,Javelin",,FALSE,,,,,Flaming Fist,
Dickon,,,Humanoid,Human,,,Male,Medium,9.0m,,75.0kg,1,,,,FALSE,,,,,,
Dilgar Sneese,,,Humanoid,Gnome,,,Female,Small,7.5m,12.0m,75.0kg,1,,,,FALSE,,,,,Church of Umberlee,
Dillard Portyr,,,Humanoid,Human,,,Male,Medium,9.0m,,75.0kg,1,,,,FALSE,,,,Liara Portyr (niece),,
Dim Phimberg,,,Humanoid,Human,,,Male,Medium,9.0m,,75.0kg,1,,,,FALSE,,,,,,
Dimples Backster,,,Humanoid,Gnome,Bard,,Male,Small,7.5m,12.0m,35.0kg,200,"Blindness,Dissonant Whispers,Main Hand Attack,Piercing Strike,Vicious Mockery",Dagger,,FALSE,,,,,The Guild,
Untaken Diomira Trellis,,,Humanoid,Human,,,Female,Medium,9.0m,,75.0kg,250,"Create Water,Ice Knife,Lacerate,Main Hand Attack",Sickle,,FALSE,,,,,Church of Umberlee,
Gauntlet Dion,,,Humanoid,Human,,,,Medium,9.0m,,75.0kg,40,Main Hand Attack,Shortsword,,FALSE,,,,,Flaming Fist,
Fist Discoria,,,Humanoid,Human,Fighter,,Female,Medium,9.0m,,75.0kg,250,"Main Hand Attack,Rush Attack,Trip Attack (Melee)",Spear,,FALSE,,,,,Flaming Fist,
Distressed Patient,,,Humanoid,Human,,,Male,Medium,9.0m,,75.0kg,1,,,,FALSE,,,,,,
Dizby,,,Humanoid,Elf,,,Male,Medium,10.5m,12.0m,75.0kg,1,,,,FALSE,,,,,,Quartermaster
Trader Djingo,,,Humanoid,Dwarf,,,Male,Medium,7.5m,12.0m,75.0kg,1,,,,FALSE,,,,,,
Night Blade Dogaletto,,,Humanoid,Human,,,Male,Medium,7.5m,30.0m,75.0kg,320,"Brace (Ranged),Piercing Shot,Ranged Attack",Heavy Crossbow,,FALSE,,,,,Cult of Bhaal,
Sharran Novice Dohna,,,Humanoid,Elf,Fighter,,Female,Medium,9.0m,24.0m,75.0kg,320,Main Hand Attack,Mace,,FALSE,,,,,Church of Shar,
Saer Dokksill,,,Humanoid,Half-elf,,,Female,Medium,9.0m,12.0m,75.0kg,1,,,,FALSE,,,,,,
Dolia,,,Humanoid,Human,,,Female,Small,9.0m,,25.0kg,1,,,,FALSE,,,,,,
Sharran Novice Dollay,,,Humanoid,Elf,Fighter,,Female,Medium,9.0m,24.0m,75.0kg,320,"Concussive Smash,Main Hand Attack",Mace,,FALSE,,,,,Church of Shar,
Dollivar Noot,,,Humanoid,Dwarf,,,Female,Medium,7.5m,12.0m,75.0kg,1,,,,FALSE,,,,,,
Dolor,,,Humanoid,Dwarf,Rogue,Assassin,Male,Medium,7.5m,12.0m,75.0kg,320,"Sneak Attack (Melee),Throw",,Karabasan's Gift,FALSE,,,,Ffion Goldgrind (Mother),Cult of Bhaal,
Dominica Arsetz,,,Humanoid,Human,Ranger,,Female,Medium,9.0m,,75.0kg,200,"Brace (Ranged),Cure Wounds,Hamstring Shot,Hunter's Mark,Ranged Attack",Longbow +1,,FALSE,,,,,The Gur,
Don't-Call-Me-Runt,,,Humanoid,Halfling,Ranger,,Male,Small,7.5m,,35.0kg,250,"Ensnaring Strike (Ranged),Main Hand Attack,Ranged Attack,Sneak Attack (Ranged)","Longbow,Dagger",,FALSE,,,,,The Guild,
Doni,,,Humanoid,Tiefling,,,Male,Small,9.0m,12.0m,25.0kg,1,,,,FALSE,,,,Rikka (guardian),Tiefling refugees,
Donna Blague,,,Humanoid,Gnome,,,Female,Small,7.5m,12.0m,35.0kg,1,,,,FALSE,,,,,,
Harper Donner,,,Humanoid,Tiefling,Wizard,,Male,Medium,9.0m,12.0m,75.0kg,90,"Burning Hands,Fire Bolt,Main Hand Attack,Melf's Acid Arrow,Piercing Strike,Scorching Ray",Dagger,,FALSE,,,,,Harpers,
Brother Donnick,,,Humanoid,Half-elf,,,Male,Medium,9.0m,12.0m,,200,,,,FALSE,,,,,Church of Ilmater,
Doober,,,Humanoid,Human,,,Male,Small,9.0m,,25.0kg,1,,,,FALSE,,,,,,
Doora Thumbfoot,,,Humanoid,Halfling,,,Female,Small,7.5m,,35.0kg,1,,,,FALSE,,,,Maryk Thumbfoot (husband),,
Warrior Dor'il,,,Humanoid,Githyanki,,,,Medium,9.0m,,75.0kg,250,"Main Hand Attack,Disarming Attack (Melee),Second Wind",Githyanki Greatsword,,FALSE,,,,,Crèche Y'llek,
Adept Dorikel,,,Humanoid,Drow,Cleric,,Male,Medium,9.0m,16.0m,75.0kg,140,"Command: Flee,Death Ward,Guardian of Faith,Guiding Bolt,Hunger of Hadar,Main Hand Attack,Sacred Flame,Topple",Quarterstaff,,FALSE,,,,,Cult of the Absolute,
Saer Drana Hoyte,,,Humanoid,Halfling,,,Female,Small,7.5m,,35.0kg,1,,,,FALSE,,,,,,
Drar,,,Humanoid,Dwarf,Ranger,,Female,Medium,7.5m,24.0m,75.0kg,75,"Brace (Ranged),Ensnaring Strike (Ranged),Piercing Shot,Ranged Attack",Heavy Crossbow,,FALSE,,,,,Cult of the Absolute,Novice of the Absolute
Drarra,,,Humanoid,Elf,,,Male,Medium,10.5m,12.0m,75.0kg,1,,,,FALSE,,,,,,
Dravo Flymm,,,Humanoid,Human,,,,Medium,9.0m,,75.0kg,1,,,,FALSE,,,,Enver Gortash (son)Sally Flymm (wife),,
Drenn,,,Humanoid,Goblin,,,Female,Small,9.0m,12.0m,35.0kg,110,"Hamstring Shot,Nimble Escape,Ranged Attack",Goblin Bow,,FALSE,,,,,Cult of the Absolute,
Fist Dresten,,,Humanoid,Human,Fighter,,Male,Medium,9.0m,,75.0kg,200,"Cleave,Lacerate,Main Hand Attack,Rush Attack,Sweeping Attack",Halberd,,FALSE,,,,,Flaming Fist,
Adventurer Drim,,,Humanoid,Human,,,Male,Medium,9.0m,,70.0kg,200,"Brace (Ranged),Hamstring Shot,Ranged Attack",Longbow +1,,FALSE,,,,,,
Oyster Boy Dringo,,,Humanoid,Gnome,,,,Small,9.0m,12.0m,35.0kg,1,,,,FALSE,,,,,,
Drongo Bixworth,,,Humanoid,Human,,,Male,Medium,9.0m,,75.0kg,1,,,,FALSE,,,,,,
Gondian Droo Falbo,,,Humanoid,Gnome,,,Male,Small,7.5m,12.0m,35.0kg,250,"Lightning Bolt,Misty Step,Shocking Grasp,Thunderwave",,,FALSE,,,,,Church of Gond,
Droona Shveitz,,,Humanoid,Dwarf,,,Female,Medium,7.5m,12.0m,75.0kg,1,,,,FALSE,,,,Agnes Shveitz (presumed wife),,
Druggag,,,Humanoid,Half-orc,,,Male,Medium,9.0m,18.0m,100.0kg,1,,,,FALSE,,,,,,
Warrior Druk,,,Humanoid,Goblin,Fighter,,Male,Small,9.0m,12.0m,35.0kg,20,"Flourish,Lacerate,Main Hand Attack,Menacing Attack (Melee),Throw Stone",Goblin Scimitar,,FALSE,,,,,Cult of the Absolute,
Drussuvissill,,,Humanoid,Halfling,,,Female,Small,7.5m,,35.0kg,1,,,,FALSE,,,,,,
Drybeldiyx,,,Humanoid,Dragonborn,,,Male,Medium,9.0m,,100.0kg,1,,,,FALSE,,,,,,
Dryfle Doon,,,Humanoid,Dwarf,,,Female,Medium,7.5m,12.0m,75.0kg,1,,,,FALSE,,,,,,
Dubos Clodds,,,Humanoid,Gnome,,,Male,Small,7.5m,12.0m,35.0kg,8,,,,FALSE,,,,,,
Duckie Verish,,,Humanoid,Human,Wizard,Evocation School,Female,Medium,9.0m,,75.0kg,140,"Bone Chill,Concussive Smash,Fireball,Incubate Death,Main Hand Attack,Misty Step,Tenacity,Weakening Strike,Shield",Myrkulite Scourge,,FALSE,,,,,Cult of Myrkul,Mistress of Souls
Fist Duddamoor,,,Humanoid,Human,Fighter,,,Medium,9.0m,,75.0kg,250,"Cleave,Lacerate,Main Hand Attack,Rush Attack,Sweeping Attack,Throw","Javelin,Halberd",,FALSE,,,,,Flaming Fist,
Duddy Dudderken,,,Humanoid,Human,,,Male,Small,9.0m,,25.0kg,1,,,,FALSE,,,,,,
Cashguard Dugg,,,Humanoid,Human,Paladin,,Male,Medium,9.0m,,75.0kg,250,"Backbreaker,Blinding Smite,Concussive Smash,Divine Smite,Lay on Hands: Greater Healing,Main Hand Attack,Mobile Shot,Piercing Shot,Ranged Attack,Tenacity","Hand Crossbow,Maul",,FALSE,,,,,The Counting House,
Dulbers Frint,,,Humanoid,Gnome,Wizard,,Male,Small,7.5m,24.0m,35.0kg,200,"Acid Splash,Fog Cloud,Lightning Bolt,Mage Armour,Main Hand Attack,Topple",Quarterstaff,,FALSE,,,,,Clan Ironhand,
Tracker Dullwill,,,Humanoid,Goblin,,,Male,Small,9.0m,12.0m,35.0kg,20,"Hamstring Shot,Ranged Attack",Goblin Bow,,FALSE,,,,,Cult of the Absolute,Novice of the Absolute
Mind Master Dunnol,,,Humanoid,Dwarf,Wizard,,Male,Medium,7.5m,24.0m,75.0kg,75,"Concussive Smash,Invisibility (Duergar),Main Hand Attack,Mind Mastery,Mind Spike,Reduce (Duergar)",Whipping Cane,,FALSE,,,,,Cult of the Absolute,Novice of the Absolute
Fist Healer Duranga,,,Humanoid,Dwarf,Cleric,,,Medium,7.5m,12.0m,75.0kg,10,"Aid,Backbreaker,Calm Emotions,Command: Grovel,Concussive Smash,Crusader's Mantle,Main Hand Attack,Mass Cure Wounds,Sacred Flame,Weakening Strike",Warhammer,,FALSE,,,,,Flaming Fist,
Dwindling,,,Humanoid,Human,,,Male,Small,9.0m,,25.0kg,1,,,,FALSE,,,,Dholber Greene (father),,
Dying Stone Lord Thug,,,Humanoid,Human,,,Male,Medium,9.0m,,75.0kg,200,,,,FALSE,,,,,,
Dyrovell,,,Humanoid,Human,,,,Small,9.0m,,25.0kg,1,,,,FALSE,,,,,,
Youth Dyrr'kas,,,Humanoid,Githyanki,,,Male,Medium,9.0m,,75.0kg,75,"Lacerate,Main Hand Attack,Pommel Strike,Rush Attack",Longsword,,FALSE,,,,,Crèche Y'llek,
Earno Diggums,,,Humanoid,Dwarf,,,Male,Medium,7.5m,12.0m,75.0kg,1,,,,FALSE,,,,,,
Earspoon,,,Humanoid,Dwarf,Rogue,,Female,Medium,7.5m,12.0m,75.0kg,200,"Main Hand Attack,Sneak Attack (Melee)",Dagger,,FALSE,,,,,Rivington Rats,
Fist Earthdigger,,,Humanoid,Human,Wizard,,Male,Medium,9.0m,,75.0kg,250,"Blight,Conjure Elemental: Fire Elemental,Counterspell,Fire Bolt,Main Hand Attack,Melf's Acid Arrow,See Invisibility,Topple",Quarterstaff,,FALSE,,,,,Flaming Fist,
Watchman Ebber,,,Humanoid,Elf,Fighter,,Male,Medium,9.0m,,75.0kg,400,"Main Hand Attack,Cleave,Pommel Strike,Rush Attack",Greatsword,,FALSE,,,,,The Watch,
Manip Edenosa,,,Humanoid,Gnome,Cleric,War Domain,Female,Small,7.5m,12.0m,35.0kg,250,"Aid,Backbreaker,Calm Emotions,Command: Grovel,Concussive Smash,Crusader's Mantle,Main Hand Attack,Mass Cure Wounds,Sacred Flame,Weakening Strike",Warhammer,,FALSE,,,,,Flaming Fist,
Edmundis Magarus,,,Humanoid,Halfling,,,Male,Small,7.5m,,35.0kg,1,,,,FALSE,,,,,Circus of the Last Days,
Edowin,,,Humanoid,Dwarf,Cleric,,Male,Medium,7.5m,,75.0kg,20,,,,FALSE,,,,Brynna (sister)Andrick (brother),Cult of the Absolute,True Soul of the Absolute
Cashguard Basher Edvidge,,,Humanoid,Human,Paladin,,Male,Medium,9.0m,,75.0kg,250,"Backbreaker,Blinding Smite,Concussive Smash,Divine Smite,Lay on Hands: Greater Healing,Main Hand Attack,Mobile Shot,Piercing Shot,Ranged Attack,Tenacity","Hand Crossbow,Maul",,FALSE,,,,,The Counting House,
Gauntlet Edwynna,,,Humanoid,Human,Cleric,War Domain,Female,Medium,9.0m,,75.0kg,250,"Aid,Backbreaker,Calm Emotions,Concussive Smash,Command: Grovel,Crusader's Mantle,Main Hand Attack,Mass Cure Wounds,Sacred Flame,Weakening Strike",Warhammer +2,,FALSE,,,,,Flaming Fist,Garrison of Wyrm's Crossing
Sharp-Eye Eef,,,Humanoid,Goblin,Ranger,,Male,Small,9.0m,12.0m,35.0kg,20,"Ensnaring Strike (Ranged),Hamstring Shot,Nimble Escape,Ranged Attack,Worg Companion",Goblin Bow,,FALSE,,,,,Cult of the Absolute,
Eefa Barlow,,,Humanoid,Human,,,Female,Medium,9.0m,,75.0kg,1,,,,FALSE,,,,,,
Efrin,,,Humanoid,Dwarf,,,Male,Medium,7.5m,12.0m,75.0kg,40,,,,FALSE,,,,Unnamed children,,
Reaper of Bhaal Eglantine,,,Humanoid,Human,,,,Medium,9.0m,30.0m,75.0kg,400,"Main Hand Attack,Shroud Self",Murderous Cut,,FALSE,,,,,Cult of Bhaal,
Eight,,,Humanoid,Goblin,,,Male,Small,9.0m,12.0m,10.0kg,1,,,,FALSE,,,,,Cult of the Absolute,
Fist Elda,,,Humanoid,Human,Fighter,,Female,Medium,9.0m,,75.0kg,250,"Cleave,Lacerate,Main Hand Attack,Rush Attack,Sweeping Attack,Throw","Javelin,Halberd",,FALSE,,,,,Flaming Fist,
Night Blade Elda,,,Humanoid,Human,,,Female,Medium,9.0m,30.0m,75.0kg,400,Main Hand Attack,Dagger,,FALSE,,,,,Cult of Bhaal,
Eldaernth,,,Humanoid,Elf,,,Male,Medium,10.5m,12.0m,75.0kg,1,,,,FALSE,,,,,,
Eldra Luthrinn,,,Humanoid,Dwarf,Barbarian,,Female,Medium,8.0m,,75.0kg,1,,,,FALSE,,,,,,
Saer Eleganza,,,Humanoid,Dwarf,,,Female,Medium,7.5m,12.0m,75.0kg,8,,,,FALSE,,,,,,
Elegis,,,Humanoid,Tiefling,Ranger,,Female,Medium,9.0m,12.0m,75.0kg,20,"Main Hand Attack,Ranged Attack","Longbow,Dagger",,FALSE,,,,,Tiefling refugees,
Sergeant Thrinn,,,Humanoid,Dwarf,Paladin,Eldritch Knight,Female,Medium,7.5m,24.0m,75.0kg,75,"Action Surge,Concussive Smash,Poison Spray,Pushing Attack (Melee),Throw,Thunderwave, Main Hand Attack","Javelin,Light Hammer",,FALSE,,,,,,Novice of the Absolute
Elias Fischer,,,Humanoid,Human,,,,Medium,9.0m,,75.0kg,1,,,,FALSE,,,,"Anita Fischer (wife)Lily Fischer (daughter, deceased)",,
Harper Elifer,,,Humanoid,Elf,Ranger,,Female,Medium,9.0m,12.0m,75.0kg,90,"Main Hand Attack,Cure Wounds,Ensnaring Strike,Piercing Shot,Piercing Strike,Ranged Attack","Light Crossbow,Dagger",,FALSE,,,,,Harpers,
Blaze Elin,,,Humanoid,Human,Wizard,,Female,Medium,9.0m,,75.0kg,250,"Blight,Conjure Elemental: Fire Elemental,Counterspell,Fire Bolt,Main Hand Attack,Melf's Acid Arrow,See Invisibility,Slow,Topple",Quarterstaff,,FALSE,,,,,Flaming Fist,Keeper of the Gate
Harper Elindale,,,Humanoid,Halfling,Wizard,,Male,Small,7.5m,,35.0kg,90,"Fire Bolt,Magic Missile,Main Hand Attack,Topple",Quarterstaff,,FALSE,,,,,Harpers,
Invoker of Bhaal Ellice,,,Humanoid,Human,Wizard,Conjuration School,,Medium,9.0m,30.0m,75.0kg,400,"Benign Transposition: Teleport,Murderous Cloud of Daggers,Ice Knife,Ray of Frost,Slow",,,FALSE,,,,,Cult of Bhaal,
Dead Fisher,,,Humanoid,Human,,,Female,Medium,1.0m,,75.0kg,1,,,,FALSE,,,,,,
Elliot,,,Humanoid,Half-orc,Rogue,,Male,Medium,9.0m,18.0m,100.0kg,320,"Brace (Ranged),Hamstring Shot,Ranged Attack,Main Hand Attack,Piercing Strike","Longbow,Dagger",,FALSE,,,,,The Guild,Guild Bursar Guard
Ellswort,,,Humanoid,Gnome,,,Male,Small,7.5m,12.0m,35.0kg,1,,,,FALSE,,,,,,
Ellyka,,,Humanoid,Tiefling,,,Female,Medium,9.0m,12.0m,75.0kg,40,,,,FALSE,,,,,,
Dark Breaker Elonia,,,Humanoid,Human,,,Female,Medium,9.0m,,75.0kg,320,"Chromatic Orb: Cold,Conjure Elemental: Water Elemental,Disarming Strike,Ice Knife,Main Hand Attack,Piercing Strike,Rush Attack,Thunderwave",Trident,,FALSE,,,,,Church of Umberlee,
Elsa,,,Humanoid,Human,,,Female,Small,9.0m,,25.0kg,1,,,,FALSE,,,,,,
Elthira Gossen,,,Humanoid,Human,Fighter,,Female,Medium,9.0m,,75.0kg,8,"Cleave,Lacerate,Main Hand Attack,Rush Attack,Sweeping Attack,Throw","Javelin,Halberd",,FALSE,,,,,Flaming Fist,
Elwyn,,,Humanoid,Human,Druid,,Female,Medium,9.0m,,75.0kg,20,"Cure Wounds,Main Hand Attack,Moonbeam,Poison Spray,Produce Flame,Wild Shape: Wolf",Quarterstaff,,FALSE,,,,,Circle of the Emerald Grove,
Elyna,,,Humanoid,Gnome,,,Female,Small,7.5m,12.0m,35.0kg,1,,,,FALSE,,,,,Circus of the Last Days,
Embry,,,Humanoid,Human,,,Male,Medium,9.0m,,75.0kg,1,,,,FALSE,,,,,,
Emen,,,Humanoid,Human,,,,Small,9.0m,,25.0kg,1,,,,FALSE,,,,,,
Emmeline Hallowleaf,,,Humanoid,Human,,,Female,Medium,9.0m,,75.0kg,1,,,,FALSE,,,,Arnell Hallowleaf (husband)Shadowheart (daughter),Selûnite,
Emmet,,,Humanoid,Human,,,Male,Medium,9.0m,,75.0kg,,,,,FALSE,,,,Gable (son),,
Death's Head of Bhaal Eni,,,Humanoid,Human,,,Male,Medium,9.0m,30.0m,75.0kg,400,"Flourish,Lacerate,Main Hand Attack,Piercing Strike,Stunning Gaze",Murderous Cut,,FALSE,,,,,Cult of Bhaal,
Entharl Danthelon,,,Humanoid,Dwarf,,,,Medium,7.5m,12.0m,75.0kg,200,,,,FALSE,,,,,Harpers,
Fist Eostre,,,Humanoid,Human,Wizard,,Female,Medium,9.0m,,75.0kg,250,"Blight,Conjure Elemental,Counterspell,Fire Bolt,Main Hand Attack,Melf's Acid Arrow,See Invisibility,Topple",Quarterstaff,,FALSE,,,,,Flaming Fist,
Fist Recruit Ephren,,,Humanoid,Human,Fighter,,Female,Medium,9.0m,,75.0kg,40,"Main Hand Attack,Rush Attack,Trip Attack (Melee)",Spear,,FALSE,,,,,Flaming Fist,
Fist Equidna,,,Humanoid,Human,Ranger,,Female,Medium,9.0m,,75.0kg,140,"Brace (Ranged),Ensnaring Strike (Ranged),Piercing Shot,Ranged Attack,Volley",Heavy Crossbow,,FALSE,,,,,Flaming Fist,
Eramas,,,Humanoid,Tiefling,,,Female,Medium,9.0m,12.0m,75.0kg,1,,,,FALSE,,,,,Tiefling refugees,
Ermlaut,,,Humanoid,Human,,,Male,Medium,9.0m,,75.0kg,1,,,,FALSE,,,,,,
Erna,,,Humanoid,Half-elf,Ranger,,Female,Medium,9.0m,12.0m,75.0kg,20,"Acid Splash,Hamstring Shot,Main Hand Attack,Piercing Strike,Ranged Attack","Longbow,Dagger",,FALSE,,,,,Zhentarim,
Erna (Act 2),,,Humanoid,Half-elf,Ranger,,Female,Medium,9.0m,12.0m,75.0kg,20,"Acid Splash,Hamstring Shot,Main Hand Attack,Piercing Strike,Ranged Attack","Longbow,Dagger",,FALSE,,,,,Zhentarim,
Fist Ernestus,,,Humanoid,Human,Fighter,,Male,Medium,9.0m,,75.0kg,250,"Cleave,Lacerate,Main Hand Attack,Rush Attack,Sweeping Attack",Halberd,,FALSE,,,,,Flaming Fist,
Errant Soul,,,Humanoid,Varies,,,,Medium,1.0m,1.0m,1.0kg,1,,,,FALSE,,,,,,
Cashguard Artillerist Erus,,,Humanoid,Human,,,,Medium,9.0m,,75.0kg,250,"Main Hand Attack,Ranged Attack","Rapier,Heavy Crossbow",,FALSE,,,,,,
Lady Eshvelt Guthmere,,,Humanoid,Human,,,Female,Medium,9.0m,,75.0kg,1,,,,FALSE,,,,⁠Guthmere,,
Harper Essius,,,Humanoid,Gnome,Fighter,,Male,Small,7.5m,12.0m,35.0kg,90,"Brace (Ranged),Flourish,Hamstring Shot,Main Hand Attack,Piercing Strike,Ranged Attack,Weakening Strike","Longbow,Rapier",,FALSE,,,,,Harpers,
Lady Esther,,,Humanoid,Human,Fighter,Battle Master,Female,Medium,9.0m,,75.0kg,75,"Disarming Attack (Melee),Feather Fall,Haste,Main Hand Attack,Menacing Attack (Melee)",,,FALSE,,,,,Society of Brilliance,
Estra Stir,,,Humanoid,Human,,,Female,Medium,9.0m,,75.0kg,1,,,,FALSE,,,,,,
Eugenie Kenridge,,,Humanoid,Human,,,Female,Medium,9.0m,,75.0kg,1,,,,FALSE,,,,,,
Exxvikyap,,,Humanoid,Dragonborn,,,Female,Medium,9.0m,,100.0kg,200,Fire Breath (Line),,,FALSE,,,,,,
Doctor Fairwise,,,Humanoid,Half-elf,,,Male,Medium,9.0m,12.0m,75.0kg,1,,,,FALSE,,,,,Church of Umberlee,
Falael,,,Humanoid,Half-elf,,,Female,Medium,9.0m,12.0m,75.0kg,1,,,,FALSE,,,,,,
Manip Falcäo,,,Humanoid,Human,Fighter,Battle Master,Male,Medium,9.0m,,75.0kg,200,"Cleave,Lacerate,Main Hand Attack,Piercing Strike,Rush Attack,Trip Attack (Melee)","Javelin,Halberd",,FALSE,,,,,Flaming Fist,The Great Guard's Steward
Zealot Falla,,,Humanoid,Human,Paladin,,Female,Medium,9.0m,,75.0kg,140,"Branding Smite,Cleave,Hamstring Shot,Lacerate,Lay on Hands: Greater Healing,Lay on Hands: Lesser Healing,Main Hand Attack,Ranged Attack,Rush Attack,Throw,Thunderous Smite,Abjure Enemy","Shortbow,Halberd",Caustic Bulb,FALSE,,,,,Cult of the Absolute,
Falmor Duguir,,,Humanoid,Human,,,Male,Medium,9.0m,,75.0kg,1,,,,FALSE,,,,,,
Waiter Falten,,,Humanoid,Human,,,,Medium,9.0m,,75.0kg,1,,,,FALSE,,,,,,
Falura the Sous-Chef,,,Humanoid,Halfling,,,Female,Small,7.5m,,35.0kg,1,,,,FALSE,,,,,,
Cashguard Artillerist Faona,,,Humanoid,Human,,,Female,Medium,9.0m,,75.0kg,250,"Main Hand Attack,Ranged Attack","Rapier,Heavy Crossbow",,FALSE,,,,,,
Gish Far'aag,,,Humanoid,Githyanki,Fighter,Eldritch Knight,Female,Medium,9.0m,,75.0kg,75,"Bestow Curse: Attack Disadvantage,Blindness,Burning Hands,Hold Person,Lacerate,Main Hand Attack,Misty Step,Pommel Strike,Ray of Frost,Rush Attack,Shocking Grasp",Githyanki Longsword,,FALSE,,,,,Crèche Y'llek,
Cashguard Captain Faril,,,Humanoid,Human,,,Female,Medium,9.0m,,75.0kg,320,"Backbreaker,Blinding Smite,Compelled Duel,Concussive Smash,Lay on Hands: Greater Healing,Main Hand Attack,Mobile Shot,Piercing Shot,Ranged Attack,Tenacity","Maul +1,Hand Crossbow +1",,FALSE,,,,,The Counting House,
Pilgrim Farimorn,,,Humanoid,Half-elf,Cleric,,Male,Medium,9.0m,12.0m,75.0kg,1,,,,FALSE,,,,,Cult of the Absolute,
Farlin,,,Humanoid,Gnome,Rogue,,Female,Small,7.5m,12.0m,35.0kg,110,"Cunning Action: Dash,Invisibility,Main Hand Attack,Off-Hand Attack (Melee),Piercing Strike,Sneak Attack (Melee)","Dagger,Gleamdance Dagger",,FALSE,,,,,The Guild,Envoy of Nine-Fingers
Featherweight Falson,,,Humanoid,Gnome,,,Male,Small,7.5m,12.0m,35.0kg,1,Dash,,,FALSE,,,,Clore Falson (daughter),Church of Gond,
Felgi Diggums,,,Humanoid,Dwarf,,,Male,Medium,7.5m,12.0m,75.0kg,1,,,,FALSE,,,,,,
Fentamia Viney,,,Humanoid,Elf,,,Female,Medium,9.0m,12.0m,75.0kg,1,,,,FALSE,,,,,,
Death's Head of Bhaal Feona,,,Humanoid,Human,,,Male,Medium,9.0m,30.0m,75.0kg,250,"Flourish,Lacerate,Main Hand Attack,Piercing Strike,Stunning Gaze",Murderous Cut,,FALSE,,,,,Cult of Bhaal,
Ferg Drogher,,,Humanoid,Human,,,Male,Medium,9.0m,,75.0kg,1,"Disarming Attack (Melee),Flourish,Menacing Attack (Melee),Main Hand Attack,Piercing Strike",Shortsword,,FALSE,,,,,Church of Shar,Peddler of Mementos
Fist Fernhollow,,,Humanoid,Halfling,Fighter,,Female,Small,7.5m,,35.0kg,200,"Lacerate,Main Hand Attack,Pommel Strike,Rush Attack",Longsword,,FALSE,,,,,Flaming Fist,
Fevrokis,,,Humanoid,Tiefling,,,Male,Small,9.0m,12.0m,25.0kg,1,,,,FALSE,,,,"Skulla (mother, deceased)Vezrol (father, deceased)",,
Tracker Fezk,,,Humanoid,Goblin,,,Female,Small,9.0m,12.0m,35.0kg,20,"Hamstring Shot,Nimble Escape,Ranged Attack",Goblin Bow,,FALSE,,,,,Cult of the Absolute,
Ffion Goldgrind,,,Humanoid,Dwarf,,,Female,Medium,7.5m,12.0m,75.0kg,200,,,,FALSE,,,,Dolor (Son),,
Figaro 'Facemaker' Pennygood,,,Humanoid,Dwarf,,,Male,Medium,7.5m,12.0m,75.0kg,1,,,,FALSE,,,,Carmen Pennygood (sister)Julio Facemaker (deceased father),,
Gardener Fillip,,,Humanoid,Halfling,,,Male,Small,7.5m,,35.0kg,1,,,,FALSE,,,,,,
Filro the Forgotten,,,Humanoid,Drow,Wizard,,Male,Medium,9.0m,16.0m,75.0kg,75,"Feather Fall,Fire Bolt,Hypnotic Pattern,Mirror Image,Misty Step,Shield,Sleep,Tasha's Hideous Laughter,Thunderwave",,,FALSE,,,,,Lolthite,
Filson Vago,,,Humanoid,Human,,,Male,Medium,9.0m,,75.0kg,1,,,,FALSE,,,,,,
Findal,,,Humanoid,Halfling,Druid,,Male,Small,7.5m,,1.0kg,15,"Cure Wounds,Entangle,Poison Spray,Thunderwave",,,FALSE,,,,,Circle of the Emerald Grove,
Lady Jannath,,,Humanoid,Human,,,Female,Medium,9.0m,,75.0kg,1,,,,FALSE,,,,Oskar Fevras (husband),,
Fishbait Arno,,,Humanoid,Gnome,Rogue,,Male,Small,7.5m,12.0m,75.0kg,320,"Cunning Action: Dash,Flourish,Main Hand Attack,Piercing Strike,Sneak Attack (Melee),Weakening Strike",Rapier +1,,FALSE,,,,,,Zhentarim
Fist Attacker,,,Humanoid,Gold Dwarf or Human,Fighter,,,Medium,9.0m,12.0m,75.0kg,140,"Rush Attack,Lacerate,Cleave, Main Hand Attack",Halberd,,FALSE,,,,,Flaming Fist,
Fist Defender,,,Humanoid,Dwarf,Fighter,,,Medium,7.5m,12.0m,75.0kg,140,"Main Hand Attack,Rush Attack,Throw","Spear,Javelin",,FALSE,,,,,Flaming Fist,
Untaken Fitzy Relma,,,Humanoid,Human,,,Female,Medium,9.0m,,75.0kg,250,"Create Water,Ice Knife,Lacerate,Main Hand Attack",Sickle,,FALSE,,,,,Church of Umberlee,
Five,,,Humanoid,Goblin,,,,Small,9.0m,12.0m,10.0kg,1,,,,FALSE,,,,,Cult of the Absolute,
Flaerian,,,Humanoid,Human,,,Male,Medium,9.0m,,75.0kg,1,,,,FALSE,,,,,,
Flaerith,,,Humanoid,Half-elf,,,Female,Medium,9.0m,9.0m,35.0kg,1,,,,FALSE,,,,,,
Flaheerta,,,Humanoid,Half-elf,,,Female,Medium,9.0m,12.0m,75.0kg,1,,,,FALSE,,,,,,
Flaming Fist Guisarmier,,,Humanoid,Human or Gnome or Dwarf,Fighter,,,Medium,9.0m,8.0m,75.0kg,8,Sweeping Attack,,,FALSE,,,,,Flaming Fist,
Flaming Fist Cleric,,,Humanoid,Human or Gnome or Dwarf,Cleric,Light Domain,,Medium,9.0m,10.0m,75.0kg,10,"Aid,Calm Emotions,Command: Grovel,Crusader's Mantle,Mass Cure Wounds,Sacred Flame",,,FALSE,,,,,Flaming Fist,
Flaming Fist Protector,,,Humanoid,Human or Dwarf,Fighter,Battle Master,,Medium,7.5m,8.0m,75.0kg,8,Trip Attack (Melee),,,FALSE,,,,,Flaming Fist,
Seawind Flan Hawser,,,Humanoid,Human,,,Female,Medium,9.0m,,75.0kg,250,"Brace (Ranged),Entangle,Ice Knife,Main Hand Attack,Piercing Strike,Piercing Shot,Ranged Attack,Ray of Frost","Heavy Crossbow +1,Dagger",,FALSE,,,,,Church of Umberlee,
Night Blade Flange,,,Humanoid,Human,,,,Medium,9.0m,30.0m,75.0kg,400,Main Hand Attack,Dagger,,FALSE,,,,,Cult of Bhaal,
Flant Borlley,,,Humanoid,Human,,,Male,Medium,9.0m,,75.0kg,1,,,,FALSE,,,,,,
Fleer,,,Humanoid,Human,,,Female,Medium,9.0m,,75.0kg,1,,,,FALSE,,,,Gowlan (brother),,
Saer Fleiner,,,Humanoid,Dwarf,,,Female,Medium,7.5m,12.0m,35.0kg,1,,,,FALSE,,,,,,
Flimsy,,,Humanoid,Rock gnome,,,Male,Small,7.5m,12.0m,35.0kg,1,,,,FALSE,,,,,,
Flo Hurlburl,,,Humanoid,Dwarf,,,Female,Medium,7.5m,12.0m,75.0kg,1,,,,FALSE,,,,,,
Flo Minsydel,,,Humanoid,Human,,,Female,Medium,9.0m,,75.0kg,1,,,,FALSE,,,,,,
Reaper of Bhaal Flo-Flo,,,Humanoid,Human,,,,Medium,9.0m,30.0m,75.0kg,400,"Ranged Attack,Main Hand Attack,Shroud Self","Heavy Crossbow,Murderous Cut",,FALSE,,,,,Cult of Bhaal,
Florean Bixworth,,,Humanoid,Human,,,Male,Medium,9.0m,,75.0kg,1,,,,FALSE,,,,,,
Floridor,,,Humanoid,Gnome,,,Female,Small,7.5m,12.0m,35.0kg,1,,,,FALSE,,,,,,
Counsellor Florrick,,,Humanoid,Elf,Wizard,,Female,Medium,9.0m,12.0m,75.0kg,150,"Hypnotic Pattern,Mage Armour,Magic Missile,Main Hand Attack,Misty Step,Ray of Frost,Topple,Cone of Cold,Fire Shield,Otto's Irresistible Dance",Quarterstaff,,FALSE,,,,,Flaming Fist,Advisor to the Archduke
Counsellor Florrick (Act 3),,,Humanoid,Elf,Wizard,,Female,Medium,9.0m,12.0m,75.0kg,150,"Hypnotic Pattern,Mage Armour,Magic Missile,Main Hand Attack,Misty Step,Ray of Frost,Topple,Cone of Cold,Fire Shield,Otto's Irresistible Dance",Quarterstaff,,FALSE,,,,,Flaming Fist,
Lady Flytebon,,,Humanoid,Dwarf,,,Female,Medium,7.5m,12.0m,75.0kg,1,,,,FALSE,,,,,,
Captain Foharell,,,Humanoid,Dwarf,,,Male,Medium,7.5m,12.0m,75.0kg,1,"Enlarge (Duergar),Main Hand Attack,Maiming Strike,Menacing Attack (Melee),Mind Spike,Piercing Strike,Weakening Strike",War Pick,,FALSE,,,,,Church of Umberlee,
Follgast,,,Humanoid,High Elf,,,Male,Medium,9.0m,16.0m,75.0kg,320,Ranged Attack,Longbow,,FALSE,,,,,,Zhentarim
Mind Master Fonmara,,,Humanoid,Dwarf,Wizard,,Female,Medium,7.5m,24.0m,75.0kg,75,"Invisibility (Duergar),Main Hand Attack,Mind Mastery,Mind Spike,Piercing Strike,Reduce (Duergar)",Dagger,,FALSE,,,,,Cult of the Absolute,Novice of the Absolute
Gish For'reth,,,Humanoid,Githyanki,Fighter,Eldritch Knight,Male,Medium,9.0m,,75.0kg,75,"Blindness,Burning Hands,Hold Person,Lacerate,Main Hand Attack,Misty Step,Pommel Strike,Ray of Frost,Rush Attack,Shocking Grasp",Githyanki Longsword (+1),,FALSE,,,,,,
Cashguard Basher Forstum,,,Humanoid,Human,Paladin,,,Medium,9.0m,,75.0kg,250,"Main Hand Attack,Ranged Attack,Lay on Hands: Greater Healing,Blinding Smite,Divine Smite","Hand Crossbow,Maul",,FALSE,,,,,,
Fortuno Dibbs,,,Humanoid,Human,,,,Medium,9.0m,,75.0kg,1,,,,FALSE,,,,Grisselda Dibbs (wife)Biscotti (dog),,
Four,,,Humanoid,Goblin,,,,Small,9.0m,12.0m,10.0kg,1,,,,FALSE,,,,,Cult of the Absolute,
Franc Peartree,,,Humanoid,Human,,,Male,Medium,9.0m,,75.0kg,1,,,,FALSE,,,,,,
Sister Franchot,,,Humanoid,Human,,,Female,Medium,9.0m,,75.0kg,1,,,,FALSE,,,,,,
Abducted Nobleman,,,Humanoid,Human,,,Male,Medium,9.0m,,75.0kg,1,,,,FALSE,,,,,,
Harper Freddo,,,Humanoid,Halfling,Druid,,Male,Small,7.5m,,35.0kg,400,"Conjure Woodland Being,Faerie Fire,Lesser Restoration,Main Hand Attack,Mass Healing Word,Thorn Whip",Quarterstaff,,FALSE,,,,,Harpers,
Sentry Fredrichk,,,Humanoid,Halfling,Fighter,,Male,Small,7.5m,24.0m,35.0kg,320,"Beckoning Darkness,Bone Chill,Darkness,Shadow Step",,,FALSE,,,,,Church of Shar,
Freida Oberon,,,Humanoid,Human,,,,Medium,9.0m,,75.0kg,1,,,,FALSE,,,,⁠Oberon (family),,Lady of Baldur's Gate
Gondian Frell Olsin,,,Humanoid,Human,,,Male,Medium,9.0m,,70.0kg,250,"Acid Splash,Grease,Melf's Acid Arrow,Misty Step",,,FALSE,,,,Ceres Olsin (wife),Church of Gond,
Saer Frenello,,,Humanoid,Half-elf,,,Male,Medium,9.0m,12.0m,75.0kg,1,,,,FALSE,,,,,,
Boss Friol,,,Humanoid,Gnome,Rogue,,Female,Small,7.5m,12.0m,35.0kg,320,"Cunning Action: Dash,Sneak Attack (Ranged)",Longbow +1,,FALSE,,,,,Zhentarim,Zhentarim Leader
Fist of Bane Frode,,,Humanoid,Human,,,,Medium,9.0m,,75.0kg,320,"Main Hand Attack,Ranged Attack,Menacing Attack (Melee)","Hand Crossbow,Mace +1",,FALSE,,,,,Cult of Bane,
Frothilda,,,Humanoid,Elf,,,Female,Medium,9.0m,12.0m,75.0kg,1,,,,FALSE,,,,,,
Saer Frunilla,,,Humanoid,Human,,,Female,Medium,9.0m,,75.0kg,1,,,,FALSE,,,,,,
Watchman Fry,,,Humanoid,Elf,Fighter,,Male,Medium,9.0m,,75.0kg,400,"Main Hand Attack,Cleave,Pommel Strike,Rush Attack",Greatsword,,FALSE,,,,,The Watch,
Fuffi Fuffers,,,Humanoid,Gnome,Ranger,,Female,Small,7.5m,24.0m,35.0kg,2,"Brace (Ranged),Hunter's Mark,Main Hand Attack,Ranged Attack,Piercing Shot,Piercing Strike","Dagger,Heavy Crossbow",,FALSE,,,,,Clan Ironhand,
Ironshield Fulguro,,,Humanoid,Gnome,Ranger,,Male,Small,7.5m,24.0m,35.0kg,250,"Brace (Ranged),Ranged Attack,Piercing Shot",Heavy Crossbow,,FALSE,,,,,Clan Ironhand,
Funglesby,,,Humanoid,Dwarf,Ranger,Beast Master,Female,Medium,7.5m,12.0m,75.0kg,140,"Hail of Thorns,Hunter's Mark,Piercing Shot,Poison Spray,Protection from Poison,Ranged Attack,Wolf Companion",Light Crossbow,,FALSE,,,,,Stone Lord,
Furbleston,,,Humanoid,Halfling,,,Male,Small,7.5m,,35.0kg,1,,,,FALSE,,,,,,
Adept Furek,,,Humanoid,Drow,Cleric,,Male,Medium,9.0m,16.0m,75.0kg,140,"Command: Flee,Death Ward,Guardian of Faith,Guiding Bolt,Hunger of Hadar,Main Hand Attack,Sacred Flame,Topple",Quarterstaff,,FALSE,,,,,Cult of the Absolute,
Fuschia Vineshoot,,,Humanoid,Half-elf,,,Male,Medium,9.0m,12.0m,75.0kg,1,,,,FALSE,,,,Rodondo Logg (partner),,
Death's Head of Bhaal Fustian,,,Humanoid,Human,,,Female,Medium,9.0m,30.0m,75.0kg,400,"Flourish,Lacerate,Main Hand Attack,Piercing Strike,Stunning Gaze",Murderous Cut,,FALSE,,,,,Cult of Bhaal,
Fyl Baragezian,,,Humanoid,Human,,,Male,Medium,9.0m,,75.0kg,1,,,,FALSE,,,,Nonah Baragezian (wife)Charl Baragezian (son),,
Fyodor,,,Humanoid,Bugbear,,,,Medium,9.0m,12.0m,110.0kg,200,"Main Hand Attack,Throw","Javelin,Scimitar",,FALSE,,,,,Circus of the Last Days,
Fyrd Nuugh,,,Humanoid,Half-orc,,,Male,Medium,9.0m,,75.0kg,1,,,,FALSE,,,,,,
Fytz the Firecracker,,,Humanoid,Dwarf,,,Female,Medium,7.5m,12.0m,75.0kg,1,,,,FALSE,,,,,,
High Gish'ra G'imre,,,Humanoid,Githyanki,Monk,Way of the Open Hand,Male,Medium,13.5m,,75.0kg,200,"Flurry of Blows: Topple,Step of the Wind: Dash,Unarmed Strike (Monk)",,,FALSE,,,,,Warriors of the Comet,
Ardent G'nuril,,,Humanoid,Githyanki,,,Female,Medium,9.0m,,75.0kg,75,"Flourish,Main Hand Attack,Misty Step,Piercing Strike,Psychic Rend",Githyanki Shortsword,,FALSE,,,,,Crèche Y'llek,
Raider G'r'ath,,,Humanoid,Githyanki,,,Female,Medium,9.0m,,75.0kg,75,"Brace (Ranged),Misty Step,Piercing Shot,Ranged Attack,Rally,Trip Attack (Ranged)",Githyanki Crossbow,,FALSE,,,,,Crèche Y'llek,
Gable,,,Humanoid,Human,,,Male,Small,9.0m,,25.0kg,,,,,FALSE,,,,Emmet (father),,
Gaff Garsem,,,Humanoid,Human,,,Male,Medium,9.0m,,75.0kg,1,,,,FALSE,,,,,,
Gaheid Slickjaw,,,Humanoid,Dragonborn,,,Male,Medium,9.0m,,100.0kg,1,,,,FALSE,,,,Hunkers Boolean (husband),,
Fist Gai,,,Humanoid,Human,Ranger,,Male,Medium,9.0m,,75.0kg,200,"Brace (Ranged),Ensnaring Strike (Ranged),Piercing Shot,Ranged Attack,Volley",Heavy Crossbow,,FALSE,,,,,Flaming Fist,
Sapper Gald,,,Humanoid,Goblin,,,,Small,9.0m,12.0m,35.0kg,15,"Dash,Detonate",,,FALSE,,,,,Cult of the Absolute,
Gale,,,Humanoid,Human,Wizard,Evocation School,Male,Medium,9.0m,,75.0kg,1,,,,FALSE,,,,Morena Dekarios (mother)Unnamed fatherTara,,The Wizard of Waterdeep
Galem Meats,,,Humanoid,Half-orc,,,Male,Medium,9.0m,18.0m,100.0kg,250,"Cleave,Lacerate,Main Hand Attack,Prepare",Greataxe,,FALSE,,,,,The Guild,
Cashguard Galleass,,,Humanoid,Human,,,Female,Medium,9.0m,,75.0kg,250,"Main Hand Attack,Ranged Attack","Rapier,Heavy Crossbow",,FALSE,,,,,,
Gan,,,Humanoid,Tiefling,,,Male,Small,9.0m,12.0m,25.0kg,1,,,,FALSE,,,,,Tiefling refugees,
Gandrel,,,Humanoid,Human,Ranger,Beast Master,Male,Medium,9.0m,,75.0kg,75,"Boar Companion,Brace (Ranged),Hail of Thorns,Hunter's Mark,Main Hand Attack,Piercing Shot,Piercing Strike,Misty Step,Ranged Attack,Sacred Munitions","Dagger,Gandrel's Aspiration",,FALSE,,,,Chessa (daughter)Kass (daughter),Gur,
Bosun Gannet,,,Humanoid,Human,,,Male,Medium,9.0m,,75.0kg,1,,,,FALSE,,,,,,
Garias,,,Humanoid,Human,Rogue,,Male,Medium,9.0m,,75.0kg,40,"Hamstring Shot,Ranged Attack,Sneak Attack (Ranged)",Shortbow,,FALSE,,,,Brem (older sibling),Zhentarim,
Night Blade Garithon,,,Humanoid,Human,,,,Medium,9.0m,30.0m,75.0kg,400,Ranged Attack,Longbow,,FALSE,,,,,Cult of Bhaal,
Iron Consul Garmin,,,Humanoid,Human,,,,Medium,9.0m,,75.0kg,320,"Main Hand Attack,Voice of Command",Spear +1,,FALSE,,,,,Cult of Bane,
Garmor,,,Humanoid,Dwarf,Barbarian,Wildheart,Male,Medium,7.5m,24.0m,75.0kg,40,"Enlarge (Duergar),Cleave,Lacerate,Main Hand Attack,Prepare,Rage: Bear Heart,Reckless Attack,Throw,Unrelenting Ferocity","Javelin,Greataxe",,FALSE,,,,,Cult of the Absolute,
Garrett,,,Humanoid,Human,,,Male,Medium,9.0m,,75.0kg,1,,,,FALSE,,,,Dairow Vin (brother-in-law),,
Garri Orne,,,Humanoid,Elf,,,Male,Medium,10.5m,12.0m,75.0kg,1,,,,FALSE,,,,,,
Sharran Novice Garrigan,,,Humanoid,Gnome,Fighter,,Male,Small,7.5m,24.0m,35.0kg,320,Main Hand Attack,Mace,,FALSE,,,,,Church of Shar,
Garron Flintsplitter,,,Humanoid,Dwarf,,,Male,Medium,7.5m,12.0m,75.0kg,1,,,,FALSE,,,,Kristeen Hazel (wife)Ramona Flintsplitter (mother)Gizelle Flintsplitter (sister),,
Fist of Bane Gasper Throaks,,,Humanoid,Human,,,Male,Medium,9.0m,,100.0kg,250,"Main Hand Attack,Ranged Attack,Menacing Attack (Melee)","Hand Crossbow,Mace +1",,FALSE,,,,Blarson Throaks (father)Clovia Throaks (mother),Cult of Bane,
Gekh Coal,,,Humanoid,Dwarf,Wizard,Necromancy School,Male,Medium,7.5m,24.0m,75.0kg,110,"Animate Dead (Duergar),Blindness,Cleave,Counterspell,Enlarge (Duergar),Invisibility (Duergar),Lacerate,Main Hand Attack,Prepare,Ray of Sickness",Exterminator's Axe,,TRUE,,,,,Cult of the Absolute,Duergar Slave-Hunter
Gondian Genshu Ofran,,,Humanoid,Gnome,,,Male,Small,7.5m,12.0m,35.0kg,320,"Acid Splash,Concussive Smash,Grease,Main Hand Attack,Melf's Acid Arrow,Misty Step",Light Hammer,,FALSE,,,,Bala Ofran (sister)Deedle Ofran (sister),Church of Gond,
Harper Geraldus,,,Humanoid,Half-elf,Ranger,,Male,Medium,9.0m,12.0m,75.0kg,200,"Hamstring Shot,Hunter's Mark,Main Hand Attack,Piercing Strike,Ranged Attack","Longbow,Dagger",,FALSE,,,,,Harpers,
Stonemason Gergerann,,,Humanoid,Dwarf,Rogue,,Male,Medium,7.5m,24.0m,75.0kg,75,"Invisibility (Duergar),Main Hand Attack,Piercing Strike,Sneak Attack (Melee),Throw Stone",Dagger,,FALSE,,,,,Clan Flameshade,
Gerson the Bent,,,Humanoid,Tiefling,,,Male,Medium,9.0m,12.0m,75.0kg,1,,,,FALSE,,,,,Tiefling refugees,
Gethin,,,Humanoid,Human,,,Male,Medium,9.0m,,75.0kg,,,,,FALSE,,,,,,
Gha'an,,,Humanoid,Githyanki,,,,Small,9.0m,,25.0kg,1,,,,FALSE,,,,,Crèche Y'llek,
Fist Ghainemeir,,,Humanoid,Human,Fighter,,Male,Medium,9.0m,,75.0kg,200,"Lacerate,Main Hand Attack,Pommel Strike,Rush Attack,Trip Attack (Melee)",Longsword,,FALSE,,,,,Flaming Fist,
Gherva Minedale,,,Humanoid,Dwarf,,,Female,Medium,7.5m,12.0m,75.0kg,1,,,,FALSE,,,,Stug Minedale (brother),,
High Gish'ra Ghik'lir,,,Humanoid,Githyanki,Monk,Way of the Open Hand,Male,Medium,13.5m,,75.0kg,200,"Flurry of Blows: Topple,Step of the Wind: Dash,Unarmed Strike (Monk)",,,FALSE,,,,,Warriors of the Comet,
Adept Ghulen,,,Humanoid,Halfling,Cleric,,Male,Small,7.5m,,35.0kg,140,"Command: Flee,Death Ward,Guardian of Faith,Guiding Bolt,Hunger of Hadar,Main Hand Attack,Sacred Flame,Topple",Quarterstaff,,FALSE,,,,,Cult of the Absolute,
Veteran Gish Ghush'ins,,,Humanoid,Githyanki,Fighter,Eldritch Knight,Female,Medium,9.0m,,75.0kg,250,"Main Hand Attack,Burning Hands,Hold Person,Shocking Grasp,Misty Step",Githyanki Longsword (+1),,FALSE,,,,,Githyanki (Faction),
Giftu Hudd,,,Humanoid,Dwarf,,,Male,Medium,7.5m,12.0m,75.0kg,1,,,,FALSE,,,,,,
Gimblebock,,,Humanoid,Gnome,Fighter,,Male,Small,7.5m,12.0m,35.0kg,25,"Lacerate,Main Hand Attack,Pommel Strike,Rush Attack,Second Wind",Longsword,,FALSE,,,,,Overgrown Ruin Looters,
Gipkins Jared,,,Humanoid,Gnome,Fighter,,Female,Small,7.5m,24.0m,35.0kg,5,"Cleave,Disarming Attack (Melee),Lacerate,Main Hand Attack,Pommel Strike,Trip Attack (Melee)",Greatsword,,FALSE,,,,,Clan Ironhand,
Dark Breaker Gira,,,Humanoid,Human,,,Female,Medium,9.0m,,75.0kg,320,"Chromatic Orb: Cold,Conjure Elemental: Water Elemental,Disarming Strike,Ice Knife,Main Hand Attack,Piercing Strike,Rush Attack,Thunderwave",Trident,,FALSE,,,,,Church of Umberlee,
Gish,,,Humanoid,Githyanki,,,,Medium,9.0m,5.0m,75.0kg,5,"Bestow Curse,Blindness,Burning Hands,Hold Person,Misty Step,Ray of Frost,Shocking Grasp",,,FALSE,,,,,,
Zephyr/Ember Gish'ra,,,Humanoid,Githyanki,,,,Medium,9.0m,9.0m,75.0kg,9,"Flurry of Blows,Step of the Wind: Dash,Unarmed Strike (Monk),Embrace of the Inferno,Flames of the Phoenix,Fist of Unbroken Air",,,FALSE,,,,,,
Gish'ra,,,Humanoid,Githyanki,,,,Medium,9.0m,9.0m,75.0kg,9,"Flurry of Blows: Topple,Step of the Wind: Dash,Unarmed Strike (Monk)",,,FALSE,,,,,,
Gizelle Flintsplitter,,,Humanoid,Dwarf,,,Female,Medium,7.5m,12.0m,75.0kg,1,,,,FALSE,,,,"Ramona Flintsplitter (mother), Garron Flintsplitter (brother), Kristeen Hazel (sister-in-law)",,
Gleeful Clong,,,Humanoid,Human,Barbarian,,Male,Medium,9.0m,,70.0kg,200,"Backbreaker,Brace (Ranged),Concussive Smash,Cunning Action: Disengage,Hail of Thorns,Hamstring Shot,Main Hand Attack,Ranged Attack,Sneak Attack (Ranged),Tenacity","Longbow,Maul",,FALSE,,,,,The Guild,
Fist Glenvora,,,Humanoid,Human,Ranger,,Female,Medium,9.0m,,75.0kg,140,"Brace (Ranged),Ensnaring Strike (Ranged),Piercing Shot,Ranged Attack,Volley",Heavy Crossbow,,FALSE,,,,,Flaming Fist,
Glimmer Whistleborn,,,Humanoid,Gnome,Rogue,,Female,Small,7.5m,12.0m,35.0kg,1,,,,FALSE,,,,,,
Glingo Trapeze-Master,,,Humanoid,Human,Bard,,Male,Medium,9.0m,,75.0kg,200,"Heroism,Vicious Mockery",,,FALSE,,,,,Circus of the Last Days,
Harper Glist,,,Humanoid,Human,Ranger,,Male,Medium,9.0m,,75.0kg,400,"Fog Cloud,Hamstring Shot,Ranged Attack,Wolf Companion",Longbow,,FALSE,,,,,Harpers,
Glomp the looter,,,Humanoid,Goblin,,,Male,Small,9.0m,12.0m,35.0kg,10,,,,FALSE,,,,,Cult of the Absolute,
Untaken Glone,,,Humanoid,Human,,,Female,Medium,9.0m,,75.0kg,250,"Create Water,Ice Knife,Lacerate,Main Hand Attack",Sickle,,FALSE,,,,,Church of Umberlee,
Sharran Fidelian Gloommask,,,Humanoid,Elf,Wizard,,Female,Medium,9.0m,24.0m,75.0kg,320,"Beckoning Darkness,Bone Chill,Darkness,Shadow Step",,,FALSE,,,,,Church of Shar,
Gloomy Fentonson,,,Humanoid,High Elf,,,Male,Medium,9.0m,12.0m,75.0kg,1,,,,FALSE,,,,,,Armour Trader
Gloria,,,Humanoid,Human,,,Female,Medium,9.0m,,75.0kg,1,,,,FALSE,,,,,,
Glorissima,,,Humanoid,Human,,,Female,Medium,9.0m,,75.0kg,1,,,,FALSE,,,,,,
Glynda Oltower,,,Humanoid,Human,,,,Medium,9.0m,,75.0kg,1,,,,FALSE,,,,,,
Death's Head of Bhaal Glyria,,,Humanoid,Human,,,Male,Medium,9.0m,30.0m,75.0kg,400,"Flourish,Lacerate,Main Hand Attack,Piercing Strike,Stunning Gaze",Murderous Cut,,FALSE,,,,,Cult of Bhaal,
Booyahg Gnat,,,Humanoid,Goblin,Wizard,,Male,Small,9.0m,12.0m,35.0kg,20,"Acid Splash,Grease,Main Hand Attack,Ray of Sickness,Topple",Ritual Staff,,FALSE,,,,,Cult of the Absolute,Novice of the Absolute
Enver Gortash,,,Humanoid,Human,,,Male,Medium,9.0m,9.0m,75.0kg,9,"Mechanical Throw,Dazzling Ray,Ranged Attack,Empowered Unarmed Strike,Invoke the Black Hand,The Closed Fist of Bane,Tyrant's Bindings, Main Hand Attack",Fabricated Arbalest,,TRUE,Petrified,,"Blinded,Mental Fatigue,Paralysed,Prone,Shredded Armour,Sluggardly,Stunned",,,
Godfrey Mordels,,,Humanoid,Human,,,Male,Medium,9.0m,,75.0kg,200,"Flourish,Lacerate,Main Hand Attack",Scimitar,,FALSE,,,,,The Gur,
Gohumberry Tresp,,,Humanoid,Human,,,Male,Medium,9.0m,,75.0kg,1,,,,FALSE,,,,,,
Golbraith,,,Humanoid,Human,Wizard,Evocation School,Male,Medium,9.0m,,75.0kg,400,"Blindness,Cone of Cold,Conjure Elemental: Fire Elemental,Disintegrate,Fireball,Ray of Frost,Shield",,,FALSE,,,,Unnamed son,,
Captain Goldwake,,,Humanoid,Human,,,Female,Medium,9.0m,,75.0kg,250,"Lacerate,Main Hand Attack,Pommel Strike,Rush Attack",Longsword,,FALSE,,,,,Church of Umberlee,
Gomwick,,,Humanoid,Human,,,Male,Medium,9.0m,,75.0kg,1,,,,FALSE,,,,Scratch,,
Fist Gonfalon,,,Humanoid,Dwarf,Ranger,,Male,Medium,7.5m,12.0m,75.0kg,250,"Brace (Ranged),Ensnaring Strike (Ranged),Piercing Shot,Ranged Attack,Volley",Heavy Crossbow,,FALSE,,,,,Flaming Fist,
Watchman Goodge,,,Humanoid,Elf,Fighter,,Male,Medium,9.0m,,75.0kg,400,"Main Hand Attack,Cleave,Pommel Strike,Rush Attack",Greatsword,,FALSE,,,,,The Watch,
Goosequill,,,Humanoid,Dwarf,,,Female,Medium,7.5m,12.0m,75.0kg,1,,,,FALSE,,,,,,
Gor Falogen,,,Humanoid,Elf,,,Male,Medium,9.0m,9.0m,75.0kg,1,,,,FALSE,,,,,,
Goris Ballast,,,Humanoid,Dwarf,,,Male,Medium,7.5m,12.0m,75.0kg,1,,,,FALSE,,,,,,
Sir Gorran Penghyst,,,Humanoid,Human,,,Male,Medium,9.0m,,75.0kg,1,Main Hand Attack,Rapier,,FALSE,,,,,,
Gorrka Bekoone,,,Humanoid,Gnome,,,Female,Small,7.5m,9.0m,35.0kg,1,,,,FALSE,,,,,,
Gothric Rillyn,,,Humanoid,Human,,,Male,Medium,9.0m,,75.0kg,1,,,,FALSE,,,,,,
Gowlan,,,Humanoid,Human,,,Male,Medium,9.0m,,75.0kg,1,,,,FALSE,,,,Fleer (sister),,
Grace Flamm,,,Humanoid,Human,,,Female,Medium,9.0m,,35.0kg,1,,,,FALSE,,,,,,
Mortarch Gracie Scyre,,,Humanoid,Human,Cleric,,,Medium,9.0m,,75.0kg,250,"Backbreaker,Concussive Smash,Main Hand Attack,Spirit Guardians (Radiant),Spiritual Weapon,Turn Undead,Weakening Strike",Warhammer,,FALSE,,,,,,
Grainne Jodhpur,,,Humanoid,Human,,,,Medium,9.0m,,75.0kg,1,,,,FALSE,,,,,,
Fist Granitdatter,,,Humanoid,Dwarf,Fighter,,Female,Medium,7.5m,12.0m,75.0kg,250,"Cleave,Lacerate,Main Hand Attack,Rush Attack,Sweeping Attack",Halberd,,FALSE,,,,,Flaming Fist,
Fist Grassley,,,Humanoid,Human,Fighter,,Female,Medium,9.0m,,75.0kg,250,"Main Hand Attack,Rush Attack,Trip Attack (Melee)",Spear,,FALSE,,,,,Flaming Fist,
Gratz,,,Humanoid,Human,,,Male,Medium,9.0m,,75.0kg,1,,,,FALSE,,,,,,
Gravedigger Karcen,,,Humanoid,Human,Fighter,Battle Master,Male,Medium,9.0m,,75.0kg,400,"Main Hand Attack,Lacerate,Rush Attack,Pommel Strike,Trip Attack (Melee),Versatile Sneak Attack (Melee),Cunning Action: Dash,Action Surge",Longsword +1,,FALSE,,,,,,Zhentarim
Greenfern,,,Humanoid,Half-elf,Rogue,,Male,Medium,9.0m,12.0m,75.0kg,400,"Piercing Strike,Sneak Attack (Melee)",,,FALSE,,,,,,
Warlock Greez,,,Humanoid,Goblin,Warlock,,Male,Small,9.0m,12.0m,35.0kg,20,"Armour of Agathys,Eldritch Blast,Hex,Lacerate,Main Hand Attack",Handaxe,,FALSE,,,,,Cult of the Absolute,Novice of the Absolute
Gregory Bright,,,Humanoid,Halfling,,,Male,Small,7.5m,,35.0kg,1,,,,FALSE,,,,,,
Grent Grintly,,,Humanoid,Dwarf,,,Male,Medium,7.5m,12.0m,75.0kg,1,,,,FALSE,,,,,,
Harper Grenywald,,,Humanoid,Human,Ranger,,Male,Medium,9.0m,,75.0kg,110,"Hamstring Shot,Main Hand Attack,Piercing Strike,Ranged Attack","Longbow,Dagger",,FALSE,,,,,Harpers,
Warrior Gresh,,,Humanoid,Goblin,Fighter,,Male,Small,9.0m,12.0m,35.0kg,15,"Cleave,Lacerate,Main Hand Attack,Menacing Attack (Melee),Prepare,Throw Stone",Greataxe,,FALSE,,,,,Cult of the Absolute,
Fist Gretta,,,Humanoid,Gnome,Ranger,,Female,Small,7.5m,12.0m,35.0kg,90,"Mobile Shot,Piercing Shot,Ranged Attack",Hand Crossbow,,FALSE,,,,,Flaming Fist,
Sharran Novice Greymask,,,Humanoid,Halfling,Fighter,,Male,Small,7.5m,24.0m,35.0kg,320,"Concussive Smash,Main Hand Attack",Mace,,FALSE,,,,,Church of Shar,
Corsair Greymon,,,Humanoid,Dwarf,Fighter,,Male,Medium,7.5m,24.0m,75.0kg,75,"Cleave,Disarming Attack (Melee),Enlarge (Duergar),Lacerate,Main Hand Attack,Prepare",Greataxe,,FALSE,,,,,Cult of the Absolute,Novice of the Absolute
Black Gauntlet Greyward,,,Humanoid,Dwarf,Cleric,,Male,Medium,7.5m,12.0m,75.0kg,400,"Aura of Terror,Blight,Dominate Person,Inflict Wounds,Phantasmal Killer,Spirit Guardians (Necrotic)",,,FALSE,,,,,Cult of Bane,
Gribbo,,,Humanoid,Goblin,,,Female,Small,9.0m,12.0m,35.0kg,20,"Flourish,Lacerate,Main Hand Attack",Goblin Scimitar,,FALSE,,,,,Cult of the Absolute,
Invoker of Bhaal Grice,,,Humanoid,Human,Wizard,Conjuration School,,Medium,9.0m,30.0m,75.0kg,250,"Benign Transposition: Teleport,Murderous Cloud of Daggers,Ice Knife,Ray of Frost,Slow",,,FALSE,,,,,Cult of Bhaal,
Fist Griff,,,Humanoid,Human,Ranger,,Female,Medium,9.0m,,75.0kg,250,"Brace (Ranged),Ensnaring Strike (Ranged),Piercing Shot,Ranged Attack,Volley",Heavy Crossbow,,FALSE,,,,,Flaming Fist,
Tracker Grikka,,,Humanoid,Goblin,,,Male,Small,9.0m,12.0m,35.0kg,10,"Hamstring Shot,Nimble Escape,Ranged Attack",Goblin Bow,,FALSE,,,,,Cult of the Absolute,
Grimbus,,,Humanoid,Elf,,,Male,Medium,7.5m,12.0m,75.0kg,1,,,,FALSE,,,,,,
Invoker of Bhaal Grimlark,,,Humanoid,Human,Wizard,Conjuration School,,Medium,9.0m,30.0m,75.0kg,400,"Benign Transposition: Teleport,Murderous Cloud of Daggers,Ice Knife,Ray of Frost,Slow",,,FALSE,,,,,Cult of Bhaal,
Gondian Grindo Biggs,,,Humanoid,Gnome,,,Male,Small,7.5m,12.0m,35.0kg,320,"Lightning Bolt,Misty Step,Shocking Grasp,Thunderwave",,,FALSE,,,,"Lanpos Biggs (father, dececased)Manser Biggs (father)Hastar Biggs (brother)",Church of Gond,
Traveller Griska,,,Humanoid,Tiefling,,,Female,Medium,9.0m,12.0m,75.0kg,1,,,,FALSE,,,,,,
Grisselda Dibbs,,,Humanoid,Human,,,,Medium,9.0m,,75.0kg,1,,,,FALSE,,,,Fortuno Dibbs (husband)Biscotti (dog),,
Warrior Gronag,,,Humanoid,Goblin,Fighter,,Male,Small,9.0m,12.0m,35.0kg,75,"Disarming Attack (Melee),Flourish,Lacerate,Main Hand Attack,Reckless Warcry,Throw,Throw Stone",Goblin Scimitar,Alchemist's Fire,FALSE,,,,,,
Gronch,,,Humanoid,Half-orc,Fighter,,Male,Medium,9.0m,18.0m,100.0kg,200,,,,FALSE,,,,,,
Saer Grotpoll,,,Humanoid,Elf,,,Male,Medium,9.0m,12.0m,75.0kg,1,,,,FALSE,,,,,,
Grout,,,Humanoid,Gnome,,,Male,Small,7.5m,12.0m,35.0kg,1,,,,FALSE,,,,,,
Novice Grumm,,,Humanoid,Dwarf,Ranger,,Male,Medium,7.5m,24.0m,75.0kg,75,"Brace (Ranged),Invisibility (Duergar),Main Hand Attack,Piercing Strike,Piercing Shot,Ranged Attack,Shove","Dagger,Heavy Crossbow",,FALSE,,,,,Cult of the Absolute,
Grundlgornn,,,Humanoid,Dwarf,,,Male,Medium,7.5m,12.0m,75.0kg,1,,,,FALSE,,,,,,
Grundril,,,Humanoid,Dwarf,Ranger,,Male,Medium,7.5m,24.0m,75.0kg,75,"Hamstring Shot,Hunter's Mark,Ranged Attack",Shortbow,,FALSE,,,,,Clan Flameshade,
Reaper of Bhaal Gruntman,,,Humanoid,Dwarf,,,Male,Medium,7.5m,30.0m,75.0kg,400,"Main Hand Attack,Ranged Attack,Shroud Self","Heavy Crossbow,Murderous Cut",,FALSE,,,,,Cult of Bhaal,
Lookout Grush,,,Humanoid,Goblin,Fighter,,Male,Small,9.0m,12.0m,35.0kg,20,"Flourish,Lacerate,Main Hand Attack,Menacing Attack (Melee),Throw Stone",Goblin Scimitar,,FALSE,,,,,Cult of the Absolute,
Sharp-Eye Gruz,,,Humanoid,Goblin,Ranger,,Female,Small,9.0m,12.0m,35.0kg,20,"Ensnaring Strike (Ranged),Nimble Escape,Ranged Attack,Worg Companion",Goblin Bow,,FALSE,,,,,Cult of the Absolute,
Fist of Bane Gudrun,,,Humanoid,Human,,,Female,Medium,9.0m,,75.0kg,320,"Concussive Smash,Main Hand Attack,Mobile Shot,Piercing Shot,Ranged Attack,Menacing Attack (Melee)","Hand Crossbow,Mace +1",,FALSE,,,,,Cult of Bane,
Guex,,,Humanoid,Tiefling,Fighter,,Male,Medium,9.0m,12.0m,75.0kg,20,"Flourish,Main Hand Attack,Piercing Strike",Shortsword,,FALSE,,,,,Tiefling refugees,
Gulster Boyes,,,Humanoid,Human,,,Female,Medium,9.0m,,75.0kg,1,,,,FALSE,,,,,,
Fist Gummidge,,,Humanoid,Human,Ranger,,Male,Medium,9.0m,,75.0kg,250,"Ensnaring Strike (Ranged),Piercing Shot,Ranged Attack,Volley",Heavy Crossbow,,FALSE,,,,,Flaming Fist,
Gur Hunter Sharpshooter,,,Humanoid,Human,,,,Medium,9.0m,,75.0kg,250,"Ranged Attack,Hamstring Shot",Longbow,,FALSE,,,,,,
Gur Hunter Warrior (Handaxe),,,Humanoid,Human,,,,Medium,,,,,"Main Hand Attack,Off-Hand Attack (Melee)",Handaxe,,FALSE,,,,,,
Gur Hunter Warrior (Scimitar),,,Humanoid,Human,,,,Medium,,,,,"Main Hand Attack,Off-Hand Attack (Melee)",Scimitar +1,,FALSE,,,,,,
Brawler Gurd,,,Humanoid,Goblin,,,Male,Small,9.0m,12.0m,35.0kg,20,"Flourish,Lacerate,Main Hand Attack,Throw Stone",Goblin Scimitar,,FALSE,,,,,Cult of the Absolute,
Cashguard Gurira,,,Humanoid,Human,,,,Medium,9.0m,,75.0kg,250,"Main Hand Attack,Ranged Attack","Rapier,Heavy Crossbow",,FALSE,,,,,,
Warlock Gurk,,,Humanoid,Goblin,Warlock,,Male,Small,9.0m,12.0m,35.0kg,15,"Armour of Agathys,Eldritch Blast,Hex,Lacerate,Main Hand Attack",Handaxe,,FALSE,,,,,Cult of the Absolute,
Sharp-Eye Gurza,,,Humanoid,Goblin,Ranger,,Female,Small,9.0m,12.0m,35.0kg,15,"Ensnaring Strike (Ranged),Nimble Escape,Ranged Attack,Worg Companion",Goblin Bow,,FALSE,,,,,Cult of the Absolute,
Sharran Fidelian Gydd,,,Humanoid,Human,Wizard,,Male,Medium,9.0m,24.0m,75.0kg,320,"Beckoning Darkness,Bone Chill,Darkness,Shadow Step",,,FALSE,,,,,Church of Shar,
Gyldro Angleiron the Smith,,,Humanoid,Human,Fighter,Battle Master,,Medium,9.0m,,75.0kg,200,"Action Surge,Concussive Smash,Disarming Attack (Melee),Main Hand Attack,Second Wind",Light Hammer,,FALSE,,,,,,
Watchman Gyordi,,,Humanoid,Elf,Fighter,,Male,Medium,9.0m,,75.0kg,400,"Cleave,Main Hand Attack,Pommel Strike,Rush Attack",Greatsword,,FALSE,,,,,The Watch,
Ha-yoon Kim,,,Humanoid,Human,,,Female,Medium,9.0m,,25.0kg,,,,,FALSE,,,,,,
Fist Koltz,,,Humanoid,Human,Fighter,,Male,Medium,9.0m,,75.0kg,250,"Main Hand Attack,Rush Attack,Trip Attack (Melee)",Spear,,FALSE,,,,Avery Koltz (mother),Flaming Fist,
Fist Hadenwell,,,Humanoid,Human,Fighter,,Male,Medium,9.0m,,75.0kg,110,"Lacerate,Main Hand Attack,Pommel Strike,Rush Attack",Longsword,,FALSE,,,,,Flaming Fist,
Haeril Birch,,,Humanoid,Elf,,,Female,Medium,9.0m,12.0m,75.0kg,1,,,,FALSE,,,,,,Lady of Baldur's Gate
Fist Hagedorrn,,,Humanoid,Human,Ranger,,Female,Medium,9.0m,,75.0kg,140,"Brace (Ranged),Ensnaring Strike (Ranged),Piercing Shot,Ranged Attack,Volley",Heavy Crossbow,,FALSE,,,,,Flaming Fist,
Black Gauntlet Hahns Rives,,,Humanoid,Human,Cleric,,Male,Medium,9.0m,,75.0kg,400,"Aura of Terror,Blight,Concussive Smash,Dominate Person,Inflict Wounds,Initiate Collar Detonation,Main Hand Attack,Phantasmal Killer,Spirit Guardians (Necrotic)",Infernal Mace,,FALSE,,,,,Cult of Bane,
Hairy Henry,,,Humanoid,Bugbear,,,Male,Medium,9.0m,,110.0kg,140,"Main Hand Attack,Misty Step,Ray of Sickness,Throw","Javelin,Flail of Myrkul",,FALSE,,,,,Cult of Myrkul,Skull Lasher
Hakeem,,,Humanoid,Dwarf,,,Male,Medium,7.5m,12.0m,75.0kg,1,,,,FALSE,,,,,,
Fist Halantow,,,Humanoid,Human,Fighter,,Female,Medium,9.0m,,75.0kg,250,"Main Hand Attack,Rush Attack,Trip Attack (Melee)",Spear,,FALSE,,,,,Flaming Fist,
Dead Flaming Fist,,,Humanoid,Human,Cleric,,Male,Medium,9.0m,,75.0kg,8,,,,FALSE,,,,,Flaming Fist,
Halsin,,,Humanoid,Elf,Druid,Circle of the Moon,Male,Medium,10.5m,12.0m,75.0kg,1,,,,FALSE,,,,,Circle of the Emerald Grove,Archdruid
Harper Hangfar,,,Humanoid,Dwarf,Fighter,,Male,Medium,7.5m,12.0m,75.0kg,90,"Lacerate,Main Hand Attack,Pommel Strike,Rush Attack",Longsword,,FALSE,,,,,Harpers,
Hannaah Befling,,,Humanoid,Human,,,Female,Medium,9.0m,,75.0kg,1,,,,FALSE,,,,,,
Hans Feather,,,Humanoid,Half-elf,,,Female,Medium,9.0m,12.0m,75.0kg,1,,,,FALSE,,,,,,
Happy Hands,,,Humanoid,Human,,,Male,Small,9.0m,,25.0kg,1,,,,FALSE,,,,,The Guild,Fetcher's Brats
Happy Hoarson,,,Humanoid,Halfling,,,Male,Small,7.5m,,35.0kg,1,,,,FALSE,,,,,The Guild,
Ch'r'ai Har'rak,,,Humanoid,Githyanki,Paladin,,Female,Medium,9.0m,,75.0kg,320,"Cleave,Lacerate,Astral Step,Conquering Presence,Main Hand Attack,Pommel Strike,Wrathful Smite",Githyanki Greatsword (Psionic),,TRUE,,,,,Githyanki (Faction),Paladin of Vlaakith
Courier Hara,,,Humanoid,Human,,,Male,Medium,9.0m,,75.0kg,1,,,,FALSE,,,,,,
Harfang,,,Humanoid,Half-orc,,,Female,Medium,10.5m,18.0m,75.0kg,1,,,,FALSE,,,,,,Captain
Hargin Jooli,,,Humanoid,Dwarf,,,Male,Medium,7.5m,12.0m,75.0kg,1,,,,FALSE,,,,,,
Hari Nodles,,,Humanoid,Human,,,Male,Medium,9.0m,,75.0kg,1,,,,FALSE,,,,,,
Harissa Chopeta,,,Humanoid,Human,,,Female,Medium,9.0m,,75.0kg,1,,,,FALSE,,,,,,
Harper Archer,,,Humanoid,Elf,Ranger,,,Medium,9.0m,12.0m,75.0kg,200,"Hamstring Shot,Main Hand Attack,Piercing Strike,Ranged Attack","Longbow,Dagger",,FALSE,,,,,Harpers,
Fist Wizard Hartlebury,,,Humanoid,Dwarf,Wizard,,Female,Medium,7.5m,12.0m,75.0kg,250,"Blight,Conjure Elemental: Fire Elemental,Counterspell,Fire Bolt,Main Hand Attack,Melf's Acid Arrow,See Invisibility,Slow,Topple",Quarterstaff,,FALSE,,,,,Flaming Fist,
Harvard Willoughby,,,Humanoid,Human,,,Male,Medium,9.0m,,75.0kg,250,,,,FALSE,,,,Belford Willoughby (son),,
Haseid,,,Humanoid,Human,Barbarian,,Male,Medium,9.0m,,75.0kg,15,"Main Hand Attack,Rage,Reckless Attack,Throw","Greatclub,Javelin",,FALSE,,,,,Overgrown Ruin Looters,
Hasmet Hudd,,,Humanoid,Dwarf,,,Male,Medium,7.5m,12.0m,75.0kg,1,,,,FALSE,,,,,,
Hastar Biggs,,,Humanoid,Gnome,,,Male,Small,7.5m,12.0m,35.0kg,1,Dash,,,FALSE,,,,"Lanpos Biggs (father, dececased)Manser Biggs (father)Grindo Biggs (brother)",Church of Gond,
Fist Havard,,,Humanoid,Human,Ranger,,,Medium,9.0m,,75.0kg,200,"Brace (Ranged),Ensnaring Strike (Ranged),Piercing Shot,Ranged Attack,Volley",Heavy Crossbow,,FALSE,,,,,Flaming Fist,
Havkelaag,,,Humanoid,Dwarf,Sorcerer,Draconic Bloodline,Male,Medium,7.5m,24.0m,75.0kg,250,"Ice Knife,Ice Storm,Misty Step,Ray of Frost",,,FALSE,,,,,Society of Brilliance,Society of Brilliance
Hazelnut,,,Humanoid,Human,,,Male,Small,9.0m,,25.0kg,1,,,,FALSE,,,,Mama Falice (mother),,
Hector Roba,,,Humanoid,Halfling,,,Male,Small,7.5m,,35.0kg,1,,,,FALSE,,,,,,
Heder Cross,,,Humanoid,Human,,,,Small,9.0m,,25.0kg,1,,,,FALSE,,,,Thalita Cross (mother),,
Cashguard Artillerist Heen,,,Humanoid,Human,,,,Medium,9.0m,,75.0kg,250,"Main Hand Attack,Ranged Attack","Rapier,Heavy Crossbow",,FALSE,,,,,,
Sister Hegira,,,Humanoid,Human,,,Female,Medium,1.0m,,75.0kg,1,,,,FALSE,,,,,Church of Ilmater,
Raider Helag,,,Humanoid,Githyanki,,,,Medium,9.0m,,75.0kg,75,"Ranged Attack,Misty Step,Rally,Trip Attack (Ranged)",Githyanki Crossbow,,FALSE,,,,,Crèche Y'llek,
Fist Helena,,,Humanoid,Gnome,Fighter,,Female,Small,7.5m,12.0m,35.0kg,110,"Main Hand Attack,Piercing Strike",Javelin,,FALSE,,,,,Flaming Fist,
Cashguard Helenia,,,Humanoid,Human,,,,Medium,9.0m,,75.0kg,250,"Main Hand Attack,Ranged Attack","Rapier,Heavy Crossbow",,FALSE,,,,,,
Hellrider Cleric,,,Humanoid,Tiefling,,,Female,Medium,9.0m,12.0m,75.0kg,250,"Cure Wounds,Flame Strike,Lesser Restoration,Mass Healing Word,Sacred Flame,Radiance of the Dawn",,,FALSE,,,,,Hellriders,
Hellrider Paladin,,,Humanoid,Tiefling,,,Male,Medium,9.0m,12.0m,75.0kg,250,"Backbreaker,Concussive Smash,Divine Smite,Lay on Hands: Greater Healing,Main Hand Attack,Misty Step,Tenacity,Thunderous Smite,Vow of Enmity",Maul +1,,FALSE,,,,,Hellriders,
Helsik,,,Humanoid,Dwarf,Warlock,The Fiend,Female,Medium,9.0m,24.0m,75.0kg,400,"Eldritch Blast,Mammon's Tax,Promise of Wealth,Summon Gilded Hellsboar,Keeper's Fee",,,FALSE,,,,,,Mammon's PicklockLatchkeeper of the Nine Hells
Sharran Sentry Hendly,,,Humanoid,Human,Fighter,,,Medium,9.0m,24.0m,75.0kg,320,Main Hand Attack,Scimitar (Sharran),,FALSE,,,,,Church of Shar,
Tender Henk,,,Humanoid,Half-orc,,,Male,Medium,9.0m,18.0m,100.0kg,1,,,,FALSE,,,,,,
Guard Hertvor Dremble,,,Humanoid,Human,,,Male,Medium,9.0m,,75.0kg,320,"Main Hand Attack,Mobile Shot,Piercing Shot,Ranged Attack,Rush Attack,Voice of Command","Hand Crossbow,Spear",,FALSE,,,,,Cult of Bane,
Night Blade Hervyl,,,Humanoid,Human,,,,Medium,9.0m,30.0m,75.0kg,400,Ranged Attack,Heavy Crossbow,,FALSE,,,,,Cult of Bhaal,
Fist Hextra,,,Humanoid,Human,Fighter,,,Medium,9.0m,,75.0kg,250,"Cleave,Lacerate,Main Hand Attack,Rush Attack,Sweeping Attack,Throw","Javelin,Halberd",,FALSE,,,,,Flaming Fist,
Hiero Lue,,,Humanoid,Dwarf,Bard,College of Lore,Male,Medium,7.5m,12.0m,75.0kg,250,"Bardic Inspiration,Cloud of Daggers,Cure Wounds,Cutting Words,Hypnotic Pattern,Main Hand Attack,Ranged Attack","Hand Crossbow,Rapier",,FALSE,,,,,Dead Eyes,Member of the Dead Eyes
Reaper of Bhaal Hiila,,,Humanoid,Human,,,,Medium,9.0m,30.0m,75.0kg,400,"Main Hand Attack,Shroud Self",Murderous Cut,,FALSE,,,,,Cult of Bhaal,
Hilario Varota,,,Humanoid,Gnome,,,Non-binary,Small,7.5m,12.0m,35.0kg,1,,,,FALSE,,,,,,
Invoker of Bhaal Hivune,,,Humanoid,Human,Wizard,Conjuration School,Male,Medium,9.0m,30.0m,75.0kg,400,"Benign Transposition: Teleport,Murderous Cloud of Daggers,Ice Knife,Main Hand Attack,Ray of Frost,Rush Attack,Slow",Spear,,FALSE,,,,,Cult of Bhaal,
Hogi Nuners,,,Humanoid,Gnome,Fighter,,Female,Small,7.5m,24.0m,35.0kg,1,"Action Surge,Disarming Attack (Melee),Menacing Attack (Melee)",,,FALSE,,,,,Clan Ironhand,
Holli Dylford,,,Humanoid,Human,Fighter,Battle Master,Female,Medium,9.0m,,75.0kg,10,,,,FALSE,,,,,Church of Umberlee,
Holvik,,,Humanoid,Dwarf,Ranger,,Male,Medium,7.5m,24.0m,75.0kg,75,"Brace (Ranged),Ensnaring Strike (Ranged),Hunter's Mark,Invisibility (Duergar),Main Hand Attack,Piercing Shot,Piercing Strike,Ranged Attack","Dagger,Heavy Crossbow",,FALSE,,,,,Cult of the Absolute,
Honest Vendor,,,Humanoid,Tiefling,,,Male,Medium,9.0m,12.0m,75.0kg,1,,,,FALSE,,,,,,
Tender Honk,,,Humanoid,Half-orc,,,Male,Medium,9.0m,18.0m,100.0kg,1,,,,FALSE,,,,,,
Hoots Hooligan,,,Humanoid,Human,,,,Medium,9.0m,,75.0kg,200,,,,FALSE,,,,,,
Hope,,,Humanoid,Dwarf,Cleric,Life Domain,Female,Medium,7.5m,12.0m,75.0kg,400,"Bless,Cure Wounds,Divine Intervention,Divine Strike: Radiant,Guidance,Guiding Bolt,Healing Word,Mage Armour,Main Hand Attack,Mass Cure Wounds,Mass Healing Word,Preserve Life,Ray of Frost,Remove Curse,Revoke Guest Status,Topple",Quarterstaff,,FALSE,,,,Korrilla (sister),,
Invoker of Bhaal Horriss,,,Humanoid,Human,Wizard,Conjuration School,,Medium,9.0m,30.0m,75.0kg,400,"Benign Transposition: Teleport,Murderous Cloud of Daggers,Ice Knife,Ray of Frost,Slow",,,FALSE,,,,,Cult of Bhaal,
Stylin' Horst,,,Humanoid,Human,,,Male,Medium,1.0m,,75.0kg,1,,,,FALSE,,,,,,
Horus Crysst,,,Humanoid,Human,,,Male,Medium,9.0m,,75.0kg,,,,,FALSE,,,,Noira Crysst (wife)Torin Crysst (son),,
Zephyr Gish'ra Hr'ack'la,,,Humanoid,Githyanki,,,Female,Medium,13.5m,,75.0kg,200,"Embrace of the Inferno,Fist of Unbroken Air,Flames of the Phoenix,Flurry of Blows,Stunning Strike (Unarmed)",,,FALSE,,,,,Warriors of the Comet,
Hucinda,,,Humanoid,Human,,,Female,Medium,9.0m,,75.0kg,1,,,,FALSE,,,,,,
Big Huido,,,Humanoid,Halfling,Rogue,,Male,Small,7.5m,,35.0kg,250,"Main Hand Attack,Piercing Strike,Sneak Attack (Melee)",Dagger,,FALSE,,,,,The Guild,
Warrior Huk,,,Humanoid,Goblin,Fighter,,Male,Small,9.0m,12.0m,35.0kg,20,"Cleave,Lacerate,Main Hand Attack,Menacing Attack (Melee),Prepare,Throw Stone",Greataxe,,FALSE,,,,,Cult of the Absolute,Novice of the Absolute
Vicar Humbletoes,,,Humanoid,Gnome,,,Male,Small,7.5m,12.0m,35.0kg,250,,,,FALSE,,,,,,
Sharran Novice Humboldt,,,Humanoid,Dwarf,Fighter,,Male,Medium,7.5m,24.0m,75.0kg,320,Main Hand Attack,Mace,,FALSE,,,,,Church of Shar,
Cashguard Basher Humgoole,,,Humanoid,Human,Paladin,,,Medium,9.0m,,75.0kg,250,"Main Hand Attack,Ranged Attack,Lay on Hands: Greater Healing,Blinding Smite,Divine Smite","Hand Crossbow,Maul",,FALSE,,,,,,
Hunkers Boolean,,,Humanoid,Human,,,Male,Medium,9.0m,,75.0kg,1,,,,FALSE,,,,Gaheid Slickjaw (husband),,
Hurk,,,Humanoid,Dwarf,Ranger,,Male,Medium,7.5m,24.0m,75.0kg,75,"Brace (Ranged),Piercing Shot,Ranged Attack",Heavy Crossbow,,FALSE,,,,,Cult of the Absolute,Novice of the Absolute
Sharran Fidelian Hyrald,,,Humanoid,Human,Wizard,,Male,Medium,9.0m,24.0m,75.0kg,320,"Beckoning Darkness,Bone Chill,Darkness,Shadow Step",,,FALSE,,,,,Church of Shar,
Hyrla Sname,,,Humanoid,Human,,,Female,Medium,9.0m,,75.0kg,1,,,,FALSE,,,,Peetri Sname (sister),,
Fist of Bane Hyrriet,,,Humanoid,Human,,,,Medium,9.0m,,75.0kg,250,"Concussive Smash,Main Hand Attack,Menacing Attack (Melee)",Infernal Mace (Uncommon),,FALSE,,,,,,
Iados Kallista,,,Humanoid,Tiefling,,,Male,Medium,9.0m,9.0m,25.0kg,,,,,FALSE,,,,Rozes Kallista (mother)Leucis Kallista (father)Nemi Kallista (daughter),,
Ide,,,Humanoid,Tiefling,,,Female,Small,9.0m,12.0m,25.0kg,1,,,,FALSE,,,,,Tiefling refugees,
Black Gauntlet Ifran,,,Humanoid,Human,Cleric,,Male,Medium,9.0m,,75.0kg,400,"Aura of Terror,Blight,Concussive Smash,Dominate Person,Inflict Wounds,Initiate Collar Detonation,Main Hand Attack,Phantasmal Killer,Spirit Guardians (Necrotic)",Infernal Mace,,FALSE,,,,,Cult of Bane,
Black Gauntlet Ignur,,,Humanoid,Human,Cleric,,Male,Medium,9.0m,,75.0kg,400,"Aura of Terror,Blight,Concussive Smash,Dominate Person,Inflict Wounds,Main Hand Attack,Phantasmal Killer,Spirit Guardians (Necrotic)",Infernal Mace,,FALSE,,,,,Cult of Bane,
Ikaron,,,Humanoid,Tiefling,Fighter,,Male,Medium,9.0m,12.0m,75.0kg,20,"Cleave,Lacerate,Main Hand Attack,Prepare",Greataxe,,FALSE,,,,Okta (mother),Tiefling refugees,
Immortal Eternal Debtor,,,Humanoid,Dwarf,,,Male,Medium,7.5m,12.0m,75.0kg,1,Forever Indebted,,,FALSE,,,,,House of Hope,
Imprudence,,,Humanoid,Human,Fighter,,,Medium,9.0m,,75.0kg,250,Main Hand Attack,Warhammer,,FALSE,,,,,,
Impurto Nexim,,,Humanoid,Halfling,,,Male,Small,7.5m,,35.0kg,1,,,,FALSE,,,,,,
Sharran Sentry Imwise,,,Humanoid,Human,Fighter,,,Medium,9.0m,24.0m,75.0kg,320,Main Hand Attack,Scimitar (Sharran),,FALSE,,,,,Church of Shar,
Incontinentia Figgin,,,Humanoid,Drow,,,Female,Medium,9.0m,16.0m,75.0kg,1,,,,FALSE,,,,,,
Indora Ralston,,,Humanoid,Human,Cleric,,Female,Medium,9.0m,,75.0kg,400,"Aura of Terror,Blight,Concussive Smash,Dominate Person,Inflict Wounds,Initiate Collar Detonation,Main Hand Attack,Phantasmal Killer,Spirit Guardians (Necrotic)",Infernal Mace,,FALSE,,,,,Cult of Bane,Black Gauntlet
Fist Ingram,,,Humanoid,Human,Fighter,,,Medium,9.0m,,75.0kg,200,"Main Hand Attack,Piercing Strike,Rush Attack,Trip Attack (Melee)","Spear,Javelin",,FALSE,,,,,Flaming Fist,
Inku Neza,,,Humanoid,Dragonborn,Barbarian,Berserker,Female,Medium,9.0m,,100.0kg,250,"Frenzy,Main Hand Attack,Reckless Attack",Handaxe,,FALSE,,,,,Dead Eyes,Member of the Dead Eyes
Guard Inocente Bramm,,,Humanoid,Human,,,Male,Medium,9.0m,,75.0kg,250,"Concussive Smash,Main Hand Attack,Mobile Shot,Piercing Shot,Ranged Attack,Menacing Attack (Melee)","Hand Crossbow,Mace",,FALSE,,,,,Cult of Bane,
Inquisitor of the Absolute,,,Humanoid,,Ranger,,,Medium,9.0m,9.0m,75.0kg,9,"Brace (Ranged),Conjure Barrage,Ensnaring Strike,Main Hand Attack,Ranged Attack,Piercing Shot,Rush Attack","Spear +1,Heavy Crossbow +1",,FALSE,,,,,Cult of the Absolute,
Invoker of Bhaal,,,Humanoid,Human,Wizard,Conjuration School,,Medium,9.0m,9.0m,75.0kg,200,"Benign Transposition: Teleport,Murderous Cloud of Daggers,Ice Knife,Ray of Frost,Slow",,,FALSE,,,,,Cult of Bhaal,
Inwe,,,Humanoid,Elf,Druid,,Female,Medium,10.5m,12.0m,75.0kg,20,"Main Hand Attack,Produce Flame,Web,Wild Shape: Bear",Quarterstaff,,FALSE,,,,,Circle of the Emerald Grove,
Zealot Iogar,,,Humanoid,Half-elf,Paladin,,Male,Medium,9.0m,12.0m,75.0kg,140,"Branding Smite,Cleave,Hamstring Shot,Lacerate,Lay on Hands: Greater Healing,Lay on Hands: Lesser Healing,Main Hand Attack,Ranged Attack,Rush Attack,Thunderous Smite,Abjure Enemy","Shortbow,Halberd",,FALSE,,,,,Cult of the Absolute,
Pilgrim Iong,,,Humanoid,Human,Cleric,,Male,Medium,9.0m,,75.0kg,1,,,,FALSE,,,,,Cult of the Absolute,
Irenya,,,Humanoid,Elf,,,Female,Medium,1.0m,12.0m,75.0kg,1,,,,FALSE,,,,,,Barmaid
Ironfinger,,,Humanoid,Halfling,,,Female,Small,7.5m,,35.0kg,140,"Main Hand Attack,Misty Step,Ray of Sickness,Shield",Flail of Myrkul,,FALSE,,,,,Cult of Myrkul,Skull Lasher
Ironhand Grenadier,,,Humanoid,Gnome,,,,Small,7.5m,12.0m,35.0kg,250,"Brace (Ranged),Piercing Shot,Ranged Attack,Sneak Attack (Ranged)",Heavy Crossbow +1,,FALSE,,,,,,
Isobel,,,Humanoid,Half-elf,Cleric,Knowledge Domain,Female,Medium,9.0m,12.0m,75.0kg,90,"Cure Wounds,Guiding Bolt,Healing Word,Main Hand Attack,Rush Attack,Sacred Flame,Turn Undead",Spear +1,,FALSE,,,,"Dame Aylin (partner) Melodia Thorm (mother, deceased) Ketheric Thorm (father) Thisobald Thorm (brother) Malus Thorm (great-uncle) Gerringothe Thorm",Selûnite,
Warrior Ith’dul,,,Humanoid,Githyanki,,,,Medium,9.0m,,75.0kg,75,"Cleave,Disarming Attack (Melee),Lacerate,Main Hand Attack,Pommel Strike,Second Wind",Githyanki Greatsword,,FALSE,,,,,Crèche Y'llek,
Fist Recruit Ito,,,Humanoid,Human,Ranger,,Male,Medium,9.0m,,75.0kg,40,"Brace (Ranged),Ensnaring Strike (Ranged),Ranged Attack,Piercing Shot,Volley",Heavy Crossbow,,FALSE,,,,,Flaming Fist,
Fist Ivarus,,,Humanoid,Human,Wizard,,Male,Medium,9.0m,,75.0kg,250,"Blight,Conjure Elemental: Fire Elemental,Counterspell,Fire Bolt,Main Hand Attack,Melf's Acid Arrow,See Invisibility,Slow,Topple",Quarterstaff,,FALSE,,,,,Flaming Fist,
Iwan,,,Humanoid,Human,,,Male,Medium,9.0m,,75.0kg,,,,,FALSE,,,,,,
Iza Blouin,,,Humanoid,Half-elf,,,Female,Medium,9.0m,12.0m,75.0kg,1,,,,FALSE,,,,,,
Izwae,,,Humanoid,Drow,Ranger,,Male,Medium,9.0m,16.0m,75.0kg,40,"Brace (Ranged),Hamstring Shot,Ranged Attack",Longbow,,FALSE,,,,,,
Izzy,,,Humanoid,Human,,,Female,Small,9.0m,,25.0kg,,,,,FALSE,,,,,,
Fist J'ehlar,,,Humanoid,Human,Cleric,Light Domain,Female,Medium,9.0m,,75.0kg,90,"Bless,Burning Hands,Concussive Smash,Cure Wounds,Main Hand Attack,Sacred Flame",Club,,FALSE,,,,,Flaming Fist,
Flaming Fist Jacek,,,Humanoid,Human,Fighter,,,Medium,9.0m,,75.0kg,4,Archer's Eye,,,FALSE,,,,Molly (daughter),Flaming Fist,
Jacelyn,,,Humanoid,Half-elf,Sorcerer,Draconic Bloodline,Male,Medium,9.0m,,75.0kg,1,,,,FALSE,,,,,,
Cashguard Artillerist Jacko,,,Humanoid,Human,,,,Medium,9.0m,,75.0kg,250,"Main Hand Attack,Ranged Attack","Rapier,Heavy Crossbow",,FALSE,,,,,,
Fist Jagic,,,Humanoid,Human,Fighter,,Female,Medium,9.0m,,75.0kg,200,"Main Hand Attack,Rush Attack,Trip Attack (Melee)",Spear,,FALSE,,,,,Flaming Fist,
Fist Jara,,,Humanoid,Human,Wizard,,,Medium,9.0m,,75.0kg,250,"Blight,Conjure Elemental: Fire Elemental,Counterspell,Fire Bolt,Levitate (Illithid Power),Melf's Acid Arrow,Mind Blast,See Invisibility,Slow,Tentacle Whip (Mind Flayer)",,,FALSE,,,,,Cult of the Absolute,
Jarg,,,Humanoid,Human,Ranger,,Male,Medium,9.0m,,75.0kg,40,"Main Hand Attack,Mobile Shot,Off-Hand Attack (Ranged),Piercing Shot,Piercing Strike,Ranged Attack,Sneak Attack (Melee),Sneak Attack (Ranged)","Hand Crossbow,Dagger",,FALSE,,,,,Zhentarim,
Jarlath,,,Humanoid,Dwarf,,,Male,Medium,7.5m,12.0m,75.0kg,1,,,,FALSE,,,,,,
Jaryd,,,Humanoid,Halfling,Fighter,,Male,Small,7.5m,,75.0kg,320,"Disarming Attack (Melee),Main Hand Attack,Second Wind",Flail,,FALSE,,,,,Szarr Palace,
Questioner Jasin,,,Humanoid,Gnome,Wizard,,Female,Small,7.5m,12.0m,35.0kg,140,"Blindness,Cloud of Daggers,Confusion,Eldritch Blast,Main Hand Attack,Piercing Strike",Dagger,,FALSE,,,,Sumera (sister),Cult of the Absolute,
News Hawker Jason,,,Humanoid,Human,,,Male,Small,1.0m,,25.0kg,1,,,,FALSE,,,,,,
Warrior Jawn,,,Humanoid,Goblin,Fighter,,,Small,9.0m,12.0m,35.0kg,15,"Lacerate,Main Hand Attack,Menacing Attack (Melee),Throw Stone",,,FALSE,,,,,Cult of the Absolute,
Iron Consul Jaxbock,,,Humanoid,Human,,,Female,Medium,9.0m,,75.0kg,320,"Main Hand Attack,Mobile Shot,Piercing Shot,Rush Attack,Voice of Command, Ranged Attack","Hand Crossbow,Spear +1",,FALSE,,,,,Cult of Bane,
Jaycen Borgu,,,Humanoid,Human,,,Female,Medium,9.0m,18.0m,75.0kg,1,,,,FALSE,,,,,,
Waiter Jaymes,,,Humanoid,Half-elf,,,Male,Medium,9.0m,12.0m,75.0kg,1,,,,FALSE,,,,,,
A'jak'nir Jeera,,,Humanoid,Githyanki,Fighter,Eldritch Knight,Female,Medium,9.0m,,75.0kg,75,"Bestow Curse,Blindness,Burning Hands,Hold Person,Misty Step,Ray of Frost,Shocking Grasp",,,FALSE,,,,,Crèche Y'llek,Quartermistress
Jeffers Morston,,,Humanoid,Human,,,Male,Medium,9.0m,,75.0kg,1,,,,FALSE,,,,,,Courier
Jenniver Antilles,,,Humanoid,Human,,,Male,Medium,9.0m,,75.0kg,1,,,,FALSE,,,,,,
Jeorna,,,Humanoid,Elf,Druid,Circle of the Moon,Female,Medium,10.5m,12.0m,75.0kg,20,"Cure Wounds,Entangle,Heat Metal,Main Hand Attack,Produce Flame,Wild Shape: Boar",Quarterstaff,,FALSE,,,,,Circle of the Emerald Grove,
Fist Jepsen,,,Humanoid,Human,Fighter,,Male,Medium,9.0m,,75.0kg,200,"Main Hand Attack,Rush Attack,Trip Attack (Melee)",Spear,,FALSE,,,,,Flaming Fist,
Jerbold,,,Humanoid,Human,Fighter,,Male,Medium,9.0m,,75.0kg,8,"Cleave,Lacerate,Main Hand Attack,Rush Attack,Sweeping Attack,Throw","Javelin,Halberd",,FALSE,,,,,Flaming Fist,
Jerris,,,Humanoid,Dwarf,Ranger,,Female,Medium,7.5m,24.0m,75.0kg,75,"Brace (Ranged),Ensnaring Strike (Ranged),Main Hand Attack,Piercing Shot,Piercing Strike,Ranged Attack","Dagger,Heavy Crossbow",,FALSE,,,,,Cult of the Absolute,Novice of the Absolute
Jezzy Topps,,,Humanoid,Human,,,Male,Medium,9.0m,,75.0kg,250,"Concussive Smash,Main Hand Attack,Tenacity",Greatclub,,FALSE,,,,,The Guild,
Ardent Jhe'rezath,,,Humanoid,Githyanki,,,,Medium,9.0m,,75.0kg,75,"Flourish,Main Hand Attack,Misty Step,Piercing Strike,Psychic Rend",Githyanki Shortsword,,FALSE,,,,,Crèche Y'llek,
Jheruth,,,Humanoid,Githyanki,,,Female,Medium,9.0m,,25.0kg,1,,,,FALSE,,,,,Githyanki (Faction),
Jhessem,,,Humanoid,Human,,,Female,Small,9.0m,,25.0kg,,,,,FALSE,,,,Jaheira (adoptive mother)Jord (adoptive brother)Tate (adoptive sister)Rion (adoptive sister)Fig (adoptive sister),Harpers,
Fist Jimi Borleas,,,Humanoid,Dwarf,Fighter,,Male,Medium,7.5m,12.0m,75.0kg,250,"Cleave,Lacerate,Main Hand Attack,Piercing Strike,Rush Attack,Sweeping Attack","Javelin,Halberd",,FALSE,,,,,Flaming Fist,
Jitters Corbwell,,,Humanoid,Gnome,,,Female,Small,7.5m,12.0m,35.0kg,1,,,,FALSE,,,,,,
Jivin Mizzrym,,,Humanoid,Gnome,Warlock,,Male,Small,7.5m,12.0m,35.0kg,250,"Acid Splash,Eldritch Blast,Fear,Misty Step,Shatter",,,FALSE,,,,,Dead Eyes,Member of the Dead Eyes
Johl,,,Humanoid,Human,,,Male,Medium,9.0m,,75.0kg,1,"Main Hand Attack,Rush Attack",Pitchfork,,FALSE,,,,Demir (brother)Mayrina (sister),,
News Hawker Jonah,,,Humanoid,Human,,,Male,Small,1.0m,,25.0kg,1,,,,FALSE,,,,,,
Jord,,,Humanoid,Half-orc,Druid,Circle of the Moon,Male,Medium,9.0m,18.0m,100.0kg,320,"Flame Blade,Flourish,Hold Person,Poison Spray,Wild Shape: Fire Myrmidon",,,FALSE,,,,Jaheira (adoptive mother)Tate (adoptive brother)Jhessem (adoptive sister)Rion (adoptive sister)Fig (adoptive sister),Harpers,
Jorkens,,,Humanoid,Human,,,Male,Medium,9.0m,,75.0kg,1,,,,FALSE,,,,,,Mate Creppsels
Justiciar Crusader (Archetype),,,Humanoid,High elf,,,,Medium,7.0m,7.0m,75.0kg,280,"Main Hand Attack,Life Drain,Overwhelming Grief,Subsume Shadow",Greatsword,,FALSE,,,,,Church of Shar,
Porter Juxon,,,Humanoid,Human,,,Male,Medium,9.0m,,75.0kg,1,,,,FALSE,,,,,,
Raider Jy'ir,,,Humanoid,Githyanki,Fighter,,,Medium,9.0m,,75.0kg,75,"Brace (Ranged),Misty Step,Piercing Shot,Ranged Attack,Rally,Trip Attack (Ranged)",Githyanki Crossbow,,FALSE,,,,,Crèche Y'llek,
Zephyr Gish'ra Jyd'i',,,Humanoid,Githyanki,Monk,Way of the Four Elements,Female,Medium,13.5m,,75.0kg,200,"Clench of the North Wind,Fist of Unbroken Air,Flurry of Blows,Step of the Wind: Dash,Unarmed Strike (Monk)",,,FALSE,,,,,Warriors of the Comet,
High Gish'ra K'i'lar,,,Humanoid,Githyanki,Monk,Way of the Open Hand,Female,Medium,13.5m,,75.0kg,200,"Flurry of Blows: Topple,Step of the Wind: Dash,Unarmed Strike (Monk)",,,FALSE,,,,,Warriors of the Comet,
Kadugan,,,Humanoid,Elf,,,Male,Medium,9.0m,12.0m,75.0kg,1,,,,FALSE,,,,,,
Kaet Ling,,,Humanoid,Human,,,Female,Medium,9.0m,,75.0kg,1,,,,FALSE,,,,,,
Kagha,,,Humanoid,Elf,Druid,Circle of the Land,Female,Medium,9.0m,12.0m,75.0kg,150,"Cure Wounds,Flourish,Heat Metal,Lacerate,Main Hand Attack,Misty Step,Moonbeam,Off-Hand Attack (Melee),Plant Growth,Thunderwave,Wild Shape: Wolf","Scimitar,Dagger",,TRUE,,,,,Circle of the Emerald Grove,Archdruid
Kagran,,,Humanoid,Human,Fighter,,Male,Medium,9.0m,,75.0kg,1,"Concussive Smash,Main Hand Attack",Club,,FALSE,,,,,Cult of the Absolute,Novice of the Absolute
Kaldani,,,Humanoid,Tiefling,Ranger,,Female,Medium,9.0m,12.0m,75.0kg,20,"Cure Wounds,Flourish,Hunter's Mark,Main Hand Attack,Mobile Shot,Piercing Strike,Piercing Shot,Ranged Attack","Hand Crossbow,Shortsword",,FALSE,,,,,Tiefling refugees,
Kale Dorriacks,,,Humanoid,Dwarf,,,Female,Medium,7.5m,12.0m,75.0kg,1,,,,FALSE,,,,,,
Kali Hammerhand,,,Humanoid,Dwarf,,,Female,Medium,7.5m,12.0m,75.0kg,1,,,,FALSE,,,,,,
Cook Kameros,,,Humanoid,Tiefling,,,Male,Medium,9.0m,12.0m,75.0kg,1,"Main Hand Attack,Piercing Strike",Dagger,,FALSE,,,,,Flaming Fist,
Kanon,,,Humanoid,Tiefling,Ranger,,Male,Medium,9.0m,12.0m,75.0kg,3,,,,FALSE,,,,Arka (sibling),Tiefling refugees,
Kansif,,,Humanoid,Half-orc,Wizard,Evocation School,Male,Medium,9.0m,18.0m,100.0kg,75,"Cloud of Daggers,Cure Wounds,Fire Bolt,Fireball",,,FALSE,,,,,Cult of the Absolute,
Karad,,,Humanoid,Human,Ranger,,,Medium,9.0m,,75.0kg,40,"Hamstring Shot,Ranged Attack,Sneak Attack (Ranged)",Shortbow,,FALSE,,,,,Zhentarim,
Karlach,,,Humanoid,Tiefling,Barbarian,Berserker,Female,Medium,9.0m,12.0m,90.0kg,1,,,,FALSE,,,,"Pluck Cliffgate (father, deceased)Caerlack Cliffgate (mother, deceased)",,Fury of Avernus
Cashguard Basher Karol,,,Humanoid,Human,Paladin,,,Medium,9.0m,,75.0kg,250,"Main Hand Attack,Ranged Attack,Lay on Hands: Greater Healing,Blinding Smite,Divine Smite","Hand Crossbow,Maul",,FALSE,,,,,,
Fist Karoline,,,Humanoid,Human,Fighter,,Female,Medium,9.0m,,75.0kg,8,"Cleave,Lacerate,Main Hand Attack,Rush Attack,Sweeping Attack,Throw","Javelin,Halberd",,FALSE,,,,,Flaming Fist,
Karrik,,,Humanoid,Human,Druid,,Male,Medium,9.0m,,75.0kg,20,"Main Hand Attack,Poison Spray,Produce Flame,Wild Shape: Bear",Quarterstaff,,FALSE,,,,,Circle of the Emerald Grove,
Harper Karrow,,,Humanoid,Dwarf,Ranger,,Male,Medium,7.5m,12.0m,75.0kg,75,"Main Hand Attack,Piercing Shot,Piercing Strike,Ranged Attack","Light Crossbow,Dagger",,FALSE,,,,,Harpers,
Katelyn Lerskin,,,Humanoid,Human,Cleric,,Female,Medium,9.0m,,75.0kg,200,"Bless,Concussive Smash,Guiding Bolt,Main Hand Attack,Mass Healing Word,Prayer of Healing,Sacred Flame",Light Hammer,,FALSE,,,,,The Gur,
Kavil,,,Humanoid,Asmodeus tiefling,,,Female,Medium,9.0m,12.0m,75.0kg,1,,,,FALSE,,,,,Tiefling refugees,
Kepli,,,Humanoid,Gnome,,,Female,Small,7.5m,12.0m,75.0kg,1,,,,FALSE,,,,,,
Kepso,,,Humanoid,Human,Fighter,,Male,Medium,9.0m,,75.0kg,200,"Cleave,Lacerate,Main Hand Attack,Rush Attack,Sweeping Attack",Halberd,,FALSE,,,,,Flaming Fist,
Adept Keris,,,Humanoid,Drow,,,Female,Medium,9.0m,16.0m,75.0kg,140,"Command: Flee,Death Ward,Guardian of Faith,Guiding Bolt,Hunger of Hadar,Main Hand Attack,Sacred Flame,Topple",Quarterstaff,,FALSE,,,,,Cult of the Absolute,
Kerz,,,Humanoid,Half-orc,Paladin,Oath of Devotion,Male,Medium,9.0m,,1.0kg,1,,,,FALSE,,,,,,
Sa'varsh Kethk,,,Humanoid,Githyanki,Fighter,Battle Master,Male,Medium,9.0m,,75.0kg,75,"Brace (Ranged),Mental Instruction,Misty Step,Piercing Shot,Rally,Ranged Attack,Trip Attack (Ranged)",Githyanki Crossbow,,FALSE,,,,,Crèche Y'llek,Warfare Instructor
Mind Master Kettel,,,Humanoid,Dwarf,Wizard,,Female,Medium,7.5m,24.0m,75.0kg,75,"Invisibility (Duergar),Main Hand Attack,Mind Mastery,Mind Spike,Piercing Strike,Reduce (Duergar)",Dagger,,FALSE,,,,,Cult of the Absolute,Novice of the Absolute
Kevo Phogge,,,Humanoid,Human,,,Female,Medium,9.0m,30.0m,75.0kg,320,"Conjure Murder of Crows,Hail of Thorns,Mobile Shot,Piercing Shot,Piercing Strike,Ranged Attack,Stunning Gaze","Dagger,Hand Crossbow +1",,FALSE,,,,,Cult of Bhaal,
Raider Kharyk,,,Humanoid,Githyanki,,,,Medium,9.0m,,75.0kg,250,"Ranged Attack,Misty Step,Rally,Trip Attack (Ranged)",Githyanki Crossbow,,FALSE,,,,,Crèche Y'llek,
Refugee Khathi,,,Humanoid,Halfling,,,Female,Small,7.5m,,35.0kg,1,,,,FALSE,,,,,,
Warrior Khunaruth,,,Humanoid,Githyanki,,,Male,Medium,9.0m,,75.0kg,75,"Cleave,Disarming Attack (Melee),Enhance Leap,Main Hand Attack,Pommel Strike,Second Wind",Githyanki Greatsword,,FALSE,,,,,Githyanki (Faction),
Acolyte Kimmeral,,,Humanoid,Elf,Cleric,,Male,Medium,9.0m,12.0m,75.0kg,110,"Bless,Cure Wounds,Piercing Shot,Ranged Attack,Sacred Flame",Light Crossbow,,FALSE,,,,,Cult of the Absolute,
Kimmy,,,Humanoid,Human,,,Female,Small,9.0m,,25.0kg,,,,,FALSE,,,,Monifa Diallo (mother),,
Kirgrath,,,Humanoid,Dwarf,Ranger,,Male,Medium,7.5m,24.0m,75.0kg,75,"Brace (Ranged),Invisibility (Duergar),Main Hand Attack,Piercing Strike,Piercing Shot,Ranged Attack,Shove","Dagger,Heavy Crossbow",,FALSE,,,,,Clan Flameshade,
Tracker Kirz,,,Humanoid,Goblin,,,Female,Small,9.0m,12.0m,35.0kg,10,"Hamstring Shot,Nimble Escape,Ranged Attack",Goblin Bow,,FALSE,,,,,Cult of the Absolute,
Stonemason Kith,,,Humanoid,Dwarf,Fighter,,Male,Medium,7.5m,24.0m,75.0kg,75,"Backbreaker,Concussive Smash,Enlarge (Duergar),Main Hand Attack,Throw Stone,Weakening Strike",Warhammer,,FALSE,,,,,Clan Flameshade,
Kivak,,,Humanoid,Tiefling,,,Male,Medium,9.0m,12.0m,75.0kg,1,,,,FALSE,,,,,Tiefling refugees,
Fist Klaas,,,Humanoid,Human,Fighter,,Male,Medium,9.0m,,75.0kg,200,"Cleave,Lacerate,Main Hand Attack,Piercing Strike,Rush Attack,Sweeping Attack","Javelin,Halberd",,FALSE,,,,,Flaming Fist,
Tracker Klagga,,,Humanoid,Goblin,,,Male,Small,9.0m,12.0m,35.0kg,10,"Hamstring Shot,Nimble Escape,Ranged Attack",Goblin Bow,,FALSE,,,,,Cult of the Absolute,
Druid Klarrvox,,,Humanoid,Dragonborn,Druid,,Male,Medium,9.0m,,100.0kg,1,,,,FALSE,,,,,,
Night Blade Klarv,,,Humanoid,Human,,,Female,Medium,9.0m,30.0m,75.0kg,250,"Brace (Ranged),Piercing Shot,Ranged Attack",Heavy Crossbow,,FALSE,,,,,Cult of Bhaal,
Klaus,,,Humanoid,Wood elf,Sorcerer,Draconic Bloodline,,Medium,8.0m,12.0m,75.0kg,200,"Elemental Affinity: Resistance,Poison Breath,Poison Spray,Ray of Sickness,Stinking Cloud",,,FALSE,,,,,Circus of the Last Days,Assistant Sniffer
Zealot Klen,,,Humanoid,Human,Paladin,,Male,Medium,9.0m,,75.0kg,140,"Branding Smite,Cleave,Hamstring Shot,Lacerate,Lay on Hands: Greater Healing,Lay on Hands: Lesser Healing,Main Hand Attack,Ranged Attack,Rush Attack,Throw,Thunderous Smite,Abjure Enemy","Shortbow,Halberd",Caustic Bulb,FALSE,,,,,Cult of the Absolute,
Klorrvank,,,Humanoid,Dragonborn,,,Male,Medium,9.0m,,75.0kg,1,,,,FALSE,,,,,,
Varsh Ko'kuu,,,Humanoid,Githyanki,Fighter,Eldritch Knight,Male,Medium,9.0m,,75.0kg,75,"Astral Step,Brace (Ranged),Counterspell,Misty Step,Piercing Shot,Ranged Attack,Ray of Frost,Shatter,Shocking Grasp,Thunderwave",Githyanki Crossbow,,FALSE,,,,,Crèche Y'llek,Custodian of the Hatchery
Kolobeg,,,Humanoid,Human,,,Male,Medium,9.0m,,75.0kg,1,,,,FALSE,,,,,,
Komira,,,Humanoid,Tiefling,,,Female,Medium,9.0m,12.0m,75.0kg,1,Unarmed Strike,,,FALSE,,,,Locke (husband)Arabella (daughter),Tiefling refugees,
True Soul Korliss,,,Humanoid,Half-elf,Wizard,,Female,Medium,9.0m,12.0m,75.0kg,75,,,,FALSE,,,,,Cult of the Absolute,
Korrilla,,,Humanoid,Dwarf,,,Female,Small,9.0m,12.0m,75.0kg,75,"Acid Splash,Main Hand Attack,Poison Spray,Scorching Ray,Topple,Witch Bolt",Quarterstaff,,FALSE,,,,Hope (sister),,
Korrinna Koreena,,,Humanoid,Halfling,,,Female,Small,7.5m,,35.0kg,1,,,,FALSE,,,,,,
Warrior Kramp,,,Humanoid,Goblin,Fighter,,Male,Small,9.0m,12.0m,35.0kg,15,"Lacerate,Main Hand Attack,Menacing Attack (Melee),Throw Stone",,,FALSE,,,,,Cult of the Absolute,
Kravatt,,,Humanoid,Gnome,,,Male,Small,7.5m,12.0m,35.0kg,1,,,,FALSE,,,,,,
Kree Derryck,,,Humanoid,Dwarf,Warlock,The Great Old One,Female,Medium,8.0m,,75.0kg,1,,,,FALSE,,,,,,
Kressa Bonedaughter,,,Humanoid,Human,Wizard,Evocation School,Female,Medium,9.0m,,75.0kg,140,"Bone Chill,Concussive Smash,Fireball,Incubate Death,Main Hand Attack,Misty Step,Tenacity,Weakening Strike,Shield",Myrkulite Scourge,,FALSE,,,,Maghtew Budj (husband),Cult of Myrkul,Mistress of Souls
Kristeen Hazel,,,Humanoid,Dwarf,,,Female,Medium,7.5m,12.0m,75.0kg,1,,,,FALSE,,,,Garron Flintsplitter (husband)Ramona Flintsplitter (mother-in-law)Gizelle Flintsplitter (sister-in-law),,
Zealot Krizt,,,Humanoid,Human,Paladin,,Female,Medium,9.0m,,75.0kg,140,"Branding Smite,Cleave,Lacerate,Lay on Hands: Greater Healing,Lay on Hands: Lesser Healing,Main Hand Attack,Ranged Attack,Rush Attack,Thunderous Smite,Abjure Enemy","Shortbow,Halberd",,FALSE,,,,,Cult of the Absolute,
Krolla,,,Humanoid,Goblin,,,Female,Small,9.0m,12.0m,35.0kg,10,"Flourish,Lacerate,Main Hand Attack",Goblin Scimitar,,FALSE,,,,,Cult of the Absolute,
Dead Goblin Raider,,,Humanoid,Goblin,Warlock,,Male,Small,9.0m,12.0m,35.0kg,2,,,,FALSE,,,,,Cult of the Absolute,
Night Blade Kryss,,,Humanoid,Dwarf,,,Female,Medium,7.5m,30.0m,75.0kg,320,Ranged Attack,Heavy Crossbow,,FALSE,,,,,Cult of Bhaal,
Stone Guard Kur,,,Humanoid,Dwarf,Ranger,,Female,Medium,7.5m,24.0m,75.0kg,75,"Brace (Ranged),Ensnaring Strike (Ranged),Hunter's Mark,Main Hand Attack,Piercing Shot,Piercing Strike,Ranged Attack,Shove","Dagger,Heavy Crossbow",,FALSE,,,,,Clan Flameshade,
Ardent Kur'ashk,,,Humanoid,Githyanki,,,Male,Medium,9.0m,,75.0kg,75,"Flourish,Main Hand Attack,Misty Step,Piercing Strike,Psychic Rend",Githyanki Shortsword,,FALSE,,,,,Crèche Y'llek,
Fist Kuthbert,,,Humanoid,Human,Fighter,,Male,Medium,9.0m,,75.0kg,250,"Cleave,Lacerate,Main Hand Attack,Piercing Strike,Rush Attack,Sweeping Attack","Javelin,Halberd",,FALSE,,,,,Flaming Fist,
Fist Kyberos,,,Humanoid,Human,Ranger,,,Medium,9.0m,,75.0kg,200,"Brace (Ranged),Ensnaring Strike (Ranged),Piercing Strike,Ranged Attack,Volley",Heavy Crossbow,,FALSE,,,,,Flaming Fist,
Kydden,,,Humanoid,Dwarf,,,Male,Medium,7.5m,9.0m,75.0kg,1,,,,FALSE,,,,,,
Kyr’das,,,Humanoid,Githyanki,,,Male,Small,9.0m,,25.0kg,1,,,,FALSE,,,,,Crèche Y'llek,
Raider Kyrr'a'ath,,,Humanoid,Githyanki,,,Male,Medium,9.0m,,75.0kg,75,"Brace (Ranged),Misty Step,Piercing Shot,Ranged Attack,Rally,Trip Attack (Ranged)",Githyanki Crossbow,,FALSE,,,,,Crèche Y'llek,
Lacy Dancer,,,Humanoid,Elf,,,Female,Medium,9.0m,16.0m,75.0kg,320,"Flourish,Main Hand Attack,Piercing Strike",Shortsword,,FALSE,,,,,Zhentarim,
Lady Ague,,,Humanoid,Human,Fighter,,,Medium,9.0m,,75.0kg,320,"Main Hand Attack,Cunning Action: Dash",Rapier +1,,FALSE,,,,,The Guild,Nine-Fingers' Bodyguard
Lady Croup,,,Humanoid,Half-elf,Bard,,Female,Medium,9.0m,12.0m,75.0kg,320,"Blindness,Bardic Inspiration,Brace (Ranged),Cunning Action: Dash,Faerie Fire,Hamstring Shot,Ranged Attack,Sneak Attack (Ranged)",Longbow +1,,FALSE,,,,,The Guild,Nine-Fingers' Bodyguard
Lady Durinbold's Attendant,,,Humanoid,Elf,Ranger,,Female,Medium,9.0m,12.0m,75.0kg,250,"Flourish,Lacerate,Main Hand Attack",Scimitar +1,,FALSE,,,,,,
Lady Durinbold's Bodyguard,,,Humanoid,Half-orc,Fighter,Battle Master,Female,Medium,,,,,"Lacerate,Main Hand Attack,Pommel Strike,Rush Attack,Feinting Attack",Longsword +1,,FALSE,,,,,,
Lady Flux,,,Humanoid,Elf,Barbarian,Wildheart,Female,Medium,9.0m,12.0m,75.0kg,320,"Main Hand Attack,Rage: Wolf Heart,Reckless Attack,Versatile Sneak Attack (Melee),Cunning Action: Dash",Greataxe +1,,FALSE,,,,,The Guild,Nine-Fingers' Bodyguard
Lady Lockjaw,,,Humanoid,Dwarf,Rogue,,Female,Medium,7.5m,12.0m,75.0kg,320,"Cunning Action: Dash,Sneak Attack (Melee),Sneak Attack (Ranged), Ranged Attack","Longbow +1,Dagger",,FALSE,,,,,The Guild,Nine-Fingers' Bodyguard
Lady Oberon's Bodyguard,,,Humanoid,Dragonborn,Fighter,Battle Master,Female,Medium,9.0m,,75.0kg,250,"Cleave,Main Hand Attack,Pommel Strike,Trip Attack (Melee)",Greatsword +1,,FALSE,,,,,,
Lady Quinsy,,,Humanoid,Human,Fighter,,,Medium,9.0m,,75.0kg,320,"Main Hand Attack,Cunning Action: Dash",Rapier +1,,FALSE,,,,,The Guild,Nine-Fingers' Bodyguard
Lady Whitburn,,,Humanoid,Elf,,,Female,Medium,9.0m,12.0m,35.0kg,1,,,,FALSE,,,,Lord Whitburn (spouse)Lady Madeline Whitburn (family member),,
Lae'zel,,,Humanoid,Githyanki,Fighter,Battle Master,Female,Medium,9.0m,,75.0kg,1,,,,FALSE,,,,,,The Githyanki Warrior
Laila,,,Humanoid,Human,,,Female,Medium,9.0m,,75.0kg,1,,,,FALSE,,,,,,
Lakrissa,,,Humanoid,Tiefling,Ranger,,Female,Medium,9.0m,12.0m,75.0kg,20,"Brace (Ranged),Hamstring Shot,Main Hand Attack,Ranged Attack",Longbow,,FALSE,,,,,Tiefling refugees,
Sharran Fidelian Lamona,,,Humanoid,Elf,Wizard,,Female,Medium,9.0m,24.0m,75.0kg,320,"Beckoning Darkness,Bone Chill,Darkness,Main Hand Attack,Shadow Step,Topple",Quarterstaff,,FALSE,,,,,Church of Shar,
Harper Lanni,,,Humanoid,Halfling,Ranger,,Female,Small,7.5m,,35.0kg,110,"Hamstring Shot,Main Hand Attack,Piercing Strike,Ranged Attack","Longbow,Dagger",,FALSE,,,,,Harpers,
Gondian Lanpos Biggs,,,Humanoid,Gnome,,,Male,Small,7.5m,12.0m,35.0kg,8,,,,FALSE,,,,Manser Biggs (husband)Grindo Biggs (son)Hastar Biggs (son),Church of Gond,
Larca Mena,,,Humanoid,Elf,,,Female,Medium,9.0m,12.0m,75.0kg,1,,,,FALSE,,,,,,
Fist Larche,,,Humanoid,Dwarf,Ranger,,Female,Medium,7.5m,12.0m,75.0kg,140,"Brace (Ranged),Ensnaring Strike (Ranged),Piercing Shot,Ranged Attack,Volley",Heavy Crossbow,,FALSE,,,,,Flaming Fist,
Apprentice Laridda,,,Humanoid,Gnome,,,Female,Small,7.5m,24.0m,35.0kg,75,,,,FALSE,,,,Philomeen (ex-partner),Clan Ironhand,
Fist Larys,,,Humanoid,Tiefling,Fighter,Battle Master,Female,Medium,9.0m,12.0m,75.0kg,200,"Backbreaker,Concussive Smash,Main Hand Attack,Trip Attack (Melee),Weakening Strike",Warhammer,,FALSE,,,,,Flaming Fist,
Harper Lassandra,,,Humanoid,Human,Fighter,,Female,Medium,9.0m,,75.0kg,75,"Lacerate,Main Hand Attack,Off-Hand Attack (Melee)","Handaxe +1,Torch",,FALSE,,,,,Harpers,
Captain Leafsong,,,Humanoid,Elf,Druid,Circle of the Moon,Male,Medium,9.0m,12.0m,75.0kg,400,"Hold Person,Lesser Restoration,Main Hand Attack,Polymorph,Sunbeam,Thorn Whip,Wild Shape: Earth Myrmidon",Scimitar,,FALSE,,,,,Harpers,
Leary Dowse,,,Humanoid,Human,,,Female,Medium,9.0m,,75.0kg,1,,,,FALSE,,,,,,
Leepak Brislen,,,Humanoid,Human,,,Female,Medium,9.0m,,75.0kg,1,,,,FALSE,,,,Dharin Brislen (husband)Bunny (daughter)Blossom (daughter),,
Lens the Journalist,,,Humanoid,Tiefling,,,Female,Medium,9.0m,12.0m,75.0kg,1,,,,FALSE,,,,,,
Lester Farrower,,,Humanoid,Dwarf,,,Male,Medium,7.5m,12.0m,75.0kg,1,,,,FALSE,,,,,,
Leucis Kallista,,,Humanoid,Tiefling,,,Male,Medium,9.0m,9.0m,25.0kg,,,,,FALSE,,,,Rozes Kallista (wife)Iados Kallista (son)Nemi Kallista (daughter),,
Dead Cultist,,,Humanoid,Human,Paladin,,,Medium,9.0m,,75.0kg,8,,,,FALSE,,,,,Cult of the Absolute,
Manip Leythim,,,Humanoid,Human,Fighter,,Male,Medium,9.0m,,75.0kg,250,Sweeping Attack,,,FALSE,,,,Henrietta Hhune (ex-fiancé),Flaming Fist,
Li'l Fezmor,,,Humanoid,Human,Rogue,,Female,Small,9.0m,,25.0kg,0,,,,FALSE,,,,,The Guild,Fetcher's Brats
Lia,,,Humanoid,Tiefling,Ranger,,Female,Medium,9.0m,12.0m,75.0kg,20,Ranged Attack,Shortbow,,FALSE,,,,Rolan (brother)Cal (brother),Tiefling refugees,
Feloguard Liadan,,,Humanoid,Human,,,Female,Medium,9.0m,,75.0kg,320,"Main Hand Attack,Rush Attack,Voice of Command",Spear,,FALSE,,,,,Cult of Bane,
Liam,,,Humanoid,Human,,,Male,Medium,9.0m,,75.0kg,1,,,,FALSE,,,,,,
Blaze Liara Portyr,,,Humanoid,Human,Fighter,Battle Master,Female,Medium,9.0m,,75.0kg,320,"Cleave,Flaming Fury,Lacerate,Main Hand Attack,Prepare",Greataxe +1,,FALSE,,,,Duke Dillard Portyr (uncle),Flaming Fist,Commander of the Flaming Fist Headquarters
Librarian Eternal Debtor,,,Undead,Skeleton,,,,Medium,9.0m,12.0m,20.0kg,210,"Bone Chill,Forever Indebted",,,FALSE,,,,,House of Hope,
Harper Lilineth,,,Humanoid,Dwarf,Ranger,,Female,Medium,7.5m,12.0m,75.0kg,110,"Hamstring Shot,Main Hand Attack,Piercing Strike,Ranged Attack","Longbow,Dagger",,FALSE,,,,,Harpers,
Lilly Beanbottom,,,Humanoid,Human,,,Female,Small,9.0m,,25.0kg,,,,,FALSE,,,,,,
Gondian Lilly Tilly,,,Humanoid,Gnome,,,Female,Small,7.5m,12.0m,35.0kg,140,"Acid Splash,Concussive Smash,Grease,Main Hand Attack,Melf's Acid Arrow,Misty Step",Light Hammer,,FALSE,,,,,Church of Gond,
Limeburn Sphagwood,,,Humanoid,Human,,,Male,Medium,9.0m,,75.0kg,250,"Acid Splash,Main Hand Attack,Melf's Acid Arrow,Piercing Strike,Ray of Sickness",Dagger,,FALSE,,,,,Cult of Bane,
Professor Limeleech,,,Humanoid,Drow,Wizard,,Female,Medium,9.0m,16.0m,75.0kg,250,"Blight,Cloudkill,Misty Step,Web,Wild Shape: Spider",,,FALSE,,,,,Society of Brilliance,Society of Brilliance
Limmy,,,Humanoid,Human,,,Male,Medium,9.0m,,75.0kg,1,,,,FALSE,,,,,,
Ardent Lin'a'an,,,Humanoid,Githyanki,,,Male,Medium,9.0m,,75.0kg,75,"Flourish,Main Hand Attack,Misty Step,Piercing Strike,Psychic Rend,Sleep",Githyanki Shortsword,,FALSE,,,,,Crèche Y'llek,
Linsella,,,Humanoid,Halfling,Ranger,,Female,Small,7.5m,,35.0kg,110,"Lacerate,Main Hand Attack,Mobile Shot,Piercing Shot,Ranged Attack","Hand Crossbow,Cleaver",,FALSE,,,,,Cult of the Absolute,True Soul of the Absolute
Fist Lionel,,,Humanoid,Human,Ranger,,Male,Medium,9.0m,,75.0kg,200,"Brace (Ranged),Ensnaring Strike (Ranged),Ranged Attack,Piercing Shot,Volley",Heavy Crossbow,,FALSE,,,,,Flaming Fist,
Prelate Lir'i'c,,,Humanoid,Githyanki,Monk,Way of the Open Hand,Female,Medium,13.5m,,75.0kg,500,"Ki Resonation: Blast,Ki Resonation: Punch,Ki Resonation: Punch (Bonus Action),Step of the Wind: Disengage,Unarmed Strike (Monk)",,,TRUE,,,,,Warriors of the Comet,Chief of Orpheus' Honour Guard
Listelia Dryselis,,,Humanoid,Dragonborn,,,Female,Medium,9.0m,,100.0kg,1,,,,FALSE,,,,Droralias Dryselis (sister),Knights of the Shield,
Listless,,,Humanoid,Human,,,Male,Medium,9.0m,,75.0kg,1,,,,FALSE,,,,,,
Reaper of Bhaal Liya,,,Humanoid,Human,,,,Medium,9.0m,30.0m,75.0kg,400,"Main Hand Attack,Shroud Self",Murderous Cut,,FALSE,,,,,Cult of Bhaal,
Devastator Lizabett,,,Humanoid,Hobgoblin,Wizard,,Male,Medium,9.0m,16.0m,75.0kg,400,"Fire Bolt,Chromatic Orb: Fire,Main Hand Attack,Topple",Quarterstaff,,FALSE,,,,,Cult of Bhaal,
Iron Consul Lo,,,Humanoid,Human,,,Male,Medium,9.0m,,75.0kg,320,"Main Hand Attack,Voice of Command",Spear +1,,FALSE,,,,,Cult of Bane,
Lo Blank,,,Humanoid,Human,,,Female,Medium,9.0m,,75.0kg,250,"Brace (Ranged),Hamstring Shot,Ranged Attack",Longbow,,FALSE,,,,,The Guild,
Lobo Denysse,,,Humanoid,Gnome,Barbarian,Wildheart,Female,Small,7.5m,12.0m,35.0kg,250,"Rage: Wolf Heart,Reckless Attack,Sneak Attack (Melee)",,,FALSE,,,,,,
Lochan,,,Humanoid,Human,Fighter,,Female,Medium,9.0m,,75.0kg,200,"Cleave,Lacerate,Rush Attack,Trip Attack (Melee), Main Hand Attack",Halberd,,FALSE,,,,,Flaming Fist,
Locke,,,Humanoid,Tiefling,,,Male,Medium,9.0m,12.0m,75.0kg,1,Unarmed Strike,,,FALSE,,,,Komira (wife)  Arabella (daughter),Tiefling refugees,
Lockhorn,,,Humanoid,Tiefling,,,Female,Medium,9.0m,12.0m,1.0kg,1,,,,FALSE,,,,,,
Loic,,,Humanoid,Halfling,Fighter,,Male,Small,7.5m,,35.0kg,20,"Concussive Smash,Main Hand Attack",Club,,FALSE,,,,,Circle of the Emerald Grove,
Lolo Fuzzletoes,,,Humanoid,Halfling,,,,Small,7.5m,,35.0kg,1,,,,FALSE,,,,,,
Sharp-Eye Lora,,,Humanoid,Goblin,Ranger,,Female,Small,9.0m,12.0m,35.0kg,75,"Ensnaring Strike (Ranged),Hamstring Shot,Nimble Escape,Ranged Attack,Worg Companion",Goblin Bow,,FALSE,,,,,Cult of the Absolute,
Lora,,,Humanoid,Human,Cleric,Light Domain,Female,Medium,9.0m,,75.0kg,250,"Guiding Bolt,Radiance of the Dawn,Sacred Flame,Spirit Guardians",,,FALSE,,,,Vanra Bergauz (Daughter)Lenore the Fleet (Mother),,
Lord Amber's Bodyguard,,,Humanoid,Half-elf,Monk,,Male,Medium,15.0m,12.0m,75.0kg,250,Unarmed Strike,,,FALSE,,,,,,
Lord Jannath's Bodyguard,,,Humanoid,Human,Barbarian,,,Medium,9.0m,,75.0kg,250,"Disarming Strike,Frenzied Strike,Main Hand Attack,Piercing Strike,Reckless Attack",Trident +1,,FALSE,,,,,,
Lord Portyr's Attendant,,,Humanoid,Human,Wizard,,,Medium,9.0m,,75.0kg,250,"Fire Bolt,Main Hand Attack,Scorching Ray",Quarterstaff,,FALSE,,,,,,
Lord Portyr's Bodyguard,,,Humanoid,Half-elf,Ranger,,Male,Medium,9.0m,12.0m,75.0kg,250,"Hail of Thorns,Hamstring Shot,Ranged Attack",Longbow,,FALSE,,,,,,
Lord Shattershield's Attendant,,,Humanoid,Gnome,Ranger,,Male,Small,7.5m,12.0m,35.0kg,250,"Hunter's Mark,Mobile Shot,Piercing Shot,Ranged Attack",Hand Crossbow +1,,FALSE,,,,,,
Lord Shattershield's Bodyguard,,,Humanoid,Halfling,Wizard,,Male,Small,7.5m,,35.0kg,250,"Armour of Agathys,Main Hand Attack,Ray of Frost,Witch Bolt",Quarterstaff,,FALSE,,,,,,
Lord Whitburn,,,Humanoid,Human,,,Male,Medium,9.0m,,35.0kg,1,,,,FALSE,,,,Lady Whitburn (spouse)Lady Madeline Whitburn (family member),,
Lorin,,,Humanoid,Elf,Wizard,,Male,Medium,9.0m,9.0m,75.0kg,10,"Blindness,Main Hand Attack,Piercing Strike,Shocking Grasp",Dagger,,FALSE,,,,,,
Lorlarrio,,,Humanoid,Dwarf,Bard,College of Lore,,Medium,7.5m,24.0m,75.0kg,250,"Combat Inspiration,Misty Step,Perform (Flute),Polymorph,Vicious Mockery,Tasha's Hideous Laughter",,,FALSE,,,,,Society of Brilliance,Society of Brilliance
Lorna Esthelian,,,Humanoid,Half-elf,,,Female,Medium,9.0m,12.0m,75.0kg,1,,,,FALSE,,,,,,
Lorroakan,,,Humanoid,Human,Wizard,Evocation School,Male,Medium,10.0m,,10.0kg,400,"Chromatic Orb: Poison, Cone of Cold, Elemental Retort, Fire Bolt, Fireball, Fly (class action), Lightning Bolt, Mirror Image, Misty Step, Poison Spray, Ray of Frost, Shocking Grasp",,,TRUE,,,,,,
Lorroakan's Projection,,,Humanoid,,,,,Medium,9.0m,,75.0kg,250,,,,FALSE,,,,,,
Geezer Loryss,,,Humanoid,Human,,,,Medium,1.0m,,75.0kg,1,,,,FALSE,,,,,,
Losiir,,,Humanoid,Githyanki,Fighter,,Male,Medium,9.0m,,75.0kg,1,,,,FALSE,,,,,,
Fist Loudstone,,,Humanoid,Dwarf,Ranger,,Male,Medium,7.5m,12.0m,75.0kg,200,"Brace (Ranged),Ensnaring Strike (Ranged),Piercing Shot,Ranged Attack,Volley",Heavy Crossbow,,FALSE,,,,,Flaming Fist,
Gondian Lowa,,,Humanoid,Gnome,,,Female,Small,7.5m,12.0m,35.0kg,250,"Burning Hands,Fire Bolt,Misty Step,Scorching Ray,Thunderwave",,,FALSE,,,,,Church of Gond,
Loyal Eternal Debtor,,,Humanoid,Human,,,,Medium,9.0m,12.0m,75.0kg,1,Forever Indebted,,,FALSE,,,,,House of Hope,
Lu La Forza,,,Humanoid,Human,,,Female,Medium,9.0m,,75.0kg,320,,,,FALSE,,,,Bendobrus (lover),Church of Gond,Chief Artificer Forza
News Hawker Luan,,,Humanoid,Human,,,Male,Small,9.0m,,25.0kg,1,,,,FALSE,,,,,,
Lucretious,,,Humanoid,Elf,Wizard,Necromancy School,Female,Medium,9.0m,12.0m,75.0kg,200,"Animate Dead: Skeleton Squad,Arms of Hadar,Blight,Bone Chill,Hunger of Hadar,Inflict Wounds",,,FALSE,,,,,Circus of the Last Days,Bringer of the Night
Lug,,,Humanoid,Elf,,,Female,Medium,9.0m,12.0m,75.0kg,1,,,,FALSE,,,,,,
Lugarrio,,,Humanoid,Halfling,,,Male,Small,7.5m,,75.0kg,320,"Flourish,Main Hand Attack,Piercing Strike",Shortsword,,FALSE,,,,,Zhentarim,
Strangler Luke,,,Humanoid,Human,Monk,,,Medium,9.0m,30.0m,75.0kg,400,Throat Punch,,,FALSE,,,,,,
Lunkbug,,,Humanoid,Gnome,,,Male,Small,7.5m,24.0m,35.0kg,75,,,,FALSE,,,,Beldron (husband),Clan Ironhand,
Lurgan,,,Humanoid,Dwarf,Cleric,,Male,Medium,7.5m,24.0m,75.0kg,75,"Concussive Smash,Glyph of Warding: Lightning,Guiding Bolt,Healing Word,Invisibility (Duergar),Main Hand Attack,Sacred Flame,Silence",Light Hammer,,FALSE,,,,,,
Veteran Raider Ly'iss,,,Humanoid,Githyanki,,,,Medium,9.0m,,75.0kg,250,"Ranged Attack,Misty Step,Ensnaring Strike (Ranged)",Githyanki Crossbow,,FALSE,,,,,Githyanki (Faction),
Lyldara,,,Humanoid,Elf,,,Female,Medium,9.0m,12.0m,75.0kg,1,,,,FALSE,,,,,,
Harper Lymn,,,Humanoid,Tiefling,Ranger,,Female,Medium,9.0m,12.0m,75.0kg,90,"Brace (Ranged),Hail of Thorns,Hamstring Shot,Ranged Attack",Longbow,,FALSE,,,,,Harpers,
Lyrux Goldthroat,,,Humanoid,Dragonborn,,,Female,Medium,9.0m,,100.0kg,320,,,,FALSE,,,,,The Guild,
Death's Head of Bhaal M'alice,,,Humanoid,Human,,,Female,Medium,9.0m,30.0m,75.0kg,250,"Flourish,Lacerate,Main Hand Attack,Piercing Strike,Stunning Gaze",Murderous Cut,,FALSE,,,,,Cult of Bhaal,
Ember Gish'ra M'i'hayk,,,Humanoid,Githyanki,Monk,Way of the Four Elements,Male,Medium,13.5m,,75.0kg,200,"Embrace of the Inferno,Flames of the Phoenix,Flurry of Blows,Step of the Wind: Dash,Unarmed Strike (Monk)",,,FALSE,,,,,Warriors of the Comet,
Ma Festina,,,Humanoid,Human,,,Female,Medium,9.0m,,75.0kg,1,,,,FALSE,,,,Zerillo (child),,
Veteran Warrior Ma'athal,,,Humanoid,Githyanki,,,,Medium,9.0m,,75.0kg,200,"Disarming Attack (Melee),Enhance Leap,Main Hand Attack,Second Wind",Githyanki Greatsword,,FALSE,,,,,,
Madalitso,,,Humanoid,Human,,,Male,Medium,9.0m,,75.0kg,1,,,,FALSE,,,,Nafula (daughter),,
Maddala Deadeye,,,Humanoid,Human,Rogue,,Female,Medium,9.0m,,75.0kg,1,,,,FALSE,,,,,,
Madeline Whitburn,,,Humanoid,Elf,,,Female,Medium,9.0m,,75.0kg,1,,,,FALSE,,,,⁠WhitburnLady Whitburn (familiy member)Lord Whitburn (family member),,Lady of Baldur's Gate
Fist Madigan,,,Humanoid,Human,Ranger,,Male,Medium,9.0m,,75.0kg,200,"Brace (Ranged),Ensnaring Strike (Ranged),Ranged Attack,Piercing Shot,Silence,Volley",Heavy Crossbow,,FALSE,,,,,Flaming Fist,
Fist Healer Madstene,,,Humanoid,Dwarf,Cleric,,,Medium,7.5m,12.0m,75.0kg,10,"Aid,Backbreaker,Calm Emotions,Command: Grovel,Concussive Smash,Crusader's Mantle,Main Hand Attack,Mass Cure Wounds,Sacred Flame,Weakening Strike",Warhammer,,FALSE,,,,,Flaming Fist,
Feloguard Maeve,,,Humanoid,Half-elf,,,Female,Medium,9.0m,12.0m,75.0kg,320,"Main Hand Attack,Rush Attack,Voice of Command",Spear,,FALSE,,,,,Cult of Bane,
Maggie Ni Chuirc,,,Humanoid,Human,Fighter,Battle Master,Female,Medium,9.0m,,75.0kg,250,"Disarming Strike,Main Hand Attack,Menacing Attack (Melee)",Spear,,FALSE,,,,Aideen Ni Chuirc (sibling),Dead Eyes,Member of the Dead Eyes
Maggran,,,Humanoid,Half-elf,Druid,,Male,Medium,9.0m,12.0m,75.0kg,20,"Blur,Main Hand Attack,Produce Flame,Silence,Wild Shape: Bear",Club,,FALSE,,,,,Circle of the Emerald Grove,
Maghtew Budj,,,Humanoid,Human,Wizard,,Male,Medium,9.0m,,75.0kg,140,"Concussive Smash,Main Hand Attack,Misty Step,Ray of Sickness,Tenacity,Weakening Strike",Flail of Myrkul,,FALSE,,,,Kressa Bonedaughter (wife),Cult of Myrkul,Skull Lasher
Ward Magmar,,,Humanoid,Dwarf,Fighter,,Male,Medium,7.5m,24.0m,75.0kg,75,"Enlarge (Duergar),Maiming Strike,Main Hand Attack,Piercing Strike,Weakening Strike",War Pick,,FALSE,,,,,Clan Flameshade,
Fist Magnolia,,,Humanoid,Dwarf,Ranger,,Female,Medium,7.5m,12.0m,75.0kg,250,"Ensnaring Strike (Ranged),Piercing Shot,Ranged Attack,Volley",Heavy Crossbow,,FALSE,,,,,Flaming Fist,
Magron,,,Humanoid,Drow,,,Female,Medium,9.0m,,75.0kg,1,,,,FALSE,,,,,,
Mahrin,,,Humanoid,Halfling,,,,Small,7.5m,,35.0kg,5,,,,FALSE,,,,,Cult of the Absolute,Novice of the Absolute
Night Blade Maireadh,,,Humanoid,Human,,,,Medium,9.0m,30.0m,75.0kg,400,Main Hand Attack,Dagger,,FALSE,,,,,Cult of Bhaal,
Night Blade Majjo,,,Humanoid,Human,,,,Medium,9.0m,30.0m,75.0kg,400,Ranged Attack,Longbow,,FALSE,,,,,Cult of Bhaal,
Fist Malayah,,,Humanoid,Human,Fighter,,Female,Medium,9.0m,,75.0kg,250,"Main Hand Attack,Rush Attack,Trip Attack (Melee)",Spear,,FALSE,,,,,Flaming Fist,
Malek Stones,,,Humanoid,Dwarf,,,Male,Medium,7.5m,12.0m,75.0kg,1,,,,FALSE,,,,,,
Iron Consul Malik the Cruel,,,Humanoid,Half-orc,Fighter,,,Medium,9.0m,,100.0kg,320,"Main Hand Attack,Ranged Attack,Voice of Command","Hand Crossbow,Spear +1",,FALSE,,,,,Cult of Bane,
Zealot Malik,,,Humanoid,Human,Paladin,Oath of Vengeance,Male,Medium,9.0m,,75.0kg,140,"Branding Smite,Cleave,Hamstring Shot,Lacerate,Lay on Hands: Greater Healing,Lay on Hands: Lesser Healing,Main Hand Attack,Ranged Attack,Rush Attack,Throw,Thunderous Smite,Abjure Enemy","Shortbow,Halberd",Caustic Bulb,FALSE,,,,,Cult of the Absolute,
Mama Falice,,,Humanoid,Human,,,Female,Medium,9.0m,,75.0kg,1,,,,FALSE,,,,Hazelnut (son),,
Mandii Harvestmoon,,,Humanoid,Human,,,Female,Medium,1.0m,,75.0kg,1,,,,FALSE,,,,,,
Mango,,,Humanoid,Elf,,,Female,Medium,9.0m,12.0m,75.0kg,1,,,,FALSE,,,,,The Guild,Guild Member
Gondian Manser Biggs,,,Humanoid,Gnome,,,Male,Small,7.5m,12.0m,35.0kg,320,"Acid Splash,Grease,Melf's Acid Arrow,Misty Step",,,FALSE,,,,Lanpos Biggs (husband)Hastar Biggs (son)Grindo Biggs (son),Church of Gond,
Harper Manus,,,Humanoid,Human,Ranger,,Male,Medium,9.0m,,75.0kg,90,"Hamstring Shot,Hunter's Mark,Main Hand Attack,Piercing Strike,Ranged Attack","Shortbow,Dagger",,FALSE,,,,,Harpers,
Saer Manzarde,,,Humanoid,Elf,,,Male,Medium,10.5m,,75.0kg,1,,,,FALSE,,,,,,
Angry Mar'hyah,,,Humanoid,Human,,,,Medium,9.0m,,75.0kg,200,,,,FALSE,,,,,,
Marcoryl,,,Humanoid,Half-elf,Druid,,Male,Medium,9.0m,12.0m,75.0kg,20,"Concussive Smash,Cure Wounds,Healing Word,Lesser Restoration,Main Hand Attack,Shillelagh",Club,,FALSE,,,,,Circle of the Emerald Grove,
Margolenn,,,Humanoid,Gnome,,,Male,Small,7.5m,12.0m,35.0kg,1,,,,FALSE,,,,,,
Mari,,,Humanoid,Human,Rogue,,Female,Medium,9.0m,,75.0kg,15,"Main Hand Attack,Ranged Attack,Sneak Attack (Melee),Sneak Attack (Ranged)","Shortbow,Dagger",,FALSE,,,,,Overgrown Ruin Looters,
Marie Taylira,,,Humanoid,Elf,,,Female,Medium,9.0m,12.0m,75.0kg,8,,,,FALSE,,,,,,
Flaming Fist Mercenary,,,Humanoid,Human,,,Female,Medium,9.0m,,75.0kg,4,,,,FALSE,,,,,Flaming Fist,
Chef Marjoram,,,Humanoid,Human,,,Male,Medium,9.0m,,75.0kg,1,,,,FALSE,,,,,,
Markiza,,,Humanoid,Human,,,Female,Small,9.0m,,25.0kg,1,,,,FALSE,,,,,,
Marlono Rhandle,,,Humanoid,Human,,,Male,Medium,9.0m,,75.0kg,1,Dash,,,FALSE,,,,,Church of Gond,
Acolyte Marls,,,Humanoid,Human,Cleric,,Male,Medium,9.0m,,75.0kg,110,"Bless,Branding Smite (Melee),Cure Wounds,Lay on Hands: Greater Healing,Lay on Hands: Lesser Healing,Piercing Shot,Ranged Attack,Sacred Flame,Thunderous Smite",Light Crossbow,,FALSE,,,,,Cult of the Absolute,
Marpha Golewits,,,Humanoid,Human,,,,Medium,1.0m,,75.0kg,1,Unarmed Strike,,,FALSE,,,,Ben Golewits (husband)Cinta Golewits (daughter),,
Dead Toll Collector,,,Humanoid,Human,,,Male,Medium,1.0m,,75.0kg,1,,,,FALSE,,,,,,
Iron Consul Marten the Hammer,,,Humanoid,Half-orc,Fighter,,Male,Medium,9.0m,18.0m,100.0kg,320,"Main Hand Attack,Ranged Attack,Voice of Command,Goading Attack (Melee)","Hand Crossbow,Spear +1",,FALSE,,,,,Cult of Bane,
Martina,,,Humanoid,Human,,,Female,Medium,9.0m,,75.0kg,1,,,,FALSE,,,,Bertram (partner),,
Mask of Regret,,,Humanoid,Halfling,,,Female,Small,7.5m,,35.0kg,40,"Concussive Smash,Curse of Regret,Main Hand Attack",Club,,FALSE,,,,,Anti-Hag Support Group,
Mask of Servitude,,,Humanoid,Tiefling,,,Female,Medium,9.0m,9.0m,75.0kg,40,"Boon of Servitude,Throw",,,FALSE,,,,,,
Mask of Servitude (The Blushing Mermaid),,,Humanoid,Dwarf,Bard,,Female,Medium,7.5m,,75.0kg,320,"Bardic Inspiration,Boon of Servitude",,,FALSE,,,,,,
Mask of Terror (Overgrown Tunnel),,,Humanoid,Human,,,Male,Medium,9.0m,,75.0kg,40,"Curse of Terror,Brace (Ranged),Hamstring Shot,Ranged Attack",Longbow,,FALSE,,,,,,
Mask of Terror (The Blushing Mermaid),,,Humanoid,High-Elf,Monk,,Male,Medium,9.0m,12.0m,75.0kg,320,"Curse of Terror,Fist of Unbroken Air",,,FALSE,,,,,,
Mask of Vengeance (Overgrown Tunnel),,,Humanoid,Half-elf,,,Female,Medium,9.0m,16.0m,75.0kg,40,"Backbreaker,Concussive Smash,Main Hand Attack,Vengeful Strike,Weakening Strike",Warhammer,,FALSE,,,,,,
Mask of Vengeance (The Blushing Mermaid),,,Humanoid,Human,Barbarian,,Male,Medium,9.0m,,75.0kg,320,"Main Hand Attack,Rage: Bear Heart",Greataxe,,FALSE,,,,,,
Matey Tallhamper,,,Humanoid,Elf,,,Male,Medium,9.0m,12.0m,75.0kg,1,,,,FALSE,,,,,,
Matthurny,,,Humanoid,Dwarf,,,Male,Medium,7.5m,9.0m,75.0kg,1,,,,FALSE,,,,,,
Mattis,,,Humanoid,Tiefling,,,Male,Small,9.0m,12.0m,25.0kg,1,,,,FALSE,,,,Silfy (sister),Tiefling refugees,Collector of Valued Objects
Maude,,,Humanoid,Elf,,,Female,Medium,1.0m,12.0m,75.0kg,1,,,,FALSE,,,,,,
Mavus,,,Humanoid,Tiefling,,,Male,Small,9.0m,9.0m,25.0kg,,,,,FALSE,,,,,,
Mayrina,,,Humanoid,Human,,,Female,Medium,9.0m,,77.0kg,1,,,,FALSE,,,,Connor Vinderblad (husband)Demir (brother)Johl (brother),Anti-Hag Support Group,
Fist Meadows,,,Humanoid,Dwarf,Fighter,,Male,Medium,7.5m,12.0m,75.0kg,200,"Main Hand Attack,Piercing Strike,Rush Attack,Sweeping Attack","Spear,Javelin",,FALSE,,,,,Flaming Fist,
Medrash,,,Humanoid,Dragonborn,Bard,,Male,Medium,9.0m,,100.0kg,200,"Faerie Fire,Vicious Mockery,Fire Breath (Cone),Perform (Lyre)",,,FALSE,,,,,Circus of the Last Days,
Meem Grayling,,,Humanoid,Human,,,Male,Small,9.0m,,25.0kg,1,,,,FALSE,,,,,,
Meerna,,,Humanoid,Gnome,,,Female,Small,7.5m,24.0m,35.0kg,75,,,,FALSE,,,,Welso (brother),Clan Ironhand,Burrow Warden
Megthanet,,,Humanoid,Dwarf,,,Female,Medium,7.5m,12.0m,75.0kg,1,,,,FALSE,,,,,,
Meli,,,Humanoid,Tiefling,,,Male,Small,9.0m,12.0m,25.0kg,1,,,,FALSE,,,,,Tiefling refugees,
Memnos,,,Humanoid,Tiefling,Fighter,,Male,Medium,9.0m,12.0m,75.0kg,20,,,,FALSE,,,,,Tiefling refugees,
Gondian Menalda,,,Humanoid,Gnome,,,Female,Small,7.5m,12.0m,35.0kg,250,"Concussive Smash,Lightning Bolt,Main Hand Attack,Misty Step,Shocking Grasp,Thunderwave",Light Hammer,,FALSE,,,,,Church of Gond,
Chamberlain Mercer,,,Humanoid,Gnome,,,Male,Small,7.5m,12.0m,35.0kg,1,,,,FALSE,,,,,,
Adept Merim,,,Humanoid,Human,,,Female,Medium,9.0m,,75.0kg,140,"Command: Flee,Guardian of Faith,Guiding Bolt,Hunger of Hadar,Main Hand Attack,Sacred Flame,Topple",Quarterstaff,,FALSE,,,,,Cult of the Absolute,
Merony,,,Humanoid,Dwarf,Ranger,,Female,Medium,7.5m,12.0m,75.0kg,320,Ranged Attack,Light Crossbow,,FALSE,,,,,Szarr Palace,
Merri Fairweather,,,Humanoid,Gnome,,,Female,Small,7.5m,12.0m,35.0kg,1,,,,FALSE,,,,,,
Merriolle,,,Humanoid,Elf,,,Female,Medium,9.0m,12.0m,35.0kg,1,,,,FALSE,,,,,,
Harper Meygan,,,Humanoid,Human,Ranger,,Female,Medium,9.0m,,75.0kg,75,"Flourish,Main Hand Attack,Piercing Strike",Shortsword,,FALSE,,,,,Harpers,
Devout Mezzka,,,Humanoid,Goblin,Cleric,,Male,Small,9.0m,12.0m,35.0kg,15,"Bless,Concussive Smash,Cure Wounds,Main Hand Attack,Sacred Flame",Crude Mace,,FALSE,,,,,Cult of the Absolute,
Iron Consul Mian,,,Humanoid,Half-elf,Fighter,,Female,Medium,9.0m,12.0m,75.0kg,320,"Main Hand Attack,Voice of Command,Goading Attack (Melee)",Infernal Spear,,FALSE,,,,,Cult of Bane,
Fist 'Deadeye' Mibbs,,,Humanoid,Human,Ranger,,Male,Medium,9.0m,,75.0kg,250,"Brace (Ranged),Ensnaring Strike (Ranged),Piercing Shot,Ranged Attack,Volley",Heavy Crossbow,,FALSE,,,,,Flaming Fist,
Harper Mijah,,,Humanoid,Human,Wizard,,Female,Medium,9.0m,,75.0kg,90,"Brace (Ranged),Cure Wounds,Main Hand Attack,Piercing Shot,Piercing Strike,Ranged Attack","Dagger,Heavy Crossbow",,FALSE,,,,,Harpers,
Dark Breaker Mikki Kori,,,Humanoid,Human,,,Female,Medium,10.0m,,75.0kg,250,"Chromatic Orb: Cold,Conjure Elemental: Water Elemental,Disarming Strike,Ice Knife,Main Hand Attack,Piercing Strike,Rush Attack,Thunderwave",Trident,,FALSE,,,,,Church of Umberlee,
Miklaur,,,Humanoid,Halfling,,,Male,Small,7.5m,,35.0kg,1,,,,FALSE,,,,,,
Milil,,,Humanoid,Deity,,,Male,Medium,9.0m,,75.0kg,400,Vicious Mockery (Milil),,,FALSE,,,,,,
Fist Miller,,,Humanoid,Dwarf,Fighter,,Male,Medium,7.5m,12.0m,75.0kg,250,"Cleave,Lacerate,Main Hand Attack,Piercing Strike,Rush Attack,Sweeping Attack","Javelin,Halberd",,FALSE,,,,,Flaming Fist,
Milon Tillerturn,,,Humanoid,Human,,,Male,Medium,9.0m,,75.0kg,1,,,,FALSE,,,,Ernest Tillerturn⁠Tillerturn,,Lord of Baldur's Gate
Mino,,,Humanoid,Gnome,Ranger,,Male,Small,7.5m,12.0m,35.0kg,20,Ranged Attack,Shortbow,,FALSE,,,,,Circle of the Emerald Grove,
Minsc,,,Humanoid,Human,Ranger,Hunter,Male,Medium,9.0m,,75.0kg,1,,,,FALSE,,,,Boo (pet/familiar),,The Mad Rashemaar
Nightwarden Minthara,,,Humanoid,Drow,Paladin,Oath of Vengeance,Female,Medium,9.0m,24.0m,75.0kg,1,,,,FALSE,,,,⁠House Baenre of Menzoberranzan,,True Soul of the Absolute
Ember Gish'ra Mir'ic,,,Humanoid,Githyanki,Monk,Way of the Four Elements,Female,Medium,13.5m,,75.0kg,200,"Embrace of the Inferno,Flames of the Phoenix,Flurry of Blows,Step of the Wind: Dash,Unarmed Strike (Monk)",,,FALSE,,,,,Warriors of the Comet,
Sharp-Eye Mirg,,,Humanoid,Goblin,Ranger,,Female,Small,9.0m,12.0m,35.0kg,15,"Ensnaring Strike (Ranged),Hamstring Shot,Nimble Escape,Ranged Attack,Worg Companion",Goblin Bow,,FALSE,,,,,Cult of the Absolute,
Mirie,,,Humanoid,Elf,,,Female,Medium,9.0m,24.0m,30.0kg,250,"Beckoning Darkness,Bone Chill,Darkness,Shadow Step",,,FALSE,,,,,Church of Shar,Attendant of Grief
Mirileth,,,Humanoid,Half-elf,,,Female,Medium,9.0m,12.0m,75.0kg,1,,,,FALSE,,,,Benryn (husband),,
Mirkon,,,Humanoid,Tiefling,,,Male,Small,9.0m,12.0m,25.0kg,1,,,,FALSE,,,,,Tiefling refugees,
Mirthis,,,Humanoid,Dwarf,Ranger,,Female,Medium,7.5m,24.0m,75.0kg,75,"Brace (Ranged),Ensnaring Strike (Ranged),Main Hand Attack,Piercing Shot,Piercing Strike,Ranged Attack","Dagger,Heavy Crossbow",,FALSE,,,,,Clan Flameshade,
Youth Mirya'al,,,Humanoid,Githyanki,,,Female,Medium,9.0m,,75.0kg,75,"Lacerate,Main Hand Attack,Pommel Strike,Rush Attack",Longsword,,FALSE,,,,,Crèche Y'llek,
Unholy Assassin Mitchia,,,Humanoid,Human,,,,Medium,12.0m,30.0m,75.0kg,400,"Dread Embrace,Sneak Attack (Melee), Main Hand Attack",Murderous Cut,,FALSE,,,,,,
Mocking Eternal Debtor,,,Humanoid,Human,,,,Medium,9.0m,12.0m,75.0kg,1,Forever Indebted,,,FALSE,,,,,House of Hope,
Cashguard Basher Mofty,,,Humanoid,Human,Paladin,,,Medium,9.0m,,75.0kg,250,"Main Hand Attack,Ranged Attack,Lay on Hands: Greater Healing,Blinding Smite,Divine Smite","Hand Crossbow,Maul",,FALSE,,,,,,
Mohan,,,Humanoid,Gnome,,,Male,Small,1.0m,12.0m,35.0kg,1,,,,FALSE,,,,,,Trader
Mohlen,,,Humanoid,Human,Cleric,,Male,Medium,9.0m,,75.0kg,400,"Aura of Terror,Blight,Concussive Smash,Dominate Person,Inflict Wounds,Main Hand Attack,Phantasmal Killer,Spirit Guardians (Necrotic)",Infernal Mace,,FALSE,,,,,Cult of Bane,Black Gauntlet
Sapper Moke,,,Humanoid,Goblin,,,Male,Small,9.0m,12.0m,35.0kg,15,"Dash,Detonate",,,FALSE,,,,,Cult of the Absolute,
Mol,,,Humanoid,Tiefling,,,Female,Small,9.0m,12.0m,25.0kg,1,,,,FALSE,,,,,Tiefling refugees,
Adept Mola,,,Humanoid,Half-orc,Cleric,,Female,Medium,9.0m,18.0m,100.0kg,140,"Command: Flee,Death Ward,Guardian of Faith,Guiding Bolt,Hunger of Hadar,Main Hand Attack,Sacred Flame,Topple",Quarterstaff,,FALSE,,,,,Cult of the Absolute,
Molly the Orphan,,,Humanoid,Human,,,Female,Small,1.0m,,25.0kg,1,,,,FALSE,,,,"Jacek (father, deceased)",,
Monifa Diallo,,,Humanoid,Human,,,Female,Medium,9.0m,,25.0kg,,,,,FALSE,,,,Kimmy (daughter),,
Monk's Manifestation,,,Humanoid,,Monk,,Male,Medium,9.0m,,75.0kg,1,,,,FALSE,,,,,,
Sharran Novice Monteith,,,Humanoid,Human,Fighter,,Male,Medium,9.0m,24.0m,75.0kg,320,"Concussive Smash,Main Hand Attack",Mace,,FALSE,,,,,Church of Shar,
Montgomery,,,Humanoid,Human,,,Male,Medium,9.0m,,75.0kg,,,,,FALSE,,,,,,
Doctor Moorcombe,,,Humanoid,Gnome,Wizard,Necromancy School,,Small,7.5m,24.0m,35.0kg,250,"Insect Plague,Misty Step,Ray of Sickness,Shatter,Sleep",,,FALSE,,,,,Society of Brilliance,Society of Brilliance
Moorino,,,Humanoid,Human,,,Male,Medium,9.0m,,75.0kg,1,,,,FALSE,,,,,,
Iron Consul Moosk,,,Humanoid,Dwarf,Fighter,,Male,Medium,7.5m,12.0m,75.0kg,320,"Main Hand Attack,Ranged Attack,Voice of Command,Goading Attack (Melee)","Hand Crossbow,Spear +1",,FALSE,,,,,Cult of Bane,
Morann,,,Humanoid,Human,,,,Medium,9.0m,24.0m,75.0kg,250,Main Hand Attack,Scimitar (Sharran),,FALSE,,,,,Church of Shar,
Morgan,,,Humanoid,Halfling,,,Female,Small,1.0m,,35.0kg,1,,,,FALSE,,,,,,
Morghal,,,Humanoid,Dwarf,Cleric,,Female,Medium,7.5m,24.0m,75.0kg,75,"Concussive Smash,Glyph of Warding: Lightning,Guiding Bolt,Healing Word,Main Hand Attack,Sacred Flame,Silence",Light Hammer,,FALSE,,,,,Clan Flameshade,Cleric of Laduguer
Morgya,,,Humanoid,Dwarf,Barbarian,Berserker,Female,Medium,7.5m,24.0m,75.0kg,75,"Backbreaker,Concussive Smash,Frenzy,Main Hand Attack,Reckless Attack,Throw,Weakening Strike","Javelin,Warhammer",,FALSE,,,,,Clan Flameshade,
Cashguard Artillerist Morra,,,Humanoid,Human,,,,Medium,9.0m,,75.0kg,250,"Main Hand Attack,Ranged Attack","Rapier,Heavy Crossbow",,FALSE,,,,,The Counting House,
Morrus Pinfeather,,,Humanoid,Elf,,,Male,Medium,9.0m,12.0m,75.0kg,8,,,,FALSE,,,,,,
Fist Moss,,,Humanoid,Human,Wizard,,Male,Medium,9.0m,,75.0kg,250,"Conjure Elemental,Counterspell,Fire Bolt,Main Hand Attack,Melf's Acid Arrow,See Invisibility,Slow,Topple",Quarterstaff,,FALSE,,,,,Flaming Fist,
Moy,,,Humanoid,Drow,Ranger,,Male,Medium,9.0m,16.0m,75.0kg,40,"Hamstring Shot,Main Hand Attack,Piercing Strike,Ranged Attack","Shortbow,Dagger",,FALSE,,,,,,
Devout Mrak,,,Humanoid,Goblin,Cleric,,Male,Small,9.0m,12.0m,35.0kg,20,"Bless,Concussive Smash,Cure Wounds,Main Hand Attack,Sacred Flame",Crude Mace,,FALSE,,,,,Cult of the Absolute,Novice of the Absolute
Zealot Munish,,,Humanoid,Half-orc,Paladin,Oath of Vengeance,Male,Medium,9.0m,18.0m,100.0kg,140,"Branding Smite,Cleave,Hamstring Shot,Lacerate,Lay on Hands: Greater Healing,Lay on Hands: Lesser Healing,Main Hand Attack,Ranged Attack,Rush Attack,Throw,Thunderous Smite,Abjure Enemy","Shortbow,Halberd",Caustic Bulb,FALSE,,,,,Cult of the Absolute,
Murmath,,,Humanoid,Dwarf,Ranger,,Male,Medium,7.5m,24.0m,75.0kg,75,"Brace (Ranged),Ensnaring Strike (Ranged),Hunter's Mark,Piercing Shot,Pin Down,Ranged Attack",Heavy Crossbow,,FALSE,,,,,Cult of the Absolute,Novice of the Absolute
Fist Murphy,,,Humanoid,Human,Fighter,,Male,Medium,9.0m,,75.0kg,250,"Main Hand Attack,Rush Attack,Trip Attack (Melee)",Spear,,FALSE,,,,,Flaming Fist,
Muttonchops Dexon,,,Humanoid,Human,,,Male,Medium,9.0m,,75.0kg,8,,,,FALSE,,,,,,
Muttonchops Dorryss,,,Humanoid,Dwarf,,,Female,Medium,7.5m,12.0m,75.0kg,1,,,,FALSE,,,,,,
Muttonchops Oreelly,,,Humanoid,Human,,,Male,Medium,9.0m,9.0m,75.0kg,1,,,,FALSE,,,,,,
Devout Muzul,,,Humanoid,Goblin,Cleric,,Female,Small,9.0m,12.0m,35.0kg,20,"Bless,Concussive Smash,Cure Wounds,Main Hand Attack,Sacred Flame",Crude Mace,,FALSE,,,,,Cult of the Absolute,Novice of the Absolute
Myer Ravenshade,,,Humanoid,Human,,,Male,Medium,9.0m,,75.0kg,1,,,,FALSE,,,,⁠Ravenshade,,Lord of Baldur's Gate
Myrnath,,,Humanoid,Elf,,,Male,Medium,9.0m,12.0m,75.0kg,1,,,,FALSE,,,,,,
Fist Mîran,,,Humanoid,Human,Ranger,,Male,Medium,9.0m,,75.0kg,200,"Brace (Ranged),Ensnaring Strike (Ranged),Piercing Shot,Ranged Attack,Volley",Heavy Crossbow,,FALSE,,,,,Flaming Fist,
Naaber,,,Humanoid,Human,,,Male,Medium,9.0m,,45.0kg,1,,,,FALSE,,,,Niiber (father)Nuuber (grandfather)Noober (great-grandfather),,
Zealot Nadi,,,Humanoid,Half-orc,Paladin,,Male,Medium,8.0m,18.0m,100.0kg,140,"Branding Smite,Lay on Hands: Greater Healing,Lay on Hands: Lesser Healing,Main Hand Attack,Ranged Attack,Thunderous Smite,Abjure Enemy","Shortbow,Halberd",,FALSE,,,,,Cult of the Absolute,
Nadira,,,Humanoid,Tiefling,,,Female,Medium,9.0m,12.0m,75.0kg,1,"Throw Stone,Unarmed Strike",,,FALSE,,,,,Tiefling refugees,
Nafula,,,Humanoid,Human,,,Female,Medium,9.0m,,75.0kg,1,,,,FALSE,,,,Madalitso (father),,
Servant Naiske,,,Humanoid,Half-elf,,,Female,Medium,9.0m,12.0m,75.0kg,1,,,,FALSE,,,,,,
Pilgrim Nalira,,,Humanoid,Dwarf,Cleric,,Female,Medium,7.5m,12.0m,75.0kg,1,,,,FALSE,,,,,Cult of the Absolute,
Nansi Gretta,,,Humanoid,Human,,,Female,Medium,9.0m,,75.0kg,1,,,,FALSE,,,,,,
Naoise Nallinto,,,Humanoid,Elf,,,Female,Medium,9.0m,12.0m,75.0kg,1,,,,FALSE,,,,,,
Narvass,,,Humanoid,Drow,Fighter,,Male,Medium,9.0m,16.0m,75.0kg,1,"Piercing Shot,Ranged Attack",Light Crossbow,,FALSE,,,,,Cult of the Absolute,Novice of the Absolute
Sharp-Eye Nass,,,Humanoid,Goblin,Ranger,,Female,Small,9.0m,12.0m,35.0kg,20,"Ensnaring Strike (Ranged),Hamstring Shot,Nimble Escape,Ranged Attack,Worg Companion",Goblin Bow,,FALSE,,,,,Cult of the Absolute,
Fist Nateen,,,Humanoid,Human,Fighter,,Male,Medium,9.0m,,75.0kg,250,"Cleave,Lacerate,Main Hand Attack,Rush Attack,Sweeping Attack,Throw","Javelin,Halberd",,FALSE,,,,,Flaming Fist,
Harper Naysa,,,Humanoid,Tiefling,Ranger,,Female,Medium,9.0m,12.0m,75.0kg,90,"Hamstring Shot,Ranged Attack",Longbow,,FALSE,,,,,Harpers,
Tinker Nayzeem,,,Humanoid,Human,,,Male,Medium,1.0m,,75.0kg,1,,,,FALSE,,,,,,
Nealos Bright,,,Humanoid,Halfling,,,Male,Small,7.5m,,35.0kg,1,,,,FALSE,,,,,,
Dissected Drow,,,Humanoid,Drow,Ranger,,Male,Medium,9.0m,16.0m,75.0kg,2,,,,FALSE,,,,,Cult of the Absolute,
Fast Neddio,,,Humanoid,Human,,,Male,Medium,12.0m,,75.0kg,1,,,,FALSE,,,,,,
Sharp-Eye Neem,,,Humanoid,Goblin,Ranger,,Female,Small,9.0m,12.0m,35.0kg,20,"Ensnaring Strike (Ranged),Hamstring Shot,Nimble Escape,Ranged Attack,Worg Companion",Goblin Bow,,FALSE,,,,,Cult of the Absolute,
Nelburn Frust,,,Humanoid,Dwarf,,,Male,Medium,7.5m,12.0m,75.0kg,1,,,,FALSE,,,,,,
Nemi Kallista,,,Humanoid,Tiefling,,,Female,Medium,9.0m,9.0m,25.0kg,,,,,FALSE,,,,Rozes Kallista (mother)Leucis Kallista (father)Iados Kallista (brother),,
Neno Quilltop,,,Humanoid,Gnome,,,Female,Small,7.5m,12.0m,35.0kg,1,,,,FALSE,,,,,,
Fist Nephel,,,Humanoid,Human,Fighter,,Female,Medium,9.0m,,75.0kg,250,"Cleave,Lacerate,Main Hand Attack,Rush Attack,Sweeping Attack,Throw","Javelin,Halberd",,FALSE,,,,,Flaming Fist,
Nere,,,Humanoid,Drow,,,Male,Medium,9.0m,16.0m,75.0kg,90,"Flourish,Dissonant Whispers,Main Hand Attack,Piercing Strike,Shield of Screams,Weakening Strike,Wicked Coercion",Sword of Screams,,TRUE,,,,,,True Soul of the Absolute
Nesha Leesha,,,Humanoid,Human,,,,Medium,9.0m,,75.0kg,1,,,,FALSE,,,,,,
Manip Nestor,,,Humanoid,Dwarf,Fighter,Battle Master,Male,Medium,10.0m,12.0m,75.0kg,250,"Goading Attack (Melee),Main Hand Attack,Menacing Attack (Melee),Riposte",Greataxe +2,,FALSE,,,,,Flaming Fist,Peacekeeper
Nets Blandorf,,,Humanoid,Dwarf,,,Male,Medium,7.5m,9.0m,75.0kg,1,,,,FALSE,,,,,,
Nettie,,,Humanoid,Dwarf,Druid,Circle of the Moon,Female,Medium,8.0m,12.0m,75.0kg,20,"Barkskin,Flaming Sphere,Healing Word,Heat Metal,Main Hand Attack,Poison Spray,Thunderwave,Wild Shape: Boar",Quarterstaff,,FALSE,,,,,Circle of the Emerald Grove,
Warrior Ni'ima,,,Humanoid,Githyanki,,,Female,Medium,5.0m,,75.0kg,250,"Cleave,Disarming Attack (Melee),Enhance Leap,Main Hand Attack,Pommel Strike,Second Wind",Githyanki Greatsword,,FALSE,,,,,Githyanki (Faction),
Cashguard Basher Nickelow,,,Humanoid,Human,Paladin,,,Medium,9.0m,,75.0kg,250,"Main Hand Attack,Ranged Attack,Lay on Hands: Greater Healing,Blinding Smite,Divine Smite","Hand Crossbow,Maul",,FALSE,,,,,The Counting House,
Nickels,,,Humanoid,Gnome,,,Male,Small,7.5m,12.0m,35.0kg,20,"Brace (Ranged),Main Hand Attack,Piercing Shot,Throw Stone, Ranged Attack",Heavy Crossbow,,FALSE,,,,,Clan Ironhand,
Justiciar Crusader Nightmist,,,Humanoid,Elf,,,Female,Medium,9.0m,24.0m,75.0kg,510,"Life Drain,Main Hand Attack,Overwhelming Grief,Subsume Shadow",Greatsword,,FALSE,,,,,Church of Shar,
Tracker Nik-Nuk,,,Humanoid,Goblin,,,Female,Small,9.0m,12.0m,35.0kg,20,"Hamstring Shot,Nimble Escape,Ranged Attack",Goblin Bow,,FALSE,,,,,Cult of the Absolute,Novice of the Absolute
Veteran Raider Nimba'as,,,Humanoid,Githyanki,,,,Medium,9.0m,,75.0kg,200,"Misty Step,Ranged Attack,Rally,Trip Attack (Ranged)",Githyanki Crossbow,,FALSE,,,,,,
Nimble,,,Humanoid,Gnome,,,Female,Small,7.5m,12.0m,35.0kg,20,"Concussive Smash,Main Hand Attack,Throw Stone",Mace,,FALSE,,,,,Clan Ironhand,
Nina Dortmell,,,Humanoid,Human,,,Female,Small,9.0m,,25.0kg,1,,,,FALSE,,,,"Garret Dortmell (brother, deceased), Unnamed Mother, Unnamed Father",,
Nine-Fingers Keene,,,Humanoid,Human,Rogue,,Female,Medium,9.0m,,75.0kg,1000,"Cunning Action: Dash,The Blade Least Expected",,,TRUE,,,,,The Guild,Guildmaster
Fist Nipawa,,,Humanoid,Human,Fighter,,Female,Medium,9.0m,,75.0kg,110,"Lacerate,Main Hand Attack,Pommel Strike,Rush Attack",Longsword,,FALSE,,,,,Flaming Fist,
Zealot Niram,,,Humanoid,Drow,Paladin,,Male,Medium,9.0m,16.0m,75.0kg,140,"Branding Smite,Cleave,Hamstring Shot,Lacerate,Lay on Hands: Greater Healing,Lay on Hands: Lesser Healing,Main Hand Attack,Ranged Attack,Rush Attack,Throw,Thunderous Smite,Abjure Enemy","Shortbow,Halberd",Caustic Bulb,FALSE,,,,,Cult of the Absolute,
Nisvan,,,Humanoid,Dwarf,,,Female,Medium,1.0m,12.0m,75.0kg,1,,,,FALSE,,,,,,
Nobster,,,Humanoid,Dwarf,Ranger,,Female,Medium,7.5m,12.0m,75.0kg,250,Ranged Attack,Heavy Crossbow,,FALSE,,,,,,
Nocturne,,,Humanoid,Tiefling,,,Female,Medium,9.0m,12.0m,75.0kg,320,,,,FALSE,,,,,Church of Shar,
Noira Crysst,,,Humanoid,Human,,,Female,Medium,9.0m,,75.0kg,,,,,FALSE,,,,Horus Crysst (husband)Torin Crysst (son),,
Adept Nola,,,Humanoid,Human,Cleric,,Female,Medium,9.0m,,75.0kg,140,"Command: Flee,Death Ward,Guardian of Faith,Guiding Bolt,Hunger of Hadar,Main Hand Attack,Sacred Flame,Topple",Quarterstaff,,FALSE,,,,,Cult of the Absolute,
Nonabune,,,Humanoid,Halfling,,,Male,Small,7.5m,,,1,,,,FALSE,,,,,,
Nonah Baragezian,,,Humanoid,Human,,,Female,Medium,1.0m,,75.0kg,1,,,,FALSE,,,,Fyl Baragezian (husband)Charl Baragezian (son),,
Chymist Norffe,,,Humanoid,Human,,,Male,Medium,9.0m,,75.0kg,250,"Acid Splash,Main Hand Attack,Melf's Acid Arrow,Piercing Strike,Ray of Sickness",Dagger,,FALSE,,,,,Cult of Bane,
Dark Breaker Norya Baker,,,Humanoid,Human,,,Female,Medium,10.0m,,75.0kg,250,"Chromatic Orb: Cold,Conjure Elemental: Water Elemental,Disarming Strike,Ice Knife,Main Hand Attack,Piercing Strike,Rush Attack,Thunderwave",Trident,,FALSE,,,,Vilmina (partner),Church of Umberlee,
Fist Norys,,,Humanoid,Human,Fighter,,Female,Medium,9.0m,,75.0kg,250,"Main Hand Attack,Rush Attack,Trip Attack (Melee)",Spear,,FALSE,,,,,Flaming Fist,
Invoker of Bhaal Notar Esojac,,,Humanoid,Human,Wizard,Conjuration School,,Medium,9.0m,30.0m,75.0kg,320,"Benign Transposition: Teleport,Murderous Cloud of Daggers,Ice Knife,Main Hand Attack,Ray of Frost,Rush Attack,Slow",Spear,,FALSE,,,,,Cult of Bhaal,
Death's Head of Bhaal Nov Shmoz,,,Humanoid,Human,,,Male,Medium,9.0m,30.0m,75.0kg,320,"Flourish,Lacerate,Main Hand Attack,Piercing Strike,Stunning Gaze",Murderous Cut,,FALSE,,,,,Cult of Bhaal,
Sharp-Eye Nozk,,,Humanoid,Goblin,Ranger,,Male,Small,9.0m,12.0m,35.0kg,20,"Ensnaring Strike (Ranged),Nimble Escape,Ranged Attack,Worg Companion",Goblin Bow,,FALSE,,,,,Cult of the Absolute,
Warrior Nrog,,,Humanoid,Goblin,Fighter,,Male,Small,9.0m,12.0m,35.0kg,20,"Lacerate,Main Hand Attack,Menacing Attack (Melee),Throw Stone",Greataxe,,FALSE,,,,,Cult of the Absolute,
Nubaldin,,,Humanoid,Gnome,,,Male,Small,7.5m,12.0m,35.0kg,400,,,,FALSE,,,,,,
Fist Nudelmann,,,Humanoid,Human,Fighter,,Male,Medium,9.0m,,75.0kg,250,"Main Hand Attack,Rush Attack,Trip Attack (Melee)",Spear,,FALSE,,,,,Flaming Fist,
Iron Consul Nuff,,,Humanoid,Half-orc,Fighter,,,Medium,9.0m,18.0m,100.0kg,320,"Main Hand Attack,Voice of Command,Goading Attack (Melee)",Infernal Spear,,FALSE,,,,,Cult of Bane,
Black Gauntlet Numia,,,Humanoid,Human,Cleric,,Female,Medium,9.0m,,75.0kg,400,"Aura of Terror,Blight,Concussive Smash,Dominate Person,Inflict Wounds,Main Hand Attack,Phantasmal Killer",Mace +2,,FALSE,,,,,Cult of Bane,
High Gish'ra Nyk,,,Humanoid,Githyanki,Monk,Way of the Open Hand,Male,Medium,13.5m,,75.0kg,200,"Flurry of Blows: Topple,Step of the Wind: Dash,Unarmed Strike (Monk)",,,FALSE,,,,,Warriors of the Comet,
Nym Orlith,,,Humanoid,Drow,Wizard,,Female,Medium,6.0m,16.0m,75.0kg,1,"Acid Splash,Cloud of Daggers,Darkness,Knock,Lesser Restoration,Poison Spray",,,FALSE,,,,Sorn Orlith (twin brother),,
Nymessa,,,Humanoid,Tiefling,Ranger,,Female,Medium,9.0m,9.0m,75.0kg,15,"Main Hand Attack,Ranged Attack","Shortbow,Dagger",,FALSE,,,,,Tiefling refugees,
Oaknuzzle,,,Humanoid,Elf,,,Female,Medium,9.0m,12.0m,75.0kg,1,,,,FALSE,,,,,,
Obelia Toobin,,,Humanoid,Gnome,,,Female,Small,7.5m,12.0m,35.0kg,1,Dash,,,FALSE,,,,Zanner Toobin (father),Church of Gond,
Reaper of Bhaal Ogga,,,Humanoid,Human,,,Male,Medium,9.0m,30.0m,75.0kg,400,"Flourish,Lacerate,Main Hand Attack,Piercing Strike,Shroud Self",Murderous Cut,,FALSE,,,,,Cult of Bhaal,
Ogro Nettles,,,Humanoid,Gnome,,,Male,Small,7.5m,12.0m,35.0kg,1,Dash,,,FALSE,,,,,Church of Gond,
Dark Breaker Ohara Ohira,,,Humanoid,Human,,,Female,Medium,10.0m,,75.0kg,320,"Chromatic Orb: Cold,Conjure Elemental: Water Elemental,Disarming Strike,Ice Knife,Main Hand Attack,Piercing Strike,Rush Attack,Thunderwave",Trident,,FALSE,,,,,Church of Umberlee,
Fist Okralope,,,Humanoid,Human,Fighter,,Female,Medium,9.0m,,75.0kg,250,"Main Hand Attack,Rush Attack,Trip Attack (Melee)",Spear,,FALSE,,,,,Flaming Fist,
Okta,,,Humanoid,Tiefling,,,Female,Medium,9.0m,12.0m,75.0kg,1,,,,FALSE,,,,Ikaron (son),Tiefling refugees,
Sentinel Olak,,,Humanoid,Goblin,Fighter,,Male,Small,9.0m,12.0m,35.0kg,20,"Lacerate,Main Hand Attack,Menacing Attack (Melee),Throw Stone",Handaxe,,FALSE,,,,,Cult of the Absolute,
Old Flake-Eyes,,,Humanoid,Dragonborn,Ranger,Hunter,Male,Medium,9.0m,,100.0kg,140,"Acid Breath,Acid Splash,Brace (Ranged),Hamstring Shot,Hunter's Mark,Piercing Strike,Ranged Attack,Tasha's Hideous Laughter,True Strike",Longbow,,FALSE,,,,,Stone Lord,
Old Troutman,,,Humanoid,Dwarf,,,Male,Medium,7.5m,12.0m,75.0kg,1,,,,FALSE,,,,,,
Oliver,,,Humanoid,Tiefling,,,Male,Medium,1.0m,14.0m,0.0kg,75,,,,TRUE,,,,"Mummy, Daddy, Doggy",,Shadowed Spirit of the Land
Oliver Quarlic,,,Humanoid,Human,Ranger,,Male,Medium,9.0m,,75.0kg,200,"Brace (Ranged),Ensnaring Strike,Hamstring Shot,Ranged Attack",Longbow +1,,FALSE,,,,,The Gur,
Oliver Tefoco,,,Humanoid,Human,,,Male,Medium,1.0m,,75.0kg,1,,,,FALSE,,,,,,
Fist Olloa,,,Humanoid,Human,Ranger,,Female,Medium,9.0m,,75.0kg,250,"Ensnaring Strike (Ranged),Piercing Shot,Ranged Attack,Volley",Heavy Crossbow,,FALSE,,,,,Flaming Fist,
Olly,,,Humanoid,Human,Ranger,,Male,Medium,9.0m,,75.0kg,40,"Brace (Ranged),Hamstring Shot,Alchemist's Fire (action),Ranged Attack",Longbow,,FALSE,,,,,Zhentarim,
Olodan,,,Humanoid,Halfling,Druid,,Female,Small,7.5m,,35.0kg,75,"Ensnaring Strike (Ranged),Multiattack (Shadow Druid),Ranged Attack,Wild Shape: Badger",Shortbow,,FALSE,,,,,Shadow Druids,
Harper Olys,,,Humanoid,Tiefling,Ranger,,Male,Medium,9.0m,12.0m,75.0kg,110,"Hamstring Shot,Main Hand Attack,Piercing Strike,Ranged Attack","Longbow,Dagger",,FALSE,,,,,Harpers,
Omotola,,,Humanoid,Human,,,Female,Medium,9.0m,,75.0kg,1,,,,FALSE,,,,,,
One,,,Humanoid,Goblin,,,Female,Small,7.5m,12.0m,10.0kg,1,"Nimble Escape,Throw",,,FALSE,,,,,Cult of the Absolute,
Reaper of Bhaal Onilla,,,Humanoid,Human,,,,Medium,9.0m,30.0m,75.0kg,250,"Main Hand Attack,Shroud Self",Murderous Cut,,FALSE,,,,,Cult of Bhaal,
Ontur,,,Humanoid,Dwarf,,,Female,Medium,7.5m,9.0m,75.0kg,1,,,,FALSE,,,,,,
Ooltheg,,,Humanoid,Halfling,,,Female,Small,7.5m,,35.0kg,1,,,,FALSE,,,,,,
Stone Guard Orgarth,,,Humanoid,Dwarf,Fighter,Battle Master,Male,Medium,7.5m,24.0m,75.0kg,75,"Action Surge,Main Hand Attack,Lacerate,Menacing Attack (Melee),Pommel Strike,Rush Attack,Throw,Throw,Shove","Javelin,King's Knife",Smokepowder Bomb,FALSE,,,,,Clan Flameshade,
Brawler Orik,,,Humanoid,Goblin,,,Male,Small,9.0m,12.0m,35.0kg,110,"Flourish,Lacerate,Main Hand Attack,Throw Stone",Goblin Scimitar,,FALSE,,,,,Cult of the Absolute,
Fist Oriona,,,Humanoid,Human,Fighter,,Female,Medium,9.0m,,75.0kg,200,Sweeping Attack,,,FALSE,,,,,Flaming Fist,
Ruffian Ormo,,,Humanoid,Human,Fighter,,,Medium,9.0m,,75.0kg,250,Main Hand Attack,Longsword,,FALSE,,,,,,
Ormont,,,Humanoid,Human,,,Male,Medium,9.0m,,75.0kg,1,,,,FALSE,,,,,,
Fist Orvil,,,Humanoid,Human,,,Male,Medium,11.0m,,75.0kg,11,,,,FALSE,,,,,Flaming Fist,
Oskar Fevras,,,Humanoid,Human,Bard,College of Lore,Male,Medium,9.0m,,75.0kg,75,"Bardic Inspiration,Chromatic Orb,Hold Person,Hypnotic Pattern,Vicious Mockery",,,FALSE,,,,,,
Fist Osmund,,,Humanoid,Human,Fighter,,Female,Medium,9.0m,,75.0kg,200,"Main Hand Attack,Piercing Strike,Rush Attack,Trip Attack (Melee)","Spear,Javelin",,FALSE,,,,,Flaming Fist,
Otterdance Fenton,,,Humanoid,Gnome,,,Male,Small,7.5m,12.0m,35.0kg,1,,,,FALSE,,,,,,
Otto Ott,,,Humanoid,Human,,,Male,Medium,9.0m,,75.0kg,1,,,,FALSE,,,,,,
Porter Oveer,,,Humanoid,Dwarf,,,Female,Medium,7.5m,9.0m,75.0kg,1,,,,FALSE,,,,,,
Justiciar Crusader Owltalon,,,Humanoid,Elf,,,Male,Medium,7.0m,24.0m,75.0kg,510,"Main Hand Attack,Life Drain,Overwhelming Grief,Subsume Shadow",Greatsword,,FALSE,,,,,Church of Shar,
Paddo Garrard,,,Humanoid,Human,,,Male,Medium,9.0m,,75.0kg,1,,,,FALSE,,,,,,
Untaken Padulla,,,Humanoid,Human,,,Female,Medium,10.0m,,75.0kg,250,"Create Water,Ice Knife,Lacerate,Main Hand Attack",Sickle,,FALSE,,,,,Church of Umberlee,
Fist Healer Pagnola,,,Humanoid,Dwarf,Cleric,,Female,Medium,7.5m,10.0m,75.0kg,250,"Aid,Backbreaker,Calm Emotions,Command: Grovel,Concussive Smash,Crusader's Mantle,Main Hand Attack,Mass Cure Wounds,Sacred Flame,Weakening Strike",Warhammer,,FALSE,,,,,Flaming Fist,
Pammella Nortale,,,Humanoid,Halfling,,,Female,Small,7.5m,,35.0kg,1,,,,FALSE,,,,,,
Pandirna,,,Humanoid,Tiefling,Fighter,,Female,Medium,9.0m,12.0m,75.0kg,20,Main Hand Attack,Shortsword,,FALSE,,,,"Almara (wife, deceased)",Tiefling refugees,
Fist Pantella,,,Humanoid,Human,Fighter,,Female,Medium,9.0m,,75.0kg,8,"Cleave,Lacerate,Main Hand Attack,Rush Attack,Sweeping Attack,Throw","Javelin,Halberd",,FALSE,,,,,Flaming Fist,
Fist Pard,,,Humanoid,Human,Ranger,,Male,Medium,9.0m,,75.0kg,250,"Brace (Ranged),Piercing Shot,Ranged Attack,Ensnaring Strike (Ranged),Volley",Heavy Crossbow,,FALSE,,,,,Flaming Fist,
Fist Patrick,,,Humanoid,Human,Fighter,,Male,Medium,9.0m,,75.0kg,200,"Cleave,Lacerate,Main Hand Attack,Piercing Strike,Rush Attack,Sweeping Attack,Throw","Javelin,Halberd",,FALSE,,,,,Flaming Fist,
Patty,,,Humanoid,Wood elf,,,Female,Medium,1.0m,12.0m,75.0kg,1,,,,FALSE,,,,,,
Fist Recruit Pavel,,,Humanoid,Human,Ranger,,Male,Medium,9.0m,,75.0kg,40,"Brace (Ranged),Piercing Shot,Ranged Attack",Heavy Crossbow,,FALSE,,,,,Flaming Fist,
Sailor Peete,,,Humanoid,Human,,,Male,Medium,9.0m,,75.0kg,1,,,,FALSE,,,,,,
Peetri Sname,,,Humanoid,Human,,,Female,Medium,9.0m,,75.0kg,1,,,,FALSE,,,,Hyrla Sname (sister),,
Peil Hullhollyn,,,Humanoid,Human,,,Male,Medium,9.0m,,75.0kg,1,,,,FALSE,,,,Winstra Hullhollyn (wife)Sybil Hullhollyn,,Admiral of Baldur's Gate
Penela Lumpensicks,,,Humanoid,Half-elf,,,Female,Medium,9.0m,1.0m,75.0kg,1,,,,FALSE,,,,,,
Penita,,,Humanoid,Gnome,,,Female,Small,7.5m,12.0m,35.0kg,1,,,,FALSE,,,,,,Sister of the Open Hand Assuagia
Perfect Eternal Debtor,,,Humanoid,Elf,,,Female,Medium,9.0m,12.0m,75.0kg,1,Forever Indebted,,,FALSE,,,,,House of Hope,
Petric Amber,,,Humanoid,Elf,,,Male,Medium,9.0m,12.0m,75.0kg,1,,,,FALSE,,,,,,Lord of Baldur's Gate
Fist Healer Phanellis,,,Humanoid,Dwarf,Cleric,,,Medium,7.5m,12.0m,75.0kg,10,"Aid,Backbreaker,Calm Emotions,Command: Grovel,Concussive Smash,Crusader's Mantle,Main Hand Attack,Mass Cure Wounds,Sacred Flame,Weakening Strike",Warhammer,,FALSE,,,,,Flaming Fist,
Phantaizha,,,Humanoid,Human,,,,Medium,9.0m,,75.0kg,1,,,,FALSE,,,,,,
Refugee Pharbz,,,Humanoid,Halfling,,,Male,Small,7.5m,,35.0kg,1,,,,FALSE,,,,,,
Pharnilla,,,Humanoid,Human,,,Female,Small,9.0m,,25.0kg,1,,,,FALSE,,,,,,
Phase,,,Humanoid,Gnome,Monk,Way of Shadow,Male,Small,7.5m,12.0m,35.0kg,400,"Main Hand Attack,Piercing Strike,Sneak Attack (Melee),Stunning Strike (Melee),Shadow Step",Dagger,,FALSE,,,,,Zhentarim,Zhentarim
Phelgro Dorph,,,Humanoid,Halfling,,,Male,Small,7.5m,,35.0kg,1,,,,FALSE,,,,,,
Phibs Brogan,,,Humanoid,Gold dwarf,,,,Medium,7.5m,12.0m,75.0kg,1,,,,FALSE,,,,,,
Philomeen,,,Humanoid,Gnome,,,Female,Small,7.5m,24.0m,35.0kg,75,,,,FALSE,,,,Laridda (ex-partner),Clan Ironhand,
Phinn Truscott,,,Humanoid,Human,,,Male,Medium,9.0m,,75.0kg,1,,,,FALSE,,,,Bellora Truscott (wife)Unnamed daughter (deceased),,
Phlanders Hort,,,Humanoid,Human,,,,Medium,1.0m,,75.0kg,1,,,,FALSE,,,,,,
Phoebelia,,,Humanoid,Gnome,,,Female,Small,7.5m,12.0m,35.0kg,1,,,,FALSE,,,,,,
Phoenix Lubbins,,,Humanoid,Gnome,,,Female,Small,7.5m,12.0m,35.0kg,1,Dash,,,FALSE,,,,,Church of Gond,
Phoskyx,,,Humanoid,Drow,,,Male,Medium,9.0m,12.0m,75.0kg,8,,,,FALSE,,,,,,
Phostlethwaite,,,Humanoid,Gnome,,,Male,Small,7.5m,12.0m,35.0kg,1,,,,FALSE,,,,,The Guild,
Phrennog,,,Humanoid,Gnome,,,Female,Small,7.5m,12.0m,35.0kg,1,,,,FALSE,,,,,,
Phubbs,,,Humanoid,Elf,,,Female,Medium,9.0m,12.0m,75.0kg,1,,,,FALSE,,,,,,
Night Blade Phylle,,,Humanoid,Human,,,Male,Medium,9.0m,30.0m,75.0kg,320,"Brace (Ranged),Piercing Shot,Ranged Attack",Heavy Crossbow,,FALSE,,,,,Cult of Bhaal,
Phyria Gollus,,,Humanoid,Human,,,Female,Medium,9.0m,,75.0kg,1,,,,FALSE,,,,,,
Pickles,,,Humanoid,Human,,,Male,Small,9.0m,,75.0kg,1,,,,FALSE,,,,,,
Booyahg Piddle,,,Humanoid,Goblin,Wizard,,Male,Small,9.0m,12.0m,35.0kg,20,"Acid Splash,Grease,Main Hand Attack,Ray of Sickness,Sleep,Topple",Ritual Staff,,FALSE,,,,,,
Pinta,,,Humanoid,Halfling,Druid,,Female,Small,7.5m,,35.0kg,75,"Cure Wounds,Hail of Thorns,Lunar Mend,Multiattack (Shadow Druid),Pin Down,Ranged Attack,Wild Shape: Wolf",Shortbow,,FALSE,,,,,Shadow Druids,
Pippin Bow,,,Humanoid,Gnome,,,Male,Small,7.5m,12.0m,35.0kg,140,"Burning Hands,Concussive Smash,Fire Bolt,Main Hand Attack,Misty Step,Scorching Ray",Light Hammer,,FALSE,,,,,Church of Gond,
Ward Pistle,,,Humanoid,Dwarf,Ranger,,Female,Medium,7.5m,24.0m,75.0kg,75,"Brace (Ranged),Main Hand Attack,Piercing Shot,Piercing Strike,Ranged Attack","Heavy Crossbow,Dagger",,FALSE,,,,,Clan Flameshade,
Warrior Plagg,,,Humanoid,Goblin,Fighter,,Male,Small,9.0m,12.0m,35.0kg,20,"Cleave,Lacerate,Main Hand Attack,Menacing Attack (Melee),Prepare,Throw Stone",Greataxe,,FALSE,,,,,Cult of the Absolute,Novice of the Absolute
Warrior Plig,,,Humanoid,Goblin,Fighter,,Female,Small,9.0m,12.0m,35.0kg,20,"Lacerate,Main Hand Attack,Menacing Attack (Melee),Throw Stone",Greataxe,,FALSE,,,,,Cult of the Absolute,
Ploughman Zakk,,,Humanoid,Human,,,Male,Medium,9.0m,,75.0kg,1,,,,FALSE,,,,,,
Fist of Bane Polandulus,,,Humanoid,Human,,,,Medium,9.0m,,75.0kg,320,"Main Hand Attack,Ranged Attack,Menacing Attack (Melee)","Hand Crossbow,Mace +1",,FALSE,,,,,Cult of Bane,
Pollo the Muscle,,,Humanoid,Half-elf,Fighter,Battle Master,Male,Medium,9.0m,12.0m,75.0kg,250,"Action Surge,Disarming Attack (Melee),Main Hand Attack,Menacing Attack (Melee),Piercing Strike,Pushing Attack (Melee),Rush Attack,Trip Attack (Melee)",Trident,,FALSE,,,,,,
Pompton Norvath,,,Humanoid,Human,,,Male,Medium,9.0m,,75.0kg,1,,,,FALSE,,,,,,
Pookums,,,Humanoid,Human,,,Female,Small,9.0m,,25.0kg,1,,,,FALSE,,,,,,
Fist Poole,,,Humanoid,Human,Fighter,,Male,Medium,9.0m,,75.0kg,200,"Main Hand Attack,Piercing Strike,Rush Attack,Trip Attack (Melee)","Spear,Javelin",,FALSE,,,,,Flaming Fist,
Saer Preciosa,,,Humanoid,Half-elf,,,Female,Medium,9.0m,12.0m,75.0kg,1,,,,FALSE,,,,,,
Pritt Yellowbreath,,,Humanoid,Dragonborn,,,Female,Medium,9.0m,,100.0kg,1,,,,FALSE,,,,,,
Proselyte of Mahkloompah,,,Humanoid,Kuo-toa,,,,Medium,9.0m,4.0m,60.0kg,4,Main Hand Attack,BOOOAL's Arms,,FALSE,,,,,,
Ptaris,,,Humanoid,Githyanki,,,Male,Medium,9.0m,,75.0kg,1000,"Astral Step,Sapping Images,Vacuum Missile",,,TRUE,,,,Havkelaag (father),,Githyanki Prodigy
Warrior Puce,,,Humanoid,Goblin,Fighter,,Male,Small,9.0m,12.0m,35.0kg,20,"Cleave,Lacerate,Main Hand Attack,Menacing Attack (Melee),Prepare,Throw Stone",Greataxe,,FALSE,,,,,Cult of the Absolute,Novice of the Absolute
Tracker Puli,,,Humanoid,Goblin,,,Female,Small,9.0m,12.0m,35.0kg,10,"Hamstring Shot,Nimble Escape,Ranged Attack",Goblin Bow,,FALSE,,,,,Cult of the Absolute,
Pumler Grejit,,,Humanoid,Human,Fighter,,Male,Medium,9.0m,,75.0kg,200,"Action Surge,Cleave,Lacerate,Main Hand Attack,Pommel Strike,Second Wind",Greatsword,,FALSE,,,,,The Gur,
Punkins,,,Humanoid,Human,,,,Small,9.0m,,25.0kg,1,,,,FALSE,,,,,,
Youth Pyrindath,,,Humanoid,Githyanki,,,Female,Medium,9.0m,,75.0kg,75,"Lacerate,Main Hand Attack,Pommel Strike,Rush Attack",Longsword,,FALSE,,,,,Crèche Y'llek,
Pythonicus,,,Humanoid,Dragonborn,,,Male,Medium,9.0m,,100.0kg,1,,,,FALSE,,,,,The Guild,
Warrior Qen,,,Humanoid,Githyanki,Fighter,,Male,Medium,9.0m,,75.0kg,75,"Cleave,Disarming Attack (Melee),Enhance Leap,Main Hand Attack,Pommel Strike,Second Wind",Githyanki Greatsword,,FALSE,,,,,Crèche Y'llek,
Fist Qirahe,,,Humanoid,Human,Fighter,,Female,Medium,9.0m,,75.0kg,250,"Cleave,Lacerate,Main Hand Attack,Rush Attack,Sweeping Attack",Halberd,,FALSE,,,,,Flaming Fist,
Devilish Qora,,,Humanoid,Tiefling,Fighter,Battle Master,Female,Medium,9.0m,12.0m,35.0kg,250,"Pushing Attack (Melee),Sweeping Attack",,,FALSE,,,,,,
Ardent Qu'th,,,Humanoid,Githyanki,,,,Medium,9.0m,,75.0kg,75,"Flourish,Main Hand Attack,Misty Step,Piercing Strike,Psychic Rend",Githyanki Shortsword,,FALSE,,,,,Crèche Y'llek,
Queelia Arvis,,,Humanoid,Human,,,Female,Medium,9.0m,,75.0kg,1,,,,FALSE,,,,,,Flophouse Cook
Quelenna,,,Humanoid,Elf,Wizard,,Female,Medium,9.0m,12.0m,75.0kg,15,"Fire Bolt,Ice Knife,Mage Armour,Main Hand Attack,Sleep,Topple",Quarterstaff,,FALSE,,,,,Overgrown Ruin Looters,
Captain Grisly,,,Humanoid,Human,,,Female,Medium,9.0m,,75.0kg,320,"Command,Ranged Attack","Heavy Crossbow,Salty Scimitar(rrr)",,FALSE,,,,,,Proprietor of the Blushing Mermaid
Fist Quickstitch,,,Humanoid,Human,Fighter,,Male,Medium,9.0m,,75.0kg,200,"Cleave,Lacerate,Main Hand Attack,Piercing Strike,Rush Attack,Sweeping Attack","Javelin,Halberd",,FALSE,,,,,Flaming Fist,
Quil Grootslang,,,Humanoid,Dragonborn,Bard,,Female,Medium,9.0m,12.0m,75.0kg,10,,,,FALSE,,,,,,
Quinara,,,Humanoid,Tiefling,,,Female,Medium,9.0m,9.0m,75.0kg,,,,,FALSE,,,,,,
Youth Qun'irel,,,Humanoid,Githyanki,,,Female,Medium,9.0m,,75.0kg,75,"Lacerate,Main Hand Attack,Pommel Strike,Rush Attack",Longsword,,FALSE,,,,,Crèche Y'llek,
Raider Ra'gur,,,Humanoid,Githyanki,,,Male,Medium,9.0m,,75.0kg,75,"Brace (Ranged),Piercing Shot,Ranged Attack,Misty Step,Rally,Trip Attack (Ranged)",Githyanki Crossbow,,FALSE,,,,,Crèche Y'llek,
Ra'jak,,,Humanoid,Githyanki,,,Male,Medium,9.0m,,25.0kg,1,,,,FALSE,,,,,Crèche Y'llek,
Sharp-Eye Raagg,,,Humanoid,Goblin,Ranger,,Female,Small,9.0m,12.0m,35.0kg,20,"Ensnaring Strike (Ranged),Hamstring Shot,Nimble Escape,Ranged Attack",Goblin Bow,,FALSE,,,,,Cult of the Absolute,Novice of the Absolute
Rabbelle,,,Humanoid,Human,,,Female,Medium,9.0m,,75.0kg,1,,,,FALSE,,,,,,
Racha,,,Humanoid,Goblin,,,Female,Small,9.0m,12.0m,35.0kg,110,"Flourish,Lacerate,Main Hand Attack,Throw Stone",Goblin Scimitar,,FALSE,,,,,Cult of the Absolute,
Radija,,,Humanoid,Human,Wizard,Evocation School,Female,Medium,9.0m,,75.0kg,140,"Bone Chill,Concussive Smash,Fireball,Incubate Death,Main Hand Attack,Misty Step,Tenacity,Weakening Strike,Shield",Myrkulite Scourge,,FALSE,,,,,Cult of Myrkul,Mistress of Souls
Rags Deelarma,,,Humanoid,Human,,,Female,Medium,9.0m,,75.0kg,1,,,,FALSE,,,,,,
Seawind Raheni,,,Humanoid,Human,,,Female,Medium,11.0m,,75.0kg,320,"Concussive Smash,Entangle,Ice Knife,Main Hand Attack,Ray of Frost",Mace,,FALSE,,,,,Church of Umberlee,
Fist Rahir,,,Humanoid,Human,Ranger,,Male,Medium,9.0m,,75.0kg,90,"Hamstring Shot,Hunter's Mark,Main Hand Attack,Piercing Strike,Ranged Attack","Longbow,Dagger",,FALSE,,,,,Flaming Fist,
Githyanki Raider,,,Humanoid,Githyanki,,,,Medium,5.0m,5.0m,75.0kg,5,"Misty Step,Ranged Attack,Rally,Trip Attack (Ranged)",Githyanki Crossbow,,FALSE,,,,,,
Rakath Glitterbeard,,,Humanoid,Dwarf,,,Male,Medium,7.5m,12.0m,75.0kg,250,"Blur,Lightning Bolt,Magic Missile,Piercing Strike,Ray of Frost,Shield",,,FALSE,,,,,The Counting House,
Ramona Flintsplitter,,,Humanoid,Dwarf,,,Female,Medium,7.5m,12.0m,75.0kg,1,,,,FALSE,,,,"Garron Flintsplitter (son)Gizelle Flintsplitter (daughter)Kristeen Hazel (Garron's wife, daughter-in-law)",,
Brawler Rancer,,,Humanoid,Goblin,,,Male,Small,9.0m,12.0m,35.0kg,20,"Flourish,Lacerate,Main Hand Attack,Throw Stone",Goblin Scimitar,,FALSE,,,,,Cult of the Absolute,Novice of the Absolute
Randalf,,,Humanoid,Halfling,,,Male,Small,7.5m,,35.0kg,,,,,FALSE,,,,,,
Randolf Vammas,,,Humanoid,Human,,,Male,Medium,9.0m,,75.0kg,1,,,,FALSE,,,,⁠Vammas,,Lord of Baldur's Gate
Rascal Borys,,,Humanoid,Tiefling,,,Male,Small,9.0m,12.0m,25.0kg,1,,,,FALSE,,,,,,
Rath,,,Humanoid,Human,Druid,Circle of the Moon,Male,Medium,9.0m,,75.0kg,40,"Hold Person,Lesser Restoration,Main Hand Attack,Misty Step,Wild Shape: Dire Raven",Greatclub,,FALSE,,,,,Circle of the Emerald Grove,
Raylen Jannath,,,Humanoid,Human,,,Male,Medium,9.0m,,75.0kg,1,,,,FALSE,,,,Jannath,,Lord of Baldur's Gate
Reagan Splint,,,Humanoid,Half-orc,,,,Medium,9.0m,18.0m,100.0kg,1,,,,FALSE,,,,,,
Rechel,,,Humanoid,Tiefling,,,Female,Medium,9.0m,12.0m,75.0kg,1,Unarmed Strike,,,FALSE,,,,,Tiefling refugees,
Redhammer the Deviser,,,Humanoid,Dwarf,Fighter,Battle Master,Male,Medium,7.5m,12.0m,75.0kg,320,"Disarming Attack (Melee),Main Hand Attack,Rush Attack,Second Wind",Spear +1,,FALSE,,,,,,
Refugee,,,Humanoid,Human,,,Male,Medium,4.0m,,75.0kg,4,,,,FALSE,,,,,,
Reklan,,,Humanoid,Human,Wizard,,,Medium,9.0m,,75.0kg,320,"Fire Bolt,Ice Knife,Cloud of Daggers,Confusion,Misty Step",,,FALSE,,,,,Szarr Palace,
Remira,,,Humanoid,Human,,,Female,Medium,9.0m,,75.0kg,15,"Main Hand Attack,Ranged Attack","Longbow,Dagger",,FALSE,,,,,,
Zealot Renan,,,Humanoid,Human,Paladin,Oath of Vengeance,Female,Medium,9.0m,,75.0kg,140,"Branding Smite,Cleave,Hamstring Shot,Lacerate,Lay on Hands: Greater Healing,Lay on Hands: Lesser Healing,Main Hand Attack,Ranged Attack,Rush Attack,Thunderous Smite,Abjure Enemy","Shortbow,Halberd",,FALSE,,,,,Cult of the Absolute,
Fist Reynash,,,Humanoid,Gnome,Wizard,,Male,Small,7.5m,12.0m,35.0kg,250,"Acid Splash,Blight,Conjure Elemental,Counterspell,Fire Bolt,Main Hand Attack,Slow,Topple",Quarterstaff,,FALSE,,,,,Flaming Fist,
Rhaneld,,,Humanoid,Human,,,Male,Small,9.0m,,25.0kg,1,,,,FALSE,,,,,,
Fist Rhed,,,Humanoid,Gold dwarf,Fighter,,Male,Medium,7.5m,12.0m,75.0kg,110,"Main Hand Attack,Backbreaker,Concussive Smash,Weakening Strike",Warhammer,,FALSE,,,,,Flaming Fist,
Youth Rheg'zel,,,Humanoid,Githyanki,,,Female,Medium,9.0m,,75.0kg,75,"Flourish,Main Hand Attack,Piercing Strike",Shortsword,,FALSE,,,,,Crèche Y'llek,
Rhett,,,Humanoid,Human,,,Female,Small,9.0m,,25.0kg,,,,,FALSE,,,,,,
"Queen Rhol, the Despoiler",,,Humanoid,Tiefling,,,Female,Medium,,,,,,,,FALSE,,,,,,
Rhy,,,Humanoid,Tiefling,,,Male,Medium,9.0m,12.0m,75.0kg,1,,,,FALSE,,,,,Tiefling refugees,
Gate Master Ri'zel,,,Humanoid,Githyanki,,,,Medium,9.0m,,75.0kg,250,"Extraplanar Summons,Psychic Rend,Misty Step",,,FALSE,,,,,Githyanki (Faction),
Fist Richter,,,Humanoid,Human,Fighter,,Male,Medium,9.0m,,75.0kg,200,"Main Hand Attack,Rush Attack,Trip Attack (Melee)",Spear,,FALSE,,,,,Flaming Fist,
Ricks Garven,,,Humanoid,Human,,,Male,Medium,9.0m,,75.0kg,1,,,,FALSE,,,,,,
Rikka,,,Humanoid,Tiefling,Ranger,,Female,Medium,9.0m,12.0m,75.0kg,20,"Hamstring Shot,Ranged Attack",Longbow,,FALSE,,,,Doni (ward),Tiefling refugees,
Rilia,,,Humanoid,Tiefling,,,Female,Medium,9.0m,12.0m,75.0kg,1,,,,FALSE,,,,,,
Tracker Rindle,,,Humanoid,Goblin,,,Female,Small,9.0m,12.0m,35.0kg,20,"Hamstring Shot,Nimble Escape,Ranged Attack",Goblin Bow,,FALSE,,,,,Cult of the Absolute,Novice of the Absolute
Rion,,,Humanoid,Half-elf,Druid,Circle of the Land,Female,Medium,9.0m,12.0m,75.0kg,320,"Acid Splash,Backbreaker,Concussive Smash,Heat Metal,Misty Step,Poison Spray,Main Hand Attack,Sunbeam,Weakening Strike",Warhammer,,FALSE,,,,Jaheira (adoptive mother)Tate (adoptive brother)Jhessem (adoptive sister)Jord (adoptive brother)Fig (adoptive sister),Harpers,
Roah Moonglow,,,Humanoid,Halfling,Bard,,Female,Small,7.5m,,35.0kg,20,,,,FALSE,,,,,Zhentarim,TraderLucretia of the Zhentarim (Act 3)
Roah Moonglow (Act Two),,,Humanoid,Halfling,Bard,,Female,Small,7.5m,,35.0kg,20,,,,FALSE,,,,,Zhentarim,
Roah Moonglow (Act Three),,,Humanoid,Halfling,Bard,,Female,Small,7.5m,,35.0kg,20,,,,FALSE,,,,,Zhentarim,
Robbin Datherswick,,,Humanoid,Halfling,,,Male,Small,7.5m,,,1,,,,FALSE,,,,,,
Roberon Silt,,,Humanoid,Human,,,Male,Medium,1.0m,,75.0kg,1,,,,FALSE,,,,,,Art Trader
Fist Rockbothem,,,Humanoid,Dwarf,Ranger,,Female,Medium,7.5m,12.0m,75.0kg,140,"Brace (Ranged),Ensnaring Strike (Ranged),Piercing Shot,Ranged Attack,Volley",Heavy Crossbow,,FALSE,,,,,Flaming Fist,
Fist Rockbreed,,,Humanoid,Dwarf,Fighter,,Female,Medium,7.5m,12.0m,75.0kg,200,"Main Hand Attack,Piercing Strike,Rush Attack,Trip Attack (Melee)","Spear,Javelin",,FALSE,,,,,Flaming Fist,
Rodondo Logg,,,Humanoid,Half-elf,,,Male,Medium,9.0m,12.0m,75.0kg,1,,,,FALSE,,,,Fuschia Vineshoot (partner),,
Roger Gherkins,,,Humanoid,Halfling,,,Male,Small,7.5m,,75.0kg,1,,,,FALSE,,,,,,
Roger Highberry,,,Humanoid,Halfling,,,Male,Small,7.5m,,35.0kg,1,,,,FALSE,,,,Cora Highberry (wife),,
Rolan,,,Humanoid,Tiefling,Wizard,Evocation School,Male,Medium,9.0m,12.0m,75.0kg,20,"Fire Bolt,Main Hand Attack,Rolan's Colour Spray,Rolan's Mage Armour,Rolan's Magic Missile,Rolan's Thunderwave,Topple",Quarterstaff,,FALSE,,,,Cal (brother)Lia (sister),Tiefling Refugees,
Rolan's Projection,,,Humanoid,,,,,Medium,9.0m,12.0m,75.0kg,1,,,,FALSE,,,,,,
Sharp-Eye Roo,,,Humanoid,Goblin,Ranger,,Female,Small,9.0m,12.0m,35.0kg,20,"Ensnaring Strike (Ranged),Hamstring Shot,Nimble Escape,Ranged Attack,Worg Companion",Goblin Bow,,FALSE,,,,,Cult of the Absolute,Novice of the Absolute
Adventurer Rosanna,,,Humanoid,Half-elf,,,Female,Medium,9.0m,12.0m,70.0kg,200,Main Hand Attack,Greataxe +1,,FALSE,,,,,,
Sister Rose the Penitent,,,Humanoid,Human,Cleric,,Female,Medium,9.0m,,75.0kg,200,"Cure Wounds,Sacred Flame",,,FALSE,,,,,Church of Ilmater,
Rossina,,,Humanoid,Gnome,,,Female,Small,7.5m,12.0m,35.0kg,1,,,,FALSE,,,,,,
Brawler Rot,,,Humanoid,Goblin,,,Male,Small,9.0m,12.0m,35.0kg,10,"Flourish,Lacerate,Main Hand Attack,Throw Stone",Goblin Scimitar,,FALSE,,,,,Cult of the Absolute,
Chef Roveer,,,Humanoid,Dwarf,,,Male,Medium,7.5m,12.0m,75.0kg,1,,,,FALSE,,,,,,
Flaming Fist Rowan,,,Humanoid,Human,,,Male,Medium,9.0m,,75.0kg,40,"Lacerate,Main Hand Attack,Pommel Strike,Rush Attack",Longsword,,FALSE,,,,,Flaming Fist,
Fist Rowan,,,Humanoid,Human,Fighter,Battle Master,Male,Medium,9.0m,,75.0kg,200,"Main Hand Attack,Rush Attack,Trip Attack (Melee)",Spear,,FALSE,,,,,Flaming Fist,
Rowan Elkfriend,,,Humanoid,Halfling,,,Male,Small,7.5m,,75.0kg,1,,,,FALSE,,,,,,
Rox Flunter,,,Humanoid,Human,,,Male,Medium,9.0m,,75.0kg,1,,,,FALSE,,,,,,
Rozes Kallista,,,Humanoid,Tiefling,,,Female,Medium,9.0m,9.0m,25.0kg,,,,,FALSE,,,,Leucis Kallista (husband)Iados Kallista (son)Nemi Kallista (daughter),,
Rozzak,,,Humanoid,Goblin,,,Male,Small,7.5m,12.0m,35.0kg,50,"Main Hand Attack,Reckless Warcry",Goblin Scimitar,,FALSE,,,,,Cult of the Absolute,Goblin Boss
Warrior Rua,,,Humanoid,Goblin,Fighter,,,Small,9.0m,12.0m,35.0kg,20,"Lacerate,Main Hand Attack,Menacing Attack (Melee),Throw Stone",,,FALSE,,,,,Cult of the Absolute,
Rugan,,,Humanoid,Human,Ranger,,Male,Medium,9.0m,,75.0kg,40,"Flourish,Main Hand Attack,Mobile Shot,Piercing Shot,Piercing Strike,Ranged Attack,Alchemist's Fire (action)","Hand Crossbow,Shortsword",,FALSE,,,,,Zhentarim,
Rugger Shattershield,,,Humanoid,Dwarf,,,Male,Medium,7.5m,12.0m,75.0kg,1,,,,FALSE,,,,⁠Shattershield,,Lord of Baldur's Gate
Runt,,,Humanoid,Human,,,Male,Small,9.0m,,25.0kg,1,,,,FALSE,,,,,,
Rurik,,,Humanoid,Dwarf,Rogue,Thief,Male,Medium,7.5m,4.0m,65.0kg,4,,,,FALSE,,,,,,
Ruth Linnacker,,,Humanoid,Human,,,Female,Medium,9.0m,,75.0kg,1,,,,FALSE,,,,⁠Linnacker,,Lady of Baldur's Gate
Unholy Assassin Rycke,,,Humanoid,Human,,,Male,Medium,12.0m,30.0m,75.0kg,400,"Main Hand Attack,Off-Hand Attack (Melee),Piercing Strike",Murderous Cut,,FALSE,,,,,,
Zealot Rylveth,,,Humanoid,Drow,Paladin,,Female,Medium,9.0m,16.0m,75.0kg,140,"Branding Smite,Cleave,Hamstring Shot,Lacerate,Lay on Hands: Greater Healing,Lay on Hands: Lesser Healing,Main Hand Attack,Ranged Attack,Rush Attack,Thunderous Smite,Abjure Enemy","Shortbow,Halberd",,FALSE,,,,,Cult of the Absolute,
Sacrificed Cultist (High Elf),,,Humanoid,High elf,,,Male,Medium,1.0m,12.0m,75.0kg,10,"Acid Splash,Unarmed Strike",,,FALSE,,,,,,
Sacrificed Cultist (Human),,,Humanoid,Human,,,Male,Medium,1.0m,,75.0kg,10,Unarmed Strike,,,FALSE,,,,,Cult of the Absolute,
Saff Fargoer,,,Humanoid,Dwarf,,,Male,Medium,7.5m,12.0m,75.0kg,1,,,,FALSE,,,,,,
Safyre,,,Humanoid,Elf,,,Female,Medium,9.0m,12.0m,75.0kg,1,,,,FALSE,,,,,,
Salamander,,,Humanoid,Human,Wizard,,Female,Medium,9.0m,,75.0kg,1,,,,FALSE,,,,,,
Salazon,,,Humanoid,Human,Wizard,,Male,Medium,9.0m,,75.0kg,40,"Colour Spray,Fire Bolt,Main Hand Attack,Off-Hand Attack (Melee),Poison Spray,Shocking Grasp,Throw,Thunderwave,Topple","Quarterstaff,Dagger",Alchemist's Fire,FALSE,,,,,Zhentarim,
Salene Freig,,,Humanoid,Human,,,Female,Medium,1.0m,,75.0kg,1,,,,FALSE,,,,,,
Sally Flymm,,,Humanoid,Human,,,Female,Medium,9.0m,,75.0kg,1,,,,FALSE,,,,Enver Gortash (son)Dravo Flymm (husband),,
Sammia Indigo,,,Humanoid,Human,,,Female,Medium,9.0m,,75.0kg,,,,,FALSE,,,,Billigan Indigo (husband)Dannbo Indigo (son),,
Dead Zealot of the Absolute,,,Humanoid,Human,Paladin,,,Medium,9.0m,,75.0kg,8,,,,FALSE,,,,,Cult of the Absolute,
Sanseverina,,,Humanoid,Half-elf,,,Female,Medium,9.0m,12.0m,75.0kg,1,,,,FALSE,,,,,,
Santoria,,,Humanoid,Human,,,Female,Medium,9.0m,,75.0kg,1,Dash,,,FALSE,,,,,Church of Gond,
Sarabayle,,,Humanoid,Human,Wizard,Evocation School,Female,Medium,9.0m,,75.0kg,140,"Bone Chill,Concussive Smash,Fireball,Incubate Death,Main Hand Attack,Misty Step,Tenacity,Weakening Strike,Shield",Myrkulite Scourge,,FALSE,,,,,Cult of Myrkul,Mistress of Souls
Sarafin,,,Humanoid,Elf,,,Female,Medium,9.0m,9.0m,75.0kg,,,,,FALSE,,,,,,
Sarin,,,Humanoid,Human,,,Female,Medium,9.0m,14.0m,0.0kg,320,,,,FALSE,,,,,,
Sarken Eomane,,,Humanoid,Human,,,Male,Medium,9.0m,,75.0kg,1,,,,FALSE,,,,⁠Eomane,,Lord of Baldur's Gate
Fist Saunder,,,Humanoid,Human,Fighter,,Male,Medium,9.0m,,75.0kg,200,"Cleave,Lacerate,Main Hand Attack,Rush Attack,Sweeping Attack",Halberd,,FALSE,,,,,Flaming Fist,
Savage Seawind,,,Humanoid,Human,,,,Medium,11.0m,11.0m,75.0kg,11,"Concussive Smash,Entangle,Ice Knife,Main Hand Attack,Ray of Frost",Mace,,FALSE,,,,,Church of Umberlee,
Blaze Savora,,,Humanoid,Human,Wizard,,Female,Medium,9.0m,,75.0kg,250,"Blight,Conjure Elemental: Fire Elemental,Counterspell,Fire Bolt,Main Hand Attack,Melf's Acid Arrow,See Invisibility,Slow,Topple",Quarterstaff,,FALSE,,,,,Flaming Fist,
Scarpers,,,Humanoid,Halfling,Rogue,,Male,Small,7.5m,,35.0kg,200,"Brace (Ranged),Cunning Action: Disengage,Hail of Thorns,Hamstring Shot,Ranged Attack,Sneak Attack (Ranged)",Longbow,,FALSE,,,,,The Guild,
Refugee Sconnor,,,Humanoid,Half-elf,,,Male,Medium,9.0m,9.0m,75.0kg,1,,,,FALSE,,,,,,
Scrawny Bugbear,,,Humanoid,Bugbear,,,,Medium,9.0m,12.0m,110.0kg,20,"Main Hand Attack,Throw,Throw Stone","Javelin,Morningstar",,FALSE,,,,,,
Seralia Devers,,,Humanoid,Human,,,Female,Medium,9.0m,,75.0kg,1,,,,FALSE,,,,,,
Fist Serrik,,,Humanoid,Elf,Fighter,,Male,Medium,9.0m,12.0m,75.0kg,200,"Cleave,Lacerate,Main Hand Attack,Rush Attack,Sweeping Attack",Halberd,,FALSE,,,,,Flaming Fist,
Severn,,,Humanoid,Bugbear,,,Male,Medium,9.0m,12.0m,110.0kg,320,,,,FALSE,,,,,The Guild,Guildhall Bartender
Manip Seyama,,,Humanoid,Human,Ranger,,Female,Medium,9.0m,,75.0kg,320,"Ranged Attack,Silence,Wolf Companion",Hand Crossbow +1,,FALSE,,,,,Flaming Fist,The Basilisk's Fang
High Gish'ra Sh'ari,,,Humanoid,Githyanki,Monk,Way of the Open Hand,Female,Medium,13.5m,,75.0kg,200,"Flurry of Blows: Topple,Step of the Wind: Dash,Unarmed Strike (Monk)",,,FALSE,,,,,Warriors of the Comet,
Shadow-Cursed Flaming Fist,,,Humanoid,Zombie,,,,Medium,10.5m,,75.0kg,90,Main Hand Attack,Greatsword,,FALSE,,,,,,
Shadow-Cursed Githyanki Warrior,,,Humanoid,Githyanki,,,,Medium,10.5m,,75.0kg,90,Main Hand Attack,Githyanki Greatsword,,FALSE,,,,,,
Shadow-Cursed Harper,,,Humanoid,Elf / Halfling / Human,,,,Medium,10.5m,,75.0kg,90,"Main Hand Attack,Ranged Attack","Light Crossbow,Spear",,FALSE,,,,,,
Shadow-Cursed Pilgrim,,,Humanoid,Human,,,,Medium,10.5m,,75.0kg,90,Main Hand Attack,Dagger,,FALSE,,,,,,
Shadow-Cursed Zealot,,,Humanoid,Human,,,,Medium,10.5m,,75.0kg,90,Main Hand Attack,Halberd,,FALSE,,,,,,
Fist Shah,,,Humanoid,Dwarf,Fighter,,Male,Medium,7.5m,12.0m,75.0kg,200,"Main Hand Attack,Piercing Strike,Rush Attack,Trip Attack (Melee)","Spear,Javelin",,FALSE,,,,,Flaming Fist,
Shameful Eternal Debtor,,,Humanoid,Half-orc,,,Male,Medium,9.0m,18.0m,100.0kg,1,Forever Indebted,,,FALSE,,,,,House of Hope,
Fist Shargil,,,Humanoid,Human,Fighter,,Female,Medium,9.0m,,75.0kg,250,"Cleave,Lacerate,Main Hand Attack,Rush Attack,Sweeping Attack,Throw","Javelin,Halberd",,FALSE,,,,,Flaming Fist,
Bosun Sharley,,,Humanoid,Human,,,Male,Medium,9.0m,,75.0kg,1,,,,FALSE,,,,,,
Sharlz Molar,,,Humanoid,Elf,,,Male,Medium,10.5m,12.0m,75.0kg,1,,,,FALSE,,,,,,
Sharran Fidelian,,,Humanoid,Human or Elf,,,,Medium,9.0m,8.0m,75.0kg,110,"Beckoning Darkness,Bone Chill,Darkness,Shadow Step",,,FALSE,,,,,Church of Shar,
Sharran Novice,,,Humanoid,Human,,,,Medium,9.0m,4.0m,75.0kg,20,Main Hand Attack,Mace,,FALSE,,,,,Church of Shar,
Shattered Duergar,,,Humanoid,Duergar,,,Male,Medium,7.5m,24.0m,75.0kg,5,,,,FALSE,,,,,,
Booyahg Shekt,,,Humanoid,Goblin,Wizard,,Female,Small,9.0m,12.0m,35.0kg,20,"Acid Splash,Grease,Main Hand Attack,Ray of Sickness,Topple",Ritual Staff,,FALSE,,,,,Cult of the Absolute,Novice of the Absolute
Dark Breaker Sherrill,,,Humanoid,Human,,,Female,Medium,10.0m,,75.0kg,250,"Chromatic Orb: Cold,Conjure Elemental: Water Elemental,Disarming Strike,Ice Knife,Main Hand Attack,Piercing Strike,Rush Attack,Thunderwave",Trident,,FALSE,,,,,Church of Umberlee,
Shiv Dahlia,,,Humanoid,Human,Barbarian,Wildheart,Female,Medium,9.0m,,75.0kg,140,"Concussive Smash,Dash (bonus action),Diving Strike,Main Hand Attack,Rage: Eagle Heart,Reckless Attack",Greatclub,,FALSE,,,,,Stone Lord,
Reaper of Bhaal Shrev,,,Humanoid,Human,,,,Medium,9.0m,30.0m,75.0kg,250,"Main Hand Attack,Shroud Self",Murderous Cut,,FALSE,,,,,Cult of Bhaal,
Shuna Huanje,,,Humanoid,Dwarf,,,Female,Medium,7.5m,12.0m,75.0kg,1,,,,FALSE,,,,,,
Manip Shuurga,,,Humanoid,Half-Orc,Wizard,,Female,Medium,9.0m,18.0m,75.0kg,140,"Main Hand Attack,Piercing Strike",Dagger,,FALSE,,,,,Flaming Fist,
Siggy,,,Humanoid,Dwarf,,,Female,Medium,7.5m,12.0m,75.0kg,1,,,,FALSE,,,,,,
Feloguard Sigurd,,,Humanoid,Human,,,Male,Medium,9.0m,,75.0kg,250,"Concussive Smash,Main Hand Attack,Mobile Shot,Piercing Shot,Ranged Attack,Menacing Attack (Melee)","Hand Crossbow,Mace +1",,FALSE,,,,,Cult of Bane,
Fist Silena,,,Humanoid,Human,Fighter,,Female,Medium,9.0m,,75.0kg,200,"Cleave,Lacerate,Main Hand Attack,Rush Attack,Sweeping Attack",Halberd,,FALSE,,,,,Flaming Fist,
Silfy,,,Humanoid,Tiefling,,,Female,Small,9.0m,12.0m,25.0kg,1,,,,FALSE,,,,Mattis (brother),Tiefling refugees,
Silifrey Sashenstar,,,Humanoid,Human,,,Female,Medium,9.0m,,75.0kg,1,,,,FALSE,,,,⁠Sashenstar,,Lady of Baldur's Gate
Sina'zith,,,Humanoid,Githyanki,Monk,,Female,Medium,9.0m,,75.0kg,1,,,,FALSE,,,,,,
Sinister Hooded Man,,,Humanoid,Human,,,Male,Medium,9.0m,30.0m,75.0kg,250,"Main Hand Attack,Piercing Strike",Dagger,,FALSE,,,,,Cult of Bhaal,
Sir Fuzzalump,,,Humanoid,Gnome,Wizard,,Male,Small,8.0m,,1.0kg,1,,,,FALSE,,,,,,
Herdmaster Skarjall,,,Humanoid,Dwarf,Fighter,Battle Master,Male,Medium,7.5m,24.0m,75.0kg,75,"Concussive Smash,Main Hand Attack,Menacing Attack (Melee),Pushing Attack (Melee)",Whipping Cane,,FALSE,,,,,,
Skeeve Stabwell,,,Humanoid,Human,,,Male,Medium,9.0m,,70.0kg,250,"Flourish,Main Hand Attack,Piercing Strike,Sneak Attack (Melee),Weakening Strike",Rapier,,FALSE,,,,,The Guild,
Skickpit,,,Humanoid,Gnome,,,Male,Small,7.5m,24.0m,35.0kg,75,,,,FALSE,,,,,Clan Ironhand,
Skip,,,Humanoid,Human,,,Male,Small,9.0m,,25.0kg,1,,,,FALSE,,,,,,
Reaper of Bhaal Skoan,,,Humanoid,Human,,,,Medium,9.0m,30.0m,75.0kg,250,"Main Hand Attack,Shroud Self",Murderous Cut,,FALSE,,,,,Cult of Bhaal,
Enforcer Skoona,,,Humanoid,Half-orc,Fighter,Champion,Female,Medium,9.0m,18.0m,100.0kg,320,"Main Hand Attack,Off-Hand Attack (Melee),Reckless Attack",Scimitar +1,,FALSE,,,,,,
Skrut,,,Humanoid,Goblin,,,Male,Small,7.5m,12.0m,35.0kg,50,"Main Hand Attack,Reckless Warcry,Throw Stone",Goblin Scimitar,,FALSE,,,,,Cult of the Absolute,Goblin Boss
Harper Skywin,,,Humanoid,Elf,Ranger,,Female,Medium,10.5m,,75.0kg,90,"Cure Wounds,Hamstring Shot,Main Hand Attack,Piercing Strike,Ranged Attack","Shortbow,Dagger",,FALSE,,,,,Harpers,
Slarmy,,,Humanoid,Halfling,,,Male,Small,7.5m,,35.0kg,1,,,,FALSE,,,,,,
Slatey Marven,,,Humanoid,Human,,,Female,Medium,9.0m,,75.0kg,1,,,,FALSE,,,,,,
Captain Sleam,,,Humanoid,Halfling,,,Female,Small,7.5m,,35.0kg,1,,,,FALSE,,,,,,
Sledge Pettifeet,,,Humanoid,Halfling,Ranger,,Female,Small,7.5m,,35.0kg,250,"Ensnaring Strike (Ranged),Main Hand Attack,Ranged Attack,Sneak Attack (Ranged)","Longbow,Dagger",,FALSE,,,,,The Guild,
Tracker Slice,,,Humanoid,Goblin,,,Female,Small,9.0m,12.0m,35.0kg,20,"Hamstring Shot,Nimble Escape,Ranged Attack",Goblin Bow,,FALSE,,,,,Cult of the Absolute,
Slick Inatra,,,Humanoid,Half-elf,Ranger,,Female,Medium,9.0m,12.0m,75.0kg,320,"Cunning Action: Dash,Ensnaring Strike (Ranged),Ranged Attack,Sneak Attack (Ranged),Wolf Companion",Longbow +1,,FALSE,,,,,Zhentarim,
Slog,,,Humanoid,Half-orc,,,Male,Medium,12.0m,18.0m,100.0kg,250,,,,FALSE,,,,,,
Sloncha Owena,,,Humanoid,Elf,,,Female,Medium,1.0m,12.0m,75.0kg,1,,,,FALSE,,,,,,
Slorsha Grommer,,,Humanoid,Halfling,,,Male,Small,7.5m,,35.0kg,1,,,,FALSE,,,,,,
Seawind Slow-Boat Drubella,,,Humanoid,Human,,,Female,Medium,11.0m,,75.0kg,250,"Brace (Ranged),Entangle,Ice Knife,Main Hand Attack,Piercing Strike,Piercing Shot,Ranged Attack,Ray of Frost","Heavy Crossbow +1,Dagger",,FALSE,,,,,Church of Umberlee,
Slow-Butt,,,Humanoid,Human,,,,Small,9.0m,,25.0kg,1,,,,FALSE,,,,,,
Slozy Arminifer,,,Humanoid,Human,,,Male,Medium,9.0m,,75.0kg,1,,,,FALSE,,,,,,
Sharp-Eye Sluck,,,Humanoid,Goblin,Ranger,,Female,Small,9.0m,12.0m,35.0kg,20,"Ensnaring Strike (Ranged),Nimble Escape,Ranged Attack,Worg Companion",Goblin Bow,,FALSE,,,,,Cult of the Absolute,Novice of the Absolute
Slumgullion,,,Humanoid,Halfling,,,Male,Small,7.5m,,75.0kg,1,,,,FALSE,,,,,,
Cashguard Artillerist Smathers,,,Humanoid,Human,,,,Medium,9.0m,,75.0kg,250,"Main Hand Attack,Ranged Attack","Rapier,Heavy Crossbow",,FALSE,,,,,,
Smiley Gheef,,,Humanoid,Human,,,Male,Medium,9.0m,,75.0kg,1,,,,FALSE,,,,,,
Smilin' Ginna,,,Humanoid,Human,,,,Medium,9.0m,,75.0kg,320,Main Hand Attack,Shortsword,,FALSE,,,,,,Zhentarim
Fist Smithwynn,,,Humanoid,Human,Fighter,,Male,Medium,9.0m,,75.0kg,250,"Main Hand Attack,Rush Attack,Trip Attack (Melee)",Spear,,FALSE,,,,,Flaming Fist,
Smouldering Eternal Debtor,,,Humanoid,Tiefling,,,Female,Medium,9.0m,12.0m,75.0kg,1,Forever Indebted,,,FALSE,,,,,House of Hope,
Smythin,,,Humanoid,Human,,,Male,Medium,9.0m,,75.0kg,1,,,,FALSE,,,,,,
Snapbone,,,Humanoid,Human,Rogue,,,Medium,9.0m,,75.0kg,320,Main Hand Attack,Scimitar,,FALSE,,,,,The Guild,Guild Bursar Guard
Sharp-Eye Sneem,,,Humanoid,Goblin,Ranger,,Male,Small,9.0m,12.0m,35.0kg,15,"Ensnaring Strike (Ranged),Hamstring Shot,Nimble Escape,Ranged Attack,Worg Companion",Goblin Bow,,FALSE,,,,,Cult of the Absolute,
Sneezer Phibbs,,,Humanoid,Human,,,Male,Small,9.0m,,25.0kg,1,,,,FALSE,,,,,,
Reaper of Bhaal Snirr,,,Humanoid,Human,,,Male,Medium,9.0m,30.0m,75.0kg,400,"Flourish,Lacerate,Main Hand Attack,Piercing Strike,Shroud Self",Murderous Cut,,FALSE,,,,,Cult of Bhaal,
Sharp-Eye Snurd,,,Humanoid,Goblin,Ranger,,Male,Small,9.0m,12.0m,35.0kg,20,"Ensnaring Strike (Ranged),Nimble Escape,Ranged Attack,Worg Companion",Goblin Bow,,FALSE,,,,,Cult of the Absolute,Novice of the Absolute
Gauntlet Soapstone,,,Humanoid,Human,Fighter,,Female,Medium,9.0m,,75.0kg,250,"Main Hand Attack,Piercing Strike,Rush Attack,Trip Attack (Melee)","Spear,Javelin",,FALSE,,,,,Flaming Fist,
Solras,,,Humanoid,Dwarf,,,Female,Medium,1.0m,12.0m,75.0kg,1,,,,FALSE,,,,,,
Somi,,,Humanoid,Half-orc,Barbarian,,,Medium,9.0m,18.0m,100.0kg,250,"Main Hand Attack,Reckless Attack",Greataxe +1,,FALSE,,,,Tairn (brother),,
Zealot Soreni,,,Humanoid,Drow,Paladin,,Female,Medium,9.0m,16.0m,75.0kg,140,"Branding Smite,Cleave,Hamstring Shot,Lacerate,Lay on Hands: Greater Healing,Lay on Hands: Lesser Healing,Main Hand Attack,Ranged Attack,Rush Attack,Throw,Thunderous Smite,Abjure Enemy","Shortbow,Halberd",Void Bulb,FALSE,,,,,Cult of the Absolute,
Sorn Orlith,,,Humanoid,Drow,Wizard,,Male,Medium,6.0m,16.0m,75.0kg,1,"Bone Chill,Darkness,Knock,Garrotte",,,FALSE,,,,Nym Orlith (twin sister),,
Spargo Ovilliers,,,Humanoid,Human,,,Male,Medium,9.0m,,75.0kg,1,,,,FALSE,,,,,,
Sparks Musgravel,,,Humanoid,Human,Wizard,,Male,Medium,9.0m,,70.0kg,250,"Faerie Fire,Invisibility,Magic Missile,Main Hand Attack,Topple",Quarterstaff,,FALSE,,,,,The Guild,
Spatula Farggo,,,Humanoid,Dwarf,,,Male,Medium,7.5m,12.0m,75.0kg,1,,,,FALSE,,,,,,
Death's Head of Bhaal Spaulder,,,Humanoid,Human,,,Male,Medium,9.0m,30.0m,75.0kg,250,"Flourish,Lacerate,Main Hand Attack,Piercing Strike,Stunning Gaze",Murderous Cut,,FALSE,,,,,Cult of Bhaal,
Torturer Spike,,,Humanoid,Goblin,Fighter,,Male,Small,9.0m,12.0m,35.0kg,20,"Concussive Smash,Main Hand Attack,Menacing Attack (Melee),Throw,Throw",Club,"Alchemist's Fire, Acid Vial",FALSE,,,,,Cult of the Absolute,
Splatters Doolug,,,Humanoid,Half-orc,,,Male,Medium,9.0m,18.0m,100.0kg,1,,,,FALSE,,,,,,
Spool,,,Humanoid,Human,,,Male,Small,9.0m,,25.0kg,1,,,,FALSE,,,,,,
Dead Drow Raider,,,Humanoid,Drow,,,Male,Medium,9.0m,,75.0kg,1,,,,FALSE,,,,,Cult of the Absolute,
Iron Consul Stalwart,,,Humanoid,Human,,,Female,Medium,9.0m,,75.0kg,320,"Main Hand Attack,Mobile Shot,Piercing Shot,Rush Attack,Voice of Command, Ranged Attack","Hand Crossbow,Spear +1",,FALSE,,,,,Cult of Bane,
Seawind Star Stolitti,,,Humanoid,Human,,,Female,Medium,11.0m,,75.0kg,250,"Concussive Smash,Entangle,Ice Knife,Main Hand Attack,Ray of Frost",Mace,,FALSE,,,,,Church of Umberlee,
Fist Starrlet,,,Humanoid,Human,Fighter,,,Medium,9.0m,,75.0kg,250,"Cleave,Lacerate,Main Hand Attack,Rush Attack,Trip Attack (Melee)",Halberd,,FALSE,,,,,Flaming Fist,
Steffy,,,Humanoid,Human,,,Female,Small,1.0m,,25.0kg,1,,,,FALSE,,,,,,
Party Guest,,,Humanoid,Half-elf,,,Male,Medium,9.0m,12.0m,75.0kg,1,,,,FALSE,,,,,,
Sticky Dondo,,,Humanoid,Human,,,Male,Medium,9.0m,,25.0kg,1,,,,FALSE,,,,,The Guild,Fetcher's Brats
Black Gauntlet Stijin,,,Humanoid,Human,Cleric,,Female,Medium,9.0m,,75.0kg,400,"Aura of Terror,Command: Grovel,Command: Halt,Concussive Smash,Guiding Bolt,Main Hand Attack",Mace +2,,FALSE,,,,,Cult of Bane,
Stimk,,,Humanoid,Bugbear,,,Male,Medium,9.0m,12.0m,110.0kg,20,"Concussive Smash,Heartstopper,Main Hand Attack,Piercing Strike,Tenacity,Throw","Javelin,Morningstar",,FALSE,,,,,Cult of the Absolute,
Stinker,,,Humanoid,Human,,,,Small,9.0m,,25.0kg,1,,,,FALSE,,,,,,
Cashier Stivvo,,,Humanoid,Halfling,,,Female,Small,7.5m,,35.0kg,1,,,,FALSE,,,,,The Counting House,
Ghustil Stornugoss,,,Humanoid,Githyanki,,,Female,Medium,9.0m,,75.0kg,75,"Astral Step,Counterspell,Flourish,Healing Word,Lesser Restoration,Main Hand Attack,Misty Step,Piercing Strike,Ray of Frost,Ray of Sickness",Githyanki Shortsword,,FALSE,,,,,,Principal Healer of Crèche Y'llek
Stropes,,,Humanoid,Hobgoblin,Wizard,,Male,Medium,9.0m,16.0m,75.0kg,400,"Fire Bolt,Chromatic Orb: Fire,Main Hand Attack,Topple",Quarterstaff,,FALSE,,,,,Cult of Bhaal,
Stug Minedale,,,Humanoid,Dwarf,,,Male,Medium,7.5m,12.0m,75.0kg,1,,,,FALSE,,,,Gherva Minedale (sister),The Guild,
Thunderstorm Sue,,,Humanoid,Human,Wizard,,Female,Medium,9.0m,,75.0kg,250,"Chain Lightning,Shatter,Shocking Grasp",,,FALSE,,,,,,
Warrior Sul,,,Humanoid,Goblin,Fighter,,Male,Small,9.0m,12.0m,35.0kg,15,"Cleave,Lacerate,Main Hand Attack,Perform (Drum),Prepare,Throw Stone",Greataxe,,FALSE,,,,,Cult of the Absolute,
Pilgrim Sul,,,Humanoid,Human,Cleric,,Male,Medium,9.0m,,75.0kg,1,,,,FALSE,,,,,Cult of the Absolute,
Sula Ghevora,,,Humanoid,Elf,,,Female,Medium,9.0m,12.0m,35.0kg,1,,,,FALSE,,,,,,
Harper Sulian,,,Humanoid,Gnome,Druid,,Female,Small,7.5m,12.0m,35.0kg,400,"Conjure Woodland Being,Faerie Fire,Lesser Restoration,Main Hand Attack,Mass Healing Word,Thorn Whip",Quarterstaff,,FALSE,,,,,Harpers,
Questioner Sumera,,,Humanoid,Gnome,Wizard,,Female,Small,7.5m,12.0m,35.0kg,140,"Blindness,Cloud of Daggers,Confusion,Eldritch Blast",,,FALSE,,,,Jasin (sister),Cult of the Absolute,
Surixana,,,Humanoid,Dragonborn,,,Female,Medium,9.0m,,100.0kg,1,,,,FALSE,,,,,,
Susdera,,,Humanoid,Human,Wizard,Evocation School,Female,Medium,9.0m,,75.0kg,140,"Bone Chill,Fireball,Incubate Death,Main Hand Attack",Myrkulite Scourge,,FALSE,,,,,Cult of Myrkul,Mistress of Souls
Svend,,,Humanoid,Human,,,Male,Medium,9.0m,,75.0kg,1,,,,FALSE,,,,,,
Sylbert,,,Humanoid,Halfling,,,Male,Small,7.5m,,35.0kg,1,,,,FALSE,,,,,,
Syllabub Fran,,,Humanoid,Human,,,Male,Medium,9.0m,,75.0kg,1,,,,FALSE,,,,,,
Fist Healer Syllving,,,Humanoid,Dwarf,Cleric,,Female,Medium,7.5m,12.0m,75.0kg,250,"Aid,Backbreaker,Calm Emotions,Command: Grovel,Concussive Smash,Crusader's Mantle,Main Hand Attack,Mass Cure Wounds,Sacred Flame,Weakening Strike",Warhammer,,FALSE,,,,,Flaming Fist,
Sylvie Summerworth,,,Humanoid,Halfling,,,Female,Small,7.5m,,35.0kg,,,,,FALSE,,,,,,
Syril Valdemar,,,Humanoid,Elf,,,Male,Medium,1.0m,12.0m,75.0kg,1,,,,FALSE,,,,,,
Syrin,,,Humanoid,Human,,,Female,Medium,9.0m,,75.0kg,400,Sneak Attack (Melee),,,FALSE,,,,,,
Dead Elf,,,Humanoid,Elf,,,Male,Medium,9.0m,12.0m,3.0kg,3,,,,FALSE,,,,Galan (son)Unnamed child,,
Tahan,,,Humanoid,Gnome,Druid,Circle of the Land,Female,Small,7.5m,12.0m,35.0kg,20,"Heat Metal,Main Hand Attack,Mirror Image,Produce Flame,Thunderwave,Wild Shape: Wolf",Quarterstaff,,FALSE,,,,,Circle of the Emerald Grove,
Pilgrim Taima,,,Humanoid,Human,Cleric,,Female,Medium,9.0m,,75.0kg,1,,,,FALSE,,,,,Cult of the Absolute,
Tairn,,,Humanoid,Half-orc,Barbarian,,,Medium,9.0m,18.0m,100.0kg,250,"Main Hand Attack,Reckless Attack",Greataxe +1,,FALSE,,,,Somi (brother),,
Tracker Tak,,,Humanoid,Goblin,,,Female,Small,9.0m,12.0m,35.0kg,10,"Hamstring Shot,Nimble Escape,Perform (Flute),Ranged Attack",Goblin Bow,,FALSE,,,,,Cult of the Absolute,
Quartermaster Talli,,,Humanoid,Human,Fighter,,Female,Medium,9.0m,,75.0kg,90,"Concussive Smash,Main Hand Attack",Light Hammer,,FALSE,,,,,Harpers,
Talli Armbrust,,,Humanoid,Human,,,Female,Medium,1.0m,,75.0kg,1,,,,FALSE,,,,Tym (husband)Ayo (son),,
Tam,,,Humanoid,Human,,,Male,Small,9.0m,,25.0kg,1,,,,FALSE,,,,,,
Taman,,,Humanoid,Half-elf,Fighter,,Male,Medium,9.0m,12.0m,75.0kg,15,"Lacerate,Main Hand Attack,Pommel Strike,Rush Attack,Second Wind",Longsword,,FALSE,,,,,Overgrown Ruin Looters,
Clerk Tamara,,,Humanoid,Drow,Wizard,,Female,Medium,9.0m,,75.0kg,250,"Cone of Cold,Fire Bolt,Ice Storm,Magic Missile,Main Hand Attack,Misty Step,Piercing Strike",Dagger,,FALSE,,,,,Cult of Bane,
Black Gauntlet Tamia Holzt,,,Humanoid,Human,Cleric,,Female,Medium,9.0m,,75.0kg,400,"Aura of Terror,Blight,Concussive Smash,Dominate Person,Inflict Wounds,Initiate Collar Detonation,Main Hand Attack,Phantasmal Killer,Planar Ally: Deva,Spirit Guardians (Necrotic)",Infernal Mace,,FALSE,,,,,Cult of Bane,
Fist Taraji,,,Humanoid,Human,Fighter,,Female,Medium,9.0m,,75.0kg,200,"Cleave,Lacerate,Main Hand Attack,Piercing Strike,Rush Attack,Sweeping Attack","Javelin,Halberd",,FALSE,,,,,Flaming Fist,
Tarhun Mnemonis,,,Humanoid,Dragonborn,,,Male,Medium,9.0m,,100.0kg,1,,,,FALSE,,,,,,
Dead Half-Elf,,,Humanoid,Half-elf,,,Male,Medium,9.0m,12.0m,75.0kg,75,,,,FALSE,,,,,,
Cashguard Taslim,,,Humanoid,Human,Paladin,,Female,Medium,9.0m,,75.0kg,250,"Blinding Smite,Divine Smite,Lay on Hands: Greater Healing,Main Hand Attack,Ranged Attack","Hand Crossbow,Maul",,FALSE,,,,,,
Chef's Assistant Tecochi,,,Humanoid,Human,,,,Medium,1.0m,,75.0kg,1,,,,FALSE,,,,,,
Tecothy,,,Humanoid,Drow,Ranger,,Male,Medium,9.0m,16.0m,75.0kg,40,"Main Hand Attack,Piercing Shot,Piercing Strike,Ranged Attack","Light Crossbow,Dagger",,FALSE,,,,,,
Harper Teebs,,,Humanoid,Dwarf,Fighter,,Male,Medium,7.5m,12.0m,75.0kg,90,"Main Hand Attack,Rush Attack,Throw",Spear,Smokepowder Bomb,FALSE,,,,,Harpers,
Teghun,,,Humanoid,Bugbear,,,Male,Medium,9.0m,12.0m,110.0kg,20,"Concussive Smash,Heartstopper,Main Hand Attack,Piercing Strike,Tenacity,Throw","Javelin,Morningstar",,FALSE,,,,,Cult of the Absolute,
Harper Terradissia,,,Humanoid,Half-elf,Wizard,,Female,Medium,9.0m,12.0m,75.0kg,90,"Acid Splash,Magic Missile,Poison Spray",,,FALSE,,,,,Harpers,
Terse Torvalt,,,Humanoid,Halfling,Rogue,,Male,Small,7.5m,,35.0kg,250,"Ranged Attack,Main Hand Attack,Sneak Attack (Ranged),Cunning Action: Disengage","Longbow,Dagger",,FALSE,,,,,The Guild,
Dead Githyanki Warrior,,,Humanoid,Githyanki,,,Female,Medium,9.0m,,75.0kg,5,,,,FALSE,,,,,Githyanki (Faction),
Fist Thadwick,,,Humanoid,Dwarf,Fighter,,Male,Medium,7.5m,12.0m,75.0kg,90,"Backbreaker,Concussive Smash,Main Hand Attack,Throw,Weakening Strike",Warhammer,Smokepowder Bomb,FALSE,,,,,Flaming Fist,
Thalita Cross,,,Humanoid,Human,,,Female,Medium,9.0m,,75.0kg,1,,,,FALSE,,,,Heder Cross (son),,
Cashguard Artillerist Thamberg,,,Humanoid,Human,,,,Medium,9.0m,,75.0kg,250,"Main Hand Attack,Ranged Attack","Rapier,Heavy Crossbow",,FALSE,,,,,,
Thaniel,,,Humanoid,Tiefling,,,Male,Medium,9.0m,12.0m,25.0kg,1,,,,FALSE,,,,Oliver,,
Thatmatt Oakhide,,,Humanoid,Dwarf,,,Male,Medium,7.5m,12.0m,75.0kg,1,,,,FALSE,,,,Bruha Oakhide (wife),,
Fist Rusk,,,Humanoid,Human,Fighter,,Male,Medium,9.0m,,75.0kg,250,"Main Hand Attack,Sweeping Attack",Halberd,,FALSE,,,,,Flaming Fist,
The Professor,,,Humanoid,Elf,,,Male,Medium,9.0m,12.0m,75.0kg,1,,,,FALSE,,,,,,
The Warden,,,Humanoid,Tiefling,Ranger,,Female,Medium,9.0m,12.0m,75.0kg,200,"Brace (Ranged),Ensnaring Strike (Melee),Ensnaring Strike (Ranged),Hail of Thorns,Hellish Rebuke,Lacerate,Lightning Arrow,Piercing Shot,Pommel Strike,Rush Attack, Ranged Attack","Heavy Crossbow +1,Longsword",,FALSE,,,,,Cult of the Absolute,
Theda Grosz,,,Humanoid,Halfling,,,Female,Small,7.5m,,35.0kg,1,,,,FALSE,,,,,,
Cashguard Artillerist Theoda,,,Humanoid,Human,,,,Medium,9.0m,,75.0kg,250,"Main Hand Attack,Ranged Attack","Rapier,Heavy Crossbow",,FALSE,,,,,,
Theologist Eternal Debtor,,,Humanoid,Human,,,Male,Medium,9.0m,12.0m,75.0kg,1,Forever Indebted,,,FALSE,,,,,House of Hope,
Kith'rak Therezzyn,,,Humanoid,Githyanki,Fighter,Eldritch Knight,Female,Medium,9.0m,,75.0kg,90,"Astral Step,Blur,Burning Hands,Cleave,Fear,Lacerate,Main Hand Attack,Pommel Strike,Ray of Frost,Shocking Grasp",Soulbreaker Greatsword,,FALSE,,,,,Crèche Y'llek,Commander of Crèche Y'llek
Thimble,,,Humanoid,Human,,,,Medium,9.0m,,75.0kg,1,,,,FALSE,,,,,,
Thindo Vintervur,,,Humanoid,Halfling,,,Male,Small,7.5m,,35.0kg,1,Dash,,,FALSE,,,,,Church of Gond,
Thodric Shedeveer,,,Humanoid,Asmodeus Tiefling,,,,Medium,1.0m,12.0m,75.0kg,1,,,,FALSE,,,,,,Fishmonger
Thokki,,,Humanoid,Dwarf,,,Female,Medium,7.5m,12.0m,75.0kg,1,,,,FALSE,,,,,,
Thomas C. Quirkilious,,,Humanoid,Dragonborn,,,Male,Medium,1.0m,,100.0kg,1,,,,FALSE,,,,Cate (daughter),,Maker of Musical Instruments
Waiter Thorne,,,Humanoid,Human,,,Female,Medium,1.0m,,75.0kg,1,,,,FALSE,,,,,,
Thrastle Muria,,,Humanoid,Human,,,Female,Medium,9.0m,,75.0kg,1,,,,FALSE,,,,,,
Three,,,Humanoid,Goblin,,,Female,Small,7.5m,12.0m,10.0kg,1,"Nimble Escape,Throw",,,FALSE,,,,,Cult of the Absolute,
Three-Piece,,,Humanoid,Halfling,,,Male,Small,7.5m,,35.0kg,320,Main Hand Attack,Scimitar,,FALSE,,,,,The Guild,Guild Member
Thudd,,,Humanoid,Dwarf,Barbarian,,Male,Medium,7.5m,24.0m,75.0kg,75,"Concussive Smash,Enlarge,Main Hand Attack,Rage,Reckless Attack,Tenacity,Throw","Greatclub,Javelin",,FALSE,,,,,Clan Flameshade,
Thuldra Thuldrin,,,Humanoid,Dwarf,,,Female,Medium,,12.0m,75.0kg,1,,,,FALSE,,,,,,
Thulla,,,Humanoid,Gnome,,,Female,Small,7.5m,24.0m,35.0kg,40,"Main Hand Attack,Piercing Strike",Dagger,,FALSE,,,,,Clan Ironhand,
Gauntlet Thunder,,,Humanoid,Dwarf,Cleric,,Female,Medium,7.5m,12.0m,75.0kg,250,"Aid,Backbreaker,Calm Emotions,Concussive Smash,Crusader's Mantle,Command: Grovel,Main Hand Attack,Mass Cure Wounds,Sacred Flame,Weakening Strike",Warhammer,,FALSE,,,,,Flaming Fist,Fist Drillmaster
Thyssa Shineboot,,,Humanoid,Halfling,,,Female,Small,7.5m,,35.0kg,1,,,,FALSE,,,,,,
Tiernan Wont,,,Humanoid,Half-elf,,,Male,Medium,9.0m,12.0m,75.0kg,1,,,,FALSE,,,,,,
Tilly,,,Humanoid,Dwarf,,,Female,Medium,7.5m,12.0m,75.0kg,1,"Unarmed Strike,Dash",,,FALSE,,,,,,
Tilses,,,Humanoid,Tiefling,Fighter,,Female,Medium,9.0m,12.0m,75.0kg,15,Main Hand Attack,Longsword,,FALSE,,,,,Tiefling refugees,
Timmy the Orphan,,,Humanoid,Human,,,Male,Small,1.0m,1.0m,25.0kg,1,,,,FALSE,,,,,,
Tina Two-Thumbs,,,Humanoid,Halfling,,,Female,Small,7.5m,,35.0kg,1,,,,FALSE,,,,,,
Seawind Tinsy Ralpp,,,Humanoid,Human,,,Female,Medium,11.0m,,75.0kg,320,"Concussive Smash,Entangle,Ice Knife,Main Hand Attack,Ray of Frost",Mace,,FALSE,,,,,Church of Umberlee,
Brawler Tiny,,,Humanoid,Goblin,,,Female,Small,9.0m,12.0m,35.0kg,10,"Flourish,Lacerate,Main Hand Attack,Throw Stone",Goblin Scimitar,,FALSE,,,,,Cult of the Absolute,Novice of the Absolute
Tipplesome Patron,,,Humanoid,Human,,,,Medium,9.0m,18.0m,35.0kg,250,,,,FALSE,,,,,,
Tracker Tizg,,,Humanoid,Goblin,,,Male,Small,9.0m,12.0m,35.0kg,20,"Hamstring Shot,Nimble Escape,Ranged Attack",Goblin Bow,,FALSE,,,,,Cult of the Absolute,
Toadbreath,,,Humanoid,Hobgoblin,,,Male,Medium,9.0m,16.0m,75.0kg,200,,,,FALSE,,,,,,
Togarr,,,Humanoid,Human,Fighter,,Female,Medium,9.0m,,75.0kg,250,Sweeping Attack,,,FALSE,,,,,Flaming Fist,
Tolna Tome-Monger,,,Humanoid,Human,,,Female,Medium,5.0m,,75.0kg,250,"Command: Drop,Command: Flee,Command: Grovel,Ray of Frost",,,FALSE,,,,,,
Tomboldt the Pallid,,,Humanoid,Drow,,,Male,Medium,9.0m,12.0m,75.0kg,250,"Acid Splash,Cloudkill,Melf's Acid Arrow,Main Hand Attack,Piercing Strike,Ray of Sickness",Dagger,,FALSE,,,,,Cult of Bane,
Tongs Stoneheart,,,Humanoid,Dwarf,,,Female,Medium,7.5m,12.0m,75.0kg,1,,,,FALSE,,,,,,
Tonsure Bellagio,,,Humanoid,Gnome,,,Male,Small,7.5m,12.0m,35.0kg,1,,,,FALSE,,,,,,
Tooralooralayo,,,Humanoid,Human,,,Female,Medium,9.0m,,75.0kg,1,,,,FALSE,,,,,,
Torgga,,,Humanoid,Dwarf,Ranger,,Female,Medium,7.5m,16.0m,75.0kg,15,"Ensnaring Strike,Main Hand Attack,Ranged Attack","Shortbow,Dagger",,FALSE,,,,,Overgrown Ruin Looters,
Torin Crysst,,,Humanoid,Human,,,Male,Medium,9.0m,,25.0kg,,,,,FALSE,,,,Noira Crysst (mother)Horus Crysst (father),,
Toron,,,Humanoid,Tiefling,,,Male,Medium,9.0m,12.0m,75.0kg,1,"Main Hand Attack,Rush Attack",Pitchfork,,FALSE,,,,,Tiefling refugees,
Tracker Torrack,,,Humanoid,Goblin,,,Male,Small,9.0m,12.0m,35.0kg,15,"Hamstring Shot,Nimble Escape,Ranged Attack",Goblin Bow,,FALSE,,,,,Cult of the Absolute,
Tracker Tozad,,,Humanoid,Goblin,,,Male,Small,9.0m,12.0m,35.0kg,20,"Ensnaring Strike (Ranged),Hamstring Shot,Nimble Escape,Ranged Attack,Worg Companion",Goblin Bow,,FALSE,,,,,Cult of the Absolute,Novice of the Absolute
Youth Tra’an,,,Humanoid,Githyanki,,,Male,Medium,9.0m,,75.0kg,75,"Lacerate,Main Hand Attack,Pommel Strike,Rush Attack",Longsword,,FALSE,,,,,Crèche Y'llek,
Cashguard Artillerist Triava,,,Humanoid,Human,,,,Medium,9.0m,,75.0kg,250,"Main Hand Attack,Ranged Attack","Rapier,Heavy Crossbow",,FALSE,,,,,,
Trina,,,Humanoid,Human,,,Female,Medium,9.0m,,75.0kg,1,,,,FALSE,,,,,,
Trinigan Gazotts,,,Humanoid,Elf,,,Male,Medium,9.0m,12.0m,75.0kg,1,,,,FALSE,,,,,,
Trinoda,,,Humanoid,Elf,Ranger,,Female,Medium,9.0m,12.0m,75.0kg,320,"Cunning Action: Dash,Ranged Attack,Sneak Attack (Ranged)",Longbow +1,,FALSE,,,,,,
Warrior Trinzas,,,Humanoid,Goblin,Fighter,,Female,Small,9.0m,12.0m,35.0kg,20,"Lacerate,Main Hand Attack,Menacing Attack (Melee),Throw Stone",Greataxe,,FALSE,,,,,Cult of the Absolute,
Fist Recruit Tristan,,,Humanoid,Human,Ranger,,Male,Medium,9.0m,,75.0kg,40,"Brace (Ranged),Piercing Shot,Ranged Attack",Heavy Crossbow,,FALSE,,,,,Flaming Fist,
Truffles Smythe,,,Humanoid,Human,,,Female,Medium,9.0m,,75.0kg,1,,,,FALSE,,,,,,
Warrior Trunk,,,Humanoid,Goblin,Fighter,,,Small,9.0m,12.0m,35.0kg,15,"Lacerate,Main Hand Attack,Menacing Attack (Melee),Throw Stone",Handaxe,,FALSE,,,,,Cult of the Absolute,
Trynn,,,Humanoid,Halfling,Ranger,,Female,Small,7.5m,,35.0kg,40,"Ensnaring Strike,Hunter's Mark,Main Hand Attack,Ranged Attack","Shortbow,Dagger",,FALSE,,,,,,
Ch'r'ai Tska'an,,,Humanoid,Githyanki,Warlock,,Female,Medium,9.0m,24.0m,75.0kg,200,"Astral Step,Eldritch Blast,Form of Dread,Light,Vampiric Touch",,,TRUE,,,,,Vlaakith Loyalist,Avatar of Vlaakith
Warlock Tud,,,Humanoid,Goblin,Warlock,,Female,Small,9.0m,12.0m,35.0kg,20,"Armour of Agathys,Eldritch Blast,Hex,Lacerate,Main Hand Attack",Handaxe,,FALSE,,,,,,Novice of the Absolute
Tud Whetstone,,,Humanoid,Dwarf,,,Male,Medium,7.5m,9.0m,75.0kg,1,,,,FALSE,,,,,,
Tugelnhorn,,,Humanoid,Dwarf,,,Female,Medium,7.5m,12.0m,75.0kg,1,,,,FALSE,,,,,,
Tuloria,,,Humanoid,Human,,,Female,Medium,9.0m,,35.0kg,1,,,,FALSE,,,,,,
Harper Tumeril,,,Humanoid,Elf,Wizard,,Male,Medium,9.0m,12.0m,75.0kg,90,"Fire Bolt,Main Hand Attack,Mirror Image,Piercing Strike,Scorching Ray",Dagger,,FALSE,,,,,Harpers,
Turnip Bubbs,,,Humanoid,Dwarf,,,Male,Medium,7.5m,12.0m,75.0kg,1,,,,FALSE,,,,,,
Tusgront,,,Humanoid,Half-orc,Barbarian,,,Medium,9.0m,18.0m,100.0kg,250,"Cleave,Main Hand Attack,Rage: Wolf Heart,Reckless Attack",Greataxe,,FALSE,,,,,The Guild,
Tut Thistlebog,,,Humanoid,Halfling,,,Male,Small,7.5m,,35.0kg,1,,,,FALSE,,,,,,
Twitch Broven,,,Humanoid,Human,,,Male,Medium,9.0m,,75.0kg,1,,,,FALSE,,,,,,
Ty Willowbrook,,,Humanoid,Human,,,Male,Medium,9.0m,,75.0kg,1,,,,FALSE,,,,,,
Sharran Novice Tylda,,,Humanoid,Human,Fighter,,Female,Medium,9.0m,24.0m,75.0kg,320,Main Hand Attack,Mace,,FALSE,,,,,Church of Shar,
Tylman Sands,,,Humanoid,Human,,,Male,Medium,9.0m,,35.0kg,1,,,,FALSE,,,,,,
Tym Armbrust,,,Humanoid,Human,,,Male,Medium,1.0m,,75.0kg,1,,,,FALSE,,,,Talli (wife)Ayo (son),,
Uktar,,,Humanoid,Human,,,Male,Medium,9.0m,,75.0kg,1,,,,FALSE,,,,,The Guild,Guild Bursar
Ul’mirel,,,Humanoid,Githyanki,,,Female,Small,9.0m,,25.0kg,1,,,,FALSE,,,,,Crèche Y'llek,
Duke Ulder Ravengard,,,Humanoid,Human,Fighter,Battle Master,Male,Medium,9.0m,,75.0kg,510,"Commander's Strike,Fire Shield,Lacerate,Pommel Strike,Rush Attack",,,FALSE,,,,Wyll (son),Flaming Fist,Supreme Marshall of the Flaming Fist
Fist Ulinn,,,Humanoid,Human,Cleric,,Male,Medium,9.0m,,75.0kg,250,"Aid,Backbreaker,Calm Emotions,Command: Grovel,Concussive Smash,Crusader's Mantle,Main Hand Attack,Mass Cure Wounds,Sacred Flame,Weakening Strike",Warhammer,,FALSE,,,,,Flaming Fist,
Ulkov Sully,,,Humanoid,Human,,,,Medium,1.0m,,75.0kg,1,,,,FALSE,,,,,,
Ulma,,,Humanoid,Human,Barbarian,,Female,Medium,9.0m,,75.0kg,200,"Cleave,Lacerate,Main Hand Attack,Prepare,Rage,Reckless Attack",The Undead Bane,,FALSE,,,,,The Gur,Gur Leader
Black Gauntlet Ulova,,,Humanoid,Human,Cleric,,Male,Medium,9.0m,,75.0kg,400,"Aura of Terror,Command: Grovel,Command: Halt,Concussive Smash,Dominate Person,Guiding Bolt,Main Hand Attack",Mace +2,,FALSE,,,,,Cult of Bane,
Fist Ulthred,,,Humanoid,Human,Fighter,,Male,Medium,9.0m,,75.0kg,90,"Disarming Attack (Melee),Lacerate,Main Hand Attack,Pommel Strike,Pushing Attack (Melee),Rush Attack",Longsword,,FALSE,,,,,Flaming Fist,
Ulumpha,,,Humanoid,Half-orc,Paladin,,Female,Medium,9.0m,18.0m,100.0kg,250,"Aid,Backbreaker,Bane,Branding Smite,Concussive Smash,Main Hand Attack,Searing Smite,Weakening Strike,Wrathful Smite",Warhammer,,FALSE,,,,,Dead Eyes,Member of the Dead Eyes
Umbrenne,,,Humanoid,Elf,,,Male,Medium,9.0m,12.0m,75.0kg,1,,,,FALSE,,,,,,
Umi,,,Humanoid,Tiefling,,,Male,Small,9.0m,12.0m,25.0kg,1,,,,FALSE,,,,,Tiefling refugees,
Gish Umr'a'ac,,,Humanoid,Githyanki,Fighter,Eldritch Knight,Male,Medium,9.0m,,75.0kg,75,"Bestow Curse: Attack Disadvantage,Blindness,Burning Hands,Hold Person,Lacerate,Main Hand Attack,Misty Step,Pommel Strike,Ray of Frost,Rush Attack,Shocking Grasp",Githyanki Longsword,,FALSE,,,,,Crèche Y'llek,
Raider Un’n,,,Humanoid,Githyanki,,,,Medium,9.0m,,75.0kg,75,"Ranged Attack,Misty Step,Rally,Trip Attack (Ranged)",Githyanki Crossbow,,FALSE,,,,,Crèche Y'llek,
Unclean Eternal Debtor,,,Humanoid,Human,,,Male,Medium,9.0m,12.0m,75.0kg,1,Forever Indebted,,,FALSE,,,,,House of Hope,
Guard Unilda Tiro,,,Humanoid,Human,Cleric,,Female,Medium,9.0m,,75.0kg,400,"Aura of Terror,Blight,Concussive Smash,Dominate Person,Inflict Wounds,Main Hand Attack,Phantasmal Killer,Spirit Guardians (Necrotic)",Mace,,FALSE,,,,,Cult of Bane,
Untaken,,,Humanoid,Human,,,,Medium,10.0m,10.0m,75.0kg,10,"Create Water,Ice Knife,Lacerate,Main Hand Attack",Sickle,,FALSE,,,,,Church of Umberlee,
Sharran Fidelian Uttermask,,,Humanoid,Human,Wizard,,Male,Medium,9.0m,24.0m,75.0kg,320,"Beckoning Darkness,Bone Chill,Darkness,Shadow Step",,,FALSE,,,,,Church of Shar,
Black Gauntlet Uva,,,Humanoid,Human,Cleric,,Female,Medium,9.0m,,75.0kg,400,"Aura of Terror,Blight,Concussive Smash,Dominate Person,Inflict Wounds,Main Hand Attack,Phantasmal Killer,Spirit Guardians (Necrotic)",Infernal Mace,,FALSE,,,,,Cult of Bane,
Reaper of Bhaal Vagga,,,Humanoid,Human,,,,Medium,9.0m,30.0m,75.0kg,250,"Main Hand Attack,Shroud Self",Murderous Cut,,FALSE,,,,,Cult of Bhaal,
Valmorba,,,Humanoid,Half-elf,Cleric,,Female,Medium,9.0m,12.0m,75.0kg,250,"Maiming Strike,Main Hand Attack,Piercing Strike,Shield of Faith,Weakening Strike",War Pick,,FALSE,,,,,,
Vanra,,,Humanoid,Human,,,Female,Small,1.0m,,25.0kg,1,,,,FALSE,,,,Lora Bergauz (Mother)Tim Twofingers (Uncle),,
Varanna Sunblossom,,,Humanoid,Half-elf,Fighter,,Female,Medium,11.0m,,75.0kg,1,,,,FALSE,,,,,,
Varce Humbletood,,,Humanoid,Human,,,Male,Medium,9.0m,,75.0kg,1,,,,FALSE,,,,,,
Varderola,,,Humanoid,Human,Rogue,,Female,Medium,9.0m,,75.0kg,400,Sneak Attack (Melee),,,FALSE,,,,,,
Reaper of Bhaal Varneela,,,Humanoid,Human,,,,Medium,9.0m,30.0m,75.0kg,400,"Ranged Attack,Main Hand Attack,Shroud Self","Heavy Crossbow,Murderous Cut",,FALSE,,,,,Cult of Bhaal,
Fist Varone,,,Humanoid,Human,Wizard,,Female,Medium,9.0m,,75.0kg,250,"Blight,Counterspell,Fire Bolt,Main Hand Attack,Melf's Acid Arrow,Slow,Topple",Quarterstaff,,FALSE,,,,,Flaming Fist,
Youth Varrl,,,Humanoid,Githyanki,,,Male,Medium,9.0m,,75.0kg,75,"Lacerate,Main Hand Attack,Pommel Strike,Rush Attack",Longsword,,FALSE,,,,,,
Vatas,,,Humanoid,Tiefling,,,Male,Medium,9.0m,12.0m,75.0kg,1,,,,FALSE,,,,,Tiefling refugees,
Reaper of Bhaal Velki,,,Humanoid,Human,,,Female,Medium,9.0m,30.0m,75.0kg,400,"Flourish,Lacerate,Main Hand Attack,Piercing Strike,Shroud Self",Murderous Cut,,FALSE,,,,,Cult of Bhaal,
Velson Oakes,,,Humanoid,Wood elf,,,Male,Medium,1.0m,12.0m,75.0kg,1,,,,FALSE,,,,,,
Ver'yll Wenkiir,,,Humanoid,Drow,Ranger,,Male,Medium,9.0m,,75.0kg,,,,,FALSE,,,,,,
Zephyr Gish'ra Verik,,,Humanoid,Githyanki,Monk,Way of the Four Elements,Female,Medium,13.5m,,75.0kg,200,"Clench of the North Wind,Fist of Unbroken Air,Flurry of Blows,Step of the Wind: Dash,Unarmed Strike (Monk)",,,FALSE,,,,,Warriors of the Comet,
Goblin,,,Humanoid,Goblin,,,Male,Small,9.0m,12.0m,35.0kg,8,,,,FALSE,,,,,Cult of the Absolute,
Verryn,,,Humanoid,Gnome,,,Male,Small,7.5m,12.0m,35.0kg,1,,,,FALSE,,,,,,
Veteran Gish,,,Humanoid,Githyanki,,,,Medium,9.0m,9.0m,75.0kg,9,"Astral Step,Blindness,Burning Hands,Counterspell,Hold Person,Misty Step,Ray of Frost,Shocking Grasp",,,FALSE,,,,,,
Githyanki Veteran Raider,,,Humanoid,Githyanki,,,,Medium,9.0m,9.0m,75.0kg,9,"Misty Step,Ranged Attack,Rally,Trip Attack (Ranged)",Githyanki Crossbow,,FALSE,,,,,,
Githyanki Veteran Warrior,,,Humanoid,Githyanki,,,,Medium,9.0m,9.0m,75.0kg,9,"Disarming Attack (Melee),Enhance Leap,Main Hand Attack,Second Wind",Githyanki Greatsword,,FALSE,,,,,,
Brawler Vez,,,Humanoid,Goblin,,,Female,Small,9.0m,12.0m,35.0kg,75,"Flourish,Lacerate,Main Hand Attack,Throw,Throw,Throw Stone",Goblin Scimitar,"Smokepowder Bomb, Alchemist's Fire",FALSE,,,,,Cult of the Absolute,
Bully Gal Vharranne,,,Humanoid,Human,Ranger,,Female,Medium,9.0m,,75.0kg,250,"Ranged Attack,Main Hand Attack","Longbow,Dagger",,FALSE,,,,,,
Tailor Vhynce,,,Humanoid,Elf,,,Male,Medium,9.0m,12.0m,75.0kg,8,,,,FALSE,,,,,,
Victoria,,,Humanoid,Human,,,Female,,9.0m,,25.0kg,1,,,,FALSE,,,,Leon Onufrio (father),,
Manip Vidor,,,Humanoid,Human,Fighter,,Male,Medium,9.0m,,75.0kg,90,"Lacerate,Main Hand Attack,Pommel Strike,Rush Attack",Longsword,,FALSE,,,,,Flaming Fist,
Cashguard Basher Vikki,,,Humanoid,Human,Paladin,,,Medium,9.0m,,75.0kg,250,"Main Hand Attack,Ranged Attack,Lay on Hands: Greater Healing,Blinding Smite,Divine Smite","Hand Crossbow,Maul",,FALSE,,,,,,
Vilhelm,,,Humanoid,Human,Rogue,,Male,Medium,9.0m,,75.0kg,400,Sneak Attack (Melee),,,FALSE,,,,,,
Dark Breaker Vilmina,,,Humanoid,Human,,,Female,Medium,9.0m,,75.0kg,250,"Chromatic Orb: Cold,Conjure Elemental: Water Elemental,Disarming Strike,Ice Knife,Main Hand Attack,Piercing Strike,Rush Attack,Thunderwave",Trident,,FALSE,,,,Norya Baker (partner),Church of Umberlee,
Vin Dorgo,,,Humanoid,Human,,,Female,Medium,9.0m,,75.0kg,1,,,,FALSE,,,,,,
Vinegaroon,,,Humanoid,Gnome,,,Male,Small,7.5m,12.0m,35.0kg,1,,,,FALSE,,,,,,
Night Blade Vinnia,,,Humanoid,Human,,,Female,Medium,9.0m,30.0m,75.0kg,250,"Brace (Ranged),Piercing Shot,Ranged Attack",Heavy Crossbow,,FALSE,,,,,Cult of Bhaal,
Vinshent Fenteman,,,Humanoid,Elf,,,Male,Medium,1.0m,12.0m,75.0kg,1,,,,FALSE,,,,,,
Fist Virry,,,Humanoid,Human,Fighter,,Female,Medium,9.0m,,75.0kg,250,"Cleave,Lacerate,Main Hand Attack,Rush Attack,Sweeping Attack,Throw","Javelin,Halberd",,FALSE,,,,,Flaming Fist,
Youth Vis’kiir,,,Humanoid,Githyanki,,,Male,Medium,9.0m,,75.0kg,75,"Lacerate,Main Hand Attack,Pommel Strike,Rush Attack",Longsword,,FALSE,,,,,Crèche Y'llek,
Visionary Eternal Debtor,,,Humanoid,Tiefling,,,Male,Medium,9.0m,12.0m,75.0kg,1,Forever Indebted,,,FALSE,,,,,House of Hope,
Viss,,,Humanoid,Dwarf,,,Male,Medium,7.5m,24.0m,75.0kg,75,"Maiming Strike,Main Hand Attack,Piercing Strike,Weakening Strike",War Pick,,FALSE,,,,,Cult of the Absolute,Novice of the Absolute
Vistra,,,Humanoid,Dwarf,,,Female,Medium,7.5m,12.0m,75.0kg,1,,,,FALSE,,,,,,
Roustabout Vix,,,Humanoid,Half-elf,,,Male,Medium,9.0m,12.0m,75.0kg,1,,,,FALSE,,,,,Circus of the Last Days,
Ch'r'ai W'wargaz,,,Humanoid,Githyanki,,,Male,Medium,9.0m,,75.0kg,320,"Cleave,Lacerate,Main Hand Attack,Mindsteal Link,Mindsteal Tempest,Misty Step,Pommel Strike",Githyanki Greatsword,,TRUE,,,,,Crèche Y'llek,Inquisitor of Vlaakith
Orpheus,,,Humanoid,Githyanki,,,,Medium,15.0m,12.0m,12.0kg,12,"Greater Invisibility,Sanctuary,Dimension Door,Telekinesis,Globe of Invulnerability,Misty Step,Enhance Leap,Stunning Strike (Unarmed),Stunning Strike (Melee),Harmony of Fire and Water,Fist of Unbroken Air,Flurry of Blows,Unarmed Strike,Flames of the Phoenix,Levitate (Illithid Power),Tentacle Whip (Full-illithid),Potent Concentrated Blast,Mind Blast,Extract Brain,Mind Sanctuary,Strengthened Force Tunnel,Augmented Shield of Thralls,Nebulous Black Hole,Synaptic Consumption,Fierce Perilous Stakes,Fracture Psyche,Displacer Beast Shape,Stage Fright,Transfuse Health,Psionic Overload,Karsus' Compulsion",,,FALSE,,,,⁠Gith (mother),,The Prince of the Comet
Illithid Orpheus,,,Aberration,Mind Flayer,,,,Medium,15.0m,12.0m,12.0kg,12,"Greater Invisibility,Sanctuary,Dimension Door,Telekinesis,Globe of Invulnerability,Misty Step,Enhance Leap,Stunning Strike (Unarmed),Stunning Strike (Melee),Harmony of Fire and Water,Fist of Unbroken Air,Flurry of Blows,Unarmed Strike,Flames of the Phoenix,Levitate (Illithid Power),Tentacle Whip (Full-illithid),Potent Concentrated Blast,Mind Blast,Extract Brain,Mind Sanctuary,Strengthened Force Tunnel,Augmented Shield of Thralls,Nebulous Black Hole,Synaptic Consumption,Fierce Perilous Stakes,Fracture Psyche,Displacer Beast Shape,Stage Fright,Transfuse Health,Psionic Overload,Karsus' Compulsion",,,FALSE,,,,,,
Kith'rak Voss,,,Humanoid,Githyanki,Fighter,,Male,Medium,9.0m,,75.0kg,400,"Action Surge,Astral Step,Blur,Lacerate,Main Hand Attack,Pommel Strike,Rush Attack,Wrathful Smite",Voss' Silver Sword,,FALSE,,,,,,
Guard Vlomina,,,Humanoid,Dwarf,,,Female,Medium,7.5m,12.0m,75.0kg,250,"Concussive Smash,Main Hand Attack,Mobile Shot,Piercing Shot,Ranged Attack,Menacing Attack (Melee)","Hand Crossbow,Mace",,FALSE,,,,,Cult of Bane,
Vol,,,Humanoid,Human,Barbarian,Wildheart,Female,Medium,9.0m,,75.0kg,40,"Inciting Howl,Lacerate,Main Hand Attack,Pommel Strike,Rage: Wolf Heart,Reckless Attack,Rush Attack",Longsword,,FALSE,,,,,Zhentarim,
Fist of Bane Volgu Drak,,,Humanoid,Human,Cleric,,Male,,9.0m,,75.0kg,250,"Concussive Smash,Main Hand Attack,Menacing Attack (Melee)",Infernal Mace (Uncommon),,FALSE,,,,,Cult of Bane,
Volo,,,Humanoid,Human,,,Male,Medium,9.0m,,75.0kg,1,"Colour Spray,Grease,Magic Missile",,,FALSE,,,,,,"Procurer of Associates, Stories, and Curios"
Voss' Raider,,,Humanoid,Githyanki,,,,Medium,9.0m,,75.0kg,75,"Ranged Attack,Misty Step,Rally,Trip Attack (Ranged)",Light Crossbow,,FALSE,,,,,,
Voyeur Eternal Debtor,,,Humanoid,Gnome,,,,Small,7.5m,12.0m,35.0kg,1,Forever Indebted,,,FALSE,,,,,House of Hope,
Ardent Vraalsith,,,Humanoid,Githyanki,,,Male,Medium,9.0m,,75.0kg,75,"Flourish,Main Hand Attack,Misty Step,Piercing Strike,Psychic Rend",Githyanki Shortsword,,FALSE,,,,,Crèche Y'llek,
Butcher Vrak,,,Humanoid,Goblin,Fighter,,Male,Small,9.0m,12.0m,35.0kg,20,"Action Surge,Lacerate,Main Hand Attack,Menacing Attack (Melee),Throw Stone",Cleaver,,FALSE,,,,,Cult of the Absolute,
Vrindula Mardassus,,,Humanoid,Human,,,Female,Medium,9.0m,,75.0kg,1,,,,FALSE,,,,,,
Warrior Vu’un,,,Humanoid,Githyanki,,,Male,Medium,9.0m,,75.0kg,75,"Cleave,Disarming Attack (Melee),Lacerate,Main Hand Attack,Pommel Strike,Second Wind",Githyanki Greatsword,,FALSE,,,,,Crèche Y'llek,
Waldemar Prinski,,,Humanoid,Human,,,Male,Medium,9.0m,,75.0kg,10,,,,FALSE,,,,,Cult of Bane,
Waldo Walnut,,,Humanoid,Gnome,,,Male,Small,9.0m,12.0m,75.0kg,1,,,,FALSE,,,,,,
Waltzing Eternal Debtor,,,Humanoid,Tiefling,,,,Medium,9.0m,12.0m,75.0kg,1,Forever Indebted,,,FALSE,,,,,House of Hope,
Wanda Tullermoor,,,Humanoid,Human,Wizard,,Female,Medium,9.0m,,75.0kg,250,"Conjure Elemental: Water Elemental,Counterspell,Ice Storm,Invisibility,Main Hand Attack,Piercing Strike,Ray of Frost",Dagger,,FALSE,,,,,,
Githyanki Warrior,,,Humanoid,Githyanki,,,,Medium,5.0m,5.0m,75.0kg,5,"Disarming Attack (Melee),Main Hand Attack,Second Wind",Githyanki Greatsword,,FALSE,,,,,,
Warryn,,,Humanoid,Gnome,Rogue,,Male,Small,7.5m,12.0m,35.0kg,15,"Main Hand Attack,Piercing Strike,Hamstring Shot,Ranged Attack,Sneak Attack (Melee),Sneak Attack (Ranged)","Shortbow,Dagger",,FALSE,,,,,Overgrown Ruin Looters,
Devout Wasp,,,Humanoid,Goblin,Cleric,,Male,Small,9.0m,12.0m,35.0kg,20,"Bless,Concussive Smash,Cure Wounds,Main Hand Attack,Sacred Flame",Crude Mace,,FALSE,,,,,Cult of the Absolute,Novice of the Absolute
Watcher Guardian,,,Humanoid,Half-Orc or Gold Dwarf or Tiefling,Fighter,,,Medium,9.0m,12.0m,75.0kg,250,"Cleave,Main Hand Attack,Pommel Strike,Rush Attack",Greatsword,,FALSE,,,,,The Watch,
Fist Wayne,,,Humanoid,Human,Fighter,,Male,Medium,9.0m,,75.0kg,200,"Main Hand Attack,Piercing Strike,Rush Attack,Trip Attack (Melee)","Spear,Javelin",,FALSE,,,,,Flaming Fist,
Fist Wearne,,,Humanoid,Human,Ranger,,Male,Medium,9.0m,,75.0kg,200,"Brace (Ranged),Ensnaring Strike (Ranged),Piercing Shot,Ranged Attack,Volley",Heavy Crossbow,,FALSE,,,,,Flaming Fist,
Welso,,,Humanoid,Gnome,,,Male,Small,7.5m,24.0m,35.0kg,75,,,,FALSE,,,,Meerna (sister),Clan Ironhand,
Wendel Ashgrove,,,Humanoid,Human,,,Male,Medium,9.0m,,75.0kg,1,,,,FALSE,,,,,,
Brawler Weneg,,,Humanoid,Goblin,,,Female,Small,9.0m,12.0m,35.0kg,110,"Flourish,Lacerate,Main Hand Attack,Throw Stone",Goblin Scimitar,,FALSE,,,,,Cult of the Absolute,
Flaming Fist Wexford,,,Humanoid,Dwarf,,,Female,Medium,7.5m,,75.0kg,40,"Lacerate,Main Hand Attack,Pommel Strike,Rush Attack",Longsword,,FALSE,,,,,Flaming Fist,
Wicky,,,Humanoid,Gnome,,,Male,Small,7.5m,24.0m,35.0kg,75,,,,FALSE,,,,,Clan Ironhand,
Griefguard Wilbur,,,Humanoid,Human,,,Male,Medium,9.0m,24.0m,30.0kg,135,"Concussive Smash,Main Hand Attack",Mace,,FALSE,,,,,Church of Shar,
Fist Williams,,,Humanoid,Human,Fighter,,Male,Medium,9.0m,,75.0kg,250,"Main Hand Attack,Rush Attack,Trip Attack (Melee)",Spear,,FALSE,,,,,Flaming Fist,
Willinx Jindlebee,,,Humanoid,Human,Wizard,Evocation School,Female,Medium,9.0m,,75.0kg,140,"Bone Chill,Concussive Smash,Fireball,Incubate Death,Main Hand Attack,Misty Step,Tenacity,Weakening Strike,Shield",Myrkulite Scourge,,FALSE,,,,,Cult of Myrkul,Mistress of Souls
Willow,,,Humanoid,Human,,,Female,Medium,9.0m,,25.0kg,,,,,FALSE,,,,,,
Wilting Alex,,,Humanoid,Human,,,Female,Medium,9.0m,,75.0kg,1,,,,FALSE,,,,,,
Brawler Wim,,,Humanoid,Goblin,,,Male,Small,9.0m,12.0m,35.0kg,110,"Flourish,Lacerate,Main Hand Attack,Throw Stone",Goblin Scimitar,,FALSE,,,,,Cult of the Absolute,
Winslow Reginol,,,Humanoid,Dragonborn,,,Male,Medium,9.0m,,100.0kg,1,,,,FALSE,,,,,,
Winstra Hullhollyn,,,Humanoid,Human,,,Female,Medium,9.0m,,75.0kg,1,,,,FALSE,,,,Peil Hullhollyn (husband)Sybil Hullhollyn,,Lady of Baldur's Gate
Tracker Worm,,,Humanoid,Goblin,,,Female,Small,9.0m,12.0m,35.0kg,15,"Hamstring Shot,Nimble Escape,Ranged Attack",Goblin Bow,,FALSE,,,,,Cult of the Absolute,
Wren,,,Humanoid,Halfling,Druid,,Male,Small,7.5m,,35.0kg,75,"Concussive Smash,Lunar Mend,Main Hand Attack,Tenacity,Wild Shape: Bear",Greatclub,,FALSE,,,,,Shadow Druids,
Wrilda Gemfinder,,,Humanoid,Gnome,,,Female,Small,7.5m,12.0m,75.0kg,1,,,,FALSE,,,,,,
Wrint Sprigley,,,Humanoid,Gnome,,,Male,Small,7.5m,24.0m,35.0kg,1,,,,FALSE,,,,,,
Wulbren Bongle,,,Humanoid,Gnome,Fighter,,Male,Small,7.5m,12.0m,35.0kg,140,"Lacerate,Pommel Strike,Rush Attack,Throw Stone",,,FALSE,,,,"Antunio Bongle (father, deceased)",Clan Ironhand,Leader of Clan Ironhand
Guard Wulf,,,Humanoid,Human,,,Male,Medium,9.0m,,75.0kg,320,"Main Hand Attack,Mobile Shot,Piercing Shot,Ranged Attack,Rush Attack,Voice of Command","Hand Crossbow,Spear",,FALSE,,,,,Cult of Bane,
Wuloona Dor,,,Humanoid,Dwarf,,,Female,Medium,7.5m,,75.0kg,1,,,,FALSE,,,,,,
Wyll,,,Humanoid,Human,Warlock,The Fiend,Male,Medium,9.0m,,75.0kg,1,,,,FALSE,,,,"Ulder Ravengard (father)Francesca Ravengard (mother, deceased)",,The Blade of FrontiersThe Blade of Avernus
Wynn Freshwater,,,Humanoid,Elf,,,Female,Medium,9.0m,12.0m,35.0kg,1,,,,FALSE,,,,,,
Pale Corpse,,,Humanoid,Drow,Wizard,,Male,Medium,9.0m,16.0m,75.0kg,4,,,,FALSE,,,,,,
Xeph,,,Humanoid,Tiefling,,,Female,Medium,9.0m,12.0m,75.0kg,1,Unarmed Strike,,,FALSE,,,,,Tiefling refugees,
Warrior Xon’ar’as,,,Humanoid,Githyanki,,,Male,Medium,5.0m,,75.0kg,75,"Cleave,Disarming Attack (Melee),Enhance Leap,Main Hand Attack,Pommel Strike,Second Wind",Githyanki Greatsword,,FALSE,,,,,Crèche Y'llek,
Sister Yannis,,,Humanoid,Halfling,,,Female,Small,7.5m,,35.0kg,200,"Cure Wounds,Sacred Flame",,,FALSE,,,,,Church of Ilmater,
Yeller Dawg,,,Humanoid,Human,,,Male,Medium,9.0m,,75.0kg,1,,,,FALSE,,,,,,
Yerle,,,Humanoid,Half-elf,Ranger,,Female,Medium,9.0m,12.0m,75.0kg,20,"Flourish,Main Hand Attack,Mobile Shot,Piercing Shot,Piercing Strike,Ranged Attack","Hand Crossbow,Shortsword",,FALSE,,,,,Zhentarim,
Yerle (Act 2),,,Humanoid,Half-elf,Ranger,,Female,Medium,9.0m,12.0m,75.0kg,20,"Flourish,Main Hand Attack,Mobile Shot,Piercing Shot,Piercing Strike,Ranged Attack","Hand Crossbow,Shortsword",,FALSE,,,,,Zhentarim,
Gauntlet Yeva,,,Humanoid,Human,Fighter,Battle Master,Female,Medium,9.0m,,75.0kg,90,"Disarming Attack (Melee),Main Hand Attack,Menacing Attack (Melee),Riposte,Trip Attack (Melee)",Svartlebee's Woundseeker,,FALSE,,,,,Flaming Fist,
Yimuir,,,Humanoid,Human,,,Male,Medium,1.0m,,75.0kg,1,,,,FALSE,,,,,,
Harper Yonas,,,Humanoid,Human,Ranger,,Male,Medium,9.0m,,75.0kg,75,"Brace (Ranged),Piercing Shot,Ranged Attack",Heavy Crossbow,,FALSE,,,,,Harpers,
Yonks,,,Humanoid,Gnome,,,Male,Small,7.5m,9.0m,75.0kg,,,,,FALSE,,,,,,
Cashguard Yonni,,,Humanoid,Human,,,,Medium,9.0m,,75.0kg,250,"Main Hand Attack,Ranged Attack","Rapier,Heavy Crossbow",,FALSE,,,,,,
Iron Consul Underbite Yoonce,,,Humanoid,Half-orc,Fighter,,,Medium,9.0m,18.0m,100.0kg,320,"Main Hand Attack,Ranged Attack,Voice of Command,Goading Attack (Melee)","Hand Crossbow,Spear +1",,FALSE,,,,,Cult of Bane,
Githyanki Youth,,,Humanoid,Githyanki,,,,Medium,3.0m,3.0m,75.0kg,3,,,,FALSE,,,,,Githyanki (Faction),
Warrior Yr’rk,,,Humanoid,Githyanki,,,Male,Medium,9.0m,,75.0kg,75,"Cleave,Disarming Attack (Melee),Enhance Leap,Main Hand Attack,Pommel Strike,Second Wind",Githyanki Greatsword,,FALSE,,,,,Crèche Y'llek,
Yul,,,Humanoid,Tiefling,,,Male,Medium,9.0m,12.0m,75.0kg,4,,,,FALSE,,,,Gara (parent),Tiefling refugees,
Yves,,,Humanoid,Human,,,Male,Medium,9.0m,,75.0kg,1,,,,FALSE,,,,,,
Gish Yy’rul,,,Humanoid,Githyanki,Fighter,Eldritch Knight,Female,Medium,9.0m,,75.0kg,75,"Bestow Curse,Blindness,Burning Hands,Cleave,Hold Person,Main Hand Attack,Misty Step,Pommel Strike,Ray of Frost,Rush Attack,Shocking Grasp",Githyanki Longsword,,FALSE,,,,,Crèche Y'llek,
Disciple Z'rell,,,Humanoid,Half-orc,Warlock,The Fiend,Female,Medium,9.0m,18.0m,100.0kg,200,"Black Hole,Cone of Cold,Counterspell,Eldritch Blast,Lacerate,Main Hand Attack,Mirror Image",Handaxe +1,,TRUE,,,,,Cult of the Absolute,
Za'krug,,,Humanoid,Goblin,,,Male,Small,9.0m,12.0m,35.0kg,50,"Main Hand Attack,Reckless Warcry",Goblin Scimitar,,FALSE,,,,,Cult of the Absolute,Goblin Boss
Zae,,,Humanoid,Tiefling,,,Female,Medium,9.0m,12.0m,75.0kg,1,,,,FALSE,,,,,Tiefling refugees,
Zaki,,,Humanoid,Tiefling,,,Male,Small,9.0m,12.0m,25.0kg,1,,,,FALSE,,,,,Tiefling refugees,
Sharp-Eye Zami,,,Humanoid,Goblin,Ranger,,Female,Small,9.0m,12.0m,35.0kg,20,"Ensnaring Strike (Ranged),Hamstring Shot,Nimble Escape,Ranged Attack,Worg Companion",Goblin Bow,,FALSE,,,,,Cult of the Absolute,
Fist of Bane Zana Hade,,,Humanoid,Human,,,,Medium,9.0m,,75.0kg,320,"Main Hand Attack,Ranged Attack,Menacing Attack (Melee)","Hand Crossbow,Mace +1",,FALSE,,,,,Cult of Bane,
Gondian Zanner Toobin,,,Humanoid,Gnome,,,Male,Small,7.5m,12.0m,35.0kg,250,"Aid,Blur,Misty Step,Shocking Grasp",,,FALSE,,,,Obelia Toobin (daughter),Church of Gond,
Youth Zar’a’ath,,,Humanoid,Githyanki,,,Male,Medium,9.0m,,75.0kg,75,"Flourish,Main Hand Attack,Piercing Strike",Shortsword,,FALSE,,,,,Crèche Y'llek,
Raider Zar’an,,,Humanoid,Githyanki,,,Female,Medium,9.0m,,75.0kg,75,"Brace (Ranged),Misty Step,Piercing Shot,Ranged Attack,Rally,Trip Attack (Ranged)",Githyanki Crossbow,,FALSE,,,,,Crèche Y'llek,
Zarys,,,Humanoid,Human,Ranger,,Female,Medium,9.0m,,75.0kg,40,"Brace (Ranged),Cure Wounds,Ensnaring Strike (Ranged),Hamstring Shot,Main Hand Attack,Ranged Attack,Sneak Attack (Melee),Sneak Attack (Ranged),Throw",Longbow,Alchemist's Fire,FALSE,,,,,Zhentarim,
Untaken Zastreya,,,Humanoid,Human,,,,Medium,10.0m,,75.0kg,250,"Create Water,Ice Knife,Lacerate,Main Hand Attack",Sickle,,FALSE,,,,,Church of Umberlee,
Raider Zastri,,,Humanoid,Githyanki,Fighter,,,Medium,9.0m,,75.0kg,75,"Brace (Ranged),Misty Step,Piercing Shot,Rally,Ranged Attack,Trip Attack (Ranged)",Githyanki Crossbow,,FALSE,,,,,,
Zealot of the Absolute,,,Humanoid,Human,Paladin,Oath of Vengeance,,Medium,9.0m,8.0m,75.0kg,8,"Branding Smite,Cleave,Divine Smite,Hamstring Shot,Lacerate,Lay on Hands: Greater Healing,Lay on Hands: Lesser Healing,Main Hand Attack,Ranged Attack,Rush Attack,Thunderous Smite,Abjure Enemy","Shortbow,Halberd",,FALSE,,,,,Cult of the Absolute,
Raider Zeddi'in,,,Humanoid,Githyanki,,,,Medium,9.0m,,75.0kg,250,"Ranged Attack,Misty Step,Rally,Trip Attack (Ranged)",Githyanki Crossbow,,FALSE,,,,,Crèche Y'llek,
Zeffy Softbluff,,,Humanoid,Halfling,,,Female,Small,7.5m,,35.0kg,1,,,,FALSE,,,,,,
Night Blade Zeironymous,,,Humanoid,Human,,,,Medium,9.0m,30.0m,75.0kg,400,Ranged Attack,Heavy Crossbow,,FALSE,,,,,Cult of Bhaal,
Zel’i,,,Humanoid,Githyanki,,,Female,Small,9.0m,,25.0kg,1,,,,FALSE,,,,,Crèche Y'llek,
High Gish'ra Zelrin,,,Humanoid,Githyanki,Monk,Way of the Open Hand,Male,Medium,13.5m,,75.0kg,200,"Flurry of Blows: Topple,Step of the Wind: Dash,Unarmed Strike (Monk)",,,FALSE,,,,,Warriors of the Comet,
Zena,,,Humanoid,Half-elf,,,Female,Medium,9.0m,,75.0kg,1,,,,FALSE,,,,,,
Zenith Feur'sel,,,Humanoid,Elf,Cleric,Light Domain,Male,Medium,9.0m,,75.0kg,1,,,,FALSE,,,,,,
Zenovia Dawg,,,Humanoid,Half-elf,,,Female,Medium,9.0m,12.0m,75.0kg,200,"Flourish,Lacerate,Main Hand Attack,Trip Attack (Melee)",Scimitar,,FALSE,,,,,"Rivington Rats, The Guild",
Raider Zerentha,,,Humanoid,Githyanki,,,,Medium,9.0m,,75.0kg,250,"Ranged Attack,Misty Step,Rally,Trip Attack (Ranged)",Githyanki Crossbow,,FALSE,,,,,Crèche Y'llek,
Reaper of Bhaal Zerillis,,,Humanoid,Human,,,,Medium,9.0m,30.0m,75.0kg,400,"Main Hand Attack,Shroud Self",Murderous Cut,,FALSE,,,,,Cult of Bhaal,
Zerillo,,,Humanoid,Human,,,Female,Small,9.0m,,25.0kg,1,,,,FALSE,,,,Ma Festina (parent),,
Zevlor,,,Humanoid,Tiefling,Paladin,Oath of Devotion,Male,Medium,9.0m,9.0m,75.0kg,75,"Brace (Ranged),Divine Smite (reaction),Hellish Rebuke,Lacerate,Main Hand Attack,Piercing Shot,Pommel Strike,Ranged Attack,Rush Attack,Searing Smite","Heavy Crossbow,Longsword",,FALSE,,,,,Tiefling refugees,Hellrider Exile
Zevlor (Mind Flayer Colony),,,Humanoid,Tiefling,Paladin,Oath of Devotion,Male,Medium,9.0m,9.0m,75.0kg,75,"Brace (Ranged),Divine Smite (reaction),Hellish Rebuke,Lacerate,Main Hand Attack,Piercing Shot,Pommel Strike,Ranged Attack,Rush Attack,Searing Smite","Heavy Crossbow,Longsword",,FALSE,,,,,Tiefling refugees,
Zevlor (Upper City),,,Humanoid,Tiefling,Paladin,Oath of Devotion,Male,Medium,9.0m,9.0m,75.0kg,75,"Brace (Ranged),Divine Smite (reaction),Hellish Rebuke,Lacerate,Main Hand Attack,Piercing Shot,Pommel Strike,Ranged Attack,Rush Attack,Searing Smite","Heavy Crossbow,Longsword",,FALSE,,,,,Tiefling refugees,
Zgorrellik,,,Humanoid,Dragonborn,,,Female,Medium,9.0m,8.0m,100.0kg,8,,,,FALSE,,,,,,
Veteran Gish Zhendila,,,Humanoid,Githyanki,Fighter,Eldritch Knight,Male,Medium,9.0m,,75.0kg,250,"Burning Hands,Hold Person,Main Hand Attack,Misty Step,Shocking Grasp",Githyanki Longsword (+1),,FALSE,,,,,Githyanki (Faction),
Zindra Manne,,,Humanoid,Human,,,,Medium,1.0m,,75.0kg,1,,,,FALSE,,,,,,
Zealot Zira,,,Humanoid,Drow,Paladin,Oath of Vengeance,Female,Medium,9.0m,16.0m,75.0kg,140,"Branding Smite,Cleave,Hamstring Shot,Lacerate,Lay on Hands: Greater Healing,Lay on Hands: Lesser Healing,Main Hand Attack,Ranged Attack,Rush Attack,Throw,Thunderous Smite,Abjure Enemy","Shortbow,Halberd",Void Bulb,FALSE,,,,,Cult of the Absolute,
Zita,,,Humanoid,Human,,,Female,Medium,9.0m,12.0m,75.0kg,1,,,,FALSE,,,,,,
Zog,,,Humanoid,Half-orc,,,Male,Medium,9.0m,18.0m,100.0kg,,,,,FALSE,,,,,,
Clerk Zollerix,,,Humanoid,Half-elf,,,,Medium,9.0m,,75.0kg,1,,,,FALSE,,,,,The Counting House,
Zorru,,,Humanoid,Tiefling,Ranger,,Male,Medium,9.0m,12.0m,75.0kg,20,"Brace (Ranged),Hamstring Shot,Ranged Attack",Longbow,,FALSE,,,,,Tiefling refugees,
Prayerboy Zoryxx,,,Humanoid,Dragonborn,Cleric,War Domain,Male,Medium,9.0m,,100.0kg,250,"Bear's Endurance,Death Ward,Flame Strike,Guiding Bolt",,,FALSE,,,,,,
Zumbo Pumbo,,,Humanoid,Gnome,,,Male,Small,7.5m,12.0m,35.0kg,1,Dash,,,FALSE,,,,,Church of Gond,
Veteran Raider Zunii,,,Humanoid,Githyanki,,,,Medium,9.0m,,75.0kg,200,"Misty Step,Ranged Attack,Rally,Trip Attack (Ranged)",Githyanki Crossbow,,FALSE,,,,,,
Zurga,,,Humanoid,Goblin,,,Female,Small,9.0m,12.0m,35.0kg,50,"Flourish,Lacerate,Main Hand Attack,Reckless Warcry,Throw,Throw Stone",Goblin Scimitar,Acid Vial,FALSE,,,,,Cult of the Absolute,Goblin Boss
Beastmaster Zurk,,,Humanoid,Goblin,Fighter,,Male,Small,9.0m,12.0m,35.0kg,20,"Disarming Attack (Melee),Lacerate,Main Hand Attack,Shooting Spider Companion,Throw Stone",Handaxe,,FALSE,,,,,Cult of the Absolute,
Gate Master Zyrlak,,,Humanoid,Githyanki,,,,Medium,9.0m,,75.0kg,250,"Extraplanar Summons,Psychic Rend,Misty Step",,,FALSE,,,,,Githyanki (Faction),
Skulla,,,Humanoid,Tiefling,,,Female,Medium,9.0m,12.0m,75.0kg,1,,,,FALSE,,,,"Fevrokis (son)Vezrol (husband, deceased)",,
Vezrol,,,Humanoid,Tiefling,,,Male,Medium,9.0m,12.0m,75.0kg,1,,,,FALSE,,,,"Fevrokis (son)Skulla (wife, deceased)",,
Night Blade Aicir Tapol,,,Monstrosity,Doppelganger,,,,Medium,9.0m,24.0m,75.0kg,320,"Flourish,Lacerate,Main Hand Attack,Multiattack (Doppelganger),Piercing Strike,Slam (Doppelganger)",Murderous Cut,,FALSE,,,,,Cult of Bhaal,
Akabi,,,Elemental,Djinni,,,Male,Medium,9.0m,,100.0kg,200,"Conjure Elemental: Air Elemental,Main Hand Attack,Shifting Winds,Sweetplum Gales,Thunderwave",Scimitar (Akabi),,FALSE,,,,,Circus of the Last Days,Destroyer of Planes
Armoured Owlbear,,,Beast,Owlbear,,,,Large,9.0m,18.0m,550.0kg,1,"Claws (Owlbear),Rupture,Crushing Flight (Owlbear Wild Shape),Multiattack (Owlbear)",,,FALSE,,,,,,
Badger,,,Beast,Badger,,,,Medium,9.0m,,50.0kg,1,"Bite (Badger),Claws (Badger),Burrow (Badger)",,,FALSE,,,,,,
Barsik,,,Beast,Cat,,,,Tiny,9.0m,12.0m,5.0kg,1,,,,FALSE,,,,,,
Biscotti,,,Beast,Dog,,,,Small,9.0m,,35.0kg,1,,,,FALSE,,,,Fortuno DibbsGrisselda Dibbs,,
Black Gauntlet of Bane,,,,,Cleric,,,,9.0m,12.0m,75.0kg,400,"Aura of Terror,Blight,Dominate Person,Inflict Wounds,Phantasmal Killer,Planar Ally: Deva,Spirit Guardians (Necrotic)",,,FALSE,,,,,Cult of Bane,
Boo,,,Beast,Miniature Giant Space Hamster,,,,Tiny,9.0m,,1.0kg,,Bite (Base),,,FALSE,,,,Minsc (owner),,
Bored Ox,,,Beast,Beast,,,,Large,9.0m,,600.0kg,1,Unarmed Strike,,,FALSE,,,,,,
Boris,,,Undead,Skeleton,,,,Medium,9.0m,12.0m,20.0kg,110,Acid Splash,,,FALSE,,,,,Circus of the Last Days,
Calliope Blingsdorf,,,Humanoid,Gnome,Bard,,Male,Small,7.5m,12.0m,35.0kg,200,"Bane,Perform (Drum),Vicious Mockery",,,FALSE,,,,,Circus of the Last Days,
Harper Chelvin,,,Monstrosity,Doppelganger,,,,Small,7.5m,24.0m,35.0kg,200,"Main Hand Attack,Morphic Ambush,Multiattack (Doppelganger),Piercing Strike",Dagger,,FALSE,,,,,Cult of Bhaal,
Sister Clara,,,Undead,Undead,,,Female,Medium,9.0m,,65.0kg,6,"Main Hand Attack,Mind Screech,Obliging Assistant",Trepan,,FALSE,,,,,,
Jaheira,,,Humanoid,Half-elf,Druid,Circle of the Land,Female,Medium,9.0m,,75.0kg,1,,,,TRUE,,,,"Khalid (spouse, deceased)Fig (adoptive child)Jhessem (adoptive child)Jord (adoptive child)Rion (adoptive child)Tate (adoptive child)",,High Harper of Baldur's Gate
Viconia DeVir,,,Humanoid,Lolth-Sworn Drow,,,,Medium,9.0m,11.0m,75.0kg,11,"Blight,Bone Chill,Channel Divinity: Cloak of Shadows,Divine Intervention: Sunder the Heretical (Viconia DeVir),Divine Strike: Poison (Melee),Inflict Wounds,Shadow Step,Spirit Guardians (Necrotic),Castigate Heartform,Mapped Terror: Betrayal,Mapped Terror: Darkness,Mapped Terror: Disease,Mapped Terror: Ceremorphosis,Mapped Terror: Powerlessness,Mapped Terror: Spiders,Mapped Terror: Wolves",,,TRUE,,,,,,
Conjured Cat,,,Beast,Cat,,,,Tiny,9.0m,12.0m,5.0kg,0,"Claws (Cat),Meow",,,FALSE,,,,,,
Corinna,,,Beast,Squirrel,,,,Tiny,9.0m,16.0m,1.0kg,1,,,,FALSE,,,,,,
Manip Cragbender,,,Humanoid,Dwarf,Fighter,Battle Master,Male,Medium,7.5m,12.0m,75.0kg,250,"Action Surge,Main Hand Attack,Menacing Attack (Melee),Throw","Javelin,Flail +1",,FALSE,,,,,Flaming Fist,Warden of Wyrm's Rock
Crimson,,,Beast,Dilophosaurus,,,Male,Medium,9.0m,,250.0kg,110,"Bite (Dilophosaurus),Corrosive Spit,Pounce (Dilophosaurus)",,,FALSE,,,,,Circus of the Last Days,
Cuddleface,,,Monstrosity,Worg,,,,Medium,12.0m,,140.0kg,250,Bite (Worg),,,FALSE,,,,,,
Harper Lightspark,,,Humanoid,Dwarf,Wizard,,Male,Medium,7.5m,12.0m,75.0kg,5,,,,FALSE,,,,,Harpers,
Dead Mind Flayer,,,Aberration,Mind Flayer,,,,Medium,9.0m,18.0m,60.0kg,5,,,,FALSE,,,,,,
Dead Myconid Sprout,,,Plant,Myconid,,,,Medium,8.0m,18.0m,80.0kg,40,,,,FALSE,,,,,,
Death's Head of Bhaal,,,Humanoid,Human,,,,Medium,9.0m,8.0m,75.0kg,8,"Flourish,Lacerate,Main Hand Attack,Piercing Strike,Stunning Gaze",Murderous Cut,,FALSE,,,,,Cult of Bhaal,
Deep Rothé (Myconid colony),,,Beast,Deep Rothé,,,,Large,9.0m,,600.0kg,20,"Dancing Lights,Frenzied Charge,Gore (Deep Rothé)",,,FALSE,,,,,,
Deep Rothé Calf,,,Beast,Deep Rothé,,,,Large,9.0m,,600.0kg,40,"Dancing Lights,Frenzied Charge,Gore (Deep Rothé)",,,FALSE,,,,,,
Dorrich Manne,,,Humanoid,Halfling,,,Male,Small,7.5m,,35.0kg,1,,,,FALSE,,,,,Refugees,
Dream Guardian,,,Humanoid,Any (except Dragonborn)Default Lolth-sworn drow,,,,Medium,9.0m,12.0m,75.0kg,400,,,,FALSE,,,,,,
Dribbles the Clown,,,Monstrosity,Doppelganger,,,,Medium,9.0m,24.0m,8.0kg,200,"Backbreaker,Concussive Smash,Main Hand Attack,Morphic Ambush,Multiattack (Doppelganger),Slam (Doppelganger),Weakening Strike",Clown Hammer,,FALSE,,,,,Cult of Bhaal,Master of Puns and Punchlines
Droralias Dryselis,,,Humanoid,Dragonborn,,,Female,Medium,9.0m,,100.0kg,1,,,,FALSE,,,,Listelia Dryselis (sister),Knights of the Shield,
Night Blade Edward Tremby,,,Monstrosity,Doppelganger,,,,Medium,9.0m,24.0m,75.0kg,320,"Flourish,Lacerate,Main Hand Attack,Multiattack (Doppelganger),Piercing Strike,Slam (Doppelganger)",Murderous Cut,,FALSE,,,,,Cult of Bhaal,
Elder Rothé,,,Beast,Deep Rothé,,,,Large,9.0m,,600.0kg,40,"Dancing Lights,Frenzied Charge,Gore (Deep Rothé)",,,FALSE,,,,,,
Eternal Rat,,,Beast,Rat,,,,Tiny,9.0m,16.0m,1.0kg,1,"Bite (Rat),Forever Indebted",,,FALSE,,,,,House of Hope,
Ferr,,,Monstrosity,Worg,,,,Medium,9.0m,,140.0kg,20,Bite (Wolf),,,FALSE,,,,,,
Fist of Bane,,,,,Fighter,,,,9.0m,10.0m,75.0kg,250,"Bane's Wrath,Main Hand Attack,Menacing Attack (Melee)",Mace +1,,FALSE,,,,,Cult of Bane,
Flaming Fist Archer,,,Humanoid,Human or Dwarf,Ranger,,,Medium,9.0m,8.0m,75.0kg,140,"Ensnaring Strike (Ranged),Ranged Attack,Volley",Heavy Crossbow,,FALSE,,,,,Flaming Fist,
Flaming Fist Wizard,,,Humanoid,"Human, Dwarf, or Rock Gnome",Wizard,,,Medium,9.0m,10.0m,75.0kg,10,"Fire Bolt,Melf's Acid Arrow,See Invisibility,Blight,Conjure Elemental: Fire Elemental,Counterspell,Slow",,,FALSE,,,,,Flaming Fist,
Flinster Sunseeker,,,Undead,Zombie,,,,Medium,9.0m,16.0m,50.0kg,110,Slam (Greater Zombie),,,FALSE,,,,,Church of Ilmater,
Frightened Ox,,,Beast,Beast,,,,Large,9.0m,,600.0kg,1,,,,FALSE,,,,,,
Garret Dortmell,,,Undead,Skeleton,,,,Medium,9.0m,12.0m,80.0kg,135,"Cleave,Lacerate,Main Hand Attack,No Rest for the Wicked,Pommel Strike,Reach from Beyond",Greatsword,,FALSE,,,,,,
Gristle,,,Monstrosity,Worg,,,,Medium,12.0m,,140.0kg,250,Bite (Worg),,,FALSE,,,,,,
Grub,,,Beast,Cat,,,,Tiny,9.0m,12.0m,5.0kg,1,,,,FALSE,,,,Yenna,,
Gujj,,,Humanoid,Doppelganger,,,,Medium,9.0m,24.0m,75.0kg,140,"Morphic Ambush,Multiattack (Doppelganger),Slam (Doppelganger)",,,FALSE,,,,,Cult of Bhaal,
Gustav,,,Beast,Dog,,,,Medium,9.0m,,35.0kg,1,Bite (dog),,,FALSE,,,,,,
Orin's Mother Helena,,,,Changeling,,,Female,,,,50.0kg,,,,,FALSE,,,,"Orin the Red (daughter / sister)Sarevok (father)Bhaal (father""/grandfather)The Dark Urge (relative)""",Cult of Bhaal,
High-Wire Hildeh,,,Humanoid,Elf,,,Female,Medium,9.0m,12.0m,75.0kg,1,,,,FALSE,,,,,Circus of the Last Days,
His Majesty,,,Beast,Cat,,,,Tiny,9.0m,12.0m,5.0kg,1,,,,FALSE,,,,,,
Hungry Ox,,,Beast,Beast,,,,Large,1.0m,,600.0kg,1,Unarmed Strike,,,FALSE,,,,,,
Sister Inessa,,,Undead,Undead,,,Female,Medium,9.0m,,65.0kg,6,"Main Hand Attack,Mind Screech,Obliging Assistant",Artificial Leech,,FALSE,,,,,,
Iron Consul,,,,,Fighter,,,,9.0m,11.0m,75.0kg,11,"Main Hand Attack,Silence,Voice of Command,Goading Attack (Melee)",Spear +1,,FALSE,,,,,Cult of Bane,
Jacob,,,Undead,Skeleton,,,,Medium,9.0m,12.0m,20.0kg,110,Bone Chill,,,FALSE,,,,,Circus of the Last Days,
Jaheira',,,Monstrosity,Doppelganger,,,,Medium,9.0m,24.0m,65.0kg,250,"Dismiss Shapechanger,Multiattack (Doppelganger),Slam (Doppelganger)",,,FALSE,,,,,,High Harper of Baldur's Gate
Executed Drow,,,Humanoid,Drow,Wizard,,Female,Medium,5.0m,16.0m,75.0kg,5,,,,FALSE,,,,,Harpers,
Sister Julia,,,Undead,Undead,,,Female,Medium,9.0m,,65.0kg,6,"Main Hand Attack,Mind Screech,Obliging Assistant",Bonesaw,,FALSE,,,,,,
Keren,,,Monstrosity,Doppelganger,,,,Medium,9.0m,24.0m,65.0kg,200,"Main Hand Attack,Morphic Ambush,Slam (Doppelganger),Multiattack (Doppelganger)",Dagger,,FALSE,,,,,Cult of the Absolute,Animal Tamer
Kira the Cat,,,Beast,Cat,,,,Tiny,9.0m,12.0m,5.0kg,1,,,,FALSE,,,,Mamzell Amira,,
Klaw,,,Monstrosity,Worg,,,Female,Medium,9.0m,,140.0kg,20,Bite (Wolf),,,FALSE,,,,Small Klaw (pup)  Ferr (pup)  Tale (pup),,
Koll,,,Humanoid,Doppelganger,,,,Medium,9.0m,24.0m,75.0kg,250,"Morphic Ambush,Multiattack (Doppelganger),Slam (Doppelganger),Throw",,Karabasan's Gift,FALSE,,,,,Cult of Bhaal,
Harper Leistine,,,Monstrosity,Doppelganger,,,,Small,7.5m,24.0m,35.0kg,200,"Morphic Ambush,Multiattack (Doppelganger),Ranged Attack",Light Crossbow,,FALSE,,,,,Cult of Bhaal,
Harper Leysin,,,Monstrosity,Doppelganger,,,,Medium,9.0m,24.0m,75.0kg,200,"Morphic Ambush,Multiattack (Doppelganger),Ranged Attack",Light Crossbow,,FALSE,,,,,Harpers,
Father Lorgan,,,Humanoid,Human,Cleric,,Male,Medium,9.0m,,75.0kg,5,,,,FALSE,,,,,Church of Ilmater,
Lucille,,,Undead,Skeleton,,,,Medium,9.0m,12.0m,20.0kg,110,Fire Bolt,,,FALSE,,,,,Circus of the Last Days,
Ludd,,,Humanoid,Doppelganger,,,,Medium,9.0m,24.0m,75.0kg,250,"Morphic Ambush,Multiattack (Doppelganger),Slam (Doppelganger)",,,FALSE,,,,,Cult of Bhaal,
Madeline,,,Humanoid,Dwarf,Ranger,,Female,Medium,7.5m,12.0m,75.0kg,5,,,,FALSE,,,,,,
Malta,,,Beast,Cat,,,,Tiny,9.0m,12.0m,5.0kg,1,,,,FALSE,,,,,,
Messenger Rat,,,Beast,Rat,,,,Tiny,9.0m,16.0m,,1,,,,FALSE,,,,,Harpers,
Mind Flayer (Nautiloid Wreck),,,Aberration,Mind Flayer,,,,Medium,5.0m,18.0m,60.0kg,35,,,,FALSE,,,,,,
Mind Flayer (Prologue),,,Aberration,Mind Flayer,,,,Medium,8.0m,18.0m,60.0kg,75,"Mind Blast,Tentacle Lash",,,FALSE,,,,,,
Mind Flayer,,,Aberration,Mind Flayer,,,,Medium,5.0m,5.0m,60.0kg,75,"Extract Brain,Levitate (Illithid Power),Mind Blast,Tentacle Whip (Mind Flayer), Mind Flayer Domination",,,FALSE,,,,,,
Muzz,,,Humanoid,Doppelganger,,,Female,Medium,9.0m,24.0m,75.0kg,200,"Flourish,Main Hand Attack,Morphic Ambush,Multiattack (Doppelganger),Slam (Doppelganger),Weakening Strike",,,FALSE,,,,,Cult of the Absolute,
Myshka,,,Beast,Cat,,,,Tiny,9.0m,12.0m,5.0kg,1,,,,FALSE,,,,,,
Nimbus,,,Monstrosity,Shadow Mastiff,,,,Medium,15.0m,16.0m,50.0kg,,"Ominous Bite,Umbral Tangle,Splinter Shadow,Right Behind You",,,FALSE,,,,,,
Olfaith Olumssdottir,,,Monstrosity,Doppelganger,,,,Medium,8.0m,24.0m,75.0kg,140,"Doppelganger (class action),Morphic Ambush,Multiattack (Doppelganger),Mobile Shot,Piercing Shot,Ranged Attack",Hand Crossbow,,FALSE,,,,,,
Owlbear Cub,,,Beast,Beast,,,Male,Small,9.0m,18.0m,40.0kg,20,Tiny Claws,,,FALSE,,,,Owlbear (mother)Owlbear Mate (father),,
Panther,,,Beast,Sabre-Toothed Tiger,,,,Medium,9.0m,12.0m,100.0kg,1,"Bite (Panther),Pounce,Jugular Strike,Prowl,Enhanced Jump",,,FALSE,,,,,,
Sister Patricia,,,Undead,Undead,,,Female,Medium,9.0m,,65.0kg,6,"Main Hand Attack,Mind Screech,Obliging Assistant",Syringe,,FALSE,,,,,,
Pheebs Splayfoot,,,Humanoid,Halfling,,,Male,Medium,7.5m,12.0m,35.0kg,1,,,,FALSE,,,,,,
Podd,,,Humanoid,Doppelganger,,,,Medium,9.0m,24.0m,75.0kg,250,"Morphic Ambush,Multiattack (Doppelganger),Slam (Doppelganger),Throw",,Karabasan's Gift,FALSE,,,,,Cult of Bhaal,
Quinton,,,Humanoid,Human,,,Male,Medium,9.0m,,75.0kg,1,,,,FALSE,,,,,,
Raloric Windbane,,,Undead,Zombie,,,,Medium,9.0m,16.0m,50.0kg,110,Slam (Greater Zombie),,,FALSE,,,,,Church of Ilmater,
Rigg,,,Humanoid,Doppelganger,,,,Medium,9.0m,24.0m,75.0kg,250,"Morphic Ambush,Multiattack (Doppelganger),Slam (Doppelganger)",,,FALSE,,,,,Cult of Bhaal,
Robyn,,,Humanoid,Dwarf,,,Female,Medium,7.5m,12.0m,75.0kg,1,"Unarmed Strike,Dash",,,FALSE,,,,,,
Rrripper,,,Monstrosity,Worg,,,,Medium,12.0m,,140.0kg,250,Bite (Worg),,,FALSE,,,,,,
Rudd,,,Humanoid,Doppelganger,,,Male,Medium,9.0m,24.0m,75.0kg,200,"Brace (Ranged),Main Hand Attack,Morphic Ambush,Multiattack (Doppelganger),Piercing Shot,Slam (Doppelganger), Ranged Attack",Heavy Crossbow,,FALSE,,,,,Cult of the Absolute,
Rull,,,Humanoid,Doppelganger,,,,Medium,9.0m,24.0m,75.0kg,140,"Brace (Ranged),Ranged Attack,Morphic Ambush,Multiattack (Doppelganger),Piercing Shot,Slam (Doppelganger)",Heavy Crossbow +1,,FALSE,,,,,Cult of Bhaal,
Ryland,,,Monstrosity,Doppelganger,,,,Medium,9.0m,24.0m,65.0kg,200,"Main Hand Attack,Morphic Ambush,Slam (Doppelganger),Multiattack (Doppelganger)",War Pick,,FALSE,,,,,Cult of the Absolute,
Sabre-Toothed Tiger,,,Beast,Beast,,,,Medium,12.0m,12.0m,200.0kg,1,"Bite (Sabre-Toothed Tiger),Jugular Strike,Shred Armour,Enhanced Jump",,,FALSE,,,,,,
Sceleritas Fel,,,Fiend,Butler of Bhaal,,,Male,Small,9.0m,24.0m,15.0kg,12,,,,FALSE,,,,,,
Scratch,,,Beast,Dog,,,Male,Medium,9.0m,,60.0kg,10,,,,FALSE,,,,,,
Sharran Spider,,,Monstrosity,Phase Spider,,,,Medium,,12.0m,120.0kg,,"Arachnid Jump,Bite (Sharran Spider)",,,FALSE,,,,,,
Sharran Wolf,,,Beast,Wolf,,,,Medium,7.0m,,60.0kg,7,Bite (Sharran Wolf),,,FALSE,,,,,,
Sharran Wolf (Viconia),,,Beast,Wolf,,,,Medium,11.0m,,60.0kg,11,"Bite (Sharran Wolf - Viconia),Sinister Howl",,,FALSE,,,,,,
Shirra Clarwen,,,Undead,Zombie,,,,Medium,9.0m,16.0m,50.0kg,110,Slam (Zombie),,,FALSE,,,,Monk's Manifestation (grandfather),Church of Ilmater,
Skittle,,,Beast,Rat,,,,Tiny,9.0m,16.0m,1.0kg,1,,,,FALSE,,,,,,
Small Klaw,,,Monstrosity,Worg,,,,Medium,9.0m,12.0m,100.0kg,20,Bite (Wolf),,,FALSE,,,,,,
Snapp,,,Monstrosity,Worg,,,,Medium,12.0m,,140.0kg,250,Bite (Worg),,,FALSE,,,,,,
Snarrrl,,,Monstrosity,Worg,,,,Medium,12.0m,,140.0kg,250,Bite (Worg),,,FALSE,,,,,,
Snicker,,,Beast,,,,,Medium,15.0m,,50.0kg,170,Bite (Hyena),,,FALSE,,,,,,
Soxx,,,Humanoid,Doppelganger,,,,Medium,9.0m,24.0m,75.0kg,140,"Cleave,Lacerate,Main Hand Attack,Morphic Ambush,Multiattack (Doppelganger),Pommel Strike,Slam (Doppelganger)",Greatsword +1,,FALSE,,,,,Cult of Bhaal,
Spar,,,Beast,Squirrel,,,,Tiny,2.0m,16.0m,1.0kg,1,,,,FALSE,,,,,,
Sparky,,,Beast,Dog,,,Male,Small,10.0m,,35.0kg,1,,,,FALSE,,,,Albert,,
Splintered Shadow Hound,,,Monstrosity,Shadow Mastiff,,,,Medium,9.0m,,,,"Umbral Tangle,Splinter Shadow",,,FALSE,,,,,,
Steelclaw,,,Beast,Cat,,,Female,Tiny,9.0m,12.0m,5.0kg,1,,,,FALSE,,,,,,
Steel Watcher,,,Construct,Steel Watcher,,,,Large,18.0m,12.0m,750.0kg,,"Debilitating Shot,Main Hand Attack (Steel Watcher),Reposition Malefactor (Steel Watcher),Reprimand,Seeker Matrix,Self-Detonate, Ranged Attack","Watcher Crossbow, Watcher Greatsword",,FALSE,"Bleeding,Burning,Charmed,Dominated,Drunk,Exhausted,Frightened,Phantasmal Killer,Melting,Poisoned,Nauseous,Polymorphed,Roiling Hellfire,Surprised,Sleeping,Prone",,,,,
Stoney,,,Elemental,Mud Elemental,,,Female,Large,9.0m,12.0m,750.0kg,200,"Multiattack (Mud Elemental),Slam (Mud Elemental)",,,FALSE,,,,Boney (husband),Circus of the Last Days,Co-owner of Stoney and Boney's Bespoke Creations
Suttida Attana,,,Undead,Zombie,,,,Medium,9.0m,16.0m,50.0kg,110,Slam (Greater Zombie),,,FALSE,,,,,Church of Ilmater,
Tale,,,Monstrosity,Worg,,,,Medium,9.0m,,140.0kg,20,Bite (Wolf),,,FALSE,,,,,,
Tambourine,,,Beast,Cat,,,,Tiny,9.0m,12.0m,5.0kg,1,,,,FALSE,,,,Zambomba,,
Teela,,,Beast,Death Viper,,,Female,Tiny,9.0m,2.0m,2.0kg,2,,,,FALSE,,,,,Circle of the Emerald Grove,
The Dark Urge,,,Humanoid,Any / White dragonborn (default),Sorcerer,,,Medium,9.0m,,100.0kg,,,,,FALSE,,,,,,
Thenar,,,Undead,Ghast,,,,Medium,9.0m,12.0m,70.0kg,250,"Claws (Ghast),Stench",,,FALSE,,,,,,
Harper Thonos,,,Monstrosity,Doppelganger,,,,Medium,7.5m,24.0m,75.0kg,200,"Morphic Ambush,Multiattack (Doppelganger),Ranged Attack",Longbow,,FALSE,,,,,Cult of Bhaal,
Timber,,,Beast,Squirrel,,,,Tiny,9.0m,,1.0kg,1,,,,FALSE,,,,,Circle of the Emerald Grove,
Viola Silvertongue,,,Humanoid,Human,Bard,,Female,Medium,9.0m,,75.0kg,200,"Combat Inspiration,Perform (Flute),Tasha's Hideous Laughter,Vicious Mockery",,,FALSE,,,,,Circus of the Last Days,
Wobb,,,Humanoid,Doppelganger,,,,Medium,9.0m,24.0m,75.0kg,140,"Morphic Ambush,Multiattack (Doppelganger),Slam (Doppelganger)",,,FALSE,,,,,Cult of Bhaal,
Woyy,,,Humanoid,Doppelganger,,,,Medium,9.0m,24.0m,75.0kg,140,"Ranged Attack,Morphic Ambush,Multiattack (Doppelganger),Slam (Doppelganger)",Shortbow +1,,FALSE,,,,,Cult of Bhaal,
Yafeu,,,Elemental,Djinni,,,Male,Medium,9.0m,,10.0kg,250,"Drunken Inhale,Main Hand Attack,Shifting Winds,Thunderwave",Scimitar,,FALSE,Prone,,,,,
Zambomba,,,Beast,Cat,,,,Tiny,9.0m,12.0m,5.0kg,1,,,,FALSE,,,,Tambourine,,
Zethino,,,Fey,Dryad,,,Female,Medium,7.0m,,55.0kg,200,,,,FALSE,,,,,Circus of the Last Days,
Zola,,,Beast,Dog,,,,Medium,9.0m,,35.0kg,1,Bite (dog),,,FALSE,,,,,,
Zomm,,,Monstrosity,Doppelganger,,,Male,Medium,9.0m,24.0m,65.0kg,200,"Flourish,Main Hand Attack,Morphic Ambush,Multiattack (Doppelganger),Piercing Strike,Slam (Doppelganger)",Shortsword,,FALSE,,,,,Cult of the Absolute,