,,,,,,,Casting,,,,,,,,,,,,,,,Ability,,,,,,Saving Throws,,,,,,,,
Creature,Dificulty,Level,HP,AC,,Prof,Ability,DC,,,,,,,,,,,,,,STR,DEX,CON,INT,WIS,CHA,STR,DEX,CON,INT,WIS,CHA,Features,Conditions,Additional Actions
Olam,Balanced,6,10,10,0,+3,,,,,,,,,,,,,,,,12,10,10,16,12,10,+1,0,0,+6,+4,0,Opportunity Attack,Dead,
Spectator,Balanced,5,118,14,+2,+3,INT,12,,,,,,,,,,,,,,8,14,14,13,14,11,-1,+2,+2,+1,+2,0,"Darkvision,Opportunity Attack",,
Spectator,Explorer,5,82,14,+2,+5,INT,14,,,,,,,,,,,,,,8,14,14,13,14,11,-1,+2,+2,+1,+2,0,"Darkvision,Opportunity Attack",,
Spectator,Tactician,5,153,14,+2,+3,INT,14,,,,,,,,,,,,,,8,14,14,13,14,11,-1,+2,+2,+1,+2,0,"Darkvision,Opportunity Attack",Panicked Sentinel,
Spectator,Honour,5,153,14,+2,+3,INT,17,,,,,,,,,,,,,,17,14,14,18,14,11,+3,+2,+2,+4,+2,0,"Darkvision,Opportunity Attack","Legendary Action: Ocular Nightmare,Panicked Sentinel",Ocular Nightmare
Minthara,Balanced,6,52,16,+2,+3,,,,,,,,,,,,,,,,16,15,14,10,12,17,+6,+5,+5,+3,+7,+9,"Charm,Dual Wielder,Dual Wielder: Bonus Armour Class,Defence,Divine Health,Drow Weapon Training,Extra Attack,Favourable Beginnings,Fey Ancestry,Focused Stride,Opportunity Attack,Psionic Backlash,Stealthy,Superior Darkvision,Xyanyde's Fire",Aura of Protection,
Minthara,Tactician,6,67,16,+2,+3,,,,,,,,,,,,,,,,16,15,14,10,12,17,+6,+5,+5,+3,+7,+9,"Charm,Dual Wielder,Dual Wielder: Bonus Armour Class,Defence,Divine Health,Drow Weapon Training,Extra Attack,Favourable Beginnings,Fey Ancestry,Focused Stride,Opportunity Attack,Psionic Backlash,Stealthy,Superior Darkvision,Xyanyde's Fire",Aura of Protection,
Minthara,Honour,6,67,16,+2,+3,,,,,,,,,,,,,,,,16,15,14,10,12,17,+6,+5,+5,+3,+7,+9,"Charm,Dual Wielder,Dual Wielder: Bonus Armour Class,Defence,Divine Health,Drow Weapon Training,Extra Attack,Favourable Beginnings,Fey Ancestry,Focused Stride,Opportunity Attack,Psionic Backlash,Stealthy,Superior Darkvision,Xyanyde's Fire",Aura of Protection,
Sarevok Anchev,Balanced,16,262,20,+5,+5,,,,,,,,,,,,,,,,20,20,20,16,14,15,+10,+5,+10,+3,+2,+2,"Exceptional Plate,Extra Attack,First Blood,Opportunity Attack,Perfect Sentry,Permanently Armed",Legendary Resistance,
Sarevok Anchev,Explorer,16,183,20,+5,+7,,,,,,,,,,,,,,,,20,20,20,16,14,15,+12,+5,+12,+3,+2,+2,"Exceptional Plate,Extra Attack,First Blood,Opportunity Attack,Perfect Sentry,Permanently Armed",,
Sarevok Anchev,Tactician,16,340,20,+5,+5,,,,,,,,,,,,,,,,20,20,20,16,14,15,+10,+5,+10,+3,+2,+2,"Exceptional Plate,Extra Attack,First Blood,Opportunity Attack,Perfect Sentry,Permanently Armed",Legendary Resistance: Incapacitation,
Sarevok Anchev,Honour,16,340,20,+5,+5,,,,,,,,,,,,,,,,20,20,20,16,14,15,+10,+5,+10,+3,+2,+2,"Legendary Action: Murderous Retort,Exceptional Plate,Extra Attack,First Blood,Opportunity Attack,Perfect Sentry,Permanently Armed",Legendary Resistance: Incapacitation,Murderous Retort
Cloaker Phantasm,Balanced,8,56,11,+8,+3,,,Resistance to Non-Magical,Resistance to Non-Magical,Resistance to Non-Magical,,,,,,Immune,Immune,Immune,,,18,16,15,12,13,14,+4,+3,+2,+1,+1,+2,"Darkvision,Ethereal",,
Cloaker Phantasm,Explorer,8,39,11,+8,+5,,,Resistance to Non-Magical,Resistance to Non-Magical,Resistance to Non-Magical,,,,,,Immune,Immune,Immune,,,18,16,15,12,13,14,+4,+3,+2,+1,+1,+2,"Darkvision,Ethereal",,
Cloaker Phantasm,Tactician,8,77,11,+9,+3,,,Resistance to Non-Magical,Resistance to Non-Magical,Resistance to Non-Magical,,,,,,Immune,Immune,Immune,,,20,18,15,12,13,14,+5,+4,+2,+1,+1,+2,"Alert,Darkvision,Ethereal,Incorporeal Movement",,
Illithid Arcanist,Balanced,8,55,15,+1,+3,,,,,,,Full Resistance,Full Resistance,,,,,,,,11,12,12,19,17,17,0,+1,+1,+7,+6,+6,"Empowered Evocation,Magic Resistance,Opportunity Attack","Fire Shield: Chill,Fire Shield: Warm",
Illithid Arcanist,Explorer,8,38,15,+1,+5,,,,,,,Full Resistance,Full Resistance,,,,,,,,11,12,12,19,17,17,0,+1,+1,+9,+8,+8,"Empowered Evocation,Magic Resistance,Opportunity Attack","Fire Shield: Chill,Fire Shield: Warm",
Illithid Arcanist,Tactician,8,71,15,+1,+3,,,,,,,Full Resistance,Full Resistance,,,,,,,,11,12,12,19,17,17,0,+1,+1,+7,+6,+6,"Empowered Evocation,Magic Resistance,Opportunity Attack","Fire Shield: Chill,Fire Shield: Warm",
Omeluum,Balanced,5,62,11,+1,+3,,,,,,,,,,,,,,,,11,12,12,18,16,16,0,+1,+1,+7,+6,+6,"Extra Attack,Opportunity Attack",,
Omeluum,Explorer,5,43,11,+1,+5,,,,,,,,,,,,,,,,11,12,12,18,16,16,0,+1,+1,+9,+8,+8,"Extra Attack,Opportunity Attack",,
Omeluum,Tactician,5,80,11,+1,+3,,,,,,,,,,,,,,,,11,12,12,18,16,16,0,+1,+1,+7,+6,+6,"Charm,Extra Attack,Opportunity Attack",,
Omeluum (Act Three),Balanced,8,71,15,+1,+3,,,,,,,,,,,,,,,,11,12,12,19,17,17,0,+1,+1,+4,+3,+3,,,
Omeluum (Act Three),Explorer,8,49,15,+1,+5,,,,,,,,,,,,,,,,11,12,12,19,17,17,0,+1,+1,+4,+3,+3,,,
Omeluum (Act Three),Tactician,8,92,15,+1,+3,,,,,,,,,,,,,,,,11,12,12,19,17,17,0,+1,+1,+4,+3,+3,,,
The Emperor,Balanced,12,140,18,+2,+4,,,,,,,,,,,,,,,,12,14,15,21,17,19,+1,+2,+2,+9,+7,+8,"Imperial Retaliation,Magic Resistance,Opportunity Attack, Arcane Enchantment (Staff of the Emperor)",,
The Emperor,Tactician,12,182,18,+2,+4,,,,,,,,,,,,,,,,12,14,15,21,17,19,+1,+2,+2,+9,+7,+8,"Imperial Retaliation,Magic Resistance,Opportunity Attack, Arcane Enchantment (Staff of the Emperor)",,
Fist Marcus,Balanced,6,86,17,+6,+3,,,,,,,,,,,,,,,,23,16,16,10,10,10,+9,+3,+6,0,0,0,"Dark Devotion,Extra Attack,Feral Instinct,Great Weapon Master: Bonus Attack,Opportunity Attack,Tenacity",,
Fist Marcus,Explorer,6,60,17,+6,+5,,,,,,,,,,,,,,,,23,16,16,10,10,10,+11,+3,+8,0,0,0,"Dark Devotion,Extra Attack,Feral Instinct,Great Weapon Master: Bonus Attack,Opportunity Attack,Tenacity",,
Fist Marcus,Tactician,6,195,17,+6,+3,,,,,,,,,,,,,,,,23,16,16,10,10,10,+9,+3,+6,0,0,0,"Dark Devotion,Extra Attack,Feral Instinct,Great Weapon Master: Bonus Attack,Improved Critical Hit,Opportunity Attack,Tenacity",,
Intellect Devourer,Balanced,1,21,12,+2,+2,,,,,,,,,,,,,,,,6,14,13,12,11,10,-2,+2,+1,+1,0,0,"Blindsight,Darkvision,Opportunity Attack",,
Intellect Devourer,Explorer,1,14,12,+2,+4,,,,,,,,,,,,,,,,6,14,13,12,11,10,-2,+2,+1,+1,0,0,"Blindsight,Darkvision,Opportunity Attack",,
Intellect Devourer,Tactician,1,27,12,+2,+2,,,,,,,,,,,,,,,,6,14,13,12,11,10,-2,+2,+1,+1,0,0,"Blindsight,Darkvision,Opportunity Attack",,
Intellect Glutton,Balanced,5,29,11,+1,+3,,,,Vulnerable,,,,,,,,,,,,8,12,13,12,11,10,-1,+1,+1,+1,0,0,"Blindsight,Darkvision,Fit to Burst,Opportunity Attack",,
Mind Flayer Tadpole,Balanced,7,5,10,0,+3,,,,,,Immune,,,,,,,,,,10,10,10,10,10,10,0,0,0,0,0,0,Opportunity Attack,,
Mind Flayer Tadpole,Explorer,7,4,10,0,+5,,,,,,Immune,,,,,,,,,,10,10,10,10,10,10,0,0,0,0,0,0,Opportunity Attack,,
Mind Flayer Tadpole,Tactician,7,6,10,0,+3,,,,,,Immune,,,,,,,,,,10,10,10,10,10,10,0,0,0,0,0,0,Opportunity Attack,,
The Netherbrain,Balanced,20,300,15,0,+6,INT,23,,,,,,,,,,,,,,16,10,22,28,21,24,+3,0,+12,+15,+11,+13,Psionic Retribution,"Chains of Karsus,Against All Odds",
The Netherbrain,Explorer,20,210,15,0,+8,INT,25,,,,,,,,,,,,,,16,10,22,28,21,24,+3,0,+14,+17,+13,+15,Psionic Retribution,"Chains of Karsus,Against All Odds",
The Netherbrain,Tactician,20,450,15,0,+6,INT,25,,,,,,,,,,,,,,16,10,22,28,21,24,+3,0,+12,+15,+11,+13,Psionic Retribution,"Chains of Karsus,Against All Odds,Legendary Resistance: Crowd Control",
The Netherbrain,Honour,20,450,15,0,+6,INT,25,,,,,,,,,,,,,,16,10,22,28,21,24,+3,0,+12,+15,+11,+13,Psionic Retribution,"Chains of Karsus,Against All Odds,Legendary Resistance: Crowd Control",Aegis of the Absolute
Spectral Flumph,Balanced,1,1,10,0,+2,,,Immune,Immune,Immune,Immune,Immune,Immune,Immune,Immune,Immune,Immune,Immune,Immune,Immune,10,10,10,10,10,10,0,0,0,0,0,0,Ethereal,Exploding Flumph,
Tentacle,Balanced,3,32,12,+2,+2,,,,,,,,,,,,,,,,16,14,13,3,3,3,+3,+2,+1,-4,-4,-4,Opportunity Attack,,
Tentacle,Tactician,3,41,12,+2,+2,,,,,,,,,,,,,,,,16,14,13,3,3,3,+3,+2,+1,-4,-4,-4,Opportunity Attack,,
Us (Prologue),Balanced,1,21,12,+2,+2,,,,,,,,,,,,,,,,6,14,13,12,11,10,-2,+2,+1,+1,0,0,"Blindsight,Darkvision,Opportunity Attack",,
Us (Prologue),Explorer,1,14,12,+2,+4,,,,,,,,,,,,,,,,6,14,13,12,11,10,-2,+2,+1,+1,0,0,"Blindsight,Darkvision,Opportunity Attack",,
Us (Prologue),Tactician,1,27,12,+2,+2,,,,,,,,,,,,,,,,6,14,13,12,11,10,-2,+2,+1,+1,0,0,"Blindsight,Darkvision,Opportunity Attack",,
Us (Act Two),Balanced,4,55,12,+2,+2,INT,11,Resistance to Non-Magical,Resistance to Non-Magical,Resistance to Non-Magical,,,,,,Full Resistance,,,,,6,14,13,12,11,10,-2,+2,+1,+1,0,0,"Blindsight,Darkvision,Opportunity Attack",,
Us (Act Two),Explorer,4,76,12,+2,+4,INT,13,Resistance to Non-Magical,Resistance to Non-Magical,Resistance to Non-Magical,,,,,,Full Resistance,,,,,6,14,13,12,11,10,+2,+6,+5,+5,+4,+4,"Blindsight,Darkvision,Opportunity Attack",,
Us (Lobotomised),Balanced,4,41,12,+2,+2,INT,9,,,,,,,,,,,,,,6,14,13,8,8,10,-2,+2,+1,-1,-1,0,"Blindsight,Darkvision,Opportunity Attack",Lobotomised,
Us (Lobotomised),Explorer,4,62,12,+2,+4,INT,11,,,,,,,,,,,,,,6,14,13,8,8,10,+2,+6,+5,+3,+3,+4,"Blindsight,Darkvision,Opportunity Attack",Lobotomised,
Acid Hallucination,Balanced,6,4,17,+3,+3,,,,,,Immune,,,,,,,,,,6,17,13,11,12,14,-2,+3,+1,0,+1,+2,Darkvision,Acid Resistance Aura,
Acid Hallucination,Explorer,6,2,17,+3,+5,,,,,,Immune,,,,,,,,,,6,17,13,11,12,14,-2,+3,+1,0,+1,+2,Darkvision,Acid Resistance Aura,
Acid Hallucination,Tactician,6,5,17,+3,+3,,,,,,Immune,,,,,,,,,,6,17,13,11,12,14,-2,+3,+1,0,+1,+2,Darkvision,Acid Resistance Aura,
Grym,Balanced,10,300,18,-2,+4,STR,19,Immune,Immune,Immune,Immune,Immune,Immune,Immune,Immune,Immune,Immune,Immune,Immune,Immune,24,6,24,3,11,1,+7,+2,+7,-4,+4,-5,"Adamantine Skin,Darkvision,Intense Adamantine Backlash,Opportunity Attack,Vengeful Guardian",,
Grym,Explorer,10,210,18,-2,+6,STR,21,Immune,Immune,Immune,Immune,Immune,Immune,Immune,Immune,Immune,Immune,Immune,Immune,Immune,24,6,24,3,11,1,+7,+4,+7,-4,+6,-5,"Adamantine Skin,Darkvision,Intense Adamantine Backlash,Opportunity Attack,Vengeful Guardian",,
Grym,Tactician,10,450,18,-2,+4,STR,21,Immune,Immune,Immune,Immune,Immune,Immune,Immune,Immune,Immune,Immune,Immune,Immune,Immune,24,6,24,3,11,1,+7,+2,+7,-4,+4,-5,"Adamantine Skin,Darkvision,Intense Adamantine Backlash,Opportunity Attack,Vengeful Guardian",,
Grym,Honour,10,450,18,-2,+4,STR,21,Immune,Immune,Immune,Immune,Immune,Immune,Immune,Immune,Immune,Immune,Immune,Immune,Immune,24,6,24,3,11,1,+7,+2,+7,-4,+4,-5,"Adamantine Skin,Darkvision,Intense Adamantine Backlash,Legendary Action: Adamantine Reverberation,Opportunity Attack,Vengeful Guardian",Legendary Action: Adamantine Reverberation,Adamantine Reverberation
Agile Guardian,Balanced,3,18,14,+2,+2,,,Vulnerable,,,,,,,,,Immune,,,,10,14,8,6,8,5,0,+2,-1,-2,-1,-3,"Archery,Darkvision,Fast Movement,Opportunity Attack",,
Agile Guardian,Explorer,3,12,14,+2,+4,,,Vulnerable,,,,,,,,,Immune,,,,10,14,8,6,8,5,0,+2,-1,-2,-1,-3,"Archery,Darkvision,Fast Movement,Opportunity Attack",,
Agile Guardian,Tactician,3,23,14,+2,+2,,,Vulnerable,,,,,,,,,Immune,,,,10,14,8,6,8,5,0,+2,-1,-2,-1,-3,"Archery,Colossus Slayer,Darkvision,Fast Movement,Opportunity Attack",,
Air Elemental,Balanced,9,90,15,+5,+4,INT,10,Resistance to Non-Magical,Resistance to Non-Magical,Resistance to Non-Magical,,,,,Full Resistance,,Immune,,,Full Resistance,14,20,14,6,10,6,+2,+5,+2,-2,0,-2,"Ethereal,Opportunity Attack",,
Air Elemental,Explorer,9,180,15,+5,+6,INT,12,Resistance to Non-Magical,Resistance to Non-Magical,Resistance to Non-Magical,,,,,Full Resistance,,Immune,,,Full Resistance,14,20,14,6,10,6,+2,+5,+2,-2,0,-2,"Ethereal,Opportunity Attack",,
Chult Alioramus,Balanced,10,51,14,+1,+4,,,,,,,,,,,,,,,,19,13,17,2,12,5,+4,+1,+3,-4,+1,-3,Opportunity Attack,,
Chult Alioramus,Tactician,10,66,14,+1,+4,,,,,,,,,,,,,,,,19,13,17,2,12,5,+4,+1,+3,-4,+1,-3,"Opportunity Attack,Extra Attack",,
Chult Alioramus Colossa,Balanced,10,84,14,+1,+4,,,,,,,,,,,,,,,,19,13,17,2,12,5,+4,+1,+3,-4,+1,-3,"Extra Attack,Opportunity Attack",,
Chult Alioramus Colossa,Explorer,10,58,14,+1,+6,,,,,,,,,,,,,,,,19,13,17,2,12,5,+4,+1,+3,-4,+1,-3,"Extra Attack,Opportunity Attack",,
Chult Alioramus Colossa,Tactician,10,109,14,+1,+4,,,,,,,,,,,,,,,,19,13,17,2,12,5,+4,+1,+3,-4,+1,-3,"Extra Attack,Opportunity Attack",,
Animated Armour,Balanced,,33,18,0,,,,,,,,,,,,,Immune,Immune,,,14,11,13,1,3,1,+2,0,+1,-5,-4,-5,"Antimagic Susceptibility,Darkvision,Extra Attack,Opportunity Attack",,
Animated Armour,Explorer,,23,18,0,,,,,,,,,,,,,Immune,Immune,,,14,11,13,1,3,1,+2,0,+1,-5,-4,-5,"Antimagic Susceptibility,Darkvision,Extra Attack,Opportunity Attack",,
Animated Armour,Tactician,,42,18,0,,,,,,,,,,,,,Immune,Immune,,,16,11,13,1,3,1,+3,0,+1,-5,-4,-5,"Antimagic Susceptibility,Darkvision,Extra Attack,Opportunity Attack",,
Apostate Defender,Balanced,3,16,14,0,+2,,,Vulnerable,,,,,,,,,Immune,,,,14,10,15,6,8,5,+2,0,+2,-2,-1,-3,Opportunity Attack,,
Apostate Defender,Explorer,3,11,14,0,+4,,,Vulnerable,,,,,,,,,Immune,,,,14,10,15,6,8,5,+2,0,+2,-2,-1,-3,Opportunity Attack,,
Apostate Defender,Tactician,3,20,14,0,+2,,,Vulnerable,,,,,,,,,Immune,,,,14,10,15,6,8,5,+2,0,+2,-2,-1,-3,Opportunity Attack,,
Apostate Destroyer,Balanced,7,48,15,0,+3,,,Vulnerable,,,,,,,,,Immune,,,,18,10,17,10,14,16,+7,+3,+6,+3,+5,+6,"Opportunity Attack,Tenacity",Aura of Hate,
Apostate Destroyer,Explorer,7,33,15,0,+5,,,Vulnerable,,,,,,,,,Immune,,,,18,10,17,10,14,16,+7,+3,+6,+3,+5,+6,"Opportunity Attack,Tenacity",Aura of Hate,
Apostate Destroyer,Tactician,7,62,15,0,+3,,,Vulnerable,,,,,,,,,Immune,,,,18,10,17,10,14,16,+7,+3,+6,+3,+5,+6,"Opportunity Attack,Tenacity","Aura of Hate,Aura of Protection",
Apostate Librarian,Balanced,3,12,9,-1,+2,,,Vulnerable,,,,,,,,,Immune,,,,10,8,8,14,8,5,0,-1,-1,+4,+1,-3,Opportunity Attack,,
Apostate Librarian,Explorer,3,8,9,-1,+4,,,Vulnerable,,,,,,,,,Immune,,,,10,8,8,14,8,5,0,-1,-1,+6,+3,-3,Opportunity Attack,,
Apostate Librarian,Tactician,3,15,9,-1,+2,,,Vulnerable,,,,,,,,,Immune,,,,10,8,8,14,8,5,0,-1,-1,+4,+1,-3,Opportunity Attack,,
Apostate Sentinel,Balanced,3,14,12,+2,+2,,,Vulnerable,,,,,,,,,Immune,,,,10,14,8,6,8,5,0,+2,-1,-2,-1,-3,Opportunity Attack,,
Apostate Sentinel,Explorer,3,9,12,+2,+4,,,Vulnerable,,,,,,,,,Immune,,,,10,14,8,6,8,5,0,+2,-1,-2,-1,-3,Opportunity Attack,,
Apostate Sentinel,Tactician,3,18,12,+2,+2,,,Vulnerable,,,,,,,,,Immune,,,,10,14,8,6,8,5,0,+2,-1,-2,-1,-3,Opportunity Attack,,
Arcane Turret,Balanced,4,17,10,0,+2,,,,Full Resistance,Full Resistance,,,Full Resistance,,Vulnerable,Immune,Immune,Immune,,,10,10,10,10,10,10,0,0,0,0,0,0,,Sturdy,
Arcane Turret,Explorer,4,11,10,0,+4,,,,Full Resistance,Full Resistance,,,Full Resistance,,Vulnerable,Immune,Immune,Immune,,,10,10,10,10,10,10,0,0,0,0,0,0,,Sturdy,
Arcane Turret,Tactician,4,22,10,0,+2,,,,Full Resistance,Full Resistance,,,Full Resistance,,Vulnerable,Immune,Immune,Immune,,,10,10,10,10,10,10,0,0,0,0,0,0,,Sturdy,
Armoured Crab,Balanced,4,29,19,+2,+2,,,,,,,,Full Resistance,,,,,,,,13,15,11,1,9,3,+1,+2,0,-5,-1,-4,,,
Armoured Crab,Explorer,4,20,19,+2,+4,,,,,,,,Full Resistance,,,,,,,,13,15,11,1,9,3,+1,+2,0,-5,-1,-4,,,
Armoured Crab,Tactician,4,37,19,+2,+2,,,,,,,,Full Resistance,,,,,,,,13,15,11,1,9,3,+1,+2,0,-5,-1,-4,,,
Bernard,Balanced,5,70,19,+2,+3,STR,15,Full Resistance,Full Resistance,Full Resistance,,,Full Resistance,,Full Resistance,,Full Resistance,Full Resistance,,,18,14,16,8,10,6,+4,+2,+3,-1,0,-2,"Opportunity Attack,Overcharge",,
Bernard,Explorer,5,49,19,+2,+5,STR,17,Full Resistance,Full Resistance,Full Resistance,,,Full Resistance,,Full Resistance,,Full Resistance,Full Resistance,,,18,14,16,8,10,6,+4,+2,+3,-1,0,-2,"Opportunity Attack,Overcharge",,
Bernard,Tactician,5,91,19,+7,+3,STR,18,Full Resistance,Full Resistance,Full Resistance,,,Full Resistance,,Full Resistance,,Full Resistance,Full Resistance,,,20,14,16,8,10,6,+5,+2,+3,-1,0,-2,"Alert,Magical Plate (-1),Opportunity Attack,Overcharge",,
Bernard,Honour,5,91,19,+7,+3,STR,18,Full Resistance,Full Resistance,Full Resistance,,,Full Resistance,,Full Resistance,,Full Resistance,Full Resistance,,,20,14,16,8,10,6,+5,+2,+3,-1,0,-2,"Alert,Legendary Action: Leaping Static,Magical Plate (-1),Opportunity Attack,Overcharge",,"Leaping Static,Legendary Action: Leaping Static"
Azer,Balanced,1,39,20,+1,+2,,,,,,,,,,,,,,,,17,12,15,12,13,10,+3,+1,+2,+1,+1,0,"Permanently Armed,Opportunity Attack",,
Azer,Explorer,1,78,20,+1,+4,,,,,,,,,,,,,,,,17,12,15,12,13,10,+3,+1,+2,+1,+1,0,"Permanently Armed,Opportunity Attack",,
Bat,Balanced,1,1,16,+4,+2,,,,,,,,,,,,,,,,2,18,8,2,12,4,-4,+4,-1,-4,+1,-3,Opportunity Attack,,
Bear,Balanced,,30,12,0,,,,,,,,,,,,,,,,,19,10,16,2,13,7,+4,0,+3,-4,+1,-2,Opportunity Attack,,
Bear,Explorer,,21,12,0,,,,,,,,,,,,,,,,,19,10,16,2,13,7,+4,0,+3,-4,+1,-2,Opportunity Attack,,
Bear,Tactician,,39,12,0,,,,,,,,,,,,,,,,,19,10,16,2,13,7,+4,0,+3,-4,+1,-2,Opportunity Attack,,
Bosk,Balanced,3,19,11,0,+2,,,,,,,,,,,,,,,,15,10,14,2,12,7,+2,0,+2,-4,+1,-2,Opportunity Attack,,
Bosk,Explorer,3,13,11,0,+4,,,,,,,,,,,,,,,,15,10,14,2,12,7,+2,0,+2,-4,+1,-2,Opportunity Attack,,
Bosk,Tactician,3,24,11,0,+2,,,,,,,,,,,,,,,,15,10,14,2,12,7,+2,0,+2,-4,+1,-2,Opportunity Attack,,
Cave Bear,Balanced,5,30,12,0,+3,,,,,,,,,,,,,,,,20,10,16,2,13,7,+5,0,+3,-4,+1,-2,Opportunity Attack,,
Cave Bear,Explorer,5,21,12,0,+5,,,,,,,,,,,,,,,,20,10,16,2,13,7,+5,0,+3,-4,+1,-2,Opportunity Attack,,
Cave Bear,Tactician,5,39,12,0,+3,,,,,,,,,,,,,,,,20,10,16,2,13,7,+5,0,+3,-4,+1,-2,Opportunity Attack,,
Ormn,Balanced,3,19,11,0,+2,,,,,,,,,,,,,,,,15,10,14,2,12,7,+2,0,+2,-4,+1,-2,Opportunity Attack,,
Ormn,Explorer,3,13,11,0,+4,,,,,,,,,,,,,,,,15,10,14,2,12,7,+2,0,+2,-4,+1,-2,Opportunity Attack,,
Ormn,Tactician,3,24,11,0,+2,,,,,,,,,,,,,,,,15,10,14,2,12,7,+2,0,+2,-4,+1,-2,Opportunity Attack,,
Orsu,Balanced,3,19,11,0,+2,,,,,,,,,,,,,,,,15,10,14,2,12,7,+2,0,+2,-4,+1,-2,Opportunity Attack,,
Tuffet,Balanced,3,19,11,0,+2,,,,,,,,,,,,,,,,15,10,14,2,12,7,+2,0,+2,-4,+1,-2,Opportunity Attack,,
Tuffet,Explorer,3,13,11,0,+4,,,,,,,,,,,,,,,,15,10,14,2,12,7,+2,0,+2,-4,+1,-2,Opportunity Attack,,
Tuffet,Tactician,3,24,11,0,+2,,,,,,,,,,,,,,,,15,10,14,2,12,7,+2,0,+2,-4,+1,-2,Opportunity Attack,,
Ursa,Balanced,3,19,11,0,0,,,,,,,,,,,,,,,,15,10,14,2,12,7,+2,0,+2,-4,+1,-2,"Opportunity Attack,Prey's Scent",,
Ursa,Explorer,3,38,11,0,+2,,,,,,,,,,,,,,,,15,10,14,2,12,7,+4,+2,+4,-2,+3,0,"Opportunity Attack,Prey's Scent",,
Ursa Ingens,Balanced,11,99,18,0,+4,,,,,,,,,,,,,,,,19,10,16,2,12,7,+4,0,+3,-4,+1,-2,"Bestial Fury,Companion's Bond,Exceptional Training,Opportunity Attack,Prey's Scent",,
Ursa Ingens,Explorer,11,198,20,0,+6,,,,,,,,,,,,,,,,19,10,16,2,12,7,+10,+6,+9,+2,+7,+4,"Bestial Fury,Companion's Bond,Exceptional Training,Opportunity Attack,Prey's Scent",,
Ursa Major,Balanced,5,39,15,0,+3,,,,,,,,,,,,,,,,15,10,16,2,12,7,+2,0,+3,-4,+1,-2,"Companion's Bond,Opportunity Attack,Prey's Scent",,
Ursa Major,Explorer,5,78,17,0,+5,,,,,,,,,,,,,,,,15,10,16,2,12,7,+7,+5,+8,+1,+6,+3,"Companion's Bond,Opportunity Attack,Prey's Scent",,
Postmaster Badger,Balanced,1,16,10,0,+2,,,,,,,,,,,,,,,,14,10,15,2,12,5,+2,0,+2,-4,+1,-3,Opportunity Attack,,
Blue Jay,Balanced,1,5,12,+2,+2,,,,,,,,,,,,,,,,2,15,8,2,12,7,-4,+2,-1,-4,+1,-2,,,
Blue Jay,Explorer,1,3,12,+2,+4,,,,,,,,,,,,,,,,2,15,8,2,12,7,-4,+2,-1,-4,+1,-2,,,
Blue Jay,Tactician,1,6,12,+2,+2,,,,,,,,,,,,,,,,2,15,8,2,12,7,-4,+2,-1,-4,+1,-2,,,
Commander Lightfeather,Balanced,9,5,12,+2,+4,,,,,,,,,,,,,,,,2,15,8,2,12,7,-4,+2,-1,-4,+1,-2,,,
Commander Lightfeather,Explorer,9,3,12,+2,+6,,,,,,,,,,,,,,,,2,15,8,2,12,7,-4,+2,-1,-4,+1,-2,,,
Commander Lightfeather,Tactician,9,6,12,+2,+4,,,,,,,,,,,,,,,,2,15,8,2,12,7,-4,+2,-1,-4,+1,-2,,,
Dishevelled Chicken,Balanced,1,1,10,0,+2,,,,,,,,,,,,,,,,1,10,8,1,7,3,-5,0,-1,-5,-2,-4,,,
Dishevelled Chicken,Explorer,1,1,10,0,+4,,,,,,,,,,,,,,,,1,10,8,1,7,3,-5,0,-1,-5,-2,-4,,,
Dishevelled Chicken,Tactician,1,1,10,0,+2,,,,,,,,,,,,,,,,1,10,8,1,7,3,-5,0,-1,-5,-2,-4,,,
Scared Boar,Balanced,1,11,11,0,+2,,,,,,,,,,,,,,,,13,11,12,2,9,5,+1,0,+1,-4,-1,-3,Opportunity Attack,,
Scared Boar,Explorer,1,7,11,0,+4,,,,,,,,,,,,,,,,13,11,12,2,9,5,+1,0,+1,-4,-1,-3,Opportunity Attack,,
Scared Boar,Tactician,1,14,11,0,+2,,,,,,,,,,,,,,,,13,11,12,2,9,5,+1,0,+1,-4,-1,-3,Opportunity Attack,,
Tusk,Balanced,3,11,11,0,+2,,,,,,,,,,,,,,,,13,11,12,2,9,5,+1,0,+1,-4,-1,-3,Opportunity Attack,,
Tusk,Explorer,3,7,11,0,+4,,,,,,,,,,,,,,,,13,11,12,2,9,5,+1,0,+1,-4,-1,-3,Opportunity Attack,,
Tusk,Tactician,3,14,11,0,+2,,,,,,,,,,,,,,,,13,11,12,2,9,5,+1,0,+1,-4,-1,-3,Opportunity Attack,,
Verres,Balanced,3,11,11,0,0,,,,,,,,,,,,,,,,13,11,12,2,9,5,+1,0,+1,-4,-1,-3,"Opportunity Attack,Prey's Scent",,
Verres,Explorer,3,22,11,0,+2,,,,,,,,,,,,,,,,13,11,12,2,9,5,+3,+2,+3,-2,+1,-1,"Opportunity Attack,Prey's Scent",,
Verres,Tactician,3,11,11,0,0,,,,,,,,,,,,,,,,13,11,12,2,9,5,+1,0,+1,-4,-1,-3,"Opportunity Attack,Prey's Scent",,
Verres Calamitosus,Balanced,11,99,18,0,+4,,,,,,,,,,,,,,,,19,10,16,2,12,7,+4,0,+3,-4,+1,-2,"Bestial Fury,Companion's Bond,Exceptional Training,Opportunity Attack,Prey's Scent",,
Verres Calamitosus,Explorer,11,198,20,0,+6,,,,,,,,,,,,,,,,19,10,16,2,12,7,+10,+6,+9,+2,+7,+4,"Bestial Fury,Companion's Bond,Exceptional Training,Opportunity Attack,Prey's Scent",,
Verres Major,Balanced,5,27,14,0,+3,,,,,,,,,,,,,,,,15,11,12,2,9,5,+2,0,+1,-4,-1,-3,"Companion's Bond,Opportunity Attack,Prey's Scent",,
Verres Major,Explorer,5,54,16,0,+5,,,,,,,,,,,,,,,,15,11,12,2,9,5,+7,+5,+6,+1,+4,+2,"Companion's Bond,Opportunity Attack,Prey's Scent",,
Conjured Crab,Balanced,1,2,11,0,+2,,,,,,,,,,,,,,,,2,11,10,1,8,2,-4,0,0,-5,-1,-4,,,
Conjured Crab,Explorer,1,4,11,0,+4,,,,,,,,,,,,,,,,2,11,10,1,8,2,0,+4,+4,-1,+3,0,,,
Nessa,Balanced,5,85,16,+2,+3,,,,,,,,,,,,,,,,18,15,16,6,12,8,+4,+2,+3,-2,+1,-1,"Darkvision,Evasion,Extra Attack,Opportunity Attack",,
Nessa,Explorer,5,59,16,+2,+5,,,,,,,,,,,,,,,,18,15,16,6,12,8,+4,+2,+3,-2,+1,-1,"Darkvision,Evasion,Extra Attack,Opportunity Attack",,
Nessa,Tactician,5,110,16,+2,+3,,,,,,,,,,,,,,,,18,15,16,6,12,8,+4,+2,+3,-2,+1,-1,"Darkvision,Evasion,Extra Attack,Opportunity Attack",,
Shadow-Whiskers,Balanced,7,85,16,+2,+3,,,,,,,,,,,,,,,,18,15,16,6,12,8,+4,+2,+3,-2,+1,-1,"Darkvision,Evasion,Extra Attack,Opportunity Attack",,
Shadow-Whiskers,Explorer,7,59,16,+2,+5,,,,,,,,,,,,,,,,18,15,16,6,12,8,+4,+2,+3,-2,+1,-1,"Darkvision,Evasion,Extra Attack,Opportunity Attack",,
Shadow-Whiskers,Tactician,7,110,16,+2,+3,,,,,,,,,,,,,,,,18,15,16,6,12,8,+4,+2,+3,-2,+1,-1,"Darkvision,Evasion,Extra Attack,Opportunity Attack",,
Addled Frog,Balanced,3,12,22,+5,+2,,,,,,Full Resistance,,,,,,Full Resistance,,,,3,20,10,3,8,8,-4,+7,0,-4,-1,-1,"Opportunity Attack,Toxic Secretions",Reflective Mucus,
Addled Frog,Explorer,3,8,22,+5,+4,,,,,,Full Resistance,,,,,,Full Resistance,,,,3,20,10,3,8,8,-4,+9,0,-4,-1,-1,"Opportunity Attack,Toxic Secretions",Reflective Mucus,
Addled Frog,Tactician,3,25,22,+5,+2,,,,,,Full Resistance,,,,,,Full Resistance,,,,3,20,10,3,8,8,-4,+7,0,-4,-1,-1,"Evasion,Opportunity Attack,Toxic Secretions",Reflective Mucus,
Conjured Frog,Balanced,1,1,12,+1,+2,,,,,,,,,,,,,,,,2,13,10,1,8,2,-4,+1,0,-5,-1,-4,,,
Conjured Frog,Explorer,1,2,12,+1,+4,,,,,,,,,,,,,,,,2,13,10,1,8,2,0,+5,+4,-1,+3,0,,,
Ancient Giant Eagle,Balanced,5,62,13,+3,+3,,,,,,,,,,,,,,,,18,17,14,8,14,10,+4,+3,+2,-1,+2,0,"Multiattack (Giant Eagle),Opportunity Attack",,
Ancient Giant Eagle,Explorer,5,43,13,+3,+5,,,,,,,,,,,,,,,,18,17,14,8,14,10,+4,+3,+2,-1,+2,0,"Multiattack (Giant Eagle),Opportunity Attack",,
Ancient Giant Eagle,Tactician,5,80,13,+3,+3,,,,,,,,,,,,,,,,20,17,14,8,16,10,+5,+3,+2,-1,+3,0,"Multiattack (Giant Eagle),Opportunity Attack",,
Bloated Hyena,Balanced,1,12,12,+1,+2,,,,,,,,,,,,,,,,11,13,12,2,12,5,0,+1,+1,-4,+1,-3,,"Bloated,Yeenoghu's Hunger",
Bloated Hyena,Explorer,1,8,12,+1,+4,,,,,,,,,,,,,,,,11,13,12,2,12,5,0,+1,+1,-4,+1,-3,,"Bloated,Yeenoghu's Hunger",
Bloated Hyena,Tactician,1,15,12,+1,+2,,,,,,,,,,,,,,,,11,13,12,2,12,5,0,+1,+1,-4,+1,-3,,"Bloated,Yeenoghu's Hunger",
Hyena,Balanced,1,12,12,+1,,,,,,,,,,,,,,,,,11,13,12,2,18,5,0,+1,+1,-4,+4,-3,"Opportunity Attack,Pack Tactics",,
Hyena,Tactician,1,15,12,+1,,,,,,,,,,,,,,,,,11,13,12,2,18,5,0,+1,+1,-4,+4,-3,"Opportunity Attack,Pack Tactics",,
Cranium Rat,Balanced,,2,12,+2,,,,,,,,,,,,,,,,,2,14,10,4,11,8,-4,+2,0,-3,0,-1,"Darkvision,Infectious Madness",,
Cranium Rat,Explorer,,1,12,+2,,,,,,,,,,,,,,,,,2,14,10,4,11,8,-4,+2,0,-3,0,-1,"Darkvision,Infectious Madness",,
Cranium Rat,Tactician,,2,12,+2,,,,,,,,,,,,,,,,,2,14,10,4,11,8,-4,+2,0,-3,0,-1,"Darkvision,Infectious Madness",,
Giant Rat,Balanced,1,4,10,+1,+2,,,,,,,,,,,,,,,,10,12,9,2,10,4,0,+1,-1,-4,0,-3,"Darkvision,Pack Tactics",,
Giant Rat,Tactician,1,5,10,+1,+2,,,,,,,,,,,,,,,,10,12,9,2,10,4,0,+1,-1,-4,0,-3,"Darkvision,Pack Tactics",,
Necrotic Rat,Balanced,1,4,1,+2,+2,,,,,,,,,,,,,,,,14,14,9,2,10,4,+2,+2,-1,-4,0,-3,Darkvision,,
Necrotic Rat,Tactician,1,5,1,+2,+2,,,,,,,,,,,,,,,,14,14,9,2,10,4,+2,+2,-1,-4,0,-3,Darkvision,,
Soporific Rat,Balanced,1,2,11,+1,+2,,,,,,,,,,,,,,,,10,12,9,2,10,4,0,+1,-1,-4,0,-3,Darkvision,Narcoleptic Toxins,
Corvus,Balanced,3,13,16,+2,0,,,,,,,,,,,,,,,,6,14,8,3,12,6,-2,+2,-1,-4,+1,-2,"Opportunity Attack,Prey's Scent",,
Corvus,Explorer,3,26,16,+2,+2,,,,,,,,,,,,,,,,6,14,8,3,12,6,0,+4,+1,-2,+3,0,"Opportunity Attack,Prey's Scent",,
Corvus Celer,Balanced,11,44,22,+2,+4,,,,,,,,,,,,,,,,6,14,10,3,14,8,-2,+2,0,-4,+2,-1,"Bestial Fury,Companion's Bond,Exceptional Training,Opportunity Attack,Prey's Scent,Raven Sight",,
Corvus Celer,Explorer,11,88,23,+2,+6,,,,,,,,,,,,,,,,6,14,10,3,14,8,+4,+8,+6,+2,+8,+5,"Bestial Fury,Companion's Bond,Exceptional Training,Opportunity Attack,Prey's Scent,Raven Sight",,
Corvus Major,Balanced,5,21,19,+2,+3,,,,,,,,,,,,,,,,6,14,10,3,12,6,-2,+2,0,-4,+1,-2,"Companion's Bond,Opportunity Attack,Prey's Scent",,
Corvus Major,Explorer,5,42,21,+2,+5,,,,,,,,,,,,,,,,6,14,10,3,12,6,+3,+7,+5,+1,+6,+3,"Companion's Bond,Opportunity Attack,Prey's Scent",,
Quothe,Balanced,1,1,12,+2,+2,,,,,,,,,,,,,,,,2,14,8,2,12,6,-4,+2,-1,-4,+1,-2,,,
Quothe,Explorer,1,2,12,+2,+4,,,,,,,,,,,,,,,,2,14,8,2,12,6,0,+6,+3,0,+5,+2,,,
Raven,Balanced,5,18,12,+2,+3,,,,,,,,,,,,,,,,2,14,8,2,12,6,-4,+2,-1,-4,+1,-2,"Darkvision,Opportunity Attack",,
Raven,Explorer,5,12,12,+2,+5,,,,,,,,,,,,,,,,2,14,8,2,12,6,-4,+2,-1,-4,+1,-2,"Darkvision,Opportunity Attack",,
Raven,Tactician,5,23,12,+2,+3,,,,,,,,,,,,,,,,2,14,8,2,12,6,-4,+2,-1,-4,+1,-2,"Darkvision,Opportunity Attack",,
Shadow-Cursed Raven,Balanced,1,1,10,0,+2,,,,,,,,,,,,,,,,2,10,8,0,7,1,-4,0,-1,-5,-2,-5,,Shadow-Cursed Undead,
Shadow-Cursed Raven,Explorer,1,1,10,0,+4,,,,,,,,,,,,,,,,2,10,8,0,7,1,-4,0,-1,-5,-2,-5,,Shadow-Cursed Undead,
Shadow-Cursed Raven,Tactician,1,1,10,0,+2,,,,,,,,,,,,,,,,2,10,8,0,7,1,-4,0,-1,-5,-2,-5,"Dazzling Blows,Evasion,Pack Tactics",Shadow-Cursed Undead,
Aggressive Crag Spider,Balanced,1,6,9,-1,+2,,,,,,,,,,,,,,,,6,8,6,8,4,4,-2,-1,-2,-1,-3,-3,"Darkvision,Opportunity Attack,Web Walker",,
Aggressive Crag Spider,Explorer,1,4,9,-1,+4,,,,,,,,,,,,,,,,6,8,6,8,4,4,-2,-1,-2,-1,-3,-3,"Darkvision,Opportunity Attack,Web Walker",,
Aggressive Crag Spider,Tactician,1,7,9,-1,+2,,,,,,,,,,,,,,,,6,8,6,8,4,4,-2,-1,-2,-1,-3,-3,"Darkvision,Opportunity Attack,Web Walker",,
Aranea,Balanced,3,10,14,+3,0,,,,,,,,,,,,,,,,12,16,13,3,12,4,+1,+3,+1,-4,+1,-3,"Darkvision,Opportunity Attack,Prey's Scent,Web Walker",,
Aranea,Explorer,3,20,14,+3,+2,,,,,,,,,,,,,,,,12,16,13,3,12,4,+3,+5,+3,-2,+3,-1,"Darkvision,Opportunity Attack,Prey's Scent,Web Walker",,
Aranea Major,Balanced,5,24,18,+4,+3,,,,,,,,,,,,,,,,12,18,13,3,12,4,+1,+4,+1,-4,+1,-3,"Companion's Bond,Darkvision,Opportunity Attack,Prey's Scent,Web Walker",,
Aranea Major,Explorer,5,48,20,+4,+5,,,,,,,,,,,,,,,,12,18,13,3,12,4,+6,+9,+6,+1,+6,+2,"Companion's Bond,Darkvision,Opportunity Attack,Prey's Scent,Web Walker",,
Aranea Aculeata,Balanced,11,60,21,+4,+4,,,,,,,,,,,,,,,,12,18,13,3,15,4,+1,+4,+1,-4,+2,-3,"Bestial Fury,Companion's Bond,Darkvision,Eight Legged Waltz,Exceptional Training,Opportunity Attack,Prey's Scent,Web Walker",,
Aranea Aculeata,Explorer,11,120,23,+4,+6,,,,,,,,,,,,,,,,12,18,13,3,15,4,+7,+10,+7,+2,+8,+3,"Bestial Fury,Companion's Bond,Darkvision,Eight Legged Waltz,Exceptional Training,Opportunity Attack,Prey's Scent,Web Walker",,
Combustion Belly Spiderling,Balanced,11,18,10,+3,+4,,,,,,,Resistance to Magical,Immune,,Resistance to Magical,,,,,,6,16,6,3,12,4,-2,+3,-2,-4,+1,-3,"Darkvision,Opportunity Attack,Web Walker",Volatile Blood,
Combustion Belly Spiderling,Explorer,11,12,10,+3,+6,,,,,,,Resistance to Magical,Immune,,Resistance to Magical,,,,,,6,16,6,3,12,4,-2,+3,-2,-4,+1,-3,"Darkvision,Opportunity Attack,Web Walker",Volatile Blood,
Combustion Belly Spiderling,Tactician,11,23,10,+3,+4,,,,,,,Resistance to Magical,Immune,,Resistance to Magical,,,,,,6,16,6,3,12,4,-2,+3,-2,-4,+1,-3,"Darkvision,Opportunity Attack,Web Walker",Volatile Blood,
Crag Spider,Balanced,1,6,9,-1,+2,,,,,,,,,,,,,,,,6,8,6,8,4,4,-2,-1,-2,-1,-3,-3,"Darkvision,Opportunity Attack,Web Walker",,
Crag Spider,Explorer,1,4,9,-1,+4,,,,,,,,,,,,,,,,6,8,6,8,4,4,-2,-1,-2,-1,-3,-3,"Darkvision,Opportunity Attack,Web Walker",,
Crag Spider,Tactician,1,7,9,-1,+2,,,,,,,,,,,,,,,,6,8,6,8,4,4,-2,-1,-2,-1,-3,-3,"Darkvision,Opportunity Attack,Web Walker",,
Larger Giant Spider,Balanced,3,32,14,+3,+2,,,,,,,,,,,,,,,,14,16,12,2,11,4,+2,+3,+1,-4,0,-3,"Darkvision,Opportunity Attack,Web Walker",,
Larger Giant Spider,Explorer,3,22,14,+3,+4,,,,,,,,,,,,,,,,14,16,12,2,11,4,+2,+3,+1,-4,0,-3,"Darkvision,Opportunity Attack,Web Walker",,
Larger Giant Spider,Tactician,3,41,14,+3,+2,,,,,,,,,,,,,,,,14,16,12,2,11,4,+2,+3,+1,-4,0,-3,"Darkvision,Opportunity Attack,Web Walker",,
Smaller Giant Spider,Balanced,3,24,15,+4,+2,,,,,,,,,,,,,,,,12,18,11,2,11,4,+1,+4,0,-4,0,-3,"Darkvision,Opportunity Attack,Web Walker",,
Smaller Giant Spider,Explorer,3,16,15,+4,+4,,,,,,,,,,,,,,,,12,18,11,2,11,4,+1,+4,0,-4,0,-3,"Darkvision,Opportunity Attack,Web Walker",,
Smaller Giant Spider,Tactician,3,31,15,+4,+2,,,,,,,,,,,,,,,,12,18,11,2,11,4,+1,+4,0,-4,0,-3,"Darkvision,Opportunity Attack,Web Walker",,
Sword Spider,Balanced,5,31,17,+4,+3,,,,,,,,,,,,,,,,14,18,13,6,9,4,+2,+4,+1,-2,-1,-3,"Darkvision,Web Walker,Extra Attack,Opportunity Attack",,
Sword Spider,Explorer,5,21,17,+4,+5,,,,,,,,,,,,,,,,14,18,13,6,9,4,+2,+4,+1,-2,-1,-3,"Darkvision,Web Walker,Extra Attack,Opportunity Attack",,
Sword Spider,Tactician,5,40,18,+5,+3,,,,,,,,,,,,,,,,14,20,13,6,9,4,+2,+5,+1,-2,-1,-3,"Darkvision,Web Walker,Extra Attack,Opportunity Attack",,
Lupus,Balanced,3,11,13,+2,0,,,,,,,,,,,,,,,,12,15,12,3,12,6,+1,+2,+1,-4,+1,-2,"Opportunity Attack,Prey's Scent",,
Lupus,Explorer,3,22,13,+2,+2,,,,,,,,,,,,,,,,12,15,12,3,12,6,+3,+4,+3,-2,+3,0,"Opportunity Attack,Prey's Scent",,
Lupus Major,Balanced,5,31,16,+2,+3,,,,,,,,,,,,,,,,12,15,15,3,12,6,+1,+2,+2,-4,+1,-2,"Companion's Bond,Opportunity Attack,Pack Tactics,Prey's Scent",,
Lupus Major,Explorer,5,62,18,+2,+5,,,,,,,,,,,,,,,,12,15,15,3,12,6,+6,+7,+7,+1,+6,+3,"Companion's Bond,Opportunity Attack,Pack Tactics,Prey's Scent",,
Lupus Optumus,Balanced,11,91,21,+4,+4,,,,,,,,,,,,,,,,12,18,15,3,12,6,+1,+4,+2,-4,+1,-2,"Bestial Fury,Companion's Bond,Exceptional Training,Opportunity Attack,Pack Tactics,Prey's Scent",,
Lupus Optumus,Explorer,11,182,23,+4,+6,,,,,,,,,,,,,,,,12,18,15,3,12,6,+7,+10,+8,+2,+7,+4,"Bestial Fury,Companion's Bond,Exceptional Training,Opportunity Attack,Pack Tactics,Prey's Scent",,
Dire Wolf,Balanced,1,37,14,+2,+2,,,,,,,,,,,,,,,,17,15,15,3,12,7,+3,+2,+2,-4,+1,-2,"Opportunity Attack,Pack Tactics",,
Dire Wolf,Explorer,1,25,14,+2,+4,,,,,,,,,,,,,,,,17,15,15,3,12,7,+3,+2,+2,-4,+1,-2,"Opportunity Attack,Pack Tactics",,
Dire Wolf,Tactician,1,48,14,+2,+2,,,,,,,,,,,,,,,,17,15,15,3,12,7,+3,+2,+2,-4,+1,-2,"Opportunity Attack,Pack Tactics",,
Dire Wolf,Balanced,1,18,14,+2,+2,,,,,,,,,,,,,,,,17,15,15,3,12,7,+3,+2,+2,-4,+1,-2,"Opportunity Attack,Pack Tactics",,
Cat,Balanced,1,2,12,+2,+2,,,,,,,,,,,,,,,,3,15,10,3,12,7,-4,+2,0,-4,+1,-2,"Darkvision,Feline Fall,Opportunity Attack",,
Chicken,Balanced,9,1,10,0,+4,,,,,,,,,,,,,,,,1,10,8,1,7,3,-5,0,-1,-5,-2,-4,,,
Deep Rothé,Balanced,1,13,10,0,+2,,,,,,,,,,,,,,,,18,10,14,2,10,4,+4,0,+2,-4,0,-3,Opportunity Attack,,
Deep Rothé,Explorer,1,9,10,0,+4,,,,,,,,,,,,,,,,18,10,14,2,10,4,+4,0,+2,-4,0,-3,Opportunity Attack,,
Deep Rothé,Tactician,1,16,10,0,+2,,,,,,,,,,,,,,,,18,10,14,2,10,4,+4,0,+2,-4,0,-3,Opportunity Attack,,
Dilophosaurus,Balanced,10,74,14,+1,+4,,,,,,,,,,,,,,,,19,13,17,2,12,5,+4,+1,+3,-4,+1,-3,Opportunity Attack,,
Dilophosaurus,Tactician,10,96,14,+1,+4,,,,,,,,,,,,,,,,19,13,17,2,12,5,+4,+1,+3,-4,+1,-3,Opportunity Attack,,
Dog,Balanced,,5,14,+2,,,,,,,,,,,,,,,,,13,14,12,3,12,7,+1,+2,+1,-4,+1,-2,,,
Owlbear,Balanced,3,91,13,+1,+2,INT,6,,,,,,,,,,,,,,20,12,17,3,12,7,+5,+1,+3,-4,+1,-2,"Darkvision,Multiattack: Enraged,Opportunity Attack",Distressed,
Owlbear,Explorer,3,63,13,+1,+4,INT,8,,,,,,,,,,,,,,20,12,17,3,12,7,+5,+1,+3,-4,+1,-2,"Darkvision,Multiattack: Enraged,Opportunity Attack",Distressed,
Owlbear,Tactician,3,118,13,+1,+2,INT,8,,,,,,,,,,,,,,20,12,17,3,12,7,+5,+1,+3,-4,+1,-2,"Darkvision,Multiattack: Enraged,Opportunity Attack",Distressed,
Owlbear,Honour,3,118,13,+1,+2,INT,8,,,,,,,,,,,,,,20,12,17,3,12,7,+5,+1,+3,-4,+1,-2,"Darkvision,Legendary Action: Call Consort,Multiattack: Enraged,Opportunity Attack","Distressed,Legendary Action: Call Consort","Call Consort,Legendary Action: Call Consort"
Pig,Balanced,1,5,10,0,+2,,,,,,,,,,,,,,,,13,11,12,2,9,5,+1,0,+1,-4,-1,-3,,,
Pig,Tactician,1,6,10,0,+2,,,,,,,,,,,,,,,,13,11,12,2,9,5,+1,0,+1,-4,-1,-3,,,
Squirrel,Balanced,1,1,10,0,+2,,,,,,,,,,,,,,,,2,11,9,2,10,4,-4,0,-1,-4,0,-3,,,
Squirrel,Explorer,1,1,10,0,+4,,,,,,,,,,,,,,,,2,11,9,2,10,4,-4,0,-1,-4,0,-3,,,
Squirrel,Tactician,1,1,10,0,+2,,,,,,,,,,,,,,,,2,11,9,2,10,4,-4,0,-1,-4,0,-3,,,
Sheep,Balanced,1,3,10,0,+2,,,,,,,,,,,,,,,,12,10,11,2,10,5,+1,0,0,-4,0,-3,,,
Sheep,Explorer,1,2,10,0,+4,,,,,,,,,,,,,,,,12,10,11,2,10,5,+1,0,0,-4,0,-3,,,
Sheep,Tactician,1,3,10,0,+2,,,,,,,,,,,,,,,,12,10,11,2,10,5,+1,0,0,-4,0,-3,,,
Tingmiaq,Balanced,1,5,12,+2,+2,,,,,,,,,,,,,,,,2,15,8,2,12,7,-4,+2,-1,-4,+1,-2,,,
Tingmiaq,Explorer,1,3,12,+2,+4,,,,,,,,,,,,,,,,2,15,8,2,12,7,-4,+2,-1,-4,+1,-2,,,
Tingmiaq,Tactician,1,6,12,+2,+2,,,,,,,,,,,,,,,,2,15,8,2,12,7,-4,+2,-1,-4,+1,-2,,,
Topaz,Balanced,1,5,12,+2,+2,,,,,,,,,,,,,,,,2,15,8,2,12,7,-4,+2,-1,-4,+1,-2,,,
Topaz,Explorer,1,3,12,+2,+4,,,,,,,,,,,,,,,,2,15,8,2,12,7,-4,+2,-1,-4,+1,-2,,,
Topaz,Tactician,1,6,12,+2,+2,,,,,,,,,,,,,,,,2,15,8,2,12,7,-4,+2,-1,-4,+1,-2,,,
Wounded Bird,Balanced,1,5,12,+2,+2,,,,,,,,,,,,,,,,2,15,8,2,12,7,-4,+2,-1,-4,+1,-2,,,
Wounded Bird,Explorer,1,3,12,+2,+4,,,,,,,,,,,,,,,,2,15,8,2,12,7,-4,+2,-1,-4,+1,-2,,,
Wounded Bird,Tactician,1,6,12,+2,+2,,,,,,,,,,,,,,,,2,15,8,2,12,7,-4,+2,-1,-4,+1,-2,,,
Blast Cannon,Balanced,,0,10,0,,,,,,,,,,,,,,,,,10,10,10,10,10,10,0,0,0,0,0,0,Opportunity Attack,,
Bitey Buddy,Balanced,5,46,17,+4,+3,,,,,,,,,,,,,,,,15,18,12,10,13,11,+2,+4,+1,0,+1,0,"Darkvision,Opportunity Attack",Barkskin,
Bitey Buddy,Explorer,5,32,17,+4,+5,,,,,,,,,,,,,,,,15,18,12,10,13,11,+2,+4,+1,0,+1,0,"Darkvision,Opportunity Attack",Barkskin,
Bitey Buddy,Tactician,5,59,17,+4,+3,,,,,,,,,,,,,,,,15,18,12,10,13,11,+2,+4,+1,0,+1,0,"Darkvision,Opportunity Attack",Barkskin,
Bloodmarrow Skeleton,Balanced,5,29,11,0,+3,,,Vulnerable,,,,,,,,,Immune,,,,16,10,16,6,8,5,+3,0,+3,-2,-1,-3,"Darkvision,Opportunity Attack,Silent",,
Bloodmarrow Skeleton,Explorer,5,20,11,0,+5,,,Vulnerable,,,,,,,,,Immune,,,,16,10,16,6,8,5,+3,0,+3,-2,-1,-3,"Darkvision,Opportunity Attack,Silent",,
Bloodmarrow Skeleton,Tactician,5,37,11,0,+3,,,Vulnerable,,,,,,,,,Immune,,,,16,10,16,6,8,5,+3,0,+3,-2,-1,-3,"Darkvision,Opportunity Attack,Silent",,
Boar,Balanced,,11,11,0,,,,,,,,,,,,,,,,,13,11,12,2,9,5,+1,0,+1,-4,-1,-3,Opportunity Attack,,
Boar,Explorer,,7,11,0,,,,,,,,,,,,,,,,,13,11,12,2,9,5,+1,0,+1,-4,-1,-3,Opportunity Attack,,
Boar,Tactician,,14,11,0,,,,,,,,,,,,,,,,,13,11,12,2,9,5,+1,0,+1,-4,-1,-3,Opportunity Attack,,
Bugbear,Balanced,3,27,14,+2,+2,,,,,,,,,,,,,,,,15,14,13,8,11,9,+2,+2,+1,-1,0,-1,"Brute,Darkvision,Tenacity,Opportunity Attack",,
Bugbear,Explorer,3,18,14,+2,+4,,,,,,,,,,,,,,,,15,14,13,8,11,9,+2,+2,+1,-1,0,-1,"Brute,Darkvision,Tenacity",,
Bugbear,Tactician,3,35,14,+2,+2,,,,,,,,,,,,,,,,15,14,13,8,11,9,+2,+2,+1,-1,0,-1,"Brute,Darkvision,Tenacity,Opportunity Attack,Savage Attacker",,
Bulette,Balanced,5,125,17,0,+3,,,,,,,,,,,,,,,,19,11,21,2,10,5,+7,+3,+5,-4,0,-3,"Darkvision,Opportunity Attack,Territorial",,
Bulette,Explorer,5,87,17,0,+5,,,,,,,,,,,,,,,,19,11,21,2,10,5,+9,+5,+5,-4,0,-3,"Darkvision,Opportunity Attack,Territorial",,
Bulette,Tactician,5,162,17,0,+3,,,Resistance to Non-Magical,Resistance to Non-Magical,Resistance to Non-Magical,Full Resistance,,,,,,,,,,19,11,21,2,10,5,+7,+3,+5,-4,0,-3,"Darkvision,Opportunity Attack,Territorial",,
Bulette,Honour,5,162,17,0,+3,,,Resistance to Non-Magical,Resistance to Non-Magical,Resistance to Non-Magical,Full Resistance,,,,,,,,,,19,11,21,2,10,5,+7,+3,+5,-4,0,-3,"Darkvision,Opportunity Attack,Territorial",Diamond Scales,"Shredding Scales,Legendary Action: Shredding Scales"
Cambion,Balanced,4,82,18,+4,+2,,,Resistance to Non-Magical,Resistance to Non-Magical,Resistance to Non-Magical,,Full Resistance,Full Resistance,,Full Resistance,,Full Resistance,,,,18,18,16,14,12,16,+6,+4,+5,+4,+1,+5,"Darkvision,Fiendish Blessing,Opportunity Attack",,
Cambion,Explorer,4,57,18,+4,+4,,,Resistance to Non-Magical,Resistance to Non-Magical,Resistance to Non-Magical,,Full Resistance,Full Resistance,,Full Resistance,,Full Resistance,,,,18,18,16,14,12,16,+8,+4,+7,+6,+1,+7,"Darkvision,Fiendish Blessing,Opportunity Attack",,
Cambion,Tactician,4,106,18,+4,+2,,,Resistance to Non-Magical,Resistance to Non-Magical,Resistance to Non-Magical,,Full Resistance,Full Resistance,,Full Resistance,,Full Resistance,,,,18,18,16,14,12,16,+6,+4,+5,+4,+1,+5,"Darkvision,Fiendish Blessing,Opportunity Attack",,
Cat,Balanced,1,2,12,+2,+2,,,,,,,,,,,,,,,,6,15,10,3,12,7,-2,+2,0,-4,+1,-2,"Darkvision,Feline Fall,Opportunity Attack",,
Cat,Explorer,1,4,12,+2,+4,,,,,,,,,,,,,,,,6,15,10,3,12,7,-2,+2,0,-4,+1,-2,"Darkvision,Feline Fall,Opportunity Attack",,
Valeria,Balanced,10,52,18,0,+4,,,Full Resistance,Full Resistance,Full Resistance,,,,,,,Full Resistance,,,,10,11,12,16,19,16,0,+4,+5,+3,+4,+7,Opportunity Attack,,
Valeria,Explorer,10,36,18,0,+6,,,Full Resistance,Full Resistance,Full Resistance,,,,,,,Full Resistance,,,,10,11,12,16,19,16,0,+6,+7,+3,+4,+9,Opportunity Attack,,
Valeria,Tactician,10,67,18,0,+4,,,Full Resistance,Full Resistance,Full Resistance,,,,,,,Full Resistance,,,,10,11,12,16,19,16,0,+4,+5,+3,+4,+7,Opportunity Attack,,
Deva,Balanced,10,136,21,+8,+4,,,Resistance to Non-Magical,Resistance to Non-Magical,Resistance to Non-Magical,,,,,,,,,Full Resistance,,18,18,18,17,20,20,+4,+4,+4,+3,+9,+9,"Opportunity Attack,Permanently Armed",,
Deva,Explorer,10,272,21,+8,+6,,,Resistance to Non-Magical,Resistance to Non-Magical,Resistance to Non-Magical,,,,,,,,,Full Resistance,,18,18,18,17,20,20,+10,+10,+10,+9,+11,+11,"Opportunity Attack,Permanently Armed",,
Moonlight Sliver,Balanced,11,200,24,+7,+4,,,Resistance to Non-Magical,Resistance to Non-Magical,Resistance to Non-Magical,,,,,,,,,Immune,,18,16,14,12,14,18,+4,+3,+2,+1,+6,+8,"Divine Health,Extra Attack,Magic Resistance,Opportunity Attack,Permanently Armed,Selûne's Ire","Brand of the Silverlight,Lunar Legionary,Selûne's Ire",
Moonlight Sliver,Explorer,11,139,24,+7,+6,,,Resistance to Non-Magical,Resistance to Non-Magical,Resistance to Non-Magical,,,,,,,,,Immune,,18,16,14,12,14,18,+4,+3,+2,+1,+8,+10,"Divine Health,Magic Resistance,Opportunity Attack,Permanently Armed,Selûne's Ire","Brand of the Silverlight,Lunar Legionary,Selûne's Ire",
Moonlight Sliver,Tactician,11,260,24,+7,+4,,,Resistance to Non-Magical,Resistance to Non-Magical,Resistance to Non-Magical,,,,,,,,,Immune,,18,16,14,12,14,18,+4,+3,+2,+1,+6,+8,"Divine Health,Extra Attack,Magic Resistance,Opportunity Attack,Permanently Armed,Selûne's Ire,War Caster: Concentration","Brand of the Silverlight,Lunar Legionary,Selûne's Ire",
Sahuagin Champion,Balanced,9,99,18,+2,+4,,,Full Resistance,Full Resistance,Full Resistance,,,,,,,,,,,20,14,17,12,13,15,+7,+4,+5,+3,+3,+4,"Extra Attack,Fishfolk Faithful,Opportunity Attack,Scenting Blood","Aura of Protection,Invigorating Fanaticism",
Sahuagin Champion,Explorer,9,69,18,+2,+6,,,Full Resistance,Full Resistance,Full Resistance,,,,,,,,,,,20,14,17,12,13,15,+7,+4,+5,+3,+3,+4,"Extra Attack,Fishfolk Faithful,Opportunity Attack,Scenting Blood","Aura of Protection,Invigorating Fanaticism",
Sahuagin Champion,Tactician,9,128,18,+2,+4,,,Full Resistance,Full Resistance,Full Resistance,,,,,,,,,,,20,14,17,12,13,15,+7,+4,+5,+3,+3,+4,"Extra Attack,Fishfolk Faithful,Opportunity Attack,Scenting Blood","Aura of Protection,Invigorating Fanaticism",
Cheese Wheel,Balanced,1,1,10,0,+2,,,,,,,,,,,,,,,,10,10,10,10,10,10,0,0,0,0,0,0,Opportunity Attack,,
Cloaker,Balanced,8,105,14,+3,+3,,,,,,,,,,,,,,,,18,16,15,12,13,14,+4,+3,+2,+1,+1,+2,"Darkvision,Light Sensitivity,Multiattack (Cloaker),Opportunity Attack",,
Cloaker,Explorer,8,73,14,+3,+5,,,,,,,,,,,,,,,,18,16,15,12,13,14,+4,+3,+2,+1,+1,+2,"Darkvision,Light Sensitivity,Multiattack (Cloaker),Opportunity Attack",,
Cloaker,Tactician,8,141,14,+3,+3,,,,,,,,,,,,,,,,18,16,15,12,13,14,+4,+3,+2,+1,+1,+2,"Alert,Darkvision,Light Sensitivity,Multiattack (Cloaker),Opportunity Attack",,
Coin Halberd,Balanced,7,17,12,+2,+3,,,Resistance to Non-Magical,Resistance to Non-Magical,Resistance to Non-Magical,Vulnerable,,,Vulnerable,,,Immune,Immune,,,12,15,11,1,5,1,+1,+2,0,-5,-3,-5,,,
Coin Halberd,Explorer,7,11,12,+2,+5,,,Resistance to Non-Magical,Resistance to Non-Magical,Resistance to Non-Magical,Vulnerable,,,Vulnerable,,,Immune,Immune,,,12,15,11,1,5,1,+1,+2,0,-5,-3,-5,,,
Coin Halberd,Tactician,7,22,12,+2,+3,,,Resistance to Non-Magical,Resistance to Non-Magical,Resistance to Non-Magical,Vulnerable,,,Vulnerable,,,Immune,Immune,,,12,15,11,1,5,1,+1,+2,0,-5,-3,-5,,,
Cold Hallucination,Balanced,6,4,17,+3,+3,,,,,,,Immune,,,,,,,,,6,17,13,11,12,14,-2,+3,+1,0,+1,+2,Darkvision,Cold Resistance Aura,
Cold Hallucination,Explorer,6,2,17,+3,+5,,,,,,,Immune,,,,,,,,,6,17,13,11,12,14,-2,+3,+1,0,+1,+2,Darkvision,Cold Resistance Aura,
Cold Hallucination,Tactician,6,5,17,+3,+3,,,,,,,Immune,,,,,,,,,6,17,13,11,12,14,-2,+3,+1,0,+1,+2,Darkvision,Cold Resistance Aura,
Conjured Imp,Balanced,1,10,13,+3,+2,,,Resistance to Non-Magical,Resistance to Non-Magical,Resistance to Non-Magical,,Full Resistance,Immune,,,,Immune,,,,6,17,13,11,12,14,-2,+3,+1,0,+1,+2,"Darkvision,Devil's Sight,Opportunity Attack",,
Conjured Imp,Explorer,1,20,13,+3,+4,,,Resistance to Non-Magical,Resistance to Non-Magical,Resistance to Non-Magical,,Full Resistance,Immune,,,,Immune,,,,6,17,13,11,12,14,+2,+7,+5,+4,+5,+6,"Darkvision,Devil's Sight,Opportunity Attack",,
Conjured Quasit,Balanced,1,7,13,+3,+2,,,Resistance to Non-Magical,Resistance to Non-Magical,Resistance to Non-Magical,,Resistance to Magical,Full Resistance,,Full Resistance,,,,,,5,17,10,7,10,10,-3,+3,0,-2,0,0,"Darkvision,Opportunity Attack",,
Conjured Quasit,Explorer,1,14,13,+3,+4,,,Resistance to Non-Magical,Resistance to Non-Magical,Resistance to Non-Magical,,Resistance to Magical,Full Resistance,,Full Resistance,,,,,,5,17,10,7,10,10,+1,+7,+4,+2,+4,+4,"Darkvision,Opportunity Attack",,
Conjured Rat,Balanced,1,1,10,0,+2,,,,,,,,,,,,,,,,2,11,9,2,10,4,-4,0,-1,-4,0,-3,,,
Conjured Rat,Explorer,1,2,10,0,+4,,,,,,,,,,,,,,,,2,11,9,2,10,4,0,+4,+3,0,+4,+1,,,
Mage Hand,Balanced,,3,5,0,,,,Full Resistance,Full Resistance,Full Resistance,,,,,,,,Immune,,,10,10,3,2,1,1,0,0,-4,-4,-5,-5,Opportunity Attack,,
Mage Hand,Explorer,,6,5,0,,,,Full Resistance,Full Resistance,Full Resistance,,,,,,,,Immune,,,10,10,3,2,1,1,0,0,-4,-4,-5,-5,Opportunity Attack,,
Feeble Spectre,Balanced,6,17,12,+2,+3,,,Resistance to Non-Magical,Resistance to Non-Magical,Resistance to Non-Magical,Full Resistance,Immune,Full Resistance,,Full Resistance,Immune,Immune,,,Full Resistance,11,14,11,10,10,11,0,+2,0,0,0,0,"Darkvision,Ethereal,Incorporeal Movement,Opportunity Attack",,
Feeble Spectre,Explorer,6,12,12,+2,+5,,,Resistance to Non-Magical,Resistance to Non-Magical,Resistance to Non-Magical,Full Resistance,Immune,Full Resistance,,Full Resistance,Immune,Immune,,,Full Resistance,11,14,11,10,10,11,0,+2,0,0,0,0,"Darkvision,Ethereal,Incorporeal Movement,Opportunity Attack",,
Feeble Spectre,Tactician,6,22,12,+2,+3,,,Resistance to Non-Magical,Resistance to Non-Magical,Resistance to Non-Magical,Full Resistance,Immune,Full Resistance,,Full Resistance,Immune,Immune,,,Full Resistance,11,14,11,10,10,11,0,+2,0,0,0,0,"Darkvision,Ethereal,Incorporeal Movement,Opportunity Attack",,
Mundane Spectre,Balanced,6,31,14,+2,+3,,,Resistance to Non-Magical,Resistance to Non-Magical,Resistance to Non-Magical,Full Resistance,Immune,Full Resistance,,Full Resistance,Immune,Immune,,,Full Resistance,13,14,11,10,10,11,+1,+2,0,0,0,0,"Darkvision,Ethereal,Incorporeal Movement,Opportunity Attack",,
Mundane Spectre,Explorer,6,21,14,+2,+5,,,Resistance to Non-Magical,Resistance to Non-Magical,Resistance to Non-Magical,Full Resistance,Immune,Full Resistance,,Full Resistance,Immune,Immune,,,Full Resistance,13,14,11,10,10,11,+1,+2,0,0,0,0,"Darkvision,Ethereal,Incorporeal Movement,Opportunity Attack",,
Mundane Spectre,Tactician,6,40,14,+2,+3,,,Resistance to Non-Magical,Resistance to Non-Magical,Resistance to Non-Magical,Full Resistance,Immune,Full Resistance,,Full Resistance,Immune,Immune,,,Full Resistance,13,14,11,10,10,11,+1,+2,0,0,0,0,"Darkvision,Ethereal,Incorporeal Movement,Opportunity Attack",,
Primordial Spectre,Balanced,6,48,12,+2,+3,,,Resistance to Non-Magical,Resistance to Non-Magical,Resistance to Non-Magical,Full Resistance,Immune,Full Resistance,,Full Resistance,Immune,Immune,,,Full Resistance,16,14,11,10,10,11,+3,+2,0,0,0,0,"Darkvision,Ethereal,Incorporeal Movement,Opportunity Attack",,
Primordial Spectre,Explorer,6,33,12,+2,+5,,,Resistance to Non-Magical,Resistance to Non-Magical,Resistance to Non-Magical,Full Resistance,Immune,Full Resistance,,Full Resistance,Immune,Immune,,,Full Resistance,16,14,11,10,10,11,+3,+2,0,0,0,0,"Darkvision,Ethereal,Incorporeal Movement,Opportunity Attack",,
Primordial Spectre,Tactician,6,62,12,+2,+3,,,Resistance to Non-Magical,Resistance to Non-Magical,Resistance to Non-Magical,Full Resistance,Immune,Full Resistance,,Full Resistance,Immune,Immune,,,Full Resistance,16,14,11,10,10,11,+3,+2,0,0,0,0,"Darkvision,Ethereal,Incorporeal Movement,Opportunity Attack",,
Conjured Spider,Balanced,1,6,9,-1,+2,,,,,,,,,,,,,,,,6,8,6,8,4,4,-2,-1,-2,-1,-3,-3,"Darkvision,Opportunity Attack,Web Walker",,
Conjured Spider,Explorer,1,12,9,-1,+4,,,,,,,,,,,,,,,,6,8,6,8,4,4,+2,+3,+2,+3,+1,+1,"Darkvision,Opportunity Attack,Web Walker",,
Hollow Armour,Balanced,6,57,21,+3,+3,,,,,,Full Resistance,,,,,Full Resistance,Immune,Immune,,,14,16,13,6,10,8,+2,+3,+1,-2,0,-1,"Darkvision,Extra Attack,Opportunity Attack",Shadow-Animated,
Hollow Armour,Explorer,6,39,21,+3,+5,,,,,,Full Resistance,,,,,Full Resistance,Immune,Immune,,,14,16,13,6,10,8,+2,+3,+1,-2,0,-1,"Darkvision,Extra Attack,Opportunity Attack",Shadow-Animated,
Hollow Armour,Tactician,6,74,21,+3,+3,,,,,,Full Resistance,,,,,Full Resistance,Immune,Immune,,,16,16,13,6,10,8,+3,+3,+1,-2,0,-1,"Darkvision,Extra Attack,Opportunity Attack",Shadow-Animated,
Klank,Balanced,4,53,21,+3,+2,,,,,,,,,,,,Immune,Immune,,,19,16,18,6,8,6,+4,+3,+4,-2,-1,-2,"Antimagic Susceptibility,Darkvision,Extra Attack,Opportunity Attack",Mage-Animated,
Klank,Explorer,4,43,21,+3,+4,,,,,,,,,,,,Immune,Immune,,,19,16,18,6,8,6,+4,+3,+4,-2,-1,-2,"Antimagic Susceptibility,Darkvision,Extra Attack,Opportunity Attack",Mage-Animated,
Klank,Tactician,4,62,21,+3,+2,,,,,,,,,,,,Immune,Immune,,,21,16,18,6,8,6,+5,+3,+4,-2,-1,-2,"Antimagic Susceptibility,Darkvision,Extra Attack,Opportunity Attack",Mage-Animated,
Krank,Balanced,4,53,21,+3,+2,,,,,,,,,,,,Immune,Immune,,,19,16,18,6,8,6,+4,+3,+4,-2,-1,-2,"Antimagic Susceptibility,Darkvision,Extra Attack,Opportunity Attack",Mage-Animated,
Krank,Explorer,4,43,21,+3,+4,,,,,,,,,,,,Immune,Immune,,,19,16,18,6,8,6,+4,+3,+4,-2,-1,-2,"Antimagic Susceptibility,Darkvision,Extra Attack,Opportunity Attack",Mage-Animated,
Krank,Tactician,4,62,21,+3,+2,,,,,,,,,,,,Immune,Immune,,,21,16,18,6,8,6,+5,+3,+4,-2,-1,-2,"Antimagic Susceptibility,Darkvision,Extra Attack,Opportunity Attack",Mage-Animated,
Flesh,Balanced,7,182,11,-1,+3,STR,16,Resistance to Non-Magical,Resistance to Non-Magical,Resistance to Non-Magical,,,,,Immune,,Immune,,,,20,9,18,6,10,5,+5,-1,+4,-2,0,-3,"Aversion of Fire,Berserk,Darkvision,Immutable Form,Magic Resistance,Opportunity Attack",,
Flesh,Tactician,7,236,11,-1,+3,STR,18,Resistance to Non-Magical,Resistance to Non-Magical,Resistance to Non-Magical,,,,,Immune,,Immune,,,,20,9,18,6,10,5,+5,-1,+4,-2,0,-3,"Aversion of Fire,Berserk,Darkvision,Immutable Form,Magic Resistance,Opportunity Attack",,
Scrying Eye,Balanced,1,8,9,-1,+2,,,Full Resistance,Full Resistance,Full Resistance,Full Resistance,Full Resistance,Full Resistance,,Full Resistance,Full Resistance,Immune,Immune,Full Resistance,Vulnerable,3,9,8,6,4,2,-4,-1,-1,-2,-3,-4,Darkvision,"Levitating,See Invisibility",
Scrying Eye,Tactician,1,11,9,-1,+2,,,Full Resistance,Full Resistance,Full Resistance,Full Resistance,Full Resistance,Full Resistance,,Full Resistance,Full Resistance,Immune,Immune,Full Resistance,Vulnerable,3,9,8,6,4,2,-4,-1,-1,-2,-3,-4,"Darkvision,Ethereal Form","Levitating,See Invisibility",
Hellfire Watcher,Balanced,11,206,16,+6,+4,DEX,18,Resistance to Non-Magical,Resistance to Non-Magical,Resistance to Non-Magical,,,,,Vulnerable,,Immune,Immune,,,18,22,18,6,10,10,+4,+10,+8,-2,0,0,"Agile Chassis,Darkvision,Failsafe Protocol,Immutable Form,Magic Resistance,Opportunity Attack,Perfect Sentry",,
Hellfire Watcher,Tactician,11,267,16,+6,+4,DEX,20,Resistance to Non-Magical,Full Resistance,Resistance to Non-Magical,,,Full Resistance,,,,Immune,Immune,,,18,22,18,6,10,10,+4,+10,+8,-2,0,0,"Agile Chassis,Darkvision,Failsafe Protocol,Immutable Form,Magic Resistance,Opportunity Attack,Perfect Sentry",,
Steel Watcher Titan,Balanced,12,369,15,+1,+4,,,Resistance to Non-Magical,Resistance to Non-Magical,Resistance to Non-Magical,,,,,Vulnerable,,Immune,Immune,,,22,12,20,6,10,10,+10,+1,+9,-2,0,0,"Darkvision,Immutable Existence,Magic Resistance,Multiattack: Prone Restrained or Maimed,Opportunity Attack,Perfect Sentry",,
Steel Watcher Titan,Explorer,12,258,15,+1,+6,,,Resistance to Non-Magical,Resistance to Non-Magical,Resistance to Non-Magical,,,,,Vulnerable,,Immune,Immune,,,22,12,20,6,10,10,+12,+1,+11,-2,0,0,"Darkvision,Immutable Existence,Magic Resistance,Multiattack: Prone Restrained or Maimed,Opportunity Attack,Perfect Sentry",,
Steel Watcher Titan,Tactician,12,479,15,+1,+4,,,Resistance to Non-Magical,Full Resistance,Resistance to Non-Magical,,,Full Resistance,,,,Immune,Immune,,,22,12,20,6,10,10,+10,+1,+9,-2,0,0,"Darkvision,Immutable Existence,Magic Resistance,Multiattack: Prone Restrained or Maimed,Opportunity Attack,Perfect Sentry",,
Steel Watcher Titan,Honour,12,479,20,+1,+4,,,Resistance to Non-Magical,Full Resistance,Resistance to Non-Magical,,,Full Resistance,,,,Immune,Immune,,,22,12,20,6,10,10,+10,+1,+9,-2,0,0,"Darkvision,Immutable Existence,Magic Resistance,Multiattack: Prone Restrained or Maimed,Opportunity Attack,Perfect Sentry",,
Doggy,Balanced,6,33,14,+2,+3,,,Full Resistance,Full Resistance,Full Resistance,,,,,,,,,,,16,14,13,5,12,5,+3,+2,+1,-3,+1,-3,"Sunlight Weakness,Knockdown Jaws,Darkvision,Shadow Veil,Opportunity Attack,Shadowblend",,
Doggy,Tactician,6,43,14,+2,+3,,,Full Resistance,Full Resistance,Full Resistance,,,,,,,,,,,16,14,13,5,12,5,+3,+2,+1,-3,+1,-3,"Sunlight Weakness,Knockdown Jaws,Darkvision,Shadow Veil,Opportunity Attack,Shadowblend",,
Elminster,Balanced,20,185,17,+9,+6,,,,,,,,,,,,,,,,13,18,24,27,18,17,+1,+4,+7,+14,+10,+3,"Alert,Empowered Evocation,Focused Conjuration,Magic Resistance,Opportunity Attack,Spell Sniper",Mage Armour,
Elminster,Tactician,20,240,17,+9,+6,,,,,,,,,,,,,,,,13,18,24,27,18,17,+1,+4,+7,+14,+10,+3,"Alert,Empowered Evocation,Focused Conjuration,Magic Resistance,Opportunity Attack,Spell Sniper",Mage Armour,
Guardian of Faith,Balanced,7,60,20,0,+3,,,,,,,,,,,,,,,,10,10,10,10,10,10,0,0,0,0,0,0,"Guardian of Faith,Permanently Armed,Retaliation",,
Manifestation of Tyranny,Balanced,9,8,11,+1,+4,,,,,,,,,Immune,,,Immune,Immune,,,18,12,12,6,6,6,+4,+1,+1,-2,-2,-2,"Ethereal,Opportunity Attack",Aura of Brutality,
Manifestation of Tyranny,Explorer,9,5,11,+1,+6,,,,,,,,,Immune,,,Immune,Immune,,,18,12,12,6,6,6,+4,+1,+1,-2,-2,-2,"Ethereal,Opportunity Attack",Aura of Brutality,
Manifestation of Tyranny,Tactician,9,10,11,+1,+4,,,,,,,,,Immune,,,Immune,Immune,,,18,12,12,6,6,6,+4,+1,+1,-2,-2,-2,"Ethereal,Opportunity Attack","Aura of Brutality,Legendary Resistance",
Ptaris' Mental Image,Balanced,1,26,12,+1,+2,,,Full Resistance,Full Resistance,Full Resistance,Full Resistance,Full Resistance,Full Resistance,,Full Resistance,Immune,Immune,Vulnerable,Full Resistance,Full Resistance,12,12,12,2,2,2,+1,+1,+1,-4,-4,-4,"Culling Strikes,Ethereal,Incorporeal Movement,Psionic Skin",,
Ptaris' Mental Image,Explorer,1,18,12,+1,+4,,,Full Resistance,Full Resistance,Full Resistance,Full Resistance,Full Resistance,Full Resistance,,Full Resistance,Immune,Immune,Vulnerable,Full Resistance,Full Resistance,12,12,12,2,2,2,+1,+1,+1,-4,-4,-4,"Culling Strikes,Ethereal,Incorporeal Movement,Psionic Skin",,
Ptaris' Mental Image,Tactician,1,33,12,+1,+2,,,Full Resistance,Full Resistance,Full Resistance,Full Resistance,Full Resistance,Full Resistance,,Full Resistance,Immune,Immune,Vulnerable,Full Resistance,Full Resistance,12,12,12,2,2,2,+1,+1,+1,-4,-4,-4,"Culling Strikes,Ethereal,Incorporeal Movement,Psionic Skin",,
Rage Queller,Balanced,12,149,18,+2,+4,,,,,,,,Full Resistance,,,,,,,,22,14,20,10,8,8,+10,+2,+9,0,-1,-1,"Brutal Critical,Charm,Danger Sense,Extra Attack,Fast Movement,Feral Instinct,Opportunity Attack,Relentless Rage,Unarmoured Defence (Barbarian)",Fire Shield: Chill,
Rage Queller,Tactician,12,193,18,+2,+4,,,,,,,,Full Resistance,,,,,,,,22,14,20,10,8,8,+10,+2,+9,0,-1,-1,"Brutal Critical,Charm,Danger Sense,Extra Attack,Fast Movement,Feral Instinct,Opportunity Attack,Relentless Rage,Unarmoured Defence (Barbarian)",Fire Shield: Chill,
The Snapping of Strings,Balanced,12,87,18,+2,+4,,,,,,,,,,,,,Full Resistance,,,12,14,15,11,12,22,+1,+6,+2,0,+1,+10,"Bardic Inspiration,Font of Inspiration,Improved Bardic Inspiration,Opportunity Attack",,
The Snapping of Strings,Tactician,12,113,18,+2,+4,,,,,,,,,,,,,Full Resistance,,,12,14,15,11,12,22,+1,+6,+2,0,+1,+10,"Bardic Inspiration,Font of Inspiration,Improved Bardic Inspiration,Opportunity Attack",,
Blasphemous Acolyte,Balanced,12,87,21,+2,+4,,,,,,,,,,,Full Resistance,,,Full Resistance,,16,14,14,10,22,8,+3,+2,+2,0,+10,+3,"Chilling Strikes,Destroy Undead,Extra Attack,Favourable Beginnings,Opportunity Attack,Tenacity",,
Blasphemous Acolyte,Explorer,12,60,21,+2,+6,,,,,,,,,,,Full Resistance,,,Full Resistance,,16,14,14,10,22,8,+3,+2,+2,0,+12,+5,"Chilling Strikes,Destroy Undead,Extra Attack,Favourable Beginnings,Opportunity Attack,Tenacity",,
Blasphemous Acolyte,Tactician,12,113,21,+2,+4,,,,,,,,,,,Full Resistance,,,Full Resistance,,16,14,14,10,22,8,+3,+2,+2,0,+10,+3,"Chilling Strikes,Destroy Undead,Extra Attack,Favourable Beginnings,Opportunity Attack,Tenacity",,
Unnatural Blot,Balanced,12,99,18,+2,+4,,,,,,,,,,,,,,,,16,14,16,10,22,8,+3,+2,+3,+4,+10,-1,"Opportunity Attack,Nature's Ward",Freedom of Movement,
Unnatural Blot,Tactician,12,128,18,+2,+4,,,,,,,,,,,,,,,,16,14,16,10,22,8,+3,+2,+3,+4,+10,-1,"Opportunity Attack,Nature's Ward",Freedom of Movement,
Breaker of War,Balanced,12,112,21,+2,+4,,,Full Resistance,Full Resistance,Full Resistance,,,,,,,,,,,22,14,17,10,8,8,+10,+2,+7,0,-1,-1,"Extra Attack,Improved Extra Attack,Opportunity Attack",Armour of Agathys,
Breaker of War,Tactician,12,145,21,+2,+4,,,Full Resistance,Full Resistance,Full Resistance,,,,,,,,,,,22,14,17,10,8,8,+10,+2,+7,0,-1,-1,"Extra Attack,Improved Extra Attack,Opportunity Attack",Armour of Agathys,
Way of the Profane Ki,Balanced,12,99,22,+6,+4,,,Full Resistance,,,,,,,,,Immune,,,,16,22,16,10,18,8,+7,+10,+3,0,+4,-1,"Advanced Unarmoured Movement,Deflect Missiles,Evasion,Extra Attack,Ki-Empowered Strikes,Martial Arts: Bonus Unarmed Strike,Martial Arts: Deft Strikes,Martial Arts: Dextrous Attacks,Opportunity Attack,Purity of Body,Slow Fall,Stillness of Mind,Unarmoured Defence (Monk),Unarmoured Movement",,
Way of the Profane Ki,Explorer,12,69,22,+6,+6,,,Full Resistance,,,,,,,,,Immune,,,,16,22,16,10,18,8,+9,+12,+3,0,+4,-1,"Advanced Unarmoured Movement,Deflect Missiles,Evasion,Extra Attack,Ki-Empowered Strikes,Martial Arts: Bonus Unarmed Strike,Martial Arts: Deft Strikes,Martial Arts: Dextrous Attacks,Opportunity Attack,Purity of Body,Slow Fall,Stillness of Mind,Unarmoured Defence (Monk),Unarmoured Movement",,
Way of the Profane Ki,Tactician,12,128,22,+6,+4,,,Full Resistance,,,,,,,,,Immune,,,,16,22,16,10,18,8,+7,+10,+3,0,+4,-1,"Advanced Unarmoured Movement,Deflect Missiles,Evasion,Extra Attack,Ki-Empowered Strikes,Martial Arts: Bonus Unarmed Strike,Martial Arts: Deft Strikes,Martial Arts: Dextrous Attacks,Opportunity Attack,Purity of Body,Slow Fall,Stillness of Mind,Unarmoured Defence (Monk),Unarmoured Movement",,
Oathless Wretch,Balanced,12,100,21,+2,+4,,,,,,,,,,,,,,Full Resistance,,20,14,14,10,12,20,+10,+7,+7,+5,+10,+14,"Divine Health,Extra Attack,Improved Divine Smite,Opportunity Attack","Aura of Courage,Aura of Protection",
Oathless Wretch,Explorer,12,70,21,+2,+6,,,,,,,,,,,,,,Full Resistance,,20,14,14,10,12,20,+10,+7,+7,+5,+12,+16,"Divine Health,Extra Attack,Improved Divine Smite,Opportunity Attack","Aura of Courage,Aura of Protection",
Oathless Wretch,Tactician,12,130,21,+2,+4,,,,,,,,,,,,,,Full Resistance,,20,14,14,10,12,20,+10,+7,+7,+5,+10,+14,"Divine Health,Extra Attack,Improved Divine Smite,Opportunity Attack","Aura of Courage,Aura of Protection",
The Darkening Hunt,Balanced,12,112,18,+6,+4,,,,Full Resistance,,,,,,,,,,,,16,22,16,10,12,8,+7,+10,+3,0,+1,-1,"Extra Attack,Land's Stride: Difficult Terrain,Opportunity Attack",Jump,
The Darkening Hunt,Explorer,12,78,18,+6,+6,,,,Full Resistance,,,,,,,,,,,,16,22,16,10,12,8,+9,+12,+3,0,+1,-1,"Extra Attack,Land's Stride: Difficult Terrain,Opportunity Attack",Jump,
The Darkening Hunt,Tactician,12,145,18,+6,+4,,,,Full Resistance,,,,,,,,,,,,16,22,16,10,12,8,+7,+10,+3,0,+1,-1,"Extra Attack,Land's Stride: Difficult Terrain,Opportunity Attack",Jump,
Assassin's Folly,Balanced,12,87,18,+6,+4,,,,Full Resistance,,,,,,,,Full Resistance,,,,16,22,14,10,8,8,+3,+10,+2,+4,-1,-1,"Evasion,Fast Hands,Opportunity Attack,Reliable Talent,Uncanny Dodge",See Invisibility,
Assassin's Folly,Tactician,12,113,18,+6,+4,,,,Full Resistance,,,,,,,,Full Resistance,,,,16,22,14,10,8,8,+3,+10,+2,+4,-1,-1,"Evasion,Fast Hands,Opportunity Attack,Reliable Talent,Uncanny Dodge",See Invisibility,
Metamage Persecutor,Balanced,12,100,18,+2,+4,,,,,,Full Resistance,,,,,,,,,Full Resistance,16,14,14,10,8,22,+3,+2,+2,+4,+3,+6,"Evasion,Metamagic: Heightened Spell,Metamagic: Subtle Spell,Opportunity Attack,Psionic Dominance",,
Metamage Persecutor,Tactician,12,130,18,+2,+4,,,,,,Full Resistance,,,,,,,,,Full Resistance,16,14,14,10,8,22,+3,+2,+2,+4,+3,+6,"Evasion,Metamagic: Heightened Spell,Metamagic: Subtle Spell,Opportunity Attack,Psionic Dominance",,
Pactsplitter,Balanced,12,87,19,+3,+4,,,,,,,,,Full Resistance,,Full Resistance,,,,,16,16,14,10,8,22,+3,+3,+2,+4,+3,+6,"Agonising Blast,Devil's Sight,Opportunity Attack,Psionic Backlash",Mirror Image,
Pactsplitter,Explorer,12,60,19,+3,+6,,,,,,,,,Full Resistance,,Full Resistance,,,,,16,16,14,10,8,22,+3,+3,+2,+6,+5,+6,"Agonising Blast,Devil's Sight,Opportunity Attack,Psionic Backlash",Mirror Image,
Pactsplitter,Tactician,12,113,19,+3,+4,,,,,,,,,Full Resistance,,Full Resistance,,,,,16,16,14,10,8,22,+3,+3,+2,+4,+3,+6,"Agonising Blast,Devil's Sight,Opportunity Attack,Psionic Backlash",Mirror Image,
Spellplague,Balanced,12,87,18,+2,+4,,,,,,,Full Resistance,Full Resistance,,Full Resistance,,,,,,16,14,14,22,8,8,+3,+2,+2,+10,+3,-1,"Magic Resistance,Opportunity Attack",Mage Armour,
Spellplague,Tactician,12,113,18,+2,+4,,,,,,,Full Resistance,Full Resistance,,Full Resistance,,,,,,16,14,14,22,8,8,+3,+2,+2,+10,+3,-1,"Magic Resistance,Opportunity Attack",Mage Armour,
Crab,Balanced,1,2,11,0,+2,,,,,,,,,,,,,,,,2,11,10,1,8,2,-4,0,0,-5,-1,-4,,,
Crab,Explorer,1,1,11,0,+4,,,,,,,,,,,,,,,,2,11,10,1,8,2,-4,0,0,-5,-1,-4,,,
Crawling Claw,Balanced,,4,14,+2,,,,,,,,,,,,,Immune,,,,13,14,11,5,10,4,+1,+2,0,-3,0,-3,"Blindsight,Opportunity Attack",,
Crawling Claw,Explorer,,2,14,+2,,,,,,,,,,,,,Immune,,,,13,14,11,5,10,4,+1,+2,0,-3,0,-3,"Blindsight,Opportunity Attack",,
Crawling Claw,Tactician,,5,14,+2,,,,,,,,,,,,,Immune,,,,13,14,11,5,10,4,+1,+2,0,-3,0,-3,"Blindsight,Necrotic Claws,Opportunity Attack",,
Cursed Kuo-Toa (Melee),Balanced,6,36,6,0,+3,,,,,,,Vulnerable,Full Resistance,,Immune,Full Resistance,,,,,13,10,11,6,5,3,+1,0,0,-2,-3,-4,"Darkvision,Electrocution Immunity,Rend With White Lightning,Sunlight Sensitivity,Opportunity Attack","Shadow-Cursed Undead,Drenched",
Cursed Kuo-Toa (Melee),Explorer,6,25,6,0,+5,,,,,,,Vulnerable,Full Resistance,,Immune,Full Resistance,,,,,13,10,11,6,5,3,+1,0,0,-2,-3,-4,"Darkvision,Electrocution Immunity,Rend With White Lightning,Sunlight Sensitivity,Opportunity Attack","Shadow-Cursed Undead,Drenched",
Cursed Kuo-Toa (Melee),Tactician,6,46,6,0,+3,,,,,,,Vulnerable,Full Resistance,,Immune,Full Resistance,,,,,13,10,11,6,5,3,+1,0,0,-2,-3,-4,"Darkvision,Electrocution Immunity,Rend With White Lightning,Sunlight Sensitivity,Opportunity Attack","Shadow-Cursed Undead,Drenched",
Ketheric Thorm,Balanced,11,145,22,+1,+4,CHA,17,,,,,,,,,Full Resistance,Immune,,,,18,13,17,12,15,20,+9,+6,+8,+6,+11,+14,"Darkvision,Defence,Divine Health,Extra Attack,Fey Ancestry,Immutable Form,Improved Divine Smite,Magical Plate (-2),Opportunity Attack,Reaper's Rigidity,Shield Bash, Arcane Enchantment (Ketheric's Shield)","Aura of Hate,Aura of Protection",
Ketheric Thorm,Explorer,11,101,22,+1,+6,CHA,19,,,,,,,,,Full Resistance,Immune,,,,18,13,17,12,15,20,+9,+6,+8,+6,+13,+16,"Darkvision,Defence,Divine Health,Extra Attack,Fey Ancestry,Immutable Form,Improved Divine Smite,Magical Plate (-2),Opportunity Attack,Reaper's Rigidity,Shield Bash, Arcane Enchantment (Ketheric's Shield)","Aura of Hate,Aura of Protection",
Ketheric Thorm,Tactician,11,218,22,+2,+4,CHA,20,Resistance to Non-Magical,Resistance to Non-Magical,Resistance to Non-Magical,,,,,,Full Resistance,Immune,,,,20,15,17,12,15,22,+11,+8,+9,+7,+12,+16,"Darkvision,Defence,Divine Health,Extra Attack,Fey Ancestry,Immutable Form,Improved Divine Smite,Magical Plate (-2),Opportunity Attack,Reaper's Rigidity,Shield Bash, Arcane Enchantment (Ketheric's Shield)","Aura of Hate,Aura of Protection",
Ketheric Thorm,Honour,11,218,22,+2,+4,CHA,20,Resistance to Non-Magical,Resistance to Non-Magical,Resistance to Non-Magical,,,,,,Full Resistance,Immune,,,,20,15,17,12,15,22,+11,+8,+9,+7,+12,+16,"Darkvision,Defence,Divine Health,Extra Attack,Fey Ancestry,Immutable Form,Improved Divine Smite,Magical Plate (-2),Opportunity Attack,Reaper's Rigidity,Shield Bash, Arcane Enchantment (Ketheric's Shield)","Aura of Hate,Aura of Protection,Legions of Bone,Legendary Action: Hordestrike",Hordestrike
Lyrthindor,Balanced,7,112,16,+1,+3,WIS,15,,,,,,,,,,,,,,18,12,12,10,18,10,+4,+1,+1,0,+4,0,"Darkvision,Opportunity Attack,Shar's Sight",,
Lyrthindor,Explorer,7,78,16,+1,+5,WIS,17,,,,,,,,,,,,,,18,12,12,10,18,10,+4,+1,+1,0,+4,0,"Darkvision,Opportunity Attack,Shar's Sight",,
Lyrthindor,Tactician,7,145,16,+1,+3,WIS,18,,,,,,,,,,,,,,18,12,12,10,20,10,+4,+1,+1,0,+5,0,"Darkvision,Opportunity Attack,Shar's Sight","Legendary Resistance,Freedom of Movement",
Shadowheart,Balanced,1,10,15,+1,+2,,,,,,,,,,,,,,,,13,13,14,10,17,8,+1,+1,+2,0,+5,+1,"Civil Militia,Darkvision,Fey Ancestry,Fear of Wolves",,
Charismatic Sentinel,Balanced,7,120,14,0,+3,,,,,,,,,,,Full Resistance,,,Vulnerable,,14,10,12,10,10,20,+10,+5,+6,+5,+5,+10,"Darkvision,Living Shadow,Opportunity Attack,Paragon of Charisma,Shar's Sight,Sunlight Weakness",Aura of Protection,
Charismatic Sentinel,Explorer,7,84,14,0,+5,,,,,,,,,,,Full Resistance,,,Vulnerable,,14,10,12,10,10,20,+12,+5,+6,+5,+5,+10,"Darkvision,Living Shadow,Opportunity Attack,Paragon of Charisma,Shar's Sight,Sunlight Weakness",Aura of Protection,
Charismatic Sentinel,Tactician,7,156,14,0,+3,,,,,,,,,,,Full Resistance,,,Vulnerable,,14,10,12,10,10,20,+10,+5,+6,+5,+5,+10,"Darkvision,Living Shadow,Opportunity Attack,Paragon of Charisma,Shar's Sight,Sunlight Weakness,Divine Health,Relentless Avenger",Aura of Protection,
Intelligent Sentinel,Balanced,7,109,14,+2,+3,,,,,,,,,,,Full Resistance,,,Vulnerable,,12,14,10,20,10,10,+1,+5,0,+5,0,0,"Darkvision,Living Shadow,Opportunity Attack,Paragon of Intelligence,Shar's Sight,Sunlight Weakness",,
Intelligent Sentinel,Explorer,7,76,14,+2,+5,,,,,,,,,,,Full Resistance,,,Vulnerable,,12,14,10,20,10,10,+1,+7,0,+5,0,0,"Darkvision,Living Shadow,Opportunity Attack,Paragon of Intelligence,Shar's Sight,Sunlight Weakness",,
Intelligent Sentinel,Tactician,7,141,14,+2,+3,,,,,,,,,,,Full Resistance,,,Vulnerable,,12,14,10,20,10,10,+1,+5,0,+5,0,0,"Darkvision,Living Shadow,Opportunity Attack,Paragon of Intelligence,Shar's Sight,Sunlight Weakness,Potent Cantrip,Grim Harvest",,
Justiciar Avenger,Balanced,7,38,14,0,+3,,,,,,,,,,,Full Resistance,,,Vulnerable,,14,10,12,10,10,10,+5,0,+1,0,0,0,"Darkvision,Extra Attack,Living Shadow,Opportunity Attack,Shar's Sight,Sunlight Sensitivity",,
Justiciar Avenger,Explorer,7,26,14,0,+5,,,,,,,,,,,Full Resistance,,,Vulnerable,,14,10,12,10,10,10,+7,0,+1,0,0,0,"Darkvision,Extra Attack,Living Shadow,Opportunity Attack,Shar's Sight,Sunlight Sensitivity",,
Justiciar Avenger,Tactician,7,49,14,0,+3,,,,,,,,,,,Full Resistance,,,Vulnerable,,14,10,12,10,10,10,+5,0,+1,0,0,0,"Darkvision,Extra Attack,Living Shadow,Opportunity Attack,Shar's Sight,Sunlight Sensitivity",Radiant Retort,
Justiciar Crusader,Balanced,7,150,14,+2,+3,,,,,,,,,,,Full Resistance,,,Vulnerable,,18,14,12,8,8,12,+7,+2,+1,-1,-1,+1,"Darkvision,Dark Vengeance,Extra Attack,Living Shadow,Opportunity Attack,Shar's Sight,Sunlight Sensitivity",,
Justiciar Crusader,Explorer,7,105,14,+2,+5,,,,,,,,,,,Full Resistance,,,Vulnerable,,18,14,12,8,8,12,+9,+2,+1,-1,-1,+1,"Darkvision,Dark Vengeance,Extra Attack,Living Shadow,Opportunity Attack,Shar's Sight,Sunlight Sensitivity",,
Justiciar Crusader,Tactician,7,195,14,+2,+3,,,,,,,,,,,Full Resistance,,,Vulnerable,,18,14,12,8,8,12,+7,+2,+1,-1,-1,+1,"Darkvision,Dark Vengeance,Extra Attack,Living Shadow,Opportunity Attack,Shar's Sight,Sunlight Sensitivity",Radiant Retort,
Justiciar Soulhunter,Balanced,7,34,14,+2,+3,,,,,,,,,,,Full Resistance,,,Vulnerable,,12,14,10,10,10,10,+1,+5,0,0,0,0,"Darkvision,Extra Attack,Living Shadow,Opportunity Attack,Shadow Stealth,Shar's Sight,Sunlight Sensitivity",,
Justiciar Soulhunter,Explorer,7,23,14,+2,+5,,,,,,,,,,,Full Resistance,,,Vulnerable,,12,14,10,10,10,10,+1,+7,0,0,0,0,"Darkvision,Extra Attack,Living Shadow,Opportunity Attack,Shadow Stealth,Shar's Sight,Sunlight Sensitivity",,
Justiciar Soulhunter,Tactician,7,44,14,+2,+3,,,,,,,,,,,Full Resistance,,,Vulnerable,,12,14,10,10,10,10,+1,+5,0,0,0,0,"Darkvision,Extra Attack,Living Shadow,Opportunity Attack,Shadow Stealth,Shar's Sight,Sunlight Sensitivity",Radiant Retort,
Justiciar Nightweaver,Balanced,7,32,14,0,+3,,,,,,,,,,,Full Resistance,,,Vulnerable,,14,10,10,14,12,10,+2,0,0,+5,+1,0,"Darkvision,Living Shadow,Opportunity Attack,Shar's Sight,Sunlight Sensitivity",,
Justiciar Nightweaver,Explorer,7,22,14,0,+5,,,,,,,,,,,Full Resistance,,,Vulnerable,,14,10,10,14,12,10,+2,0,0,+7,+1,0,"Darkvision,Living Shadow,Opportunity Attack,Shar's Sight,Sunlight Sensitivity",,
Justiciar Nightweaver,Tactician,7,41,14,0,+3,,,,,,,,,,,Full Resistance,,,Vulnerable,,14,10,10,14,12,10,+2,0,0,+5,+1,0,"Darkvision,Living Shadow,Opportunity Attack,Shar's Sight,Sunlight Sensitivity",Radiant Retort,
Wise Sentinel,Balanced,7,117,16,0,+3,,,,,,,,,,,Full Resistance,,,Vulnerable,,14,10,12,10,20,10,+5,0,+1,0,+5,0,"Darkvision,Living Shadow,Opportunity Attack,Paragon of Wisdom,Shar's Sight,Sunlight Weakness",,
Wise Sentinel,Explorer,7,81,16,0,+5,,,,,,,,,,,Full Resistance,,,Vulnerable,,14,10,12,10,20,10,+7,0,+1,0,+5,0,"Darkvision,Living Shadow,Opportunity Attack,Paragon of Wisdom,Shar's Sight,Sunlight Weakness",,
Wise Sentinel,Tactician,7,152,16,0,+3,,,,,,,,,,,Full Resistance,,,Vulnerable,,14,10,12,10,20,10,+5,0,+1,0,+5,0,"Darkvision,Living Shadow,Opportunity Attack,Paragon of Wisdom,Shar's Sight,Sunlight Weakness",,
That Which Guards,Balanced,12,238,20,0,+4,CHA,16,,,,,,,,,Immune,Immune,,,,20,11,20,12,16,18,+9,0,+9,+1,+7,+4,"Additional Spell Slot,Darkvision,Dazing Smite,Dreadful Hewer,Improved Extra Attack,Magic Resistance,Opportunity Attack,Parry,Revenant's Ire,Riposte,Shield Bash","Marshal Undead,Soul Oath",
That Which Guards,Explorer,12,166,20,0,+6,CHA,18,,,,,,,,,Immune,Immune,,,,20,11,20,12,16,18,+11,0,+11,+1,+9,+4,"Additional Spell Slot,Darkvision,Dazing Smite,Dreadful Hewer,Improved Extra Attack,Magic Resistance,Opportunity Attack,Parry,Revenant's Ire,Riposte,Shield Bash","Marshal Undead,Soul Oath",
That Which Guards,Tactician,12,309,20,0,+4,CHA,18,,,,,,,,,Immune,Immune,,,,20,11,20,12,16,18,+9,0,+9,+1,+7,+4,"Additional Spell Slot,Darkvision,Dazing Smite,Dreadful Hewer,Improved Extra Attack,Magic Resistance,Opportunity Attack,Parry,Revenant's Ire,Riposte,Shield Bash","Marshal Undead,Soul Oath",
That Which Lurks,Balanced,10,162,18,0,+4,,,,,,,,,,,Immune,Immune,,,,20,11,20,12,16,18,+9,0,+9,+1,+7,+4,"Darkvision,Extra Attack,Magic Resistance,Opportunity Attack,Parry,Riposte","Marshal Undead,Soul Oath",
That Which Lurks,Explorer,10,113,18,0,+6,,,,,,,,,,,Immune,Immune,,,,20,11,20,12,16,18,+11,0,+11,+1,+9,+4,"Darkvision,Extra Attack,Magic Resistance,Opportunity Attack,Parry,Riposte","Marshal Undead,Soul Oath",
That Which Lurks,Tactician,10,210,18,0,+4,,,,,,,,,,,Immune,Immune,,,,20,11,20,12,16,18,+9,0,+9,+1,+7,+4,"Darkvision,Extra Attack,Magic Resistance,Opportunity Attack,Parry,Riposte","Marshal Undead,Soul Oath",
That Which Watches,Balanced,10,162,18,0,+4,,,,,,,,,,,Immune,Immune,,,,20,11,20,12,16,18,+9,0,+9,+1,+7,+4,"Darkvision,Extra Attack,Magic Resistance,Opportunity Attack,Parry,Riposte","Marshal Undead,Soul Oath",
That Which Watches,Explorer,10,113,18,0,+6,,,,,,,,,,,Immune,Immune,,,,20,11,20,12,16,18,+11,0,+11,+1,+9,+4,"Darkvision,Extra Attack,Magic Resistance,Opportunity Attack,Parry,Riposte","Marshal Undead,Soul Oath",
That Which Watches,Tactician,10,210,18,0,+4,,,,,,,,,,,Immune,Immune,,,,20,11,20,12,16,18,+9,0,+9,+1,+7,+4,"Darkvision,Extra Attack,Magic Resistance,Opportunity Attack,Parry,Riposte","Marshal Undead,Soul Oath",
Stalker Svignee,Balanced,12,238,20,0,+4,CHA,16,,,,,,,,,Immune,Immune,,,,20,11,20,12,16,18,+9,0,+10,+1,+7,+4,"Opportunity Attack,Darkvision,Improved Extra Attack,Magic Resistance,Parry,Revenant's Ire,Riposte",Marshal Undead,
Stalker Svignee,Explorer,12,162,20,0,+6,CHA,18,,,,,,,,,Immune,Immune,,,,20,11,20,12,16,18,+11,0,+12,+1,+9,+4,"Opportunity Attack,Darkvision,Improved Extra Attack,Magic Resistance,Parry,Revenant's Ire,Riposte",Marshal Undead,
Stalker Svignee,Tactician,12,309,20,0,+4,CHA,18,,,,,,,,,Immune,Immune,,,,20,11,20,12,16,18,+9,0,+10,+1,+7,+4,"Opportunity Attack,Darkvision,Improved Extra Attack,Magic Resistance,Parry,Revenant's Ire,Riposte",Marshal Undead,
Death Shepherd,Balanced,6,42,16,+1,+3,,,Full Resistance,Full Resistance,Full Resistance,Full Resistance,Full Resistance,Full Resistance,Full Resistance,Full Resistance,Full Resistance,Immune,Full Resistance,,Full Resistance,14,12,14,10,14,5,+2,+1,+2,0,+2,-3,"Opportunity Attack,Silent","Necrotic Veil,Undead Ward Aura",
Death Shepherd,Explorer,6,29,16,+1,+5,,,Full Resistance,Full Resistance,Full Resistance,Full Resistance,Full Resistance,Full Resistance,Full Resistance,Full Resistance,Full Resistance,Immune,Full Resistance,,Full Resistance,14,12,14,10,14,5,+2,+1,+2,0,+2,-3,"Opportunity Attack,Silent","Necrotic Veil,Undead Ward Aura",
Death Shepherd,Tactician,6,54,16,+1,+3,,,Full Resistance,Full Resistance,Full Resistance,Full Resistance,Full Resistance,Full Resistance,Full Resistance,Full Resistance,Full Resistance,Immune,Full Resistance,,Full Resistance,14,12,14,10,14,5,+2,+1,+2,0,+2,-3,"Extra Attack,Opportunity Attack,Silent","Necrotic Veil,Undead Ward Aura",
Devotee of Mahkloompah,Balanced,6,65,15,+3,+3,,,Full Resistance,Full Resistance,Full Resistance,,,,,,,,,,,14,16,18,12,13,9,+2,+3,+4,+1,+1,-1,"Extra Attack,Opportunity Attack,Scenting Blood,Sharpshooter: All In,Sharpshooter: Low Ground",Invigorating Fanaticism,
Devotee of Mahkloompah,Explorer,6,45,15,+3,+5,,,Full Resistance,Full Resistance,Full Resistance,,,,,,,,,,,14,16,18,12,13,9,+2,+3,+4,+1,+1,-1,"Extra Attack,Opportunity Attack,Scenting Blood,Sharpshooter: All In,Sharpshooter: Low Ground",Invigorating Fanaticism,
Devotee of Mahkloompah,Tactician,6,84,15,+3,+3,,,Full Resistance,Full Resistance,Full Resistance,,,,,,,,,,,14,16,18,12,13,9,+2,+3,+4,+1,+1,-1,"Extra Attack,Opportunity Attack,Scenting Blood,Sharpshooter: All In,Sharpshooter: Low Ground",Invigorating Fanaticism,
Displacer Beast,Balanced,5,85,16,+2,+3,,,,,,,,,,,,,,,,18,15,16,6,12,8,+4,+2,+3,-2,+1,-1,"Darkvision,Evasion,Extra Attack,Opportunity Attack",,
Displacer Beast,Explorer,5,59,16,+2,+5,,,,,,,,,,,,,,,,18,15,16,6,12,8,+4,+2,+3,-2,+1,-1,"Darkvision,Evasion,Extra Attack,Opportunity Attack",,
Displacer Beast,Tactician,5,110,16,+2,+3,,,,,,,,,,,,,,,,18,15,16,6,12,8,+4,+2,+3,-2,+1,-1,"Darkvision,Evasion,Extra Attack,Opportunity Attack",,
Displacer Beast (Illusion),Balanced,1,85,18,0,+2,,,,,,,,,,,,,,,,10,10,10,10,10,10,0,0,0,0,0,0,"Opportune Predator,Permanently Armed",,
Djinni,Balanced,10,161,19,+2,+4,,,,,,,,,,Immune,,,,,Immune,21,15,22,15,16,20,+5,+2,+6,+2,+3,+5,"Opportunity Attack,Permanently Armed",,
Djinni,Explorer,10,322,19,+2,+6,,,,,,,,,,Immune,,,,,Immune,21,15,22,15,16,20,+5,+2,+6,+2,+3,+5,"Opportunity Attack,Permanently Armed",,
Doppelganger,Balanced,8,52,14,+4,+3,,,,,,,,,,,,,,,,10,18,14,11,12,14,0,+7,+2,0,+1,+2,"Darkvision,Multiattack: Morphic Ambush,Opportunity Attack",,
Doppelganger,Explorer,8,36,14,+4,+5,,,,,,,,,,,,,,,,10,18,14,11,12,14,0,+9,+2,0,+1,+2,"Darkvision,Multiattack: Morphic Ambush,Opportunity Attack",,
Doppelganger,Tactician,8,67,14,+4,+3,,,,,,,,,,,,,,,,10,18,14,11,12,14,0,+7,+2,0,+1,+2,"Mindreader,Darkvision,Multiattack: Morphic Ambush,Opportunity Attack",,
Ansur,Balanced,17,400,19,0,+6,INT,17,,,,,,,,Immune,Full Resistance,Immune,,,,25,10,23,16,15,19,+7,+6,+12,+3,+8,+10,"Great Wyrm's Scales,Immutable Form,Magic Resistance,Opportunity Attack,Turn Resistance",,
Ansur,Explorer,17,280,19,0,+8,INT,19,,,,,,,,Immune,Full Resistance,Immune,,,,25,10,23,16,15,19,+7,+8,+14,+3,+10,+12,"Immutable Form,Magic Resistance,Opportunity Attack,Turn Resistance",,
Ansur,Tactician,17,600,19,0,+6,INT,19,,,,,,,,Immune,Full Resistance,Immune,,,,25,10,23,16,15,19,+7,+6,+12,+3,+8,+10,"Greater Wyrm's Scales,Immutable Form,Legendary Action: Draconic Wrath,Magic Resistance,Opportunity Attack,Turn Resistance","Legendary Action: Draconic Wrath,Legendary Resistance: Incapacitation",
Ansur,Honour,17,600,19,0,+6,INT,19,,,,,,,,Immune,Full Resistance,Immune,,,,25,10,23,16,15,19,+7,+6,+12,+3,+8,+10,"Greater Wyrm's Scales,Immutable Form,Legendary Action: Draconic Wrath,Magic Resistance,Opportunity Attack,Turn Resistance","Legendary Action: Draconic Wrath,Legendary Resistance: Incapacitation,Unrelenting Storm",
Kar'niss,Balanced,6,184,19,+8,+3,,,,,,,,,,,,,,,,16,16,18,13,16,12,+3,+6,+4,+1,+3,+1,"Alert,Dark Devotion,Darkvision,Dual Wielder,Improved Critical Hit,Multiattack: Wounded Target,Opportunity Attack,Sting The Helpless,Sunlight Sensitivity,Web Walker",Spindleweb Fanaticism,
Kar'niss,Explorer,6,128,19,+8,+5,,,,,,,,,,,,,,,,16,16,18,13,16,12,+3,+8,+4,+1,+3,+1,"Alert,Dark Devotion,Darkvision,Dual Wielder,Improved Critical Hit,Multiattack: Wounded Target,Opportunity Attack,Sting The Helpless,Sunlight Sensitivity,Web Walker",Spindleweb Fanaticism,
Kar'niss,Tactician,6,239,19,+8,+3,,,,,,,,,,,,,,,,16,16,18,13,16,12,+3,+6,+4,+1,+3,+1,"Cull the Weak (Drider),Alert,Dark Devotion,Darkvision,Dual Wielder,Improved Critical Hit,Multiattack: Wounded Target,Opportunity Attack,Sting The Helpless,Sunlight Sensitivity,Web Walker",Spindleweb Fanaticism,Spindleweb Sanctuary
Kar'niss,Honour,6,239,19,+8,+3,,,,,,,,,,,,,,,,16,16,18,13,16,12,+3,+6,+4,+1,+3,+1,"Cull the Weak (Drider),Alert,Dark Devotion,Darkvision,Dual Wielder,Improved Critical Hit,Multiattack: Wounded Target,Opportunity Attack,Sting The Helpless,Sunlight Sensitivity,Web Walker",Spindleweb Fanaticism,"Spindleweb Sanctuary,Fanatic Retaliation"
Dryad,Balanced,6,62,13,+1,+3,WIS,13,,,,,,,,,,,,,,10,12,11,14,15,18,0,+1,0,+2,+2,+4,"Opportunity Attack,Magic Resistance,Grasp of the Forest",,
Dryad,Explorer,6,43,13,+1,+5,WIS,15,,,,,,,,,,,,,,10,12,11,14,15,18,0,+1,0,+2,+2,+4,"Opportunity Attack,Magic Resistance,Grasp of the Forest",,
Dryad,Tactician,6,80,13,+1,+3,WIS,15,,,,,,,,,,,,,,10,12,11,14,15,18,0,+1,0,+2,+2,+4,"Opportunity Attack,Magic Resistance,Grasp of the Forest",,
Duergar Spore Servant (Guard caster),Balanced,3,19,11,+1,+2,,,,,,,,,,,,Full Resistance,,,,10,12,12,16,12,10,0,+1,+1,+3,+1,0,"Duergar Resilience,Dwarven Resilience,Opportunity Attack,Sun Sickness,Superior Darkvision",,
Duergar Spore Servant (Guard melee),Balanced,3,34,11,0,+2,,,,,,,,Vulnerable,,,,Full Resistance,,,,14,11,14,2,6,1,+2,0,+2,-4,-2,-5,"Darkvision,Opportunity Attack,Sun Sickness,Tenacity",,
Duergar Spore Servant (Patrol melee),Balanced,3,34,11,0,+2,,,,,,,,Vulnerable,,,,Full Resistance,,,,14,11,14,2,6,1,+2,0,+2,-4,-2,-5,"Darkvision,Opportunity Attack,Sun Sickness",,
Duergar Spore Servant (Ranged),Balanced,3,34,11,0,+2,,,,,,,,Vulnerable,,,,Full Resistance,,,,14,11,14,2,6,1,+2,0,+2,-4,-2,-5,"Darkvision,Opportunity Attack,Sun Sickness",,
Earth Elemental,Balanced,9,126,17,-1,+4,INT,9,,,,,,,,,,,,,,20,8,20,5,10,5,+5,-1,+5,-3,0,-3,Opportunity Attack,,
Earth Elemental,Explorer,9,252,17,-1,+6,INT,11,,,,,,,,,,,,,,20,8,20,5,10,5,+5,-1,+5,-3,0,-3,Opportunity Attack,,
Grease Mephit,Balanced,4,14,11,+1,+2,DEX,11,,,,,,Vulnerable,,,,Immune,,,,8,12,12,9,11,7,-1,+1,+1,-1,0,-2,"Darkvision,Death Burst: Force,Opportunity Attack",,
Grease Mephit,Explorer,4,9,11,+1,+4,DEX,13,,,,,,Vulnerable,,,,Immune,,,,8,12,12,9,11,7,-1,+1,+1,-1,0,-2,"Darkvision,Death Burst: Force,Opportunity Attack",,
Grease Mephit,Tactician,4,23,14,+1,+2,DEX,13,,,,,,Vulnerable,,,,Immune,,,,8,12,12,9,11,7,-1,+1,+1,-1,0,-2,"Darkvision,Death Burst: Force,Opportunity Attack",,
Ice Mephit,Balanced,3,21,11,+1,+2,DEX,11,Vulnerable,,,,Immune,Vulnerable,,,,Full Resistance,,,,7,13,12,9,11,12,-2,+1,+1,-1,0,+1,"Darkvision,Death Burst: Cold,Opportunity Attack",,
Ice Mephit,Explorer,3,42,11,+1,+4,DEX,13,Vulnerable,,,,Immune,Vulnerable,,,,Full Resistance,,,,7,13,12,9,11,12,-2,+1,+1,-1,0,+1,"Darkvision,Death Burst: Cold,Opportunity Attack",,
Magma Mephit,Balanced,3,12,11,+1,+2,CHA,10,,,,,Vulnerable,Immune,,,,Full Resistance,,,,8,12,12,7,10,10,-1,+1,+1,-2,0,0,"Darkvision,Death Burst: Fire,Opportunity Attack",,
Magma Mephit,Explorer,3,8,11,+1,+4,CHA,12,,,,,Vulnerable,Immune,,,,Full Resistance,,,,8,12,12,7,10,10,-1,+1,+1,-2,0,0,"Darkvision,Death Burst: Fire,Opportunity Attack",,
Magma Mephit,Tactician,3,15,11,+1,+2,CHA,12,,,,,Vulnerable,Immune,,,,Full Resistance,,,,8,12,12,7,10,10,-1,+1,+1,-2,0,0,"Darkvision,Death Burst: Fire,Opportunity Attack",,
Mud Mephit,Balanced,3,18,11,+1,+2,DEX,11,,,,,,,,,,Immune,,,,8,12,12,9,11,7,-1,+1,+1,-1,0,-2,"Darkvision,Death Burst: Force,Opportunity Attack",,
Air Myrmidon,Balanced,11,117,18,+4,+4,,,Resistance to Non-Magical,Resistance to Non-Magical,Resistance to Non-Magical,,,,,Full Resistance,,Immune,,,Full Resistance,18,14,14,9,10,10,+4,+2,+2,-1,0,0,"Ethereal,Permanently Armed,Opportunity Attack,Tenacity",,
Air Myrmidon,Explorer,11,234,18,+4,+6,,,Resistance to Non-Magical,Resistance to Non-Magical,Resistance to Non-Magical,,,,,Full Resistance,,Immune,,,Full Resistance,18,14,14,9,10,10,+4,+2,+2,-1,0,0,"Ethereal,Permanently Armed,Opportunity Attack,Tenacity",,
Earth Myrmidon,Balanced,11,127,18,0,+4,,,Resistance to Non-Magical,Resistance to Non-Magical,Resistance to Non-Magical,,,,,,,Immune,,,,18,10,17,8,10,10,+4,0,+3,-1,0,0,"Opportunity Attack,Permanently Armed",,
Earth Myrmidon,Explorer,11,254,18,0,+6,,,Resistance to Non-Magical,Resistance to Non-Magical,Resistance to Non-Magical,,,,,,,Immune,,,,18,10,17,8,10,10,+4,0,+3,-1,0,0,"Opportunity Attack,Permanently Armed",,
Fire Elemental,Balanced,9,102,13,+3,+4,INT,10,,,,,,Immune,,,,,,,,11,17,16,6,10,7,0,+3,+3,-2,0,-2,"Ethereal,Opportunity Attack",,
Fire Elemental,Explorer,9,204,13,+3,+6,INT,12,,,,,,Immune,,,,,,,,11,17,16,6,10,7,0,+3,+3,-2,0,-2,"Ethereal,Opportunity Attack",,
Fire Myrmidon,Balanced,11,123,18,+8,+4,,,Resistance to Non-Magical,Resistance to Non-Magical,Resistance to Non-Magical,,,Immune,,,,Immune,,,,13,18,15,9,10,10,+1,+4,+2,-1,0,0,"Ethereal,Hellish Rebuke,Opportunity Attack,Permanently Armed",,
Fire Myrmidon,Explorer,11,246,18,+8,+6,,,Resistance to Non-Magical,Resistance to Non-Magical,Resistance to Non-Magical,,,Immune,,,,Immune,,,,13,18,15,9,10,10,+1,+4,+2,-1,0,0,"Ethereal,Hellish Rebuke,Opportunity Attack,Permanently Armed",,
Hell Sphere,Balanced,12,199,16,0,+4,,,Full Resistance,Full Resistance,Full Resistance,Full Resistance,,Immune,,Full Resistance,Immune,Immune,Immune,Full Resistance,,10,10,10,10,10,10,0,0,0,0,0,0,,Hellish Sphere,
Hell Sphere,Explorer,12,139,16,0,+6,,,Full Resistance,Full Resistance,Full Resistance,Full Resistance,,Immune,,Full Resistance,Immune,Immune,Immune,Full Resistance,,10,10,10,10,10,10,0,0,0,0,0,0,,Hellish Sphere,
Hell Sphere,Tactician,12,258,16,0,+4,,,Full Resistance,Full Resistance,Full Resistance,Full Resistance,,Immune,,Full Resistance,Immune,Immune,Immune,Full Resistance,,10,10,10,10,10,10,0,0,0,0,0,0,,Hellish Sphere,
Water Elemental,Balanced,9,114,14,+2,+4,STR,16,Resistance to Non-Magical,Resistance to Non-Magical,Resistance to Non-Magical,Full Resistance,,,,,,,,,,18,14,18,5,10,8,+4,+2,+4,-3,0,-1,Opportunity Attack,,
Water Elemental,Explorer,9,228,14,+2,+6,STR,18,Resistance to Non-Magical,Resistance to Non-Magical,Resistance to Non-Magical,Full Resistance,,,,,,,,,,18,14,18,5,10,8,+4,+2,+4,-3,0,-1,Opportunity Attack,,
Water Myrmidon,Balanced,11,127,18,+4,+4,,,Resistance to Non-Magical,Resistance to Non-Magical,Resistance to Non-Magical,Full Resistance,,,,,,Immune,,,,18,14,16,8,10,10,+4,+2,+3,-1,0,0,"Ethereal,Opportunity Attack,Permanently Armed",,
Water Myrmidon,Explorer,11,254,18,+4,+6,,,Resistance to Non-Magical,Resistance to Non-Magical,Resistance to Non-Magical,Full Resistance,,,,,,Immune,,,,18,14,16,8,10,10,+4,+2,+3,-1,0,0,"Ethereal,Opportunity Attack,Permanently Armed",,
Ettercap,Balanced,3,33,11,+2,+2,,,,,,,,,,,,,,,,14,15,13,7,12,8,+2,+2,+1,-2,+1,-1,"Infested,Multiattack: Enwebbed,Opportunity Attack,Web Sense,Web Walker",Infested,
Ettercap,Explorer,3,23,11,+2,+4,,,,,,,,,,,,,,,,14,15,13,7,12,8,+2,+2,+1,-2,+1,-1,"Infested,Multiattack: Enwebbed,Opportunity Attack,Web Sense,Web Walker",Infested,
Ettercap,Tactician,3,42,13,+2,+2,,,,,,,,,,,,,,,,14,15,13,7,12,8,+2,+2,+1,-2,+1,-1,"Infested,Multiattack: Enwebbed,Opportunity Attack,Web Sense,Web Walker",Infested,
Fetid Ooze,Balanced,6,52,8,-2,+3,,,,,Full Resistance,Immune,,,,Full Resistance,,,,,,15,6,14,2,6,1,+2,-2,+2,-4,-2,-5,"Blindsight,Darkvision,Opportunity Attack",Fetid Aura,
Fetid Ooze,Explorer,6,36,8,-2,+5,,,,,Full Resistance,Immune,,,,Full Resistance,,,,,,15,6,14,2,6,1,+2,-2,+2,-4,-2,-5,"Blindsight,Darkvision,Opportunity Attack",Fetid Aura,
Fetid Ooze,Tactician,6,67,8,-2,+3,,,,,Full Resistance,Immune,,,,Full Resistance,,,,,,15,6,14,2,6,1,+2,-2,+2,-4,-2,-5,"Blindsight,Darkvision,Extra Attack,Opportunity Attack",Fetid Aura,
Auntie Ethel,Balanced,5,112,17,+7,+3,,,,,,,,,,,,,,,,18,14,16,13,14,18,+7,+2,+3,+1,+5,+7,"Alert,Darkvision,Fey Life,Opportunity Attack",,
Auntie Ethel,Explorer,5,78,17,+7,+5,,,,,,,,,,,,,,,,18,14,16,13,14,18,+9,+2,+3,+1,+7,+9,"Alert,Darkvision,Fey Life,Opportunity Attack",,
Auntie Ethel,Tactician,5,145,17,+7,+3,,,,,,,,,,,,,,,,18,14,16,13,14,18,+7,+2,+3,+1,+5,+7,"Alert,Darkvision,Fey Life,Opportunity Attack",,
Auntie Ethel,Honour,5,145,17,+7,+3,,,,,,,,,,,,,,,,18,14,16,13,14,18,+7,+2,+3,+1,+5,+7,"Alert,Darkvision,Fey Life,Legendary Action: Weird Magic Surge,Opportunity Attack",Legendary Action: Weird Magic Surge,
Auntie Ethel (Act 3),Balanced,11,112,17,+7,+4,,,,,,,,,,,,,,,,18,14,16,13,14,18,+9,+2,+3,+1,+7,+9,"Alert,Darkvision,Opportunity Attack,Fey Life","Lair Magic,Hag Pregnancy",
Auntie Ethel (Act 3),Explorer,11,78,17,+7,+6,,,,,,,,,,,,,,,,18,14,16,13,14,18,+7,+2,+3,+1,+5,+7,"Alert,Darkvision,Opportunity Attack,Fey Life","Lair Magic,Hag Pregnancy",
Auntie Ethel (Act 3),Tactician,11,145,17,+7,+4,,,,,,,,,,,,,,,,18,14,16,13,14,18,+7,+2,+3,+1,+5,+7,"Alert,Darkvision,Opportunity Attack,Fey Life","Lair Magic,Fungal Resistance,Hag Pregnancy",
Auntie Ethel (Act 3),Honour,11,145,17,+7,+4,,,,,,,,,,,,,,,,18,14,16,13,14,18,+7,+2,+3,+1,+5,+7,"Alert,Darkvision,Opportunity Attack,Fey Life,Legendary Action: Weird Magic Surge","Lair Magic,Fungal Resistance,Hag Pregnancy,Legendary Action: Weird Magic Surge",
BOOOAL,Balanced,5,65,14,+1,+3,,,,,,,,,,,,,,,,19,13,18,10,12,9,+4,+1,+4,0,+1,-1,"Darkvision,Multiattack: Bloodlust,Opportunity Attack,Steeped in Slaughter","Avatar of BOOOAL,Bloodlust",
BOOOAL,Explorer,5,45,14,+1,+5,,,,,,,,,,,,,,,,19,13,18,10,12,9,+4,+1,+4,0,+1,-1,"Darkvision,Multiattack: Bloodlust,Opportunity Attack,Steeped in Slaughter","Avatar of BOOOAL,Bloodlust",
BOOOAL,Tactician,5,97,14,+1,+3,,,,,,,,,,,,,,,,20,13,18,10,15,9,+5,+1,+4,0,+2,-1,"Darkvision,Multiattack: Bloodlust,Opportunity Attack,Steeped in Slaughter","Avatar of BOOOAL,Bloodlust",
Redcap Blood Sage,Balanced,4,27,12,+1,+2,,,,,,,,,,,,,,,,16,13,16,10,14,9,+3,+1,+3,0,+2,-1,"Darkvision,Opportunity Attack",,
Redcap Blood Sage,Explorer,4,18,12,+1,+4,,,,,,,,,,,,,,,,16,13,16,10,14,9,+3,+1,+3,0,+2,-1,"Darkvision,Opportunity Attack",,
Redcap Blood Sage,Tactician,4,35,12,+1,+2,,,,,,,,,,,,,,,,16,13,16,10,17,9,+3,+1,+3,0,+3,-1,"Darkvision,Opportunity Attack,War Caster: Concentration",,
Redcap Boatswain,Balanced,4,85,16,+1,+2,,,,,,,,,,,,,,,,20,13,20,10,12,9,+5,+1,+5,0,+1,-1,"Darkvision,Ethel's Twisted Blessing,Merry Revelry,Multiattack: Bloodlust,Opportunity Attack,Steeped in Slaughter",,
Redcap Boatswain,Explorer,4,59,16,+1,+4,,,,,,,,,,,,,,,,20,13,20,10,12,9,+5,+1,+5,0,+1,-1,"Darkvision,Ethel's Twisted Blessing,Merry Revelry,Multiattack: Bloodlust,Opportunity Attack,Steeped in Slaughter",,
Redcap Boatswain,Tactician,4,110,16,+1,+2,,,,,,,,,,,,,,,,20,13,20,10,12,9,+5,+1,+5,0,+1,-1,"Darkvision,Ethel's Twisted Blessing,Merry Revelry,Multiattack: Bloodlust,Opportunity Attack,Steeped in Slaughter",,
Redcap Mystic Cannoneer,Balanced,4,67,14,+1,+2,,,,,,,,,,,,,,,,18,13,18,10,16,9,+4,+1,+4,0,+3,-1,"Darkvision,Ethel's Twisted Blessing,Opportunity Attack",,
Redcap Mystic Cannoneer,Explorer,4,46,14,+1,+4,,,,,,,,,,,,,,,,18,13,18,10,16,9,+4,+1,+4,0,+3,-1,"Darkvision,Ethel's Twisted Blessing,Opportunity Attack",,
Redcap Mystic Cannoneer,Tactician,4,87,14,+1,+2,,,,,,,,,,,,,,,,18,13,18,10,19,9,+4,+1,+4,0,+4,-1,"Darkvision,Ethel's Twisted Blessing,Opportunity Attack,War Caster: Concentration",,
Arbiter Cirrus,Balanced,12,82,10,+4,+4,,,Resistance to Non-Magical,Resistance to Non-Magical,Resistance to Non-Magical,,Resistance to Magical,Resistance to Magical,,Resistance to Magical,,Resistance to Magical,,,,18,18,16,14,12,16,+4,+4,+3,+6,+5,+3,"Darkvision,Fiendish Blessing,Opportunity Attack",Dispel Evil and Good,
Arbiter Feena,Balanced,12,82,10,+4,+4,,,Resistance to Non-Magical,Resistance to Non-Magical,Resistance to Non-Magical,,Resistance to Magical,Resistance to Magical,,Resistance to Magical,,Resistance to Magical,,,,18,18,16,14,12,16,+4,+4,+3,+6,+5,+3,"Darkvision,Fiendish Blessing,Opportunity Attack",Dispel Evil and Good,
Mizora,Balanced,12,75,12,+2,+4,,,Resistance to Non-Magical,Resistance to Non-Magical,Resistance to Non-Magical,,Resistance to Magical,Resistance to Magical,,Resistance to Magical,,Resistance to Magical,,,,14,15,16,14,12,20,+2,+2,+3,+6,+5,+5,"Magic Resistance,Metamagic: Distant Spell,Metamagic: Extended Spell,Metamagic: Heightened Spell,Metamagic: Quickened Spell,Metamagic: Twinned Spell,Opportunity Attack",Zariel's Protection,
Mizora,Tactician,12,97,12,+2,+4,,,Resistance to Non-Magical,Resistance to Non-Magical,Resistance to Non-Magical,,Resistance to Magical,Resistance to Magical,,Resistance to Magical,,Resistance to Magical,,,,14,15,16,14,12,20,+2,+2,+3,+6,+5,+5,"Magic Resistance,Metamagic: Distant Spell,Metamagic: Extended Spell,Metamagic: Heightened Spell,Metamagic: Quickened Spell,Metamagic: Twinned Spell,Opportunity Attack",Zariel's Protection,
Raphael,Balanced,16,666,21,+3,+4,CHA,16,Resistance to Non-Magical,Resistance to Non-Magical,Resistance to Non-Magical,,Full Resistance,Immune,,Full Resistance,,Full Resistance,,,,18,16,17,14,16,19,+8,+3,+7,+6,+3,+8,"Darkvision,Devil's Sight,Fiendish Blessing,Inevitable Resolve,Infernal Retribution,Magic Resistance,Opportunity Attack,Soul Pillar Proximity,Soul Reaper",Soul Pillar Proximity,
Raphael,Explorer,16,666,21,+3,+6,CHA,18,Resistance to Non-Magical,Resistance to Non-Magical,Resistance to Non-Magical,,Full Resistance,Immune,,Full Resistance,,Full Resistance,,,,18,16,17,14,16,19,+10,+3,+9,+8,+3,+10,"Darkvision,Devil's Sight,Fiendish Blessing,Inevitable Resolve,Infernal Retribution,Magic Resistance,Opportunity Attack,Soul Pillar Proximity,Soul Reaper",Soul Pillar Proximity,
Raphael,Tactician,16,666,21,+3,+4,CHA,18,Resistance to Non-Magical,Resistance to Non-Magical,Resistance to Non-Magical,,Full Resistance,Immune,,Full Resistance,,Full Resistance,,,,18,16,17,14,16,19,+8,+3,+7,+6,+3,+8,"Darkvision,Devil's Sight,Fiendish Blessing,Inevitable Resolve,Infernal Retribution,Magic Resistance,Opportunity Attack,Soul Pillar Proximity,Soul Reaper",Soul Pillar Proximity,
Raphael,Honour,16,666,21,+3,+4,CHA,18,Resistance to Non-Magical,Resistance to Non-Magical,Resistance to Non-Magical,,Full Resistance,Immune,,Full Resistance,,Full Resistance,,,,18,16,17,14,16,19,+8,+3,+7,+6,+3,+8,"Darkvision,Devil's Sight,Fiendish Blessing,Inevitable Resolve,Infernal Retribution,Magic Resistance,Opportunity Attack,Soul Pillar Proximity,Soul Reaper,Legendary Action: Beguiling Rebuke",Soul Pillar Proximity,
Raphael (Ascended),Balanced,16,666,21,+3,+4,CHA,18,Resistance to Non-Magical,Resistance to Non-Magical,Resistance to Non-Magical,,Full Resistance,Immune,,Full Resistance,,Full Resistance,,,,20,16,17,14,16,19,+9,+3,+7,+6,+3,+8,"Darkvision,Devil's Sight,Fiendish Blessing,Inevitable Resolve,Infernal Retribution,Magic Resistance,Opportunity Attack,Soul Pillar Proximity,Soul Reaper, Multiattack: Last Resort",Ascended Fiend,
Raphael (Ascended),Explorer,16,666,21,+3,+6,CHA,18,Resistance to Non-Magical,Resistance to Non-Magical,Resistance to Non-Magical,,Full Resistance,Immune,,Full Resistance,,Full Resistance,,,,20,16,17,14,16,19,+11,+3,+9,+8,+3,+10,"Darkvision,Devil's Sight,Fiendish Blessing,Inevitable Resolve,Infernal Retribution,Magic Resistance,Opportunity Attack,Soul Pillar Proximity,Soul Reaper, Multiattack: Last Resort",Ascended Fiend,
Raphael (Ascended),Tactician,16,666,21,+3,+4,CHA,18,Resistance to Non-Magical,Resistance to Non-Magical,Resistance to Non-Magical,,Full Resistance,Immune,,Full Resistance,,Full Resistance,,,,20,16,17,14,16,19,+9,+3,+7,+6,+3,+8,"Darkvision,Devil's Sight,Fiendish Blessing,Inevitable Resolve,Infernal Retribution,Magic Resistance,Opportunity Attack,Soul Pillar Proximity,Soul Reaper, Multiattack: Last Resort",Ascended Fiend,"Consume Souls (tactician),Multiattack (Raphael - tactician)"
Raphael (Ascended),Honour,16,666,21,+3,+4,CHA,18,Resistance to Non-Magical,Resistance to Non-Magical,Resistance to Non-Magical,,Full Resistance,Immune,,Full Resistance,,Full Resistance,,,,20,16,17,14,16,19,+9,+3,+7,+6,+3,+8,"Darkvision,Devil's Sight,Fiendish Blessing,Inevitable Resolve,Infernal Retribution,Magic Resistance,Opportunity Attack,Soul Pillar Proximity,Soul Reaper,Legendary Action: Beguiling Rebuke, Multiattack: Last Resort,Legendary Action: Soul Ascension",Ascended Fiend,"Consume Souls (tactician),Multiattack (Raphael - tactician),Beguiling Rebuke,Soul Ascension"
Pillar of Souls,Balanced,,99,,,,,,Vulnerable,Full Resistance,,,,Immune,Vulnerable,,Immune,Immune,Immune,,,,,,,,,,,,,,,,,
Vengeful Cambion,Balanced,9,96,18,+4,+4,,,Resistance to Non-Magical,Resistance to Non-Magical,Resistance to Non-Magical,,Full Resistance,Full Resistance,,Full Resistance,,Full Resistance,,,,18,18,16,14,12,16,+8,+4,+7,+6,+1,+7,"Darkvision,Extra Attack,Fiendish Blessing,Opportunity Attack","Fleeting Protection,Devilishly Strong",
Vengeful Cambion,Explorer,9,67,18,+4,+6,,,Resistance to Non-Magical,Resistance to Non-Magical,Resistance to Non-Magical,,Full Resistance,Full Resistance,,Full Resistance,,Full Resistance,,,,18,18,16,14,12,16,+10,+4,+9,+8,+1,+9,"Darkvision,Extra Attack,Fiendish Blessing,Opportunity Attack",Fleeting Protection,
Vengeful Cambion,Tactician,9,124,18,+4,+4,,,Resistance to Non-Magical,Resistance to Non-Magical,Resistance to Non-Magical,,Full Resistance,Full Resistance,,Full Resistance,,Full Resistance,,,,18,18,16,14,12,16,+8,+4,+7,+6,+1,+7,"Darkvision,Extra Attack,Fiendish Blessing,Opportunity Attack,Stygian Empowerment","Fleeting Protection,Devilishly Strong",
Commander Zhalk,Balanced,8,150,18,+4,+3,,,Resistance to Non-Magical,Resistance to Non-Magical,Resistance to Non-Magical,,Full Resistance,Full Resistance,,Full Resistance,,Full Resistance,,,,20,18,16,14,12,16,+8,+4,+6,+5,+1,+6,"Darkvision,Fiendish Blessing",,
Commander Zhalk,Explorer,8,105,18,+4,+5,,,Resistance to Non-Magical,Resistance to Non-Magical,Resistance to Non-Magical,,Full Resistance,Full Resistance,,Full Resistance,,Full Resistance,,,,20,18,16,14,12,16,+10,+4,+8,+7,+1,+8,"Darkvision,Fiendish Blessing",,
Commander Zhalk,Tactician,8,195,18,+4,+3,,,Resistance to Non-Magical,Resistance to Non-Magical,Resistance to Non-Magical,,Full Resistance,Full Resistance,,Full Resistance,,Full Resistance,,,,20,18,16,14,12,16,+8,+4,+6,+5,+1,+6,"Darkvision,Extra Attack,Fiendish Blessing,Opportunity Attack",,
Shovel,Balanced,1,7,13,+3,+2,,,Resistance to Non-Magical,Resistance to Non-Magical,Resistance to Non-Magical,,Resistance to Magical,Full Resistance,,Full Resistance,,Immune,,,,5,17,10,7,10,10,-3,+3,0,-2,0,0,"Darkvision,Opportunity Attack",,
Shovel,Explorer,1,14,13,+3,+4,,,Resistance to Non-Magical,Resistance to Non-Magical,Resistance to Non-Magical,,Resistance to Magical,Full Resistance,,Full Resistance,,Immune,,,,5,17,10,7,10,10,+1,+7,+4,+2,+4,+4,"Darkvision,Opportunity Attack",,
Flind,Balanced,5,85,16,+8,+3,,,,,,,,,,,,,,,,20,14,19,11,14,12,+5,+2,+7,0,+5,+1,"Darkvision,Opportunity Attack,Permanently Armed,Tenacity",Aura of Bloodthirst,
Flind,Explorer,5,59,16,+8,+5,,,,,,,,,,,,,,,,20,14,19,11,14,12,+5,+2,+9,0,+7,+1,"Darkvision,Opportunity Attack,Permanently Armed,Tenacity",Aura of Bloodthirst,
Flind,Tactician,5,110,16,+8,+3,,,,,,,,,,,,,,,,20,14,19,11,14,12,+5,+2,+7,0,+5,+1,"Darkvision,Opportunity Attack,Permanently Armed,Tenacity",Aura of Bloodthirst,
Gilded Hellsboar,Balanced,3,85,15,0,+2,,,,,,,,Full Resistance,,,,Full Resistance,,,,16,11,20,6,8,5,+3,0,+5,-2,-1,-3,"Blazing Hide,Darkvision,Gold Plating,Opportunity Attack",,
Gilded Hellsboar,Explorer,3,79,15,0,+4,,,,,,,,Full Resistance,,,,Full Resistance,,,,16,11,20,6,8,5,+3,0,+5,-2,-1,-3,"Blazing Hide,Darkvision,Gold Plating,Opportunity Attack",,
Gilded Hellsboar,Tactician,3,90,15,0,+2,,,,,,,,Full Resistance,,,,Full Resistance,,,,16,11,20,6,8,5,+3,0,+5,-2,-1,-3,"Blazing Hide,Darkvision,Gold Plating,Opportunity Attack",,
Lesser Hellsboar,Balanced,1,8,11,0,+2,,,,,,,,,,,,Full Resistance,,,,12,11,12,6,8,5,+1,0,+1,-2,-1,-3,"Darkvision,Opportunity Attack",,
Lesser Hellsboar,Explorer,1,5,11,0,+4,,,,,,,,,,,,Full Resistance,,,,12,11,12,6,8,5,+1,0,+1,-2,-1,-3,"Darkvision,Opportunity Attack",,
Lesser Hellsboar,Tactician,1,10,11,0,+2,,,,,,,,,,,,Full Resistance,,,,12,11,12,6,8,5,+1,0,+1,-2,-1,-3,"Darkvision,Opportunity Attack",,
Vengeful Boar,Balanced,5,34,12,+1,+3,,,Resistance to Non-Magical,Resistance to Non-Magical,Resistance to Non-Magical,,Full Resistance,Immune,,,,Immune,,,,18,12,16,6,10,5,+4,+1,+3,-2,0,-3,"Blazing Hide,Darkvision,Opportunity Attack",Fleeting Protection,
Vengeful Boar,Explorer,5,23,12,+1,+5,,,Resistance to Non-Magical,Resistance to Non-Magical,Resistance to Non-Magical,,Full Resistance,Immune,,,,Immune,,,,18,12,16,6,10,5,+4,+1,+3,-2,0,-3,"Blazing Hide,Darkvision,Opportunity Attack",Fleeting Protection,
Vengeful Boar,Tactician,5,44,12,+1,+3,,,Resistance to Non-Magical,Resistance to Non-Magical,Resistance to Non-Magical,,Full Resistance,Immune,,,,Immune,,,,18,12,16,6,10,5,+4,+1,+3,-2,0,-3,"Blazing Hide,Darkvision,Opportunity Attack",Fleeting Protection,
Cursed Imp,Balanced,12,96,13,+8,+4,,,Resistance to Non-Magical,Resistance to Non-Magical,Resistance to Non-Magical,Immune,Full Resistance,Immune,,,,Immune,,,,6,17,13,11,12,14,-2,+3,+1,0,+1,+2,"Alert,Darkvision,Devil's Sight,Mortal Reminder,Opportunity Attack",Caustic Retort,
Cursed Imp,Explorer,12,67,13,+8,+6,,,Resistance to Non-Magical,Resistance to Non-Magical,Resistance to Non-Magical,Immune,Full Resistance,Immune,,,,Immune,,,,6,17,13,11,12,14,-2,+3,+1,0,+1,+2,"Alert,Darkvision,Devil's Sight,Mortal Reminder,Opportunity Attack",Caustic Retort,
Cursed Imp,Tactician,12,124,13,+8,+4,,,Resistance to Non-Magical,Resistance to Non-Magical,Resistance to Non-Magical,Immune,Full Resistance,Immune,,,,Immune,,,,6,17,13,11,12,14,-2,+3,+1,0,+1,+2,"Alert,Darkvision,Devil's Sight,Mortal Reminder,Opportunity Attack",Caustic Retort,
Cruor,Balanced,1,10,13,+3,+2,,,Full Resistance,Full Resistance,Full Resistance,Immune,Full Resistance,Immune,,,,,,,,6,17,10,11,12,14,-2,+3,0,0,+1,+2,"Darkvision,Devil's Sight,Opportunity Attack",Dead,
Cruor,Explorer,1,7,13,+3,+4,,,Full Resistance,Full Resistance,Full Resistance,Immune,Full Resistance,Immune,,,,,,,,6,17,10,11,12,14,-2,+3,0,0,+1,+2,"Darkvision,Devil's Sight,Opportunity Attack",Dead,
Cruor,Tactician,1,13,13,+3,+2,,,Full Resistance,Full Resistance,Full Resistance,Immune,Full Resistance,Immune,,,,,,,,6,17,10,11,12,14,-2,+3,0,0,+1,+2,"Darkvision,Devil's Sight,Opportunity Attack",Dead,
Gilded Imp,Balanced,9,76,18,+3,+4,,,Full Resistance,Full Resistance,Full Resistance,Immune,Full Resistance,Immune,,,,,,,,6,17,20,11,12,14,-2,+3,+5,0,+1,+2,"Darkvision,Devil's Sight,Gold Plating,Opportunity Attack",,
Gilded Minotaur,Balanced,10,84,15,0,+4,,,,,,,,,,,,,,,,4,0,5,-2,3,-1,+4,0,+5,-2,+3,-1,"Darkvision, Gold Plating, Muscular, Opportunity Attack, Tenacity",,
Gilded Minotaur,Explorer,10,84,15,0,+6,,,,,,,,,,,,,,,,4,0,5,-2,3,-1,+4,0,+5,-2,+3,-1,"Darkvision, Gold Plating, Muscular, Opportunity Attack, Tenacity",,
Gilded Minotaur,Tactician,10,84,15,0,+4,,,,,,,,,,,,,,,,4,0,5,-2,3,-1,+4,0,+5,-2,+3,-1,"Darkvision, Gold Plating, Muscular, Opportunity Attack, Tenacity, Brutal Critical, Savage Attacker",,
Lesser Imp,Balanced,1,6,7,-1,+2,,,,,,,,,,,,,,,,5,8,10,8,9,10,-3,-1,0,-1,-1,0,"Darkvision,Devil's Sight,Opportunity Attack",,
Lesser Imp,Explorer,1,4,7,-1,+4,,,,,,,,,,,,,,,,5,8,10,8,9,10,-3,-1,0,-1,-1,0,"Darkvision,Devil's Sight",,
Lesser Imp,Tactician,1,7,7,-1,+2,,,,,,,,,,,,,,,,5,8,10,8,9,10,-3,-1,0,-1,-1,0,"Darkvision,Devil's Sight,Opportunity Attack",,
Vengeful Imp,Balanced,5,26,13,+3,+3,,,Resistance to Non-Magical,Resistance to Non-Magical,Resistance to Non-Magical,,Full Resistance,Immune,,,,Immune,,,,6,17,13,11,12,18,-2,+3,+1,0,+1,+4,"Agonising Blast,Darkvision,Devil's Sight,Magic Resistance,Opportunity Attack",Fleeting Protection,
Vengeful Imp,Explorer,5,18,13,+3,+5,,,Resistance to Non-Magical,Resistance to Non-Magical,Resistance to Non-Magical,,Full Resistance,Immune,,,,Immune,,,,6,17,13,11,12,18,-2,+3,+1,0,+1,+4,"Agonising Blast,Darkvision,Devil's Sight,Magic Resistance,Opportunity Attack",Fleeting Protection,
Vengeful Imp,Tactician,5,33,13,+3,+3,,,Resistance to Non-Magical,Resistance to Non-Magical,Resistance to Non-Magical,,Full Resistance,Immune,,,,Immune,,,,6,17,13,11,12,18,-2,+3,+1,0,+1,+4,"Agonising Blast,Darkvision,Devil's Sight,Magic Resistance,Opportunity Attack,Repelling Blast",Fleeting Protection,
Hoarding Merregon,Balanced,5,45,16,+1,+3,,,Resistance to Non-Magical,Resistance to Non-Magical,Resistance to Non-Magical,,Full Resistance,Immune,,,,Immune,,,,18,12,17,6,12,8,+4,+1,+3,-2,+1,-1,"Devil's Sight,Extra Attack,Magic Resistance,Opportunity Attack",,
Hoarding Merregon,Tactician,5,58,16,+1,+3,,,Resistance to Non-Magical,Resistance to Non-Magical,Resistance to Non-Magical,,Full Resistance,Immune,,,,Immune,,,,18,12,17,6,12,8,+4,+1,+3,-2,+1,-1,"Devil's Sight,Extra Attack,Magic Resistance,Opportunity Attack,Sentinel: Opportunity Advantage,Sentinel: Snare,Sentinel: Vengeance",,
Merregon Legionnaire,Balanced,5,45,17,+2,+3,,,Full Resistance,Resistance to Non-Magical,Resistance to Non-Magical,,Full Resistance,Immune,,,,Immune,,,,18,14,17,6,12,8,+4,+2,+3,-2,+1,-1,"Devil's Sight,Extra Attack,Magic Resistance,Opportunity Attack",Infernal Legion,
Merregon Legionnaire,Explorer,5,31,17,+2,+5,,,Full Resistance,Resistance to Non-Magical,Resistance to Non-Magical,,Full Resistance,Immune,,,,Immune,,,,18,14,17,6,12,8,+4,+2,+3,-2,+1,-1,"Devil's Sight,Extra Attack,Magic Resistance,Opportunity Attack",Infernal Legion,
Merregon Legionnaire,Tactician,5,58,17,+2,+3,,,Full Resistance,Resistance to Non-Magical,Resistance to Non-Magical,,Full Resistance,Immune,,,,Immune,,,,18,14,17,6,12,8,+4,+2,+3,-2,+1,-1,"Devil's Sight,Extra Attack,Magic Resistance,Opportunity Attack,Sentinel: Opportunity Advantage,Sentinel: Snare,Sentinel: Vengeance",Infernal Legion,
Vengeful Merregon,Balanced,5,45,16,+2,+3,,,Resistance to Non-Magical,Resistance to Non-Magical,Resistance to Non-Magical,,Resistance to Magical,Immune,,,,Immune,,,,18,14,17,6,12,8,+4,+2,+3,-2,+1,-1,"Devil's Sight,Extra Attack,Flames of Avernus,Infernal Weapon,Magic Resistance,Opportunity Attack",Fleeting Protection,
Vengeful Merregon,Explorer,5,31,16,+2,+3,,,Resistance to Non-Magical,Resistance to Non-Magical,Resistance to Non-Magical,,Resistance to Magical,Immune,,,,Immune,,,,18,14,17,6,12,8,+4,+2,+3,-2,+1,-1,"Devil's Sight,Extra Attack,Flames of Avernus,Infernal Weapon,Magic Resistance,Opportunity Attack",Fleeting Protection,
Vengeful Merregon,Tactician,5,58,16,+2,+3,,,Resistance to Non-Magical,Resistance to Non-Magical,Resistance to Non-Magical,,Resistance to Magical,Immune,,,,Immune,,,,18,14,17,6,12,8,+4,+2,+3,-2,+1,-1,"Opportunity Attack,Devil's Sight,Extra Attack,Flames of Avernus,Infernal Weapon,Magic Resistance,Sentinel: Vengeance,Sentinel: Snare,Sentinel: Opportunity Advantage",Fleeting Protection,
Haarlep,Balanced,9,169,17,+5,+4,,,Resistance to Non-Magical,Resistance to Non-Magical,Resistance to Non-Magical,,Full Resistance,Full Resistance,,Full Resistance,,Full Resistance,,,,8,20,13,15,12,20,-1,+5,+1,+2,+1,+5,"Darkvision,Opportunity Attack,Ethereal Escape",,
Haarlep,Explorer,9,118,17,+5,+6,,,Resistance to Non-Magical,Resistance to Non-Magical,Resistance to Non-Magical,,Full Resistance,Full Resistance,,Full Resistance,,Full Resistance,,,,8,20,13,15,12,20,-1,+5,+1,+2,+1,+5,"Darkvision,Opportunity Attack,Ethereal Escape",,
Haarlep,Tactician,9,219,17,+5,+4,,,Resistance to Non-Magical,Resistance to Non-Magical,Resistance to Non-Magical,,Full Resistance,Full Resistance,,Full Resistance,,Full Resistance,,,,8,20,13,15,12,20,-1,+5,+1,+2,+1,+5,"Darkvision,Opportunity Attack,Ethereal Escape",,
Yurgir,Balanced,10,105,17,+3,+4,,,Resistance to Non-Magical,Resistance to Non-Magical,Resistance to Non-Magical,,Full Resistance,Immune,,,,Immune,,,,22,16,21,15,15,16,+6,+7,+9,+2,+6,+3,"Darkvision,Devil's Sight,Magic Resistance,Opportunity Attack",Ambushing,
Yurgir,Explorer,10,73,17,+3,+6,,,Resistance to Non-Magical,Resistance to Non-Magical,Resistance to Non-Magical,,Full Resistance,Immune,,,,Immune,,,,22,16,21,15,15,16,+6,+9,+11,+2,+8,+3,"Darkvision,Devil's Sight,Magic Resistance,Opportunity Attack",Ambushing,
Yurgir,Tactician,10,136,17,+8,+4,,,Resistance to Non-Magical,Resistance to Non-Magical,Resistance to Non-Magical,,Full Resistance,Immune,,,,Immune,,,,22,16,21,15,15,16,+6,+7,+9,+2,+6,+3,"Alert,Darkvision,Devil's Sight,Extra Attack,Magic Resistance,Opportunity Attack",Ambushing,
Yurgir,Honour,10,136,17,+8,+4,,,Resistance to Non-Magical,Resistance to Non-Magical,Resistance to Non-Magical,,Full Resistance,Immune,,,,Immune,,,,22,16,21,15,15,16,+6,+7,+9,+2,+6,+3,"Alert,Darkvision,Devil's Sight,Extra Attack,Magic Resistance,Opportunity Attack,Legendary Action: Blinding Ambush",Ambushing,"Blinding Ambush,Watchful Hunt"
Fire Hallucination,Balanced,6,4,17,+3,+3,,,,,,,,Immune,,,,,,,,6,17,13,11,12,14,-2,+3,+1,0,+1,+2,Darkvision,Fire Resistance Aura,
Fire Hallucination,Explorer,6,2,17,+3,+5,,,,,,,,Immune,,,,,,,,6,17,13,11,12,14,-2,+3,+1,0,+1,+2,Darkvision,Fire Resistance Aura,
Fire Hallucination,Tactician,6,5,17,+3,+3,,,,,,,,Immune,,,,,,,,6,17,13,11,12,14,-2,+3,+1,0,+1,+2,Darkvision,Fire Resistance Aura,
Flaming Sphere,Balanced,1,20,16,0,+2,,,Full Resistance,Full Resistance,Full Resistance,Full Resistance,Vulnerable,Immune,,Full Resistance,Immune,Immune,Immune,,,10,10,10,10,10,10,0,0,0,0,0,0,"Opportunity Attack,Ablaze",,
Flaming Sphere,Explorer,1,40,16,0,+4,,,Full Resistance,Full Resistance,Full Resistance,Full Resistance,Vulnerable,Immune,,Full Resistance,Immune,Immune,Immune,,,10,10,10,10,10,10,0,0,0,0,0,0,"Opportunity Attack,Ablaze",,
Flying Ghoul,Balanced,6,30,15,+3,+3,,,,,,,,,,,,Immune,,,,16,17,10,11,10,8,+3,+3,0,0,0,-1,"Darkvision,Opportunity Attack",,
Flying Ghoul,Explorer,6,60,15,+3,+5,,,,,,,,,,,,Immune,,,,16,17,10,11,10,8,+8,+8,+5,+5,+5,+4,"Darkvision,Opportunity Attack",,
Fungal Zombie,Balanced,3,9,8,-2,+2,,,,,,,,,,,,Immune,,,,16,6,16,3,6,5,+3,-2,+3,-4,-2,-3,"Opportunity Attack,Undead Fortitude",Undead Fortitude,
Fungal Zombie,Explorer,3,18,8,-2,+4,,,,,,,,,,,,Immune,,,,16,6,16,3,6,5,+7,+2,+7,0,+2,+1,"Opportunity Attack,Undead Fortitude",Undead Fortitude,
Gaseous Form,Balanced,1,1,10,0,+2,,,Resistance to Non-Magical,Resistance to Non-Magical,Resistance to Non-Magical,Resistance to Magical,Resistance to Magical,Resistance to Magical,Resistance to Magical,Resistance to Magical,Resistance to Magical,Resistance to Magical,Resistance to Magical,Resistance to Magical,Resistance to Magical,10,10,10,10,10,10,0,0,0,0,0,0,"Ethereal,Opportunity Attack",,
Ghast,Balanced,6,53,13,+3,+3,STR,14,,,,,,,,,Full Resistance,Immune,,,,16,17,10,11,10,8,+3,+3,0,0,0,-1,"Darkvision,Opportunity Attack",Sacred Defiance Aura,
Ghast,Explorer,6,37,13,+3,+5,STR,16,,,,,,,,,Full Resistance,Immune,,,,16,17,10,11,10,8,+3,+3,0,0,0,-1,"Darkvision,Opportunity Attack",Sacred Defiance Aura,
Ghast,Tactician,6,68,13,+3,+3,STR,16,,,,,,,,,Full Resistance,Immune,,,,16,17,10,11,10,8,+3,+3,0,0,0,-1,"Darkvision,Opportunity Attack",Sacred Defiance Aura,
Echo of a Lost Love,Balanced,11,84,15,+3,+4,,,Resistance to Non-Magical,Resistance to Non-Magical,Resistance to Non-Magical,Full Resistance,Full Resistance,Full Resistance,,Full Resistance,Immune,Immune,,,Full Resistance,14,16,12,15,18,18,+2,+3,+1,+2,+4,+4,"Darkvision,Ethereal,Harrowing Presence,Incorporeal Movement,Opportunity Attack",,
Echo of a Lost Love,Explorer,11,58,15,+3,+6,,,Resistance to Non-Magical,Resistance to Non-Magical,Resistance to Non-Magical,Full Resistance,Full Resistance,Full Resistance,,Full Resistance,Immune,Immune,,,Full Resistance,14,16,12,15,18,18,+2,+3,+1,+2,+4,+4,"Darkvision,Ethereal,Harrowing Presence,Incorporeal Movement,Opportunity Attack",,
Echo of a Lost Love,Tactician,11,109,15,+3,+4,,,Resistance to Non-Magical,Resistance to Non-Magical,Resistance to Non-Magical,Full Resistance,Full Resistance,Full Resistance,,Full Resistance,Immune,Immune,,,Full Resistance,14,16,12,15,18,18,+2,+3,+1,+2,+4,+4,"Darkvision,Ethereal,Harrowing Presence,Incorporeal Movement,Opportunity Attack",,
Echo of Abazigal,Balanced,11,92,13,+3,+4,,,Resistance to Non-Magical,Resistance to Non-Magical,Resistance to Non-Magical,Full Resistance,Full Resistance,Full Resistance,,Full Resistance,Immune,Immune,,,Full Resistance,20,17,20,14,12,17,+9,+3,+9,+2,+1,+3,"Darkvision,Ethereal,Incorporeal Movement,Metamagic: Distant Spell,Opportunity Attack,Turn Resistance",Bhaalspawn Essence: Abazigal,
Echo of Abazigal,Explorer,11,64,13,+3,+6,,,Resistance to Non-Magical,Resistance to Non-Magical,Resistance to Non-Magical,Full Resistance,Full Resistance,Full Resistance,,Full Resistance,Immune,Immune,,,Full Resistance,20,17,20,14,12,17,+11,+3,+11,+2,+1,+3,"Darkvision,Ethereal,Incorporeal Movement,Metamagic: Distant Spell,Opportunity Attack,Turn Resistance",Bhaalspawn Essence: Abazigal,
Echo of Abazigal,Tactician,11,119,13,+3,+4,,,Resistance to Non-Magical,Resistance to Non-Magical,Resistance to Non-Magical,Full Resistance,Full Resistance,Full Resistance,,Full Resistance,Immune,Immune,,,Full Resistance,20,17,20,14,12,17,+9,+3,+9,+2,+1,+3,"Darkvision,Ethereal,Incorporeal Movement,Metamagic: Distant Spell,Opportunity Attack,Turn Resistance",Bhaalspawn Essence: Abazigal,
Echo of Amelyssan,Balanced,11,71,13,+3,+4,,,Resistance to Non-Magical,Resistance to Non-Magical,Resistance to Non-Magical,Full Resistance,Full Resistance,Full Resistance,,Full Resistance,Immune,Immune,,,Full Resistance,13,16,12,15,18,15,+1,+3,+1,+6,+8,+6,"Ethereal,Incorporeal Movement,Metamagic: Distant Spell,Opportunity Attack,Turn Resistance",Bhaalspawn Essence: Amelyssan,
Echo of Amelyssan,Explorer,11,49,13,+3,+6,,,Resistance to Non-Magical,Resistance to Non-Magical,Resistance to Non-Magical,Full Resistance,Full Resistance,Full Resistance,,Full Resistance,Immune,Immune,,,Full Resistance,13,16,12,15,18,15,+1,+3,+1,+8,+10,+8,"Ethereal,Incorporeal Movement,Metamagic: Distant Spell,Opportunity Attack,Turn Resistance",Bhaalspawn Essence: Amelyssan,
Echo of Amelyssan,Tactician,11,92,13,+3,+4,,,Resistance to Non-Magical,Resistance to Non-Magical,Resistance to Non-Magical,Full Resistance,Full Resistance,Full Resistance,,Full Resistance,Immune,Immune,,,Full Resistance,13,16,12,15,18,15,+1,+3,+1,+6,+8,+6,"Ethereal,Incorporeal Movement,Metamagic: Distant Spell,Opportunity Attack,Turn Resistance",Bhaalspawn Essence: Amelyssan,
Echo of Illasera,Balanced,11,71,12,+2,+4,,,Resistance to Non-Magical,Resistance to Non-Magical,Resistance to Non-Magical,Full Resistance,Full Resistance,Full Resistance,,Full Resistance,Immune,Immune,,,Full Resistance,17,14,10,17,14,11,+3,+2,0,+7,+6,0,"Darkvision,Ethereal,Fey Ancestry,Incorporeal Movement,Metamagic: Distant Spell,Opportunity Attack,Turn Resistance",Bhaalspawn Essence: Illasera,
Echo of Illasera,Explorer,11,49,12,+2,+6,,,Resistance to Non-Magical,Resistance to Non-Magical,Resistance to Non-Magical,Full Resistance,Full Resistance,Full Resistance,,Full Resistance,Immune,Immune,,,Full Resistance,17,14,10,17,14,11,+3,+2,0,+9,+8,0,"Darkvision,Ethereal,Fey Ancestry,Incorporeal Movement,Metamagic: Distant Spell,Opportunity Attack,Turn Resistance",Bhaalspawn Essence: Illasera,
Echo of Illasera,Tactician,11,92,12,+2,+4,,,Resistance to Non-Magical,Resistance to Non-Magical,Resistance to Non-Magical,Full Resistance,Full Resistance,Full Resistance,,Full Resistance,Immune,Immune,,,Full Resistance,17,14,10,17,14,11,+3,+2,0,+7,+6,0,"Darkvision,Ethereal,Fey Ancestry,Incorporeal Movement,Metamagic: Distant Spell,Opportunity Attack,Turn Resistance",Bhaalspawn Essence: Illasera,
Echo of Sendai,Balanced,11,71,11,+1,+4,,,Resistance to Non-Magical,Resistance to Non-Magical,Resistance to Non-Magical,Full Resistance,Full Resistance,Full Resistance,,Full Resistance,Immune,Immune,,,Full Resistance,10,12,16,15,19,15,0,+1,+3,+6,+8,+6,"Darkvision,Ethereal,Fey Ancestry,Incorporeal Movement,Metamagic: Distant Spell,Opportunity Attack,Tenacity,Turn Resistance,Sunlight Sensitivity",Bhaalspawn Essence: Sendai,
Echo of Sendai,Explorer,11,49,11,+1,+6,,,Resistance to Non-Magical,Resistance to Non-Magical,Resistance to Non-Magical,Full Resistance,Full Resistance,Full Resistance,,Full Resistance,Immune,Immune,,,Full Resistance,10,12,16,15,19,15,0,+1,+3,+8,+10,+8,"Darkvision,Ethereal,Fey Ancestry,Incorporeal Movement,Metamagic: Distant Spell,Opportunity Attack,Tenacity,Turn Resistance,Sunlight Sensitivity",Bhaalspawn Essence: Sendai,
Echo of Sendai,Tactician,11,92,11,+1,+4,,,Resistance to Non-Magical,Resistance to Non-Magical,Resistance to Non-Magical,Full Resistance,Full Resistance,Full Resistance,,Full Resistance,Immune,Immune,,,Full Resistance,10,12,16,15,19,15,0,+1,+3,+6,+8,+6,"Darkvision,Ethereal,Fey Ancestry,Incorporeal Movement,Metamagic: Distant Spell,Opportunity Attack,Tenacity,Turn Resistance,Sunlight Sensitivity",Bhaalspawn Essence: Sendai,
Farslayer of Bhaal Ghislev,Balanced,11,68,13,+8,+4,,,Resistance to Non-Magical,Resistance to Non-Magical,Resistance to Non-Magical,Full Resistance,Full Resistance,Full Resistance,,Full Resistance,Immune,Immune,,,Full Resistance,16,16,16,20,20,20,+3,+3,+3,+9,+5,+5,"Alert,Ethereal,Incorporeal Movement,Opportunity Attack,Magic Resistance,Spell Sniper,Turn Resistance","Aura of Murder,Ritual Chant: Bhaal's Power Word Kill,Unstoppable",
Farslayer of Bhaal Ghislev,Explorer,11,47,13,+8,+6,,,Resistance to Non-Magical,Resistance to Non-Magical,Resistance to Non-Magical,Full Resistance,Full Resistance,Full Resistance,,Full Resistance,Immune,Immune,,,Full Resistance,16,16,16,20,20,20,+3,+3,+3,+11,+5,+5,"Alert,Ethereal,Incorporeal Movement,Opportunity Attack,Magic Resistance,Spell Sniper,Turn Resistance","Aura of Murder,Ritual Chant: Bhaal's Power Word Kill,Unstoppable",
Farslayer of Bhaal Ghislev,Tactician,11,88,13,+8,+4,,,Resistance to Non-Magical,Resistance to Non-Magical,Resistance to Non-Magical,Full Resistance,Full Resistance,Full Resistance,,Full Resistance,Immune,Immune,,,Full Resistance,16,16,16,20,20,20,+3,+3,+3,+9,+5,+5,"Alert,Ethereal,Focused Conjuration,Incorporeal Movement,Opportunity Attack,Magic Resistance,Spell Sniper,Turn Resistance","Aura of Murder,Ritual Chant: Bhaal's Power Word Kill,Unstoppable",
Gordis,Balanced,8,66,13,+5,+3,,,,,,Full Resistance,Immune,Full Resistance,,Full Resistance,Immune,Immune,,,Full Resistance,14,20,12,6,12,7,+2,+5,+1,-2,+1,-2,"Darkvision,Ethereal,Incorporeal Movement,Man's Best Friend,Opportunity Attack,Pack Tactics",,
Gordis,Explorer,8,46,13,+5,+5,,,,,,Full Resistance,Immune,Full Resistance,,Full Resistance,Immune,Immune,,,Full Resistance,14,20,12,6,12,7,+2,+5,+1,-2,+1,-2,"Darkvision,Ethereal,Incorporeal Movement,Man's Best Friend,Opportunity Attack,Pack Tactics",,
Gordis,Tactician,8,105,13,+5,+3,,,,,,Full Resistance,Immune,Full Resistance,,Full Resistance,Immune,Immune,,,Full Resistance,14,20,12,6,12,7,+2,+5,+1,-2,+1,-2,"Darkvision,Ethereal,Evasion,Hunter's Camouflage,Incorporeal Movement,Man's Best Friend,Opportunity Attack,Pack Tactics",,
Houndmaster Pol,Balanced,10,88,16,+5,+4,,,Resistance to Non-Magical,Resistance to Non-Magical,Resistance to Non-Magical,Full Resistance,Immune,Full Resistance,,Full Resistance,Immune,Immune,,,,7,20,10,10,18,11,+2,+9,0,0,+4,0,"Archery,Crossbow Expert: Point-Blank,Crossbow Expert: Wounding,Darkvision,Ethereal,Incorporeal Movement,Man's Best Friend,Multiattack Defence,Opportunity Attack",,
Houndmaster Pol,Explorer,10,61,16,+5,+6,,,Resistance to Non-Magical,Resistance to Non-Magical,Resistance to Non-Magical,Full Resistance,Immune,Full Resistance,,Full Resistance,Immune,Immune,,,,7,20,10,10,18,11,+4,+11,0,0,+4,0,"Archery,Crossbow Expert: Point-Blank,Crossbow Expert: Wounding,Darkvision,Ethereal,Incorporeal Movement,Man's Best Friend,Multiattack Defence,Opportunity Attack",,
Houndmaster Pol,Tactician,10,140,16,+10,+4,,,Resistance to Non-Magical,Resistance to Non-Magical,Resistance to Non-Magical,Full Resistance,Immune,Full Resistance,,Full Resistance,Immune,Immune,,,,7,20,10,10,18,11,+2,+9,0,0,+4,0,"Alert,Archery,Crossbow Expert: Point-Blank,Crossbow Expert: Wounding,Darkvision,Ethereal,Incorporeal Movement,Man's Best Friend,Multiattack Defence,Opportunity Attack,Hunter's Camouflage",,
Rocky,Balanced,8,66,13,+5,+3,,,,,,Full Resistance,Immune,Full Resistance,,Full Resistance,Immune,Immune,,,Full Resistance,14,20,12,6,12,7,+2,+5,+1,-2,+1,-2,"Darkvision,Ethereal,Incorporeal Movement,Man's Best Friend,Opportunity Attack,Pack Tactics",,
Rocky,Explorer,8,46,13,+5,+5,,,,,,Full Resistance,Immune,Full Resistance,,Full Resistance,Immune,Immune,,,Full Resistance,14,20,12,6,12,7,+2,+5,+1,-2,+1,-2,"Darkvision,Ethereal,Incorporeal Movement,Man's Best Friend,Opportunity Attack,Pack Tactics",,
Rocky,Tactician,8,105,13,+5,+3,,,,,,Full Resistance,Immune,Full Resistance,,Full Resistance,Immune,Immune,,,Full Resistance,14,20,12,6,12,7,+2,+5,+1,-2,+1,-2,"Darkvision,Ethereal,Evasion,Hunter's Camouflage,Incorporeal Movement,Man's Best Friend,Opportunity Attack,Pack Tactics",,
Zina,Balanced,8,66,13,+5,+3,,,,,,Full Resistance,Immune,Full Resistance,,Full Resistance,Immune,Immune,,,Full Resistance,14,20,12,6,12,7,+2,+5,+1,-2,+1,-2,"Darkvision,Ethereal,Incorporeal Movement,Man's Best Friend,Opportunity Attack,Pack Tactics",,
Zina,Explorer,8,46,13,+5,+5,,,,,,Full Resistance,Immune,Full Resistance,,Full Resistance,Immune,Immune,,,Full Resistance,14,20,12,6,12,7,+2,+5,+1,-2,+1,-2,"Darkvision,Ethereal,Incorporeal Movement,Man's Best Friend,Opportunity Attack,Pack Tactics",,
Zina,Tactician,8,105,13,+5,+3,,,,,,Full Resistance,Immune,Full Resistance,,Full Resistance,Immune,Immune,,,Full Resistance,14,20,12,6,12,7,+2,+5,+1,-2,+1,-2,"Darkvision,Ethereal,Evasion,Hunter's Camouflage,Incorporeal Movement,Man's Best Friend,Opportunity Attack,Pack Tactics",,
Tribunal Ghost,Balanced,3,18,10,+2,+2,,,,,,,,,,,,,,,,11,15,12,10,11,14,0,+2,+1,0,0,+2,"Ethereal,Incorporeal Movement,Opportunity Attack,Permanently Armed",,
Tormented Soul,Balanced,8,48,14,+3,+3,,,Resistance to Non-Magical,Resistance to Non-Magical,Resistance to Non-Magical,Full Resistance,Immune,Full Resistance,,Full Resistance,Immune,Immune,,,Full Resistance,14,16,12,10,10,10,+2,+3,+1,0,0,0,"Darkvision,Ethereal,Incorporeal Movement,Opportunity Attack",,
Tormented Soul,Explorer,8,33,14,+3,+5,,,Resistance to Non-Magical,Resistance to Non-Magical,Resistance to Non-Magical,Full Resistance,Immune,Full Resistance,,Full Resistance,Immune,Immune,,,Full Resistance,14,16,12,10,10,10,+2,+3,+1,0,0,0,"Darkvision,Ethereal,Incorporeal Movement,Opportunity Attack",,
Tormented Soul,Tactician,8,62,14,+3,+3,,,Resistance to Non-Magical,Resistance to Non-Magical,Resistance to Non-Magical,Full Resistance,Immune,Full Resistance,,Full Resistance,Immune,Immune,,,Full Resistance,14,16,12,10,10,10,+2,+3,+1,0,0,0,"Darkvision,Ethereal,Incorporeal Movement,Opportunity Attack",,
Vengeful Soul,Balanced,8,48,14,0,+3,,,Resistance to Non-Magical,Resistance to Non-Magical,Resistance to Non-Magical,Full Resistance,Immune,Full Resistance,,Full Resistance,Immune,Immune,,,Full Resistance,16,10,15,6,6,12,+3,0,+2,-2,-2,+1,"Darkvision,Ethereal,Incorporeal Movement,Opportunity Attack",,
Vengeful Soul,Explorer,8,33,14,0,+5,,,Resistance to Non-Magical,Resistance to Non-Magical,Resistance to Non-Magical,Full Resistance,Immune,Full Resistance,,Full Resistance,Immune,Immune,,,Full Resistance,16,10,15,6,6,12,+3,0,+2,-2,-2,+1,"Darkvision,Ethereal,Incorporeal Movement,Opportunity Attack",,
Vengeful Soul,Tactician,8,62,14,0,+3,,,Resistance to Non-Magical,Resistance to Non-Magical,Resistance to Non-Magical,Full Resistance,Immune,Full Resistance,,Full Resistance,Immune,Immune,,,Full Resistance,16,10,15,6,6,12,+3,0,+2,-2,-2,+1,"Darkvision,Ethereal,Incorporeal Movement,Opportunity Attack",,
Poltergeist,Balanced,,40,14,+2,,,,Resistance to Non-Magical,Resistance to Non-Magical,Resistance to Non-Magical,Full Resistance,Full Resistance,Full Resistance,,Full Resistance,Immune,Immune,,,Full Resistance,1,14,11,10,10,13,-5,+2,0,0,0,+1,"Careful Veil,Darkvision,Ethereal,Innate Invisibility,Incorporeal Movement,Opportunity Attack,Unearthly",Invisible,
Poltergeist,Explorer,,28,14,+2,,,,Resistance to Non-Magical,Resistance to Non-Magical,Resistance to Non-Magical,Full Resistance,Full Resistance,Full Resistance,,Full Resistance,Immune,Immune,,,Full Resistance,1,14,11,10,10,13,-5,+2,0,0,0,+1,"Careful Veil,Darkvision,Ethereal,Innate Invisibility,Incorporeal Movement,Opportunity Attack,Unearthly",Invisible,
Poltergeist,Tactician,,52,14,+2,,,,Resistance to Non-Magical,Resistance to Non-Magical,Resistance to Non-Magical,Full Resistance,Full Resistance,Full Resistance,,Full Resistance,Immune,Immune,,,Full Resistance,1,14,11,10,10,13,-5,+2,0,0,0,+1,"Careful Veil,Darkvision,Ethereal,Innate Invisibility,Incorporeal Movement,Opportunity Attack,Unearthly",Invisible,
Ghoul,Balanced,3,22,12,+2,+2,STR,11,,,,,,,,,,Immune,,,,13,15,10,7,10,6,+1,+2,0,-2,0,-2,"Darkvision,Opportunity Attack",,
Ghoul,Tactician,3,28,12,+2,+2,STR,13,,,,,,,,,,Immune,,,,13,15,10,7,10,6,+1,+2,0,-2,0,-2,"Darkvision,Opportunity Attack",,
Buthir,Balanced,4,59,12,+1,+2,STR,14,,,,,,,,,,,,,,19,12,16,5,7,7,+4,+1,+3,-3,-2,-2,"Darkvision,Ogre's Mark,Opportunity Attack,Tenacity",,
Buthir,Explorer,4,41,12,+1,+2,STR,14,,,,,,,,,,,,,,19,12,16,5,7,7,+4,+1,+3,-3,-2,-2,"Darkvision,Ogre's Mark,Opportunity Attack,Tenacity",,
Buthir,Tactician,4,76,12,+1,+2,STR,16,,,,,,,,,,,,,,19,12,16,5,7,7,+4,+1,+3,-3,-2,-2,"Darkvision,Ogre's Mark,Opportunity Attack,Tenacity",,
Chock,Balanced,4,59,12,+1,+2,STR,14,,,,,,,,,,,,,,19,12,16,5,7,7,+4,+1,+3,-3,-2,-2,"Darkvision,Ogre's Mark,Opportunity Attack,Tenacity",,
Chock,Explorer,4,41,12,+1,+4,STR,16,,,,,,,,,,,,,,19,12,16,5,7,7,+4,+1,+3,-3,-2,-2,"Darkvision,Ogre's Mark,Opportunity Attack,Tenacity",,
Chock,Tactician,4,76,12,+1,+2,STR,17,,,,,,,,,,,,,,20,12,16,5,7,7,+5,+1,+3,-3,-2,-2,"Darkvision,Ogre's Mark,Opportunity Attack,Tenacity",,
Fank,Balanced,4,59,12,+1,+2,STR,14,,,,,,,,,,,,,,19,12,16,5,7,7,+4,+1,+3,-3,-2,-2,"Darkvision,Ogre's Mark,Opportunity Attack",,
Fank,Explorer,4,41,12,+1,+4,STR,16,,,,,,,,,,,,,,19,12,16,5,7,7,+4,+1,+3,-3,-2,-2,"Darkvision,Ogre's Mark,Opportunity Attack",,
Fank,Tactician,4,76,12,+1,+2,STR,17,,,,,,,,,,,,,,20,12,16,5,7,7,+5,+1,+3,-3,-2,-2,"Darkvision,Ogre's Mark,Opportunity Attack",,
Glourik,Balanced,4,59,12,+1,+2,STR,14,,,,,,,,,,,,,,19,12,16,5,7,7,+4,+1,+3,-3,-2,-2,"Darkvision,Ogre's Mark,Opportunity Attack,Tenacity",,
Glourik,Explorer,4,41,12,+1,+4,STR,16,,,,,,,,,,,,,,19,12,16,5,7,7,+4,+1,+3,-3,-2,-2,"Darkvision,Ogre's Mark,Opportunity Attack,Tenacity",,
Glourik,Tactician,4,76,12,+1,+2,STR,17,,,,,,,,,,,,,,20,12,16,5,7,7,+5,+1,+3,-3,-2,-2,"Darkvision,Ogre's Mark,Opportunity Attack,Tenacity",,
Lump the Enlightened,Balanced,4,67,13,+1,+2,INT,13,,,,,,,,,,,,,,19,12,16,17,7,7,+4,+1,+3,+5,0,-2,"Darkvision,Ogre's Mark,Opportunity Attack,Tenacity",,
Lump the Enlightened,Explorer,4,46,13,+1,+4,INT,15,,,,,,,,,,,,,,19,12,16,17,7,7,+4,+1,+3,+7,+2,-2,"Darkvision,Ogre's Mark,Opportunity Attack,Tenacity",,
Lump the Enlightened,Tactician,4,87,13,+1,+2,INT,15,,,,,,,,,,,,,,20,12,16,17,7,7,+5,+1,+3,+5,0,-2,"Darkvision,Ogre's Mark,Opportunity Attack,Tenacity",,
Mig,Balanced,4,59,12,+1,+2,STR,14,,,,,,,,,,,,,,19,12,16,5,7,7,+4,+1,+3,-3,-2,-2,"Darkvision,Ogre's Mark,Opportunity Attack,Tenacity",,
Mig,Explorer,4,41,12,+1,+4,STR,16,,,,,,,,,,,,,,19,12,16,5,7,7,+4,+1,+3,-3,-2,-2,"Darkvision,Ogre's Mark,Opportunity Attack,Tenacity",,
Mig,Tactician,4,76,12,+1,+2,STR,17,,,,,,,,,,,,,,20,12,16,5,7,7,+5,+1,+3,-3,-2,-2,"Darkvision,Ogre's Mark,Opportunity Attack,Tenacity",,
Polma,Balanced,4,75,14,+1,+2,STR,15,,,,,,,,,,,,,,20,12,16,8,8,7,+5,+1,+3,-1,-1,-2,"Darkvision,Ogre's Mark,Opportunity Attack,Tenacity",,
Polma,Explorer,4,52,14,+1,+4,STR,17,,,,,,,,,,,,,,20,12,16,8,8,7,+5,+1,+3,-1,-1,-2,"Darkvision,Ogre's Mark,Opportunity Attack,Tenacity",,
Polma,Tactician,4,97,14,+1,+2,STR,17,,,,,,,,,,,,,,21,12,16,8,8,7,+5,+1,+3,-1,-1,-2,"Darkvision,Ogre's Mark,Opportunity Attack,Tenacity",,
Giant Eagle,Balanced,4,44,13,+3,+2,,,,,,,,,,,,,,,,16,17,13,8,14,10,+3,+3,+1,-1,+2,0,"Multiattack (Giant Eagle),Opportunity Attack",,
Giant Eagle,Explorer,4,30,13,+3,+4,,,,,,,,,,,,,,,,16,17,13,8,14,10,+3,+3,+1,-1,+2,0,"Multiattack (Giant Eagle),Opportunity Attack",,
Giant Eagle,Tactician,4,57,13,+3,+2,,,,,,,,,,,,,,,,16,17,13,8,14,10,+3,+3,+1,-1,+2,0,"Multiattack (Giant Eagle),Opportunity Attack",,
Giant Spider,Balanced,1,20,14,+3,+2,,,,,,,,,,,,,,,,14,16,12,2,11,4,+2,+3,+1,-4,0,-3,"Darkvision,Opportunity Attack,Spider Fall,Web Walker",,
Barnabus',Balanced,4,20,14,+3,+2,,,,,,,,,,,,,,,,12,16,12,8,12,8,+1,+3,+1,-1,+1,-1,"Darkvision,Opportunity Attack,Rampage",Dominated Will,
Barnabus',Explorer,4,14,14,+3,+4,,,,,,,,,,,,,,,,12,16,12,8,12,8,+1,+3,+1,-1,+1,-1,"Darkvision,Opportunity Attack,Rampage",Dominated Will,
Barnabus',Tactician,4,26,14,+3,+2,,,,,,,,,,,,,,,,12,16,12,8,12,8,+1,+3,+1,-1,+1,-1,"Darkvision,Opportunity Attack,Rampage",Dominated Will,
Timothy',Balanced,4,20,14,+3,+2,,,,,,,,,,,,,,,,12,16,12,8,12,8,+1,+3,+1,-1,+1,-1,"Darkvision,Opportunity Attack,Rampage",Dominated Will,
Timothy',Explorer,4,14,14,+3,+4,,,,,,,,,,,,,,,,12,16,12,8,12,8,+1,+3,+1,-1,+1,-1,"Darkvision,Opportunity Attack,Rampage",Dominated Will,
Timothy',Tactician,4,26,14,+3,+2,,,,,,,,,,,,,,,,12,16,12,8,12,8,+1,+3,+1,-1,+1,-1,"Darkvision,Opportunity Attack,Rampage",Dominated Will,
Tomelia',Balanced,4,20,14,+3,+2,,,,,,,,,,,,,,,,12,16,12,8,12,8,+1,+3,+1,-1,+1,-1,"Darkvision,Opportunity Attack,Rampage",Dominated Will,
Tomelia',Explorer,4,14,14,+3,+4,,,,,,,,,,,,,,,,12,16,12,8,12,8,+1,+3,+1,-1,+1,-1,"Darkvision,Opportunity Attack,Rampage",Dominated Will,
Tomelia',Tactician,4,26,14,+3,+2,,,,,,,,,,,,,,,,12,16,12,8,12,8,+1,+3,+1,-1,+1,-1,"Darkvision,Opportunity Attack,Rampage",Dominated Will,
Gnoll Fang of Yeenoghu,Balanced,4,20,14,+2,+2,CHA,15,,,,,,,,,,,,,,16,15,15,10,11,16,+3,+2,+4,0,+2,+5,"Darkvision,Opportunity Attack,Rampage",,
Gnoll Fang of Yeenoghu,Explorer,4,14,14,+2,+4,CHA,15,,,,,,,,,,,,,,16,15,15,10,11,16,+3,+2,+6,0,+4,+7,"Darkvision,Opportunity Attack,Rampage",,
Gnoll Fang of Yeenoghu,Tactician,4,26,14,+2,+2,CHA,15,,,,,,,,,,,,,,16,15,15,10,11,16,+3,+2,+4,0,+2,+5,"Darkvision,Opportunity Attack,Rampage",,
Gnoll Flesh Gnawer,Balanced,4,22,15,+2,+2,,,,,,,,,,,,,,,,12,14,12,8,10,8,+1,+2,+1,-1,0,-1,"Darkvision,Opportunity Attack",,
Gnoll Flesh Gnawer,Explorer,4,15,15,+2,+4,,,,,,,,,,,,,,,,12,14,12,8,10,8,+1,+2,+1,-1,0,-1,"Darkvision,Opportunity Attack",,
Gnoll Flesh Gnawer,Tactician,4,28,15,+2,+2,,,,,,,,,,,,,,,,12,14,12,8,10,8,+1,+2,+1,-1,0,-1,"Darkvision,Opportunity Attack",,
Gnoll Hunter,Balanced,4,20,14,+3,+2,,,,,,,,,,,,,,,,12,16,12,8,12,8,+1,+3,+1,-1,+1,-1,"Darkvision,Opportunity Attack,Rampage",,
Gnoll Hunter,Explorer,4,14,14,+3,+4,,,,,,,,,,,,,,,,12,16,12,8,12,8,+1,+3,+1,-1,+1,-1,"Darkvision,Opportunity Attack,Rampage",,
Gnoll Hunter,Tactician,4,26,14,+3,+2,,,,,,,,,,,,,,,,12,16,12,8,12,8,+1,+3,+1,-1,+1,-1,"Darkvision,Opportunity Attack,Rampage",,
Newborn Gnoll,Balanced,4,20,11,+1,+2,,,,,,,,,,,,,,,,14,12,10,6,6,4,+2,+1,0,-2,-2,-3,"Darkvision,Opportunity Attack,Pack Tactics,Rampage",,
Newborn Gnoll,Explorer,4,14,11,+1,+4,,,,,,,,,,,,,,,,14,12,10,6,6,4,+2,+1,0,-2,-2,-3,"Darkvision,Opportunity Attack,Pack Tactics,Rampage",,
Newborn Gnoll,Tactician,4,26,11,+1,+2,,,,,,,,,,,,,,,,14,12,10,6,6,4,+2,+1,0,-2,-2,-3,"Darkvision,Opportunity Attack,Pack Tactics,Rampage",,
Crusher,Balanced,3,21,16,+2,+2,,,,,,,,,,,,,,,,16,14,12,10,8,10,+3,+2,+1,0,-1,0,"Crude Frenzy,Darkvision,Opportunity Attack",Slightly Drunk,
Crusher,Explorer,3,14,16,+2,+4,,,,,,,,,,,,,,,,16,14,12,10,8,10,+3,+2,+1,0,-1,0,"Crude Frenzy,Darkvision,Opportunity Attack",Slightly Drunk,
Crusher,Tactician,3,27,16,+2,+2,,,,,,,,,,,,,,,,16,14,12,10,8,10,+3,+2,+1,0,-1,0,"Crude Frenzy,Darkvision,Fury of the Small,Opportunity Attack",Slightly Drunk,
Crusher,Honour,3,31,16,+2,+2,,,,,,,,,,,,,,,,16,14,12,10,8,10,+3,+2,+1,0,-1,0,"Crude Frenzy,Darkvision,Fury of the Small,Opportunity Attack",Slightly Drunk,
Fezzerk,Balanced,3,21,14,+2,+2,,,,,,,,,,,,,,,,12,14,11,10,8,10,+1,+2,0,0,-1,0,"Crude Frenzy,Darkvision,Opportunity Attack",,
Fezzerk,Explorer,3,14,14,+2,+4,,,,,,,,,,,,,,,,12,14,11,10,8,10,+1,+2,0,0,-1,0,"Crude Frenzy,Darkvision,Opportunity Attack",,
Fezzerk,Tactician,3,27,14,+2,+2,,,,,,,,,,,,,,,,12,14,11,10,8,10,+1,+2,0,0,-1,0,"Crude Frenzy,Darkvision,Fury of the Small,Opportunity Attack",,
Fezzerk,Honour,3,31,14,+2,+2,,,,,,,,,,,,,,,,12,14,11,10,8,10,+1,+2,0,0,-1,0,"Crude Frenzy,Darkvision,Fury of the Small,Opportunity Attack",,
Grat the Trader,Balanced,1,9,13,+1,+2,,,,,,,,,,,,,,,,12,13,10,10,8,8,+1,+1,0,0,-1,-1,"Darkvision,Opportunity Attack",Slightly Drunk,
Grat the Trader,Explorer,1,6,13,+1,+4,,,,,,,,,,,,,,,,12,13,10,10,8,8,+1,+1,0,0,-1,-1,"Darkvision,Opportunity Attack",Slightly Drunk,
Grat the Trader,Tactician,1,11,13,+1,+2,,,,,,,,,,,,,,,,12,13,10,10,8,8,+1,+1,0,0,-1,-1,"Darkvision,Fury of the Small,Opportunity Attack",Slightly Drunk,
Grat the Trader,Honour,1,14,13,+1,+2,,,,,,,,,,,,,,,,12,13,10,10,8,8,+1,+1,0,0,-1,-1,"Darkvision,Fury of the Small,Opportunity Attack",Slightly Drunk,
True Soul Gut,Balanced,4,36,14,+1,+2,,,,,,,,,,,,,,,,14,12,14,16,18,16,+2,+1,+2,+5,+6,+3,"Absolute's Ward,Absolute's Mercy,Darkvision,Opportunity Attack",,
True Soul Gut,Explorer,4,25,14,+1,+4,,,,,,,,,,,,,,,,14,12,14,16,18,16,+2,+1,+2,+7,+8,+3,"Absolute's Ward,Absolute's Mercy,Darkvision,Opportunity Attack",,
True Soul Gut,Tactician,4,52,14,+1,+2,,,,,,,,,,,,,,,,14,12,14,16,18,16,+2,+1,+2,+5,+6,+3,"Absolute's Ward,Absolute's Mercy,Darkvision,Fury of the Small,Opportunity Attack",,
Sazza,Balanced,2,9,13,+1,+2,,,,,,,,,,,,,,,,10,13,10,10,8,8,0,+1,0,0,-1,-1,"Darkvision,Opportunity Attack",,
Sazza,Explorer,2,6,13,+1,+4,,,,,,,,,,,,,,,,10,13,10,10,8,8,0,+1,0,0,-1,-1,"Darkvision,Opportunity Attack",,
Sazza,Tactician,2,11,13,+1,+2,,,,,,,,,,,,,,,,10,13,10,10,8,8,0,+1,0,0,-1,-1,"Darkvision,Fury of the Small,Opportunity Attack",,
Sazza,Honour,2,14,13,+1,+2,,,,,,,,,,,,,,,,10,13,10,10,8,8,0,+1,0,0,-1,-1,"Darkvision,Fury of the Small,Opportunity Attack",,
Goblin Brawler,Balanced,1,9,13,+1,+2,,,,,,,,,,,,,,,,10,13,10,10,8,8,0,+1,0,0,-1,-1,"Darkvision,Opportunity Attack",,
Goblin Brawler,Explorer,1,6,13,+1,+4,,,,,,,,,,,,,,,,10,13,10,10,8,8,0,+1,0,0,-1,-1,Darkvision,,
Goblin Brawler,Tactician,1,11,13,+1,+2,,,,,,,,,,,,,,,,10,13,10,10,8,8,0,+1,0,0,-1,-1,"Darkvision,Fury of the Small,Opportunity Attack",,
Goblin Brawler,Honour,1,14,13,+1,+2,,,,,,,,,,,,,,,,10,13,10,10,8,8,0,+1,0,0,-1,-1,"Darkvision,Fury of the Small,Opportunity Attack",,
Goblin Booyahg,Balanced,2,13,11,+1,+2,INT,11,,,,,,,,,,,,,,8,12,10,12,8,8,-1,+1,0,+1,-1,-1,"Darkvision,Opportunity Attack",,
Goblin Booyahg,Explorer,2,9,11,+1,+4,INT,13,,,,,,,,,,,,,,8,12,10,12,8,8,-1,+1,0,+1,-1,-1,Darkvision,,
Goblin Booyahg,Tactician,2,16,11,+1,+2,INT,13,,,,,,,,,,,,,,8,12,10,12,8,8,-1,+1,0,+1,-1,-1,"Darkvision,Fury of the Small,Opportunity Attack",,
Goblin Booyahg,Honour,2,20,11,+1,+2,INT,13,,,,,,,,,,,,,,8,12,10,12,8,8,-1,+1,0,+1,-1,-1,"Darkvision,Fury of the Small,Opportunity Attack",,
Goblin Boss,Balanced,3,21,13,+2,+2,,,,,,,,,,,,,,,,12,14,11,10,8,10,+1,+2,0,0,-1,0,"Crude Frenzy,Darkvision,Opportunity Attack",,
Goblin Boss,Explorer,3,14,13,+2,+4,,,,,,,,,,,,,,,,12,14,11,10,8,10,+1,+2,0,0,-1,0,"Crude Frenzy,Darkvision,Opportunity Attack",,
Goblin Boss,Tactician,3,27,13,+2,+2,,,,,,,,,,,,,,,,12,14,11,10,8,10,+1,+2,0,0,-1,0,"Crude Frenzy,Darkvision,Fury of the Small,Opportunity Attack",,
Goblin Devout,Balanced,2,14,11,+1,+2,,,,,,,,,,,,,,,,9,12,10,10,14,8,-1,+1,0,0,+2,-1,"Darkvision,Opportunity Attack",,
Goblin Devout,Explorer,2,9,11,+1,+4,,,,,,,,,,,,,,,,9,12,10,10,14,8,-1,+1,0,0,+2,-1,"Darkvision,Opportunity Attack",,
Goblin Devout,Tactician,2,18,11,+1,+2,,,,,,,,,,,,,,,,9,12,10,10,14,8,-1,+1,0,0,+2,-1,"Darkvision,Opportunity Attack,Fury of the Small",,
Goblin Devout,Honour,2,22,11,+1,+2,,,,,,,,,,,,,,,,9,12,10,10,14,8,-1,+1,0,0,+2,-1,"Darkvision,Opportunity Attack,Fury of the Small",,
Goblin Sapper,Balanced,2,18,12,+2,+2,,,,,,,,,,,,,,,,10,14,12,8,8,8,0,+2,+1,-1,-1,-1,"Darkvision,Opportunity Attack",Death Wish,
Goblin Sapper,Explorer,2,12,12,+2,+4,,,,,,,,,,,,,,,,10,14,12,8,8,8,0,+2,+1,-1,-1,-1,"Darkvision,Opportunity Attack",Death Wish,
Goblin Sapper,Tactician,2,27,12,+2,+2,,,,,,,,,,,,,,,,10,14,12,8,8,8,0,+2,+1,-1,-1,-1,"Darkvision,Fury of the Small,Mobile: Evade Difficult Terrain,Opportunity Attack",Death Wish,
Goblin Sharp-Eye,Balanced,2,12,13,+2,+2,,,,,,,,,,,,,,,,8,14,10,10,8,8,-1,+2,0,0,-1,-1,"Darkvision,Opportunity Attack",,
Goblin Sharp-Eye,Explorer,2,8,13,+2,+4,,,,,,,,,,,,,,,,8,14,10,10,8,8,-1,+2,0,0,-1,-1,"Darkvision,Opportunity Attack",,
Goblin Sharp-Eye,Tactician,2,15,13,+2,+2,,,,,,,,,,,,,,,,8,14,10,10,8,8,-1,+2,0,0,-1,-1,"Darkvision,Fury of the Small,Opportunity Attack",,
Goblin Sharp-Eye,Honour,2,19,13,+2,+2,,,,,,,,,,,,,,,,8,14,10,10,8,8,-1,+2,0,0,-1,-1,"Darkvision,Fury of the Small,Opportunity Attack",,
Goblin Tracker,Balanced,1,7,13,+2,+2,,,,,,,,,,,,,,,,8,14,10,10,8,8,-1,+2,0,0,-1,-1,"Darkvision,Opportunity Attack",,
Goblin Tracker,Explorer,1,4,13,+2,+4,,,,,,,,,,,,,,,,8,14,10,10,8,8,-1,+2,0,0,-1,-1,Darkvision,,
Goblin Tracker,Tactician,1,9,13,+2,+2,,,,,,,,,,,,,,,,8,14,10,10,8,8,-1,+2,0,0,-1,-1,"Darkvision,Fury of the Small,Opportunity Attack",,
Goblin Tracker,Honour,1,11,13,+2,+2,,,,,,,,,,,,,,,,8,14,10,10,8,8,-1,+2,0,0,-1,-1,"Darkvision,Fury of the Small,Opportunity Attack",,
Goblin Warlock,Balanced,2,13,11,+1,+2,,,,,,,,,,,,,,,,11,12,10,10,8,14,0,+1,0,0,-1,+2,"Darkvision,Opportunity Attack",,
Goblin Warlock,Explorer,2,9,11,+1,+4,,,,,,,,,,,,,,,,11,12,10,10,8,14,0,+1,0,0,-1,+2,"Darkvision,Opportunity Attack",,
Goblin Warlock,Tactician,2,16,11,+1,+2,,,,,,,,,,,,,,,,11,12,10,10,8,14,0,+1,0,0,-1,+2,"Darkvision,Fury of the Small,Opportunity Attack",,
Goblin Warlock,Honour,2,20,11,+1,+2,,,,,,,,,,,,,,,,11,12,10,10,8,14,0,+1,0,0,-1,+2,"Darkvision,Fury of the Small,Opportunity Attack",,
Goblin Warrior,Balanced,2,15,13,+1,+2,,,,,,,,,,,,,,,,12,13,11,10,8,8,+1,+1,0,0,-1,-1,"Darkvision,Opportunity Attack",,
Goblin Warrior,Explorer,2,10,13,+1,+4,,,,,,,,,,,,,,,,12,13,11,10,8,8,+1,+1,0,0,-1,-1,"Darkvision,Opportunity Attack",,
Goblin Warrior,Tactician,2,19,13,+1,+2,,,,,,,,,,,,,,,,12,13,11,10,8,8,+1,+1,0,0,-1,-1,"Darkvision,Fury of the Small,Opportunity Attack",,
Goblin Warrior,Honour,2,23,13,+1,+2,,,,,,,,,,,,,,,,12,13,11,10,8,8,+1,+1,0,0,-1,-1,"Darkvision,Fury of the Small,Opportunity Attack",,
Grasping Vine,Balanced,1,20,13,+3,+2,,,,,,,,Vulnerable,,,,Immune,Immune,,,16,16,10,2,2,2,+3,+3,0,-4,-4,-4,,,
Grasping Vine,Tactician,1,26,13,+3,+2,,,,,,,,Vulnerable,,,,Immune,Immune,,,16,16,10,2,2,2,+3,+3,0,-4,-4,-4,,,
Grease Elemental,Balanced,9,122,13,0,+4,,,,,,,,Vulnerable,,,,Immune,,,,18,10,16,6,10,7,+4,0,+3,-2,0,-2,"Darkvision,Multiattack: Muddy,Opportunity Attack",,
Grease Elemental,Explorer,9,85,13,0,+6,,,,,,,,Vulnerable,,,,Immune,,,,18,10,16,6,10,7,+4,0,+3,-2,0,-2,"Darkvision,Multiattack: Muddy,Opportunity Attack",,
Grease Elemental,Tactician,9,158,13,0,+4,,,,,,,,Vulnerable,,,,Immune,,,,18,10,16,6,10,7,+4,0,+3,-2,0,-2,"Darkvision,Multiattack: Muddy,Opportunity Attack",,
Greaseball,Balanced,3,52,8,-2,+2,,,,,Full Resistance,,,Vulnerable,,Full Resistance,,,,,,15,6,14,2,6,1,+2,-2,+2,-4,-2,-5,"Blindsight,Darkvision,Opportunity Attack",,
Greaseball,Explorer,3,36,8,-2,+4,,,,,Full Resistance,,,Vulnerable,,Full Resistance,,,,,,15,6,14,2,6,1,+2,-2,+2,-4,-2,-5,"Blindsight,Darkvision,Opportunity Attack",,
Greaseball,Tactician,3,67,8,-2,+2,,,,,Full Resistance,,,Vulnerable,,Full Resistance,,,,,,15,6,14,2,6,1,+2,-2,+2,-4,-2,-5,"Blindsight,Darkvision,Opportunity Attack,Extra Attack",,
Gremishka,Balanced,1,16,13,+3,+2,,,,,,,,,,,,,,,,8,16,10,12,11,4,-1,+5,0,+1,0,-3,"Darkvision,Evasion,Opportunity Attack",Magic Allergy,
Gremishka,Explorer,1,11,13,+3,+4,,,,,,,,,,,,,,,,8,16,10,12,11,4,-1,+7,0,+1,0,-3,"Darkvision,Evasion,Opportunity Attack",Magic Allergy,
Gremishka,Tactician,1,20,13,+3,+2,,,,,,,,,,,,,,,,8,16,10,12,11,4,-1,+5,0,+1,0,-3,"Darkvision,Evasion,Opportunity Attack",Magic Allergy,
Visage of Cowardice,Balanced,7,34,12,0,+3,,,,,,,,,,,Full Resistance,Immune,Vulnerable,,,6,10,8,14,14,8,-2,0,-1,+2,+2,-1,"Accursed Coins,Darkvision,Opportunity Attack",Shadow Visage,
Visage of Cowardice,Explorer,7,23,12,0,+5,,,,,,,,,,,Full Resistance,Immune,Vulnerable,,,6,10,8,14,14,8,-2,0,-1,+2,+2,-1,"Accursed Coins,Darkvision,Opportunity Attack",Shadow Visage,
Visage of Cowardice,Tactician,7,44,12,0,+3,,,,,,,,,,,Full Resistance,Immune,Vulnerable,,,6,10,8,14,14,8,-2,0,-1,+2,+2,-1,"Accursed Coins,Darkvision,Opportunity Attack,Turn Resistance",Shadow Visage,
Visage of Greed,Balanced,7,34,12,0,+3,,,,,,,,,,,Full Resistance,Immune,Vulnerable,,,6,10,8,14,14,8,-2,0,-1,+2,+2,-1,"Accursed Coins,Darkvision,Opportunity Attack",Shadow Visage,
Visage of Greed,Explorer,7,23,12,0,+5,,,,,,,,,,,Full Resistance,Immune,Vulnerable,,,6,10,8,14,14,8,-2,0,-1,+2,+2,-1,"Accursed Coins,Darkvision,Opportunity Attack",Shadow Visage,
Visage of Greed,Tactician,7,44,12,0,+3,,,,,,,,,,,Full Resistance,Immune,Vulnerable,,,6,10,8,14,14,8,-2,0,-1,+2,+2,-1,"Accursed Coins,Darkvision,Opportunity Attack,Turn Resistance",Shadow Visage,
Visage of Guilt,Balanced,7,34,12,0,+3,,,,,,,,,,,Full Resistance,Immune,Vulnerable,,,6,10,8,14,14,8,-2,0,-1,+2,+2,-1,"Accursed Coins,Darkvision,Opportunity Attack",Shadow Visage,
Visage of Guilt,Explorer,7,23,12,0,+5,,,,,,,,,,,Full Resistance,Immune,Vulnerable,,,6,10,8,14,14,8,-2,0,-1,+2,+2,-1,"Accursed Coins,Darkvision,Opportunity Attack",Shadow Visage,
Visage of Guilt,Tactician,7,44,12,0,+3,,,,,,,,,,,Full Resistance,Immune,Vulnerable,,,6,10,8,14,14,8,-2,0,-1,+2,+2,-1,"Accursed Coins,Darkvision,Opportunity Attack,Turn Resistance",Shadow Visage,
Visage of Heartlessness,Balanced,7,34,12,0,+3,,,,,,,,,,,Full Resistance,Immune,Vulnerable,,,6,10,8,14,14,8,-2,0,-1,+2,+2,-1,"Accursed Coins,Darkvision,Opportunity Attack",Shadow Visage,
Visage of Heartlessness,Explorer,7,23,12,0,+5,,,,,,,,,,,Full Resistance,Immune,Vulnerable,,,6,10,8,14,14,8,-2,0,-1,+2,+2,-1,"Accursed Coins,Darkvision,Opportunity Attack",Shadow Visage,
Visage of Heartlessness,Tactician,7,44,12,0,+3,,,,,,,,,,,Full Resistance,Immune,Vulnerable,,,6,10,8,14,14,8,-2,0,-1,+2,+2,-1,"Accursed Coins,Darkvision,Opportunity Attack,Turn Resistance",Shadow Visage,
Visage of Obedience,Balanced,7,34,12,0,+3,,,,,,,,,,,Full Resistance,Immune,Vulnerable,,,6,10,8,14,14,8,-2,0,-1,+2,+2,-1,"Accursed Coins,Darkvision,Opportunity Attack",Shadow Visage,
Visage of Obedience,Explorer,7,23,12,0,+5,,,,,,,,,,,Full Resistance,Immune,Vulnerable,,,6,10,8,14,14,8,-2,0,-1,+2,+2,-1,"Accursed Coins,Darkvision,Opportunity Attack",Shadow Visage,
Visage of Obedience,Tactician,7,44,12,0,+3,,,,,,,,,,,Full Resistance,Immune,Vulnerable,,,6,10,8,14,14,8,-2,0,-1,+2,+2,-1,"Accursed Coins,Darkvision,Opportunity Attack,Turn Resistance",Shadow Visage,
Visage of Regret,Balanced,7,34,12,0,+3,,,,,,,,,,,Full Resistance,Immune,Vulnerable,,,6,10,8,14,14,8,-2,0,-1,+2,+2,-1,"Accursed Coins,Darkvision,Opportunity Attack",Shadow Visage,
Visage of Regret,Explorer,7,23,12,0,+5,,,,,,,,,,,Full Resistance,Immune,Vulnerable,,,6,10,8,14,14,8,-2,0,-1,+2,+2,-1,"Accursed Coins,Darkvision,Opportunity Attack",Shadow Visage,
Visage of Regret,Tactician,7,44,12,0,+3,,,,,,,,,,,Full Resistance,Immune,Vulnerable,,,6,10,8,14,14,8,-2,0,-1,+2,+2,-1,"Accursed Coins,Darkvision,Opportunity Attack,Turn Resistance",Shadow Visage,
Harpy,Balanced,3,24,13,+2,+2,,,,,,,,,,,,,,,,12,14,12,7,10,16,+1,+2,+1,-2,0,+3,"Multiattack: Lured,Opportunity Attack",,
Harpy,Explorer,3,16,13,+2,+4,,,,,,,,,,,,,,,,12,14,12,7,10,16,+1,+2,+1,-2,0,+3,"Multiattack: Lured,Opportunity Attack",,
Harpy,Tactician,3,31,13,+2,+2,,,,,,,,,,,,,,,,12,14,12,7,10,16,+1,+2,+1,-2,0,+3,"Multiattack: Lured,Opportunity Attack",,
Hellsboar,Balanced,3,19,11,0,+2,,,,,,,,Full Resistance,,,,Full Resistance,,,,16,11,15,6,8,5,+3,0,+2,-2,-1,-3,"Blazing Hide,Darkvision,Opportunity Attack",,
Hellsboar,Explorer,3,13,11,0,+4,,,,,,,,Full Resistance,,,,Full Resistance,,,,16,11,15,6,8,5,+3,0,+2,-2,-1,-3,"Blazing Hide,Darkvision,Opportunity Attack",,
Hellsboar,Tactician,3,24,11,0,+2,,,,,,,,Full Resistance,,,,Full Resistance,,,,16,11,15,6,8,5,+3,0,+2,-2,-1,-3,"Blazing Hide,Darkvision,Opportunity Attack",,
Blurg,Balanced,5,70,11,+1,+3,,,,,,,,,,,,,,,,16,12,14,18,14,14,+3,+1,+2,+7,+5,+5,"Darkvision,Extra Attack,Martial Advantage,Opportunity Attack",,
Blurg,Explorer,5,49,11,+1,+5,,,,,,,,,,,,,,,,16,12,14,18,14,14,+3,+1,+2,+9,+7,+7,"Darkvision,Extra Attack,Martial Advantage,Opportunity Attack",,
Blurg,Tactician,5,91,11,+1,+3,,,,,,,,,,,,,,,,16,12,14,18,14,14,+3,+1,+2,+7,+5,+5,"Darkvision,Extra Attack,Martial Advantage,Opportunity Attack",,
Dror Ragzlin,Balanced,5,75,14,+1,+3,STR,15,,,,,,,,,,,,,,18,12,16,12,10,15,+7,+1,+6,+4,+3,+5,"Danger Sense,Darkvision,Extra Attack,Fast Movement,Martial Advantage,Opportunity Attack,Unarmoured Defence (Barbarian)",,
Dror Ragzlin,Explorer,5,52,14,+1,+5,STR,17,,,,,,,,,,,,,,18,12,16,12,10,15,+9,+1,+8,+6,+5,+7,"Danger Sense,Darkvision,Extra Attack,Fast Movement,Martial Advantage,Opportunity Attack,Unarmoured Defence (Barbarian)",,
Dror Ragzlin,Tactician,5,97,14,+1,+3,STR,17,,,,,,,,,,,,,,18,12,16,12,10,15,+7,+1,+6,+4,+3,+5,"Danger Sense,Darkvision,Extra Attack,Fast Movement,Martial Advantage,Opportunity Attack,Unarmoured Defence (Barbarian)",,
Dror Ragzlin,Honour,5,97,14,+1,+3,STR,17,,,,,,,,,,,,,,18,12,16,12,10,15,+7,+1,+6,+4,+3,+5,"Danger Sense,Darkvision,Extra Attack,Fast Movement,Legendary Action: Devoted Galvanism,Martial Advantage,Opportunity Attack,Unarmoured Defence (Barbarian)",,"Arachnid Compulsion,Galvanise"
Kled,Balanced,5,75,14,+1,+3,,,,,,,,,,,,,,,,18,12,16,10,12,15,+4,+1,+3,0,+1,+2,"Darkvision,Martial Advantage,Opportunity Attack,Unarmoured Defence (Barbarian)",,
Kled,Explorer,5,52,14,+1,+5,,,,,,,,,,,,,,,,18,12,16,10,12,15,+4,+1,+3,0,+1,+2,"Darkvision,Martial Advantage,Opportunity Attack,Unarmoured Defence (Barbarian)",,
Kled,Tactician,5,97,14,+1,+3,,,,,,,,,,,,,,,,18,12,16,10,12,15,+4,+1,+3,0,+1,+2,"Darkvision,Martial Advantage,Opportunity Attack,Unarmoured Defence (Barbarian)",,
Hook Horror,Balanced,4,75,15,0,+2,STR,14,,,,,,,,,,,,,,18,10,15,6,12,7,+4,0,+2,-2,+1,-2,"Blindsight,Darkvision,Multiattack: Prone (Hook Horror),Opportunity Attack",,
Hook Horror,Explorer,4,52,15,0,+4,STR,16,,,,,,,,,,,,,,18,10,15,6,12,7,+4,0,+2,-2,+1,-2,"Blindsight,Darkvision,Multiattack: Prone (Hook Horror),Opportunity Attack",,
Hook Horror,Tactician,4,97,15,0,+2,STR,16,,,,,,,,,,,,,,18,10,15,6,12,7,+4,0,+2,-2,+1,-2,"Blindsight,Darkvision,Multiattack: Prone (Hook Horror),Opportunity Attack",,
Hook Horror Spore Servant,Balanced,,75,15,0,,,,,,,,,,,,,Full Resistance,,,,18,10,15,6,12,7,+4,0,+2,-2,+1,-2,"Blindsight,Darkvision,Multiattack: Prone (Hook Horror),Opportunity Attack",,
Hook Horror Spore Servant,Explorer,,52,15,0,,,,,,,,,,,,,Full Resistance,,,,18,10,15,6,12,7,+4,0,+2,-2,+1,-2,"Blindsight,Darkvision,Multiattack: Prone (Hook Horror),Opportunity Attack",,
Hook Horror Spore Servant,Tactician,,97,15,0,,,,,,,,,,,,,Full Resistance,,,,18,10,15,6,12,7,+4,0,+2,-2,+1,-2,"Blindsight,Darkvision,Multiattack: Prone (Hook Horror),Opportunity Attack",,
Bugbear Assassin,Balanced,3,27,14,+2,+2,,,,,,,,,,,,,,,,14,14,13,8,11,9,+2,+2,+1,-1,0,-1,"Brute,Darkvision,Opportunity Attack,Tenacity",,
Bugbear Assassin,Explorer,3,18,14,+2,+4,,,,,,,,,,,,,,,,14,14,13,8,11,9,+2,+2,+1,-1,0,-1,"Brute,Darkvision,Tenacity",,
Bugbear Assassin,Tactician,3,35,14,+2,+2,,,,,,,,,,,,,,,,14,14,13,8,11,9,+2,+2,+1,-1,0,-1,"Brute,Darkvision,Opportunity Attack,Tenacity",,
Chop,Balanced,,45,14,+2,,,,,,,,,,,,,,,,,18,14,13,6,7,7,+4,+2,+1,-2,-2,-2,"Brute,Darkvision,Extra Attack,Opportunity Attack",,
Chop,Explorer,,31,14,+2,,,,,,,,,,,,,,,,,18,14,13,6,7,7,+4,+2,+1,-2,-2,-2,"Brute,Darkvision,Extra Attack,Opportunity Attack",,
Chop,Tactician,,58,14,+2,,,,,,,,,,,,,,,,,18,14,13,6,7,7,+4,+2,+1,-2,-2,-2,"Brute,Darkvision,Extra Attack,Opportunity Attack,Savage Attacker",,
Grukkoh,Balanced,3,27,14,+2,+2,,,,,,,,,,,,,,,,15,14,13,8,11,9,+2,+2,+1,-1,0,-1,"Brute,Darkvision,Opportunity Attack,Tenacity",,
Grukkoh,Explorer,3,18,14,+2,+4,,,,,,,,,,,,,,,,15,14,13,8,11,9,+2,+2,+1,-1,0,-1,"Brute,Darkvision,Opportunity Attack,Tenacity",,
Grukkoh,Tactician,3,35,14,+2,+2,,,,,,,,,,,,,,,,15,14,13,8,11,9,+2,+2,+1,-1,0,-1,"Brute,Darkvision,Opportunity Attack,Savage Attacker,Tenacity",,
Lann Tarv,Balanced,5,46,16,+2,+3,,,,,,,,,,,,,,,,17,14,14,11,12,11,+3,+2,+2,0,+1,0,"Brute,Darkvision,Extra Attack,Opportunity Attack,Tenacity",,
Lann Tarv,Explorer,5,32,16,+2,+5,,,,,,,,,,,,,,,,17,14,14,11,12,11,+3,+2,+2,0,+1,0,"Brute,Darkvision,Extra Attack,Opportunity Attack,Tenacity",,
Lann Tarv,Tactician,5,59,16,+2,+3,,,,,,,,,,,,,,,,17,14,14,11,12,11,+3,+2,+2,0,+1,0,"Brute,Darkvision,Extra Attack,Opportunity Attack,Relentless Avenger,Tenacity",,
Kobold Inventor,Balanced,5,17,12,+2,+3,,,,,,,,,,,,,,,,7,15,12,8,7,8,-2,+2,+1,-1,-2,-1,"Darkvision,Opportunity Attack,Pack Tactics,Sunlight Sensitivity",,
Kobold Inventor,Explorer,5,11,12,+2,+5,,,,,,,,,,,,,,,,7,15,12,8,7,8,-2,+2,+1,-1,-2,-1,"Darkvision,Opportunity Attack,Pack Tactics,Sunlight Sensitivity",,
Kobold Inventor,Tactician,5,27,13,+3,+3,,,,,,,,,,,,,,,,7,17,12,8,7,8,-2,+3,+1,-1,-2,-1,"Darkvision,Evasion,Opportunity Attack,Pack Tactics,Sunlight Sensitivity",,
Kobold Looter,Balanced,5,12,12,+2,+3,,,,,,,,,,,,,,,,8,14,9,8,7,8,-1,+2,-1,-1,-2,-1,"Darkvision,Opportunity Attack,Pack Tactics,Sunlight Sensitivity","Drunk,Firewine Belly",
Kobold Looter,Explorer,5,8,12,+2,+5,,,,,,,,,,,,,,,,8,14,9,8,7,8,-1,+2,-1,-1,-2,-1,"Darkvision,Opportunity Attack,Pack Tactics,Sunlight Sensitivity","Drunk,Firewine Belly",
Kobold Looter,Tactician,5,20,13,+3,+3,,,,,,,,,,,,,,,,8,16,9,8,7,8,-1,+3,-1,-1,-2,-1,"Darkvision,Evasion,Opportunity Attack,Pack Tactics,Sunlight Sensitivity","Drunk,Firewine Belly",
Kobold Scout,Balanced,5,9,12,+2,+3,,,,,,,,,,,,,,,,7,15,9,8,7,8,-2,+2,-1,-1,-2,-1,"Darkvision,Opportunity Attack,Pack Tactics,Sunlight Sensitivity",Firewine Belly,
Kobold Scout,Explorer,5,6,12,+2,+5,,,,,,,,,,,,,,,,7,15,9,8,7,8,-2,+2,-1,-1,-2,-1,"Darkvision,Opportunity Attack,Pack Tactics,Sunlight Sensitivity",Firewine Belly,
Kobold Scout,Tactician,5,11,13,+3,+3,,,,,,,,,,,,,,,,7,17,9,8,7,8,-2,+3,-1,-1,-2,-1,"Darkvision,Evasion,Opportunity Attack,Pack Tactics,Sunlight Sensitivity",Firewine Belly,
Kobold Scout,Honour,5,16,13,+3,+3,,,,,,,,,,,,,,,,7,17,9,8,7,8,-2,+3,-1,-1,-2,-1,"Darkvision,Evasion,Opportunity Attack,Pack Tactics,Sunlight Sensitivity",Firewine Belly,
Kuo-toa Hunter,Balanced,2,16,12,+1,+2,,,,,,,,,,,,,,,,11,13,11,11,10,8,0,+1,0,0,0,-1,"BOOOAL's Faithful,Darkvision,Opportunity Attack,Sunlight Sensitivity",BOOOAL's Faithful,
Kuo-toa Hunter,Explorer,2,11,12,+1,+4,,,,,,,,,,,,,,,,11,13,11,11,10,8,0,+1,0,0,0,-1,"BOOOAL's Faithful,Darkvision,Opportunity Attack,Sunlight Sensitivity",BOOOAL's Faithful,
Kuo-toa Hunter,Tactician,2,20,12,+1,+2,,,,,,,,,,,,,,,,11,13,11,11,10,8,0,+1,0,0,0,-1,"BOOOAL's Faithful,Darkvision,Opportunity Attack,Sunlight Sensitivity",BOOOAL's Faithful,
Cursed Kuo-Toa (Ranged),Balanced,6,30,6,0,+3,,,,,,,Vulnerable,Full Resistance,,Immune,Full Resistance,,,,,11,11,13,6,5,3,0,0,+1,-2,-3,-4,"Darkvision,Electrocution Immunity,Sunlight Sensitivity,Opportunity Attack","Shadow-Cursed Undead,Drenched",
Cursed Kuo-Toa (Ranged),Explorer,6,21,6,0,+5,,,,,,,Vulnerable,Full Resistance,,Immune,Full Resistance,,,,,11,11,13,6,5,3,0,0,+1,-2,-3,-4,"Darkvision,Electrocution Immunity,Sunlight Sensitivity,Opportunity Attack","Shadow-Cursed Undead,Drenched",
Cursed Kuo-Toa (Ranged),Tactician,6,39,6,0,+3,,,,,,,Vulnerable,Full Resistance,,Immune,Full Resistance,,,,,11,11,13,6,5,3,0,0,+1,-2,-3,-4,"Darkvision,Electrocution Immunity,Rend With White Lightning,Sunlight Sensitivity,Opportunity Attack","Shadow-Cursed Undead,Drenched",
Cursed Kuo-Toa Chief,Balanced,7,97,13,+2,+3,,,,,,,Vulnerable,Full Resistance,,Vulnerable,Full Resistance,,,,,16,14,16,13,16,14,+3,+2,+3,+1,+3,+2,"Shocking Sting,Throwing: Lightning Damage,Darkvision,Electrocution Immunity,Opportunity Attack,Sunlight Sensitivity","Drenched,Shadow-Cursed Undead",
Cursed Kuo-Toa Chief,Explorer,7,67,13,+2,+5,,,,,,,Vulnerable,Full Resistance,,Vulnerable,Full Resistance,,,,,16,14,16,13,16,14,+3,+2,+3,+1,+3,+2,"Shocking Sting,Throwing: Lightning Damage,Darkvision,Electrocution Immunity,Opportunity Attack,Sunlight Sensitivity","Drenched,Shadow-Cursed Undead",
Cursed Kuo-Toa Chief,Tactician,7,126,13,+2,+3,,,,,,,Vulnerable,Full Resistance,,Vulnerable,Full Resistance,,,,,16,14,16,13,16,14,+3,+2,+3,+1,+3,+2,"Shocking Sting,Throwing: Lightning Damage,Darkvision,Electrocution Immunity,Opportunity Attack,Sunlight Sensitivity,Rend With White Lightning","Drenched,Shadow-Cursed Undead",
Pooldripp the Zealous,Balanced,2,15,11,0,+2,,,,,,,,,,,,,,,,11,10,11,13,10,8,0,0,0,+3,0,+1,"BOOOAL's Faithful,Darkvision,Opportunity Attack,Sunlight Sensitivity",,
Pooldripp the Zealous,Explorer,2,10,11,0,+4,,,,,,,,,,,,,,,,11,10,11,13,10,8,0,0,0,+5,0,+3,"BOOOAL's Faithful,Darkvision,Opportunity Attack,Sunlight Sensitivity",,
Pooldripp the Zealous,Tactician,2,19,11,0,+2,,,,,,,,,,,,,,,,11,10,11,13,10,8,0,0,0,+3,0,+1,"BOOOAL's Faithful,Darkvision,Opportunity Attack,Sunlight Sensitivity",,
He Who Was,Balanced,6,76,15,+4,+3,,,,,,,,,,,Immune,,,,,10,18,12,16,14,14,+3,+7,+4,+3,+2,+2,"Darkvision,Extra Attack,Fey Ancestry,Misty Presence,Opportunity Attack",Burden of Time Aura,
He Who Was,Explorer,6,53,15,+4,+5,,,,,,,,,,,Immune,,,,,10,18,12,16,14,14,+5,+9,+6,+3,+2,+2,"Darkvision,Extra Attack,Fey Ancestry,Misty Presence,Opportunity Attack",Burden of Time Aura,
He Who Was,Tactician,6,98,15,+4,+3,,,,,,,,,,,Immune,,,,,10,18,12,16,14,14,+3,+7,+4,+3,+2,+2,"Darkvision,Extra Attack,Fey Ancestry,Misty Presence,Opportunity Attack",Burden of Time Aura,
Blaise Hhune,Balanced,11,58,12,+1,+4,,,Immune,Immune,Immune,,,,,,,,,,,16,13,14,10,11,10,+3,+1,+2,0,0,0,"Multiattack: Wounded (Werewolf),Opportunity Attack",,
Blaise Hhune,Explorer,11,40,12,+1,+6,,,Immune,Immune,Immune,,,,,,,,,,,16,13,14,10,11,10,+3,+1,+2,0,0,0,"Multiattack: Wounded (Werewolf),Opportunity Attack",,
Blaise Hhune,Tactician,11,75,12,+1,+4,,,Immune,Immune,Immune,,,,,,,,,,,16,13,14,10,11,10,+3,+1,+2,0,0,0,"Multiattack: Wounded (Werewolf),Opportunity Attack",,
Duver Rillyn,Balanced,11,58,12,+1,+4,,,Immune,Immune,Immune,,,,,,,,,,,16,13,14,10,11,10,+3,+1,+2,0,0,0,"Multiattack: Wounded (Werewolf),Opportunity Attack",,
Duver Rillyn,Explorer,11,40,12,+1,+6,,,Immune,Immune,Immune,,,,,,,,,,,16,13,14,10,11,10,+3,+1,+2,0,0,0,"Multiattack: Wounded (Werewolf),Opportunity Attack",,
Duver Rillyn,Tactician,11,75,12,+1,+4,,,Immune,Immune,Immune,,,,,,,,,,,16,13,14,10,11,10,+3,+1,+2,0,0,0,"Multiattack: Wounded (Werewolf),Opportunity Attack",,
Gheris Hhune,Balanced,11,58,12,+1,+4,,,Immune,Immune,Immune,,,,,,,,,,,16,13,14,10,11,10,+3,+1,+2,0,0,0,"Multiattack: Wounded (Werewolf),Opportunity Attack",,
Gheris Hhune,Explorer,11,40,12,+1,+6,,,Immune,Immune,Immune,,,,,,,,,,,16,13,14,10,11,10,+3,+1,+2,0,0,0,"Multiattack: Wounded (Werewolf),Opportunity Attack",,
Gheris Hhune,Tactician,11,75,12,+1,+4,,,Immune,Immune,Immune,,,,,,,,,,,16,13,14,10,11,10,+3,+1,+2,0,0,0,"Multiattack: Wounded (Werewolf),Opportunity Attack",,
Lurianna Sauvage,Balanced,11,58,12,+1,+4,,,Immune,Immune,Immune,,,,,,,,,,,16,13,14,10,11,10,+3,+1,+2,0,0,0,"Multiattack: Wounded (Werewolf),Opportunity Attack",,
Lurianna Sauvage,Explorer,11,40,12,+1,+6,,,Immune,Immune,Immune,,,,,,,,,,,16,13,14,10,11,10,+3,+1,+2,0,0,0,"Multiattack: Wounded (Werewolf),Opportunity Attack",,
Lurianna Sauvage,Tactician,11,75,12,+1,+4,,,Immune,Immune,Immune,,,,,,,,,,,16,13,14,10,11,10,+3,+1,+2,0,0,0,"Multiattack: Wounded (Werewolf),Opportunity Attack",,
Predator Werewolf,Balanced,12,58,12,+1,+4,,,Immune,Immune,Immune,,,,,,,,,,,18,13,14,10,11,10,+4,+1,+2,0,0,0,"Multiattack: Wounded (Werewolf),Opportunity Attack",,
Predator Werewolf,Explorer,12,40,12,+1,+6,,,Immune,Immune,Immune,,,,,,,,,,,18,13,14,10,11,10,+4,+1,+2,0,0,0,"Multiattack: Wounded (Werewolf),Opportunity Attack",,
Predator Werewolf,Tactician,12,75,12,+1,+4,,,Immune,Immune,Immune,,,,,,,,,,,18,13,14,10,11,10,+4,+1,+2,0,0,0,"Multiattack: Wounded (Werewolf),Opportunity Attack",,
Orin the Red,Balanced,12,145,20,+7,+4,CHA,16,,,,,,,,,,,,,,18,22,17,14,16,19,+4,+10,+3,+6,+3,+4,"Ambusher (+1),Crimson Weapon,Darkvision,Evasion,Exploit Weakness,Fast Hands,Immutable Form,Improved Critical,Magic Resistance,Opportunity Attack,Perfect Sentry,Prey Upon the Weak,Reliable Talent,Superior Padding (-1),Uncanny Dodge",,
Orin the Red,Explorer,12,101,20,+7,+6,CHA,18,,,,,,,,,,,,,,18,22,17,14,16,19,+4,+12,+3,+8,+3,+4,"Ambusher (+1),Crimson Weapon,Darkvision,Evasion,Exploit Weakness,Fast Hands,Immutable Form,Improved Critical,Magic Resistance,Opportunity Attack,Perfect Sentry,Prey Upon the Weak,Reliable Talent,Superior Padding (-1),Uncanny Dodge",,
Orin the Red,Tactician,12,208,20,+7,+4,CHA,18,,,,,,,,,,,,,,18,22,17,14,16,19,+4,+10,+3,+6,+3,+4,"Ambusher (+1),Crimson Weapon,Darkvision,Evasion,Exploit Weakness,Fast Hands,Immutable Form,Improved Critical,Magic Resistance,Opportunity Attack,Perfect Sentry,Prey Upon the Weak,Reliable Talent,Superior Padding (-1),Uncanny Dodge",Legendary Resistance: Incapacitation,
Orin the Red,Honour,12,208,20,+7,+4,CHA,18,,,,,,,,,,,,,,18,22,17,14,16,19,+4,+10,+3,+6,+3,+4,"Ambusher (+1),Crimson Weapon,Darkvision,Evasion,Exploit Weakness,Fast Hands,Improved Critical,Legendary Action: Murderous Retort,Magic Resistance,Opportunity Attack,Perfect Sentry,Prey Upon the Weak,Reliable Talent,Superior Padding (-1),Uncanny Dodge",Legendary Resistance: Incapacitation,
Orin (Slayer Form),Balanced,12,175,18,+4,+4,STR,19,,,,,,,,,,,,,,25,18,17,14,16,19,+7,+8,+3,+6,+3,+4,"Darkvision,Evasion,Fast Hands,Immutable Form,Magic Resistance,Opportunity Attack,Perfect Sentry,Reliable Talent,Slayer's Improved Extra Attack,Uncanny Dodge","Slayer Form,Unstoppable",
Orin (Slayer Form),Explorer,12,131,18,+4,+6,STR,21,,,,,,,,,,,,,,25,18,17,14,16,19,+7,+10,+3,+8,+3,+4,"Darkvision,Evasion,Fast Hands,Immutable Form,Magic Resistance,Opportunity Attack,Perfect Sentry,Reliable Talent,Slayer's Improved Extra Attack,Uncanny Dodge","Slayer Form,Unstoppable",
Orin (Slayer Form),Tactician,12,238,18,+4,+4,STR,21,,,,,,,,,,,,,,25,18,17,14,16,19,+7,+8,+3,+6,+3,+4,"Darkvision,Evasion,Fast Hands,Immutable Form,Magic Resistance,Opportunity Attack,Perfect Sentry,Reliable Talent,Slayer's Improved Extra Attack,Uncanny Dodge","Legendary Resistance: Incapacitation,Slayer Form,Unstoppable",
Orin (Slayer Form),Honour,12,238,18,+4,+4,STR,21,,,,,,,,,,,,,,25,18,17,14,16,19,+7,+8,+3,+6,+3,+4,"Legendary Action: Murderous Retort,Darkvision,Evasion,Fast Hands,Immutable Form,Magic Resistance,Opportunity Attack,Perfect Sentry,Reliable Talent,Slayer's Improved Extra Attack,Uncanny Dodge","Legendary Resistance: Incapacitation,Slayer Form,Unstoppable",Sanguine Lash
Sahuagin,Balanced,6,38,12,0,+3,,,,,,,,,,,,,,,,13,11,12,12,13,9,+1,0,+1,+1,+1,-1,"Opportunity Attack,Scenting Blood",,
Sahuagin,Explorer,6,26,12,0,+5,,,,,,,,,,,,,,,,13,11,12,12,13,9,+1,0,+1,+1,+1,-1,"Opportunity Attack,Scenting Blood",,
Sahuagin,Tactician,6,49,12,0,+3,,,,,,,,,,,,,,,,13,11,12,12,13,9,+1,0,+1,+1,+1,-1,"Opportunity Attack,Scenting Blood",,
Hyena (Shadow-Cursed Lands),Balanced,1,12,12,+6,+2,,,,,,,,,,,,,,,,11,13,12,2,18,5,0,+1,+1,-4,+4,-3,"Alert,Opportunity Attack,Pack Tactics",,
Hyena (Shadow-Cursed Lands),Explorer,1,8,12,+6,+4,,,,,,,,,,,,,,,,11,13,12,2,18,5,0,+1,+1,-4,+4,-3,"Alert,Opportunity Attack,Pack Tactics",,
Hyena (Shadow-Cursed Lands),Tactician,1,15,12,+6,+2,,,,,,,,,,,,,,,,11,13,12,2,18,5,0,+1,+1,-4,+4,-3,"Alert,Opportunity Attack,Pack Tactics",,
Bugthimble,Balanced,7,46,14,+4,+3,,,,,,,,,,,,,,,,8,18,11,10,7,10,-1,+4,0,0,-2,0,"Cauteriser,Darkvision,Opportunity Attack,Pack Tactics,Sunlight Sensitivity",,
Bugthimble,Explorer,7,32,14,+4,+5,,,,,,,,,,,,,,,,8,18,11,10,7,10,-1,+4,0,0,-2,0,"Cauteriser,Darkvision,Opportunity Attack,Pack Tactics,Sunlight Sensitivity",,
Bugthimble,Tactician,7,59,15,+5,+3,,,,,,,,,,,,,,,,8,20,11,10,7,10,-1,+5,0,0,-2,0,"Cauteriser,Darkvision,Opportunity Attack,Pack Tactics,Sunlight Sensitivity,Evasion",,
Koll the Red,Balanced,5,17,13,+2,+3,,,,,,,,,,,,,,,,7,15,12,8,7,8,-2,+2,+1,-1,-2,-1,"Darkvision,Opportunity Attack,Pack Tactics,Sunlight Sensitivity",,
Koll the Red,Explorer,5,11,13,+2,+5,,,,,,,,,,,,,,,,7,15,12,8,7,8,-2,+2,+1,-1,-2,-1,"Darkvision,Opportunity Attack,Pack Tactics,Sunlight Sensitivity",,
Koll the Red,Tactician,5,22,14,+3,+3,,,,,,,,,,,,,,,,7,17,12,8,7,8,-2,+3,+1,-1,-2,-1,"Darkvision,Opportunity Attack,Pack Tactics,Sunlight Sensitivity,Evasion",,
Popper,Balanced,5,49,12,+2,+3,,,,,,,,,,,,,,,,8,14,9,8,7,8,-1,+2,-1,-1,-2,-1,"Darkvision,Opportunity Attack,Pack Tactics,Sunlight Sensitivity",,
Popper,Explorer,5,34,12,+2,+5,,,,,,,,,,,,,,,,8,14,9,8,7,8,-1,+2,-1,-1,-2,-1,"Darkvision,Opportunity Attack,Pack Tactics,Sunlight Sensitivity",,
Popper,Tactician,5,68,14,+3,+3,,,,,,,,,,,,,,,,8,16,9,8,7,8,-1,+3,-1,-1,-2,-1,"Darkvision,Opportunity Attack,Pack Tactics,Sunlight Sensitivity,Evasion",,
Kuo-toa,Balanced,2,18,13,0,+2,,,,,,,,,,,,,,,,13,10,11,11,10,8,+1,0,0,0,0,-1,"BOOOAL's Faithful,Darkvision,Opportunity Attack,Sunlight Sensitivity",BOOOAL's Faithful,
Kuo-toa,Explorer,2,12,13,0,+4,,,,,,,,,,,,,,,,13,10,11,11,10,8,+1,0,0,0,0,-1,"BOOOAL's Faithful,Darkvision,Opportunity Attack,Sunlight Sensitivity",BOOOAL's Faithful,
Kuo-toa,Tactician,2,23,13,0,+2,,,,,,,,,,,,,,,,13,10,11,11,10,8,+1,0,0,0,0,-1,"BOOOAL's Faithful,Darkvision,Opportunity Attack,Sunlight Sensitivity",BOOOAL's Faithful,
Kuo-toa,Honour,2,62,15,+2,+2,,,,,,,,,,,,,,,,16,14,13,11,10,8,+3,+2,+1,0,0,-1,"BOOOAL's Faithful,Darkvision,Evasion,Opportunity Attack,Sunlight Sensitivity",BOOOAL's Faithful,
Lava Elemental,Balanced,6,95,12,-1,+3,STR,15,,Full Resistance,,,Vulnerable,Immune,,,,Full Resistance,,,,19,8,18,5,10,5,+4,-1,+4,-3,0,-3,"Opportunity Attack,Superior Darkvision","Magmatic Disturbance,Magmatic Regeneration",
Lava Elemental,Explorer,6,66,12,-1,+5,STR,17,,Full Resistance,,,Vulnerable,Immune,,,,Full Resistance,,,,19,8,18,5,10,5,+4,-1,+4,-3,0,-3,"Opportunity Attack,Superior Darkvision","Magmatic Disturbance,Magmatic Regeneration",
Lava Elemental,Tactician,6,123,12,-1,+3,STR,17,,Full Resistance,,,Vulnerable,Immune,,,,Full Resistance,,,,19,8,18,5,10,5,+4,-1,+4,-3,0,-3,"Opportunity Attack,Superior Darkvision","Magmatic Disturbance,Magmatic Regeneration",
Lightning Hallucination,Balanced,6,4,17,+3,+3,,,,,,,,,,Immune,,,,,,6,17,13,11,12,14,-2,+3,+1,0,+1,+2,Darkvision,Lightning Resistance Aura,
Lightning Hallucination,Explorer,6,2,17,+3,+5,,,,,,,,,,Immune,,,,,,6,17,13,11,12,14,-2,+3,+1,0,+1,+2,Darkvision,Lightning Resistance Aura,
Lightning Hallucination,Tactician,6,5,17,+3,+3,,,,,,,,,,Immune,,,,,,6,17,13,11,12,14,-2,+3,+1,0,+1,+2,Darkvision,Lightning Resistance Aura,
Meazel,Balanced,5,68,14,+4,+3,,,,,,,,,,,,,,,,12,19,12,14,14,10,+1,+4,+1,+2,+2,0,"Darkvision,Opportunity Attack",,
Meazel,Explorer,5,47,14,+4,+5,,,,,,,,,,,,,,,,12,19,12,14,14,10,+1,+4,+1,+2,+2,0,"Darkvision,Opportunity Attack",,
Meazel,Tactician,5,88,14,+4,+3,,,,,,,,,,,,,,,,12,19,12,14,14,10,+1,+4,+1,+2,+2,0,"Darkvision,Opportunity Attack",,
Meenlock,Balanced,6,49,16,+3,+3,,,,,,,,,,,,,,,,7,17,14,11,12,8,-2,+3,+2,0,+1,-1,"Light Sensitivity,Opportunity Attack",Fear Aura,
Meenlock,Tactician,6,63,17,+4,+3,,,,,,,,,,,,,,,,7,18,18,11,12,8,-2,+4,+4,0,+1,-1,"Light Sensitivity,Opportunity Attack",Fear Aura,
Boney,Balanced,,14,11,+1,,,,,,,,,,,,,Immune,,,,8,12,12,9,11,7,-1,+1,+1,-1,0,-2,"Darkvision,Death Burst: Force,Opportunity Attack",,
Boney,Tactician,,23,14,+1,,,,,,,,,,,,,Immune,,,,8,12,12,9,11,7,-1,+1,+1,-1,0,-2,"Darkvision,Death Burst: Force,Opportunity Attack",,
Young Grease Mephit,Balanced,4,14,11,+1,+2,,,,,,,,Vulnerable,,,,Immune,,,,8,12,12,9,11,7,-1,+1,+1,-1,0,-2,"Darkvision,Death Burst: Force,Opportunity Attack",,
Young Grease Mephit,Explorer,4,9,11,+1,+4,,,,,,,,Vulnerable,,,,Immune,,,,8,12,12,9,11,7,-1,+1,+1,-1,0,-2,"Darkvision,Death Burst: Force,Opportunity Attack",,
Young Grease Mephit,Tactician,4,23,14,+1,+2,,,,,,,,Vulnerable,,,,Immune,,,,8,12,12,9,11,7,-1,+1,+1,-1,0,-2,"Darkvision,Death Burst: Force,Opportunity Attack",,
Young Magma Mephit,Balanced,3,12,11,+1,+2,,,,,,,Vulnerable,Immune,,,,Full Resistance,,,,8,12,12,7,10,10,-1,+1,+1,-2,0,0,"Darkvision,Death Burst: Fire,Opportunity Attack",,
Young Magma Mephit,Explorer,3,8,11,+1,+4,,,,,,,Vulnerable,Immune,,,,Full Resistance,,,,8,12,12,7,10,10,-1,+1,+1,-2,0,0,"Darkvision,Death Burst: Fire,Opportunity Attack",,
Young Magma Mephit,Tactician,3,15,11,+1,+2,,,,,,,Vulnerable,Immune,,,,Full Resistance,,,,8,12,12,7,10,10,-1,+1,+1,-2,0,0,"Darkvision,Death Burst: Fire,Opportunity Attack",,
Ancient Mud Mephit,Balanced,3,14,11,+1,+2,,,,,,,,,,,,Immune,,,,8,12,12,9,11,7,-1,+1,+1,-1,0,-2,"Darkvision,Death Burst: Force,Opportunity Attack",,
Ancient Mud Mephit,Explorer,3,9,11,+1,+4,,,,,,,,,,,,Immune,,,,8,12,12,9,11,7,-1,+1,+1,-1,0,-2,"Darkvision,Death Burst: Force,Opportunity Attack",,
Ancient Mud Mephit,Tactician,3,23,14,+1,+2,,,,,,,,,,,,Immune,,,,8,12,12,9,11,7,-1,+1,+1,-1,0,-2,"Darkvision,Death Burst: Force,Opportunity Attack",,
Young Mud Mephit,Balanced,1,6,11,+1,+2,,,,,,,,,,,,Immune,,,,8,12,12,9,11,7,-1,+1,+1,-1,0,-2,"Darkvision,Death Burst: Force,Opportunity Attack",,
Young Mud Mephit,Explorer,1,4,11,+1,+4,,,,,,,,,,,,Immune,,,,8,12,12,9,11,7,-1,+1,+1,-1,0,-2,"Darkvision,Death Burst: Force,Opportunity Attack",,
Young Mud Mephit,Tactician,1,12,14,+1,+2,,,,,,,,,,,,Immune,,,,8,12,12,9,11,7,-1,+1,+1,-1,0,-2,"Darkvision,Death Burst: Force,Opportunity Attack",,
Mimic,Balanced,3,58,12,+1,+2,,,,,,Immune,,,,,,,,,,17,12,15,5,13,8,+3,+1,+2,-3,+1,-1,"Darkvision,Opportunity Attack",,
Mimic,Explorer,3,40,12,+1,+4,,,,,,Immune,,,,,,,,,,17,12,15,5,13,8,+3,+1,+2,-3,+1,-1,"Darkvision,Opportunity Attack",,
Mimic,Tactician,3,75,12,+1,+2,,,Full Resistance,Full Resistance,Full Resistance,Immune,,,,,,,,,,17,12,15,5,13,8,+3,+1,+2,-3,+1,-1,"Darkvision,Opportunity Attack",,
Minotaur,Balanced,4,84,14,0,+2,STR,14,,,,,,,,,,,,,,18,11,16,6,16,9,+4,0,+3,-2,+3,-1,"Darkvision,Muscular,Opportunity Attack",,
Minotaur,Explorer,4,59,14,0,+4,STR,16,,,,,,,,,,,,,,18,11,16,6,16,9,+4,0,+3,-2,+3,-1,"Darkvision,Muscular,Opportunity Attack",,
Minotaur,Tactician,4,117,14,0,+2,STR,16,,,,,,,,,,,,,,18,11,16,6,16,9,+4,0,+3,-2,+3,-1,"Brutal Critical,Darkvision,Muscular,Opportunity Attack,Savage Attacker",,
Phase Spider Matriarch,Balanced,5,125,16,+4,+3,DEX,15,,,,,,,,,,Immune,,,,16,19,14,6,12,6,+3,+4,+2,-2,+1,-2,"Darkvision,Opportunity Attack,Web Walker",,
Phase Spider Matriarch,Explorer,5,87,16,+4,+5,DEX,17,,,,,,,,,,Immune,,,,16,19,14,6,12,6,+3,+4,+2,-2,+1,-2,"Darkvision,Opportunity Attack,Web Walker",,
Phase Spider Matriarch,Tactician,5,162,17,+5,+3,DEX,18,,,,,,,,,,Immune,,,,17,20,14,6,14,6,+3,+5,+2,-2,+2,-2,"Darkvision,Opportunity Attack,Web Walker",,
Phase Spider Matriarch,Honour,5,162,17,+5,+3,DEX,18,,,,,,,,,,Immune,,,,17,20,14,6,14,6,+3,+5,+2,-2,+2,-2,"Darkvision,Legendary Action: Gossamer Tomb,Opportunity Attack,Web Walker","Legendary Action: Gossamer Tomb,See Invisibility",
Phase Spiderling,Balanced,1,6,8,-1,+2,,,,,,,,,,,,Full Resistance,,,,6,8,6,8,4,4,-2,-1,-2,-1,-3,-3,"Darkvision,Opportunity Attack,Web Walker",,
Phase Spiderling,Explorer,1,4,8,-1,+4,,,,,,,,,,,,Full Resistance,,,,6,8,6,8,4,4,-2,-1,-2,-1,-3,-3,"Darkvision,Opportunity Attack,Web Walker",,
Phase Spiderling,Tactician,1,7,8,-1,+2,,,,,,,,,,,,Full Resistance,,,,7,9,6,8,6,4,-2,-1,-2,-1,-2,-3,"Darkvision,Opportunity Attack,Web Walker",,
Shadow Mastiff Alpha,Balanced,6,44,14,+2,+3,,,,,,,,,,,,,,,,16,14,13,5,12,5,+3,+2,+1,-3,+1,-3,"Darkvision,Knockdown Jaws,Opportunity Attack,Shadow Veil,Shadowblend,Shadowthief,Sunlight Weakness",,
Shadow Mastiff Alpha,Explorer,6,30,14,+2,+5,,,,,,,,,,,,,,,,16,14,13,5,12,5,+3,+2,+1,-3,+1,-3,"Darkvision,Knockdown Jaws,Opportunity Attack,Shadow Veil,Shadowblend,Shadowthief,Sunlight Weakness",,
Shadow Mastiff Alpha,Tactician,6,57,14,+2,+3,,,,,,,,,,,,,,,,16,14,13,5,12,5,+3,+2,+1,-3,+1,-3,"Darkvision,Knockdown Jaws,Opportunity Attack,Shadow Veil,Shadowblend,Shadowthief,Sunlight Weakness",,
Tara,Balanced,1,12,12,+2,+2,,,,,,,,,,,,,,,,3,15,10,11,12,12,-4,+2,0,0,+3,+3,"Darkvision,Feline Fall,Opportunity Attack",,
Tara,Explorer,1,8,12,+2,+4,,,,,,,,,,,,,,,,3,15,10,11,12,12,-4,+2,0,0,+5,+5,"Darkvision,Feline Fall,Opportunity Attack",,
Tara,Tactician,1,15,12,+2,+2,,,,,,,,,,,,,,,,3,15,10,11,12,12,-4,+2,0,0,+3,+3,"Darkvision,Feline Fall,Opportunity Attack",,
Slayer,Balanced,,98,16,+2,,,,,,,,,,,,,,,,,20,14,17,10,10,8,+5,+2,+3,0,0,-1,Slayer's Extra Attack,Slayer Form,
Mossy Myconid,Balanced,4,38,12,0,+2,,,,,,,,Vulnerable,,,,,,,,12,10,14,14,13,7,+1,0,+2,+2,+1,-2,"Darkvision,Opportunity Attack,Sun Sickness",,
Mossy Myconid,Explorer,4,26,12,0,+4,,,,,,,,Vulnerable,,,,,,,,12,10,14,14,13,7,+1,0,+2,+2,+1,-2,"Darkvision,Opportunity Attack,Sun Sickness",,
Mossy Myconid,Tactician,4,49,12,0,+2,,,,,,,,Vulnerable,,,,,,,,12,10,14,14,13,7,+1,0,+2,+2,+1,-2,"Darkvision,Opportunity Attack,Sun Sickness",,
Mud Elemental,Balanced,9,122,13,0,+4,,,,,,,,,,,,Immune,,,,17,10,16,6,10,7,+3,0,+3,-2,0,-2,"Darkvision,Multiattack: Muddy,Opportunity Attack",,
Mud Elemental,Explorer,9,85,13,0,+6,,,,,,,,,,,,Immune,,,,17,10,16,6,10,7,+3,0,+3,-2,0,-2,"Darkvision,Multiattack: Muddy,Opportunity Attack",,
Mud Elemental,Tactician,9,158,13,0,+4,,,,,,,,,,,,Immune,,,,17,10,16,6,10,7,+3,0,+3,-2,0,-2,"Darkvision,Multiattack: Muddy,Opportunity Attack",,
Mummy,Balanced,11,93,18,+2,+4,,,Resistance to Non-Magical,Resistance to Non-Magical,Resistance to Non-Magical,,,Vulnerable,,,Immune,Immune,,,,16,14,15,6,10,12,+3,+2,+2,-2,+4,+1,"Darkvision,Multiattack: Frightened,Opportunity Attack",,
Mummy,Explorer,11,186,18,+2,+6,,,Resistance to Non-Magical,Resistance to Non-Magical,Resistance to Non-Magical,,,Vulnerable,,,Immune,Immune,,,,16,14,15,6,10,12,+3,+2,+2,-2,+6,+1,"Darkvision,Multiattack: Frightened,Opportunity Attack",,
Zara the Mummy,Balanced,8,85,12,0,+3,,,Full Resistance,Full Resistance,Full Resistance,,,Vulnerable,,,Immune,Immune,,,,16,10,15,6,10,12,+3,0,+2,-2,+3,+1,"Darkvision,Multiattack: Frightened,Opportunity Attack",,
Zara the Mummy,Tactician,8,110,12,0,+3,,,Full Resistance,Full Resistance,Full Resistance,,,Vulnerable,,,Immune,Immune,,,,16,10,15,6,10,12,+3,0,+2,-2,+3,+1,"Darkvision,Multiattack: Frightened,Opportunity Attack",,
Ancient Servant,Balanced,8,85,12,0,+3,,,Resistance to Non-Magical,Resistance to Non-Magical,Resistance to Non-Magical,,,Vulnerable,,,Immune,Immune,,,,16,10,15,6,10,12,+3,0,+2,-2,+3,+1,"Darkvision,Multiattack: Frightened,Opportunity Attack",,
Ancient Servant,Explorer,8,59,12,0,+5,,,Resistance to Non-Magical,Resistance to Non-Magical,Resistance to Non-Magical,,,Vulnerable,,,Immune,Immune,,,,16,10,15,6,10,12,+3,0,+2,-2,+5,+1,"Darkvision,Multiattack: Frightened,Opportunity Attack",,
Ancient Servant,Tactician,8,110,12,0,+3,,,Resistance to Non-Magical,Resistance to Non-Magical,Resistance to Non-Magical,,,Vulnerable,,,Immune,Immune,,,,16,10,15,6,10,12,+3,0,+2,-2,+3,+1,"Darkvision,Multiattack: Frightened,Opportunity Attack",,
Mystic Carrion,Balanced,12,143,17,0,+4,WIS,17,Resistance to Non-Magical,Resistance to Non-Magical,Resistance to Non-Magical,,,,,,Immune,Immune,,,,15,10,17,15,20,16,+2,0,+7,+6,+9,+7,"Darkvision,Heightened Necromancy,Life Essence Harvest,Magic Resistance,Multiattack: Frightened,Opportunity Attack,Permanently Armed,Turn Resistance","Unbeating Heart,Curdled Liver,Thoughtless Brain,Breathless Lungs",
Mystic Carrion,Explorer,12,100,17,0,+6,WIS,19,Resistance to Non-Magical,Resistance to Non-Magical,Resistance to Non-Magical,,,,,,Immune,Immune,,,,15,10,17,15,20,16,+2,0,+9,+8,+11,+9,"Darkvision,Heightened Necromancy,Life Essence Harvest,Magic Resistance,Multiattack: Frightened,Opportunity Attack,Permanently Armed,Turn Resistance","Unbeating Heart,Curdled Liver,Thoughtless Brain,Breathless Lungs",
Mystic Carrion,Tactician,12,185,17,0,+4,WIS,19,Immune,Immune,Immune,,,,,,Immune,Immune,,,,15,10,17,15,20,16,+2,0,+7,+6,+9,+7,"Darkvision,Heightened Necromancy,Life Essence Harvest,Magic Resistance,Multiattack: Frightened,Opportunity Attack,Permanently Armed,Turn Resistance","Legendary Resistance,Unbeating Heart,Curdled Liver,Thoughtless Brain,Breathless Lungs",Mortal Uncoiling
Mystic Carrion,Honour,12,185,17,0,+4,WIS,19,Immune,Immune,Immune,,,,,,Immune,Immune,,,,15,10,17,15,20,16,+2,0,+7,+6,+9,+7,"Darkvision,Heightened Necromancy,Life Essence Harvest,Magic Resistance,Multiattack: Frightened,Opportunity Attack,Permanently Armed,Turn Resistance,Legendary Action: Torrential Undeath","Legendary Resistance,Legendary Action: Torrential Undeath,Unbeating Heart,Curdled Liver,Thoughtless Brain,Breathless Lungs","Mortal Uncoiling,Legendary Action: Torrential Undeath"
Murderous Crow,Balanced,3,19,18,+4,+2,,,,,,,,,,,,,,,,8,18,8,3,12,6,-1,+4,-1,-4,+1,-2,"Darkvision,Opportunity Attack",,
Murderous Crow,Explorer,3,13,18,+4,+4,,,,,,,,,,,,,,,,8,18,8,3,12,6,-1,+4,-1,-4,+1,-2,"Darkvision,Opportunity Attack",,
Murderous Crow,Tactician,3,24,18,+4,+2,,,,,,,,,,,,,,,,8,18,8,3,12,6,-1,+4,-1,-4,+1,-2,"Darkvision,Opportunity Attack",,
Sovereign Glut,Balanced,4,44,14,0,+2,,,,,,,,Vulnerable,,,,,,,,14,10,16,12,10,10,+2,0,+3,+1,0,0,"Darkvision,Multiattack: Prone (Glut),Muscular,Opportunity Attack,Sun Sickness",,
Sovereign Glut,Explorer,4,30,14,0,+4,,,,,,,,Vulnerable,,,,,,,,14,10,16,12,10,10,+2,0,+3,+1,0,0,"Darkvision,Multiattack: Prone (Glut),Muscular,Opportunity Attack,Sun Sickness",,
Sovereign Glut,Tactician,4,57,14,0,+2,,,,,,,,Vulnerable,,,,,,,,14,10,16,12,10,10,+2,0,+3,+1,0,0,"Darkvision,Multiattack: Prone (Glut),Muscular,Opportunity Attack,Sun Sickness",,
Sovereign Spaw,Balanced,5,112,13,0,+3,,,,,,,,Vulnerable,,,,,,,,18,10,14,13,15,10,+4,0,+2,+1,+2,0,"Darkvision,Multiattack: Spores,Muscular,Opportunity Attack,Sun Sickness",,
Sovereign Spaw,Explorer,5,78,13,0,+5,,,,,,,,Vulnerable,,,,,,,,18,10,14,13,15,10,+4,0,+2,+1,+2,0,"Darkvision,Multiattack: Spores,Muscular,Opportunity Attack,Sun Sickness",,
Sovereign Spaw,Tactician,5,145,13,0,+3,,,,,,,,Vulnerable,,,,,,,,18,10,14,13,15,10,+4,0,+2,+1,+2,0,"Darkvision,Multiattack: Spores,Muscular,Opportunity Attack,Sun Sickness",,
Noxious Myconid,Balanced,4,42,12,0,+2,,,,,,,,Vulnerable,,,,,,,,11,10,12,11,13,7,0,0,+1,0,+1,-2,"Darkvision,Opportunity Attack,Sun Sickness",,
Noxious Myconid,Explorer,4,29,12,0,+4,,,,,,,,Vulnerable,,,,,,,,11,10,12,11,13,7,0,0,+1,0,+1,-2,"Darkvision,Opportunity Attack,Sun Sickness",,
Noxious Myconid,Tactician,4,54,12,0,+2,,,,,,,,Vulnerable,,,,,,,,11,10,12,11,13,7,0,0,+1,0,+1,-2,"Darkvision,Opportunity Attack,Sun Sickness",,
Restless Myconid,Balanced,4,36,12,0,+2,,,,,,,,Vulnerable,,,,,,,,10,10,10,12,13,7,0,0,0,+1,+1,-2,"Darkvision,Opportunity Attack,Sun Sickness",,
Restless Myconid,Explorer,4,25,12,0,+4,,,,,,,,Vulnerable,,,,,,,,10,10,10,12,13,7,0,0,0,+1,+1,-2,"Darkvision,Opportunity Attack,Sun Sickness",,
Restless Myconid,Tactician,4,46,12,0,+2,,,,,,,,Vulnerable,,,,,,,,10,10,10,12,13,7,0,0,0,+1,+1,-2,"Darkvision,Opportunity Attack,Sun Sickness",,
Ochre Jelly,Balanced,5,52,8,-2,+3,,,,,Full Resistance,,,,,Full Resistance,,,,,,15,6,14,2,6,1,+2,-2,+2,-4,-2,-5,"Blindsight,Darkvision,Opportunity Attack",,
Ochre Jelly,Explorer,5,36,8,-2,+5,,,,,Full Resistance,,,,,Full Resistance,,,,,,15,6,14,2,6,1,+2,-2,+2,-4,-2,-5,"Blindsight,Darkvision,Opportunity Attack",,
Ochre Jelly,Tactician,5,67,8,-2,+3,,,,,Full Resistance,,,,,Full Resistance,,,,,,15,6,14,2,6,1,+2,-2,+2,-4,-2,-5,"Blindsight,Darkvision,Extra Attack,Opportunity Attack",,
Guard Gurgon,Balanced,4,59,12,+1,+2,STR,15,,,,,,,,,,,,,,21,12,16,5,7,7,+5,+1,+3,-3,-2,-2,"Darkvision,Ogre's Mark,Opportunity Attack,Tenacity",,
Guard Gurgon,Explorer,4,41,12,+1,+4,STR,17,,,,,,,,,,,,,,21,12,16,5,7,7,+5,+1,+3,-3,-2,-2,"Darkvision,Ogre's Mark,Opportunity Attack,Tenacity",,
Guard Gurgon,Tactician,4,76,12,+1,+2,STR,18,,,,,,,,,,,,,,22,12,16,5,7,7,+6,+1,+3,-3,-2,-2,"Darkvision,Ogre's Mark,Opportunity Attack,Tenacity",,
Owlbear (Wild Shape),Balanced,3,65,15,+1,+2,,,,,,,,,,,,,,,,20,12,17,3,12,7,+5,+1,+3,-4,+1,-2,"Darkvision,Multiattack: Enraged,Opportunity Attack",,
Owlbear Mate,Balanced,3,118,13,+1,+2,,,,,,,,,,,,,,,,20,12,17,3,12,7,+5,+1,+3,-4,+1,-2,"Darkvision,Multiattack: Enraged,Opportunity Attack",,
Owlbear Mate,Tactician,3,118,13,+1,+2,,,,,,,,,,,,,,,,20,12,17,3,12,7,+5,+1,+3,-4,+1,-2,"Darkvision,Multiattack: Enraged,Opportunity Attack",,
Owlbear Mate,Honour,3,118,13,+1,+2,,,,,,,,,,,,,,,,20,12,17,3,12,7,+5,+1,+3,-4,+1,-2,"Darkvision,Multiattack: Enraged,Opportunity Attack,Vengeful Father",,
Phase Spider,Balanced,3,24,13,+2,+2,DEX,12,,,,,,,,,,Full Resistance,,,,15,15,12,6,10,6,+2,+2,+1,-2,0,-2,"Darkvision,Opportunity Attack,Web Walker",,
Phase Spider,Tactician,3,31,13,+3,+2,DEX,15,,,,,,,,,,Full Resistance,,,,16,16,12,6,12,6,+3,+3,+1,-2,+1,-2,"Darkvision,Opportunity Attack,Web Walker",,
Phase Spider,Honour,3,31,14,+3,+2,DEX,15,,,,,,,,,,Full Resistance,,,,16,16,12,6,12,6,+3,+3,+1,-2,+1,-2,"Darkvision,Opportunity Attack,Web Walker",See Invisibility,
Dolly Dolly Dolly,Balanced,1,4,10,0,+2,,,,,,,,,,,,,,,,5,10,5,8,8,10,-3,0,-3,-1,-1,0,,,
Shadow-Cursed Needle Blight,Balanced,3,22,15,+2,+2,,,,,,,,,,,,,,,,12,14,13,4,8,3,+1,+2,+1,-3,-1,-4,"Needle Burst,Opportunity Attack,Perfect Sentry,Superior Darkvision",,
Shadow-Cursed Needle Blight,Tactician,3,28,15,+2,+2,,,,,,,,,,,,,,,,12,14,13,4,8,3,+1,+2,+1,-3,-1,-4,"Sprouting Necrosis,Needle Burst,Opportunity Attack,Perfect Sentry,Superior Darkvision",,
Shadow-Cursed Vine Blight,Balanced,6,56,12,-1,+3,,,,,,,,,,,Full Resistance,,,,,18,8,14,5,10,3,+4,-1,+2,-3,0,-4,"Opportunity Attack,Perfect Sentry,Superior Darkvision",,
Shadow-Cursed Vine Blight,Tactician,6,72,12,-1,+3,,,,,,,,,,,Full Resistance,,,,,18,8,14,5,10,3,+4,-1,+2,-3,0,-4,"Tanglevine Form,Sprouting Necrosis,Opportunity Attack,Perfect Sentry,Superior Darkvision",,
Shadow-Cursed Shambling Mound,Balanced,9,156,17,+1,+4,,,,,,,Full Resistance,Full Resistance,,Immune,Full Resistance,,,,,20,12,16,5,12,5,+5,+1,+3,-3,+1,-3,"External Digestion,Opportunity Attack,Perfect Sentry,Superior Darkvision",,
Shadow-Cursed Shambling Mound,Explorer,9,109,17,+1,+6,,,,,,,Full Resistance,Full Resistance,,Immune,Full Resistance,,,,,20,12,16,5,12,5,+5,+1,+3,-3,+1,-3,"External Digestion,Opportunity Attack,Perfect Sentry,Superior Darkvision",,
Shadow-Cursed Shambling Mound,Tactician,9,202,17,+1,+4,,,,Immune,,,Full Resistance,Full Resistance,,Immune,Full Resistance,,,,,20,12,16,5,12,5,+5,+1,+3,-3,+1,-3,"Tanglevine Form,Magic Resistance,External Digestion,Opportunity Attack,Perfect Sentry,Superior Darkvision",,
Shadow-Cursed Shambling Mound,Honour,9,202,17,+1,+4,,,,Immune,,,Full Resistance,Full Resistance,,Immune,Full Resistance,,,,,20,12,16,5,12,5,+5,+1,+3,-3,+1,-3,"Legendary Action: Wretched Growth,Tanglevine Form,Magic Resistance,External Digestion,Opportunity Attack,Perfect Sentry,Superior Darkvision",,
Wood Woad,Balanced,4,42,16,+1,+2,,,Full Resistance,Full Resistance,,,,Vulnerable,,,,,,,,18,12,16,10,13,8,+4,+1,+3,0,+1,-1,"Darkvision,Magic Club,Opportunity Attack,Regeneration",Regeneration,
Wood Woad,Explorer,4,29,16,+1,+4,,,Full Resistance,Full Resistance,,,,Vulnerable,,,,,,,,18,12,16,10,13,8,+4,+1,+3,0,+1,-1,"Darkvision,Magic Club,Opportunity Attack,Regeneration",Regeneration,
Wood Woad,Tactician,4,54,16,+1,+2,,,Full Resistance,Full Resistance,,,,Vulnerable,,,,,,,,18,12,16,10,13,8,+4,+1,+3,0,+1,-1,"Darkvision,Magic Club,Opportunity Attack,Regeneration",Regeneration,
Giant Shadow Creeper,Balanced,7,48,14,+3,+3,,,,,,,,,,,Full Resistance,Immune,Immune,,,22,16,20,4,4,2,+6,+3,+5,-3,-3,-4,"Blindsight,Darkvision",,
Giant Shadow Creeper,Explorer,7,33,14,+3,+5,,,,,,,,,,,Full Resistance,Immune,Immune,,,22,16,20,4,4,2,+6,+3,+5,-3,-3,-4,"Blindsight,Darkvision",,
Giant Shadow Creeper,Tactician,7,62,14,+3,+3,,,,,,,,,,,Full Resistance,Immune,Immune,,,22,16,20,4,4,2,+6,+3,+5,-3,-3,-4,"Blindsight,Darkvision",,
Shadow Creeper,Balanced,6,8,13,+3,+3,,,,,,,,,,,Full Resistance,Immune,Immune,,,16,16,10,2,2,2,+3,+3,0,-4,-4,-4,"Darkvision,Blindsight",,
Poison Hallucination,Balanced,6,4,17,+3,+3,,,,,,,,,,,,Immune,,,,6,17,13,11,12,14,-2,+3,+1,0,+1,+2,Darkvision,Poison Resistance Aura,
Poison Hallucination,Explorer,6,2,17,+3,+5,,,,,,,,,,,,Immune,,,,6,17,13,11,12,14,-2,+3,+1,0,+1,+2,Darkvision,Poison Resistance Aura,
Poison Hallucination,Tactician,6,5,17,+3,+3,,,,,,,,,,,,Immune,,,,6,17,13,11,12,14,-2,+3,+1,0,+1,+2,Darkvision,Poison Resistance Aura,
Rat,Balanced,1,1,11,+1,+2,,,,,,,,,,,,,,,,10,12,9,2,10,4,0,+1,-1,-4,0,-3,Darkvision,,
Dire Raven,Balanced,3,13,16,+2,+2,,,,,,,,,,,,,,,,6,14,8,3,12,6,-2,+2,-1,-4,+1,-2,"Opportunity Attack,Prey's Scent",,
Dire Raven,Explorer,3,26,16,+2,+2,,,,,,,,,,,,,,,,6,14,8,3,12,6,0,+4,+1,-2,+3,0,"Opportunity Attack,Prey's Scent",,
Qudenos,Balanced,17,400,19,0,+6,,,,,,,,,,,,,,,,27,10,25,16,13,21,+8,+6,+13,+3,+7,+11,"Darkvision,Magic Resistance,Opportunity Attack,Great Wyrm's Scales","Legendary Resistance: Incapacitation,Legendary Action: Draconic Fury",
Qudenos,Explorer,17,280,19,0,+8,,,,,,,,,,,,,,,,27,10,25,16,13,21,+8,+8,+15,+3,+9,+13,"Darkvision,Magic Resistance,Opportunity Attack","Legendary Resistance: Incapacitation,Legendary Action: Draconic Fury",
Qudenos,Tactician,17,520,19,0,+6,,,,,,,,,,,,,,,,27,10,25,16,13,21,+8,+6,+13,+3,+7,+11,"Legendary Action: Draconic Fury,Darkvision,Magic Resistance,Opportunity Attack,Greater Wyrm's Scales","Legendary Resistance: Incapacitation,Legendary Action: Draconic Fury",
Dominated Red Dragon,Balanced,17,400,19,0,+6,INT,17,,,,,,Immune,,,,,,,,27,10,25,16,13,21,+8,+6,+13,+3,+7,+11,"Darkvision,Great Wyrm's Scales,Magic Resistance,Opportunity Attack",Psychically Dominated,
Dominated Red Dragon,Explorer,17,280,19,0,+8,INT,19,,,,,,Immune,,,,,,,,27,10,25,16,13,21,+8,+8,+15,+3,+9,+13,"Darkvision,Magic Resistance,Opportunity Attack",Psychically Dominated,
Dominated Red Dragon,Tactician,17,520,19,0,+6,INT,19,,,,,,Immune,,,,,,,,27,10,25,16,13,21,+8,+6,+13,+3,+7,+11,"Darkvision,Greater Wyrm's Scales,Legendary Action: Draconic Fury,Magic Resistance,Opportunity Attack",Psychically Dominated,
Tipplesome Patron,Balanced,4,67,14,+1,+2,,,,,,,,,,,,,,,,18,13,18,10,16,9,+4,+1,+4,0,+3,-1,"Darkvision,Ethel's Twisted Blessing,Opportunity Attack",,
Tipplesome Patron,Explorer,4,46,14,+1,+4,,,,,,,,,,,,,,,,18,13,18,10,16,9,+4,+1,+4,0,+3,-1,"Darkvision,Ethel's Twisted Blessing,Opportunity Attack",,
Tipplesome Patron,Tactician,4,87,14,+1,+2,,,,,,,,,,,,,,,,18,13,18,10,19,9,+4,+1,+4,0,+4,-1,"Darkvision,Ethel's Twisted Blessing,Opportunity Attack,War Caster: Concentration",,
Fred,Balanced,4,45,14,+1,+2,,,,,,,,,,,,,,,,18,13,18,10,12,9,+4,+1,+4,0,+1,-1,"Opportunity Attack,Steeped in Slaughter,Darkvision,Multiattack: Bloodlust",,
Fred,Explorer,4,31,14,+1,+2,,,,,,,,,,,,,,,,18,13,18,10,12,9,+4,+1,+4,0,+1,-1,"Opportunity Attack,Steeped in Slaughter,Darkvision,Multiattack: Bloodlust",,
Fred,Tactician,4,58,14,+1,+2,,,,,,,,,,,,,,,,18,13,18,10,12,9,+4,+1,+4,0,+1,-1,"Opportunity Attack,Steeped in Slaughter,Darkvision,Multiattack: Bloodlust",,
Jatlo,Balanced,5,85,18,+3,+3,,,,,,,,,,,,,,,,20,16,20,10,12,9,+5,+3,+5,0,+1,-1,"Darkvision,Ethel's Twisted Blessing,Merry Revelry,Opportunity Attack,Multiattack: Bloodlust,Steeped in Slaughter",,
Jatlo,Explorer,5,59,18,+3,+5,,,,,,,,,,,,,,,,20,16,20,10,12,9,+5,+3,+5,0,+1,-1,"Darkvision,Ethel's Twisted Blessing,Merry Revelry,Opportunity Attack,Multiattack: Bloodlust,Steeped in Slaughter",,
Jatlo,Tactician,5,110,18,+3,+3,,,,,,,,,,,,,,,,20,16,20,10,12,9,+5,+3,+5,0,+1,-1,"Darkvision,Ethel's Twisted Blessing,Merry Revelry,Opportunity Attack,Multiattack: Bloodlust,Steeped in Slaughter",,
Jatlo (Dragonborn),Balanced,5,85,18,+3,+3,,,,,,,,,,,,,,,,18,12,16,12,10,15,+4,+1,+3,+1,0,+2,,,
Paramidious,Balanced,4,45,14,+1,+2,,,,,,,,,,,,,,,,18,13,18,10,12,9,+4,+1,+4,0,+1,-1,"Opportunity Attack,Steeped in Slaughter,Darkvision,Multiattack: Bloodlust",,
Paramidious,Explorer,4,31,14,+1,+2,,,,,,,,,,,,,,,,18,13,18,10,12,9,+4,+1,+4,0,+1,-1,"Opportunity Attack,Steeped in Slaughter,Darkvision,Multiattack: Bloodlust",,
Paramidious,Tactician,4,58,14,+1,+2,,,,,,,,,,,,,,,,18,13,18,10,12,9,+4,+1,+4,0,+1,-1,"Opportunity Attack,Steeped in Slaughter,Darkvision,Multiattack: Bloodlust",,
Redcap,Balanced,4,45,14,+1,+2,,,,,,,,,,,,,,,,18,13,18,10,12,9,+4,+1,+4,0,+1,-1,"Darkvision,Multiattack: Bloodlust,Opportunity Attack",,
Redcap,Explorer,4,31,14,+1,+4,,,,,,,,,,,,,,,,18,13,18,10,12,9,+4,+1,+4,0,+1,-1,"Darkvision,Multiattack: Bloodlust,Opportunity Attack",,
Redcap,Tactician,4,58,14,+1,+2,,,,,,,,,,,,,,,,18,13,18,10,12,9,+4,+1,+4,0,+1,-1,"Darkvision,Multiattack: Bloodlust,Opportunity Attack,Steeped in Slaughter",,
Robust Guardian,Balanced,3,22,14,0,+2,,,Vulnerable,,,,,,,,,Immune,,,,15,10,15,6,8,5,+2,0,+2,-2,-1,-3,"Darkvision,Duelling,Opportunity Attack",,
Robust Guardian,Explorer,3,15,14,0,+4,,,Vulnerable,,,,,,,,,Immune,,,,15,10,15,6,8,5,+2,0,+2,-2,-1,-3,"Darkvision,Duelling,Opportunity Attack",,
Robust Guardian,Tactician,3,28,14,0,+2,,,Vulnerable,,,,,,,,,Immune,,,,15,10,15,6,8,5,+2,0,+2,-2,-1,-3,"Darkvision,Duelling,Improved Critical Hit,Opportunity Attack",,
Sahuagin Hunter,Balanced,6,38,15,+3,+3,,,,,,,,,,,,,,,,13,16,12,12,13,9,+1,+3,+1,+1,+1,-1,"Extra Attack,Opportunity Attack,Scenting Blood",,
Sahuagin Hunter,Explorer,6,26,15,+3,+5,,,,,,,,,,,,,,,,13,16,12,12,13,9,+1,+3,+1,+1,+1,-1,"Extra Attack,Opportunity Attack,Scenting Blood",,
Sahuagin Hunter,Tactician,6,49,15,+3,+3,,,,,,,,,,,,,,,,13,16,12,12,13,9,+1,+3,+1,+1,+1,-1,"Extra Attack,Opportunity Attack,Scenting Blood",,
Shadow,Balanced,5,24,13,+3,+3,,,Resistance to Non-Magical,Resistance to Non-Magical,Resistance to Non-Magical,Full Resistance,Full Resistance,Full Resistance,,Full Resistance,Immune,Immune,,Vulnerable,Full Resistance,6,16,13,6,10,8,-2,+3,+1,-2,0,-1,"Darkvision,Ethereal,Opportunity Attack,Shadowblend,Sunlight Weakness",,
Shadow,Explorer,5,16,13,+3,+5,,,Resistance to Non-Magical,Resistance to Non-Magical,Resistance to Non-Magical,Full Resistance,Full Resistance,Full Resistance,,Full Resistance,Immune,Immune,,Vulnerable,Full Resistance,6,16,13,6,10,8,-2,+3,+1,-2,0,-1,"Darkvision,Ethereal,Opportunity Attack,Shadowblend,Sunlight Weakness",,
Shadow,Tactician,5,31,13,+3,+3,,,Resistance to Non-Magical,Resistance to Non-Magical,Resistance to Non-Magical,Full Resistance,Full Resistance,Full Resistance,,Full Resistance,Immune,Immune,,Vulnerable,Full Resistance,6,16,13,6,10,8,-2,+3,+1,-2,0,-1,"Darkvision,Ethereal,Opportunity Attack,Shadowblend,Sunlight Weakness",,
Shadow Mastiff,Balanced,6,33,14,+2,+3,,,,,,,,,,,,,,,,16,14,13,5,12,5,+3,+2,+1,-3,+1,-3,"Darkvision,Knockdown Jaws,Opportunity Attack,Shadow Veil,Shadowblend,Sunlight Weakness",,
Shadow Mastiff,Explorer,6,23,14,+2,+5,,,,,,,,,,,,,,,,16,14,13,5,12,5,+3,+2,+1,-3,+1,-3,"Darkvision,Knockdown Jaws,Opportunity Attack,Shadow Veil,Shadowblend,Sunlight Weakness",,
Shadow Mastiff,Tactician,6,42,14,+2,+3,,,,,,,,,,,,,,,,16,14,13,5,12,5,+3,+2,+1,-3,+1,-3,"Darkvision,Knockdown Jaws,Opportunity Attack,Shadow Veil,Shadowblend,Sunlight Weakness",,
Skeleton,Balanced,1,14,11,-1,+2,,,Vulnerable,,,,,,,,,Immune,,,,10,8,15,6,8,5,0,-1,+2,-2,-1,-3,"Darkvision,Opportunity Attack,Silent",,
Skeleton,Explorer,1,9,11,-1,+4,,,Vulnerable,,,,,,,,,Immune,,,,10,8,15,6,8,5,0,-1,+2,-2,-1,-3,"Darkvision,Opportunity Attack,Silent",,
Skeleton,Tactician,1,18,11,-1,+2,,,Vulnerable,,,,,,,,,Immune,,,,10,8,15,6,8,5,0,-1,+2,-2,-1,-3,"Darkvision,Opportunity Attack,Silent",,
Lur Fu,Balanced,1,14,12,+2,+2,,,,,,,,,,,,,,,,8,14,6,8,4,4,-1,+2,-2,-1,-3,-3,"Darkvision,Opportunity Attack,Web Walker",,
Lur Fu,Explorer,1,9,12,+2,+4,,,,,,,,,,,,,,,,8,14,6,8,4,4,-1,+2,-2,-1,-3,-3,"Darkvision,Opportunity Attack,Web Walker",,
Lur Fu,Tactician,1,18,12,+2,+2,,,,,,,,,,,,,,,,8,14,6,8,4,4,-1,+2,-2,-1,-3,-3,"Darkvision,Opportunity Attack,Web Walker",,
Lur Jox,Balanced,1,14,12,+2,+2,,,,,,,,,,,,,,,,8,14,6,8,4,4,-1,+2,-2,-1,-3,-3,"Darkvision,Opportunity Attack,Web Walker",,
Lur Jox,Explorer,1,9,12,+2,+4,,,,,,,,,,,,,,,,8,14,6,8,4,4,-1,+2,-2,-1,-3,-3,"Darkvision,Opportunity Attack,Web Walker",,
Lur Jox,Tactician,1,18,12,+2,+2,,,,,,,,,,,,,,,,8,14,6,8,4,4,-1,+2,-2,-1,-3,-3,"Darkvision,Opportunity Attack,Web Walker",,
Lur Otan,Balanced,1,14,12,+2,+2,,,,,,,,,,,,,,,,8,14,6,8,4,4,-1,+2,-2,-1,-3,-3,"Darkvision,Opportunity Attack,Web Walker",,
Lur Otan,Explorer,1,9,12,+2,+4,,,,,,,,,,,,,,,,8,14,6,8,4,4,-1,+2,-2,-1,-3,-3,"Darkvision,Opportunity Attack,Web Walker",,
Lur Otan,Tactician,1,18,12,+2,+2,,,,,,,,,,,,,,,,8,14,6,8,4,4,-1,+2,-2,-1,-3,-3,"Darkvision,Opportunity Attack,Web Walker",,
Lur Xanta,Balanced,1,14,12,+2,+2,,,,,,,,,,,,,,,,8,14,6,8,4,4,-1,+2,-2,-1,-3,-3,"Darkvision,Opportunity Attack,Web Walker",,
Lur Xanta,Explorer,1,9,12,+2,+4,,,,,,,,,,,,,,,,8,14,6,8,4,4,-1,+2,-2,-1,-3,-3,"Darkvision,Opportunity Attack,Web Walker",,
Lur Xanta,Tactician,1,18,12,+2,+2,,,,,,,,,,,,,,,,8,14,6,8,4,4,-1,+2,-2,-1,-3,-3,"Darkvision,Opportunity Attack,Web Walker",,
Spiritual Weapon (Greataxe),Balanced,1,20,10,0,+2,,,Full Resistance,Full Resistance,Full Resistance,Full Resistance,Full Resistance,Full Resistance,Full Resistance,Full Resistance,Full Resistance,Immune,Immune,Full Resistance,Full Resistance,10,10,10,10,10,10,0,0,0,0,0,0,Ethereal,,
Spiritual Weapon (greatsword),Balanced,1,20,10,0,+2,,,Full Resistance,Full Resistance,Full Resistance,Full Resistance,Full Resistance,Full Resistance,Full Resistance,Full Resistance,Full Resistance,Immune,Immune,Full Resistance,Full Resistance,10,10,10,10,10,10,0,0,0,0,0,0,Ethereal,,
Spiritual Weapon (Halberd),Balanced,1,20,10,0,+2,,,Full Resistance,Full Resistance,Full Resistance,Full Resistance,Full Resistance,Full Resistance,Full Resistance,Full Resistance,Full Resistance,Immune,Immune,Full Resistance,Full Resistance,10,10,10,10,10,10,0,0,0,0,0,0,Ethereal,,
Spiritual Weapon (Maul),Balanced,1,20,10,0,+2,,,Full Resistance,Full Resistance,Full Resistance,Full Resistance,Full Resistance,Full Resistance,Full Resistance,Full Resistance,Full Resistance,Immune,Immune,Full Resistance,Full Resistance,10,10,10,10,10,10,0,0,0,0,0,0,Ethereal,,
Spiritual Weapon (Spear),Balanced,1,20,10,0,+2,,,Full Resistance,Full Resistance,Full Resistance,Full Resistance,Full Resistance,Full Resistance,Full Resistance,Full Resistance,Full Resistance,Immune,Immune,Full Resistance,Full Resistance,10,10,10,10,10,10,0,0,0,0,0,0,Ethereal,,
Spiritual Weapon (Trident),Balanced,1,20,10,0,+2,,,Full Resistance,Full Resistance,Full Resistance,Full Resistance,Full Resistance,Full Resistance,Full Resistance,Full Resistance,Full Resistance,Immune,Immune,Full Resistance,Full Resistance,10,10,10,10,10,10,0,0,0,0,0,0,Ethereal,,
Itchy,Balanced,,4,14,+2,,,,,,,,,,,,,Immune,,,,13,14,11,5,10,4,+1,+2,0,-3,0,-3,"Blindsight,Opportunity Attack",,
Itchy,Explorer,,2,14,+2,,,,,,,,,,,,,Immune,,,,13,14,11,5,10,4,+1,+2,0,-3,0,-3,"Blindsight,Opportunity Attack",,
Itchy,Tactician,,5,14,+2,,,,,,,,,,,,,Immune,,,,13,14,11,5,10,4,+1,+2,0,-3,0,-3,"Blindsight,Necrotic Claws,Opportunity Attack",,
Scratchy,Balanced,,4,14,+2,,,,,,,,,,,,,Immune,,,,13,14,11,5,10,4,+1,+2,0,-3,0,-3,"Blindsight,Opportunity Attack",,
Scratchy,Explorer,,2,14,+2,,,,,,,,,,,,,Immune,,,,13,14,11,5,10,4,+1,+2,0,-3,0,-3,"Blindsight,Opportunity Attack",,
Scratchy,Tactician,,5,14,+2,,,,,,,,,,,,,Immune,,,,13,14,11,5,10,4,+1,+2,0,-3,0,-3,"Blindsight,Necrotic Claws,Opportunity Attack",,
Winged Horror,Balanced,3,32,13,+3,+2,,,,,,,,,,,,Immune,,,,16,16,10,7,10,6,+3,+3,0,-2,0,-2,"Darkvision,Opportunity Attack",,
Winged Horror,Explorer,3,22,13,+3,+4,,,,,,,,,,,,Immune,,,,16,16,10,7,10,6,+3,+3,0,-2,0,-2,"Darkvision,Opportunity Attack",,
Winged Horror,Tactician,3,41,13,+3,+2,,,,,,,,,,,,Immune,,,,16,16,10,7,10,6,+3,+3,0,-2,0,-2,"Darkvision,Opportunity Attack",,
Fallen Gur Hunter,Balanced,6,74,13,+3,+3,STR,15,,,,,,,,,Full Resistance,Immune,,,,18,16,10,11,10,8,+4,+3,0,0,0,-1,"Darkvision,Opportunity Attack",Sacred Defiance Aura,
Fallen Gur Hunter,Explorer,6,51,13,+3,+5,STR,17,,,,,,,,,Full Resistance,Immune,,,,18,16,10,11,10,8,+4,+3,0,0,0,-1,"Darkvision,Opportunity Attack",Sacred Defiance Aura,
Fallen Gur Hunter,Tactician,6,96,13,+3,+3,STR,17,,,,,,,,,Full Resistance,Immune,,,,18,16,10,11,10,8,+4,+3,0,0,0,-1,"Darkvision,Opportunity Attack",Sacred Defiance Aura,
Ulnar,Balanced,6,53,13,+3,+3,,,,,,,,,,,Full Resistance,Immune,,,,16,17,10,11,10,8,+3,+3,0,0,0,-1,"Darkvision,Opportunity Attack",Sacred Defiance Aura,
Ulnar,Explorer,6,37,13,+3,+5,,,,,,,,,,,Full Resistance,Immune,,,,16,17,10,11,10,8,+3,+3,0,0,0,-1,"Darkvision,Opportunity Attack",Sacred Defiance Aura,
Ulnar,Tactician,6,68,13,+3,+3,,,,,,,,,,,Full Resistance,Immune,,,,16,17,10,11,10,8,+3,+3,0,0,0,-1,"Darkvision,Opportunity Attack",Sacred Defiance Aura,
Benji,Balanced,4,48,12,+2,+2,,,,,,,,,,,,Immune,,,,13,15,10,7,10,6,+1,+2,0,-2,0,-2,"Darkvision,Opportunity Attack",,
Benji,Explorer,4,33,12,+2,+4,,,,,,,,,,,,Immune,,,,13,15,10,7,10,6,+1,+2,0,-2,0,-2,"Darkvision,Opportunity Attack",,
Benji,Tactician,4,62,12,+2,+2,,,,,,,,,,,,Immune,,,,13,15,10,7,10,6,+1,+2,0,-2,0,-2,"Darkvision,Opportunity Attack",,
Carpal,Balanced,3,22,10,+2,+2,,,,,,,,,,,,Immune,,,,13,15,10,7,10,6,+1,+2,0,-2,0,-2,"Darkvision,Opportunity Attack",,
Ghoul Medic,Balanced,4,46,12,+2,+2,,,,,,,,,,,,Immune,,,,16,15,10,7,10,6,+3,+2,0,-2,0,-2,"Darkvision,Opportunity Attack",,
Ghoul Medic,Explorer,4,32,12,+2,+4,,,,,,,,,,,,Immune,,,,16,15,10,7,10,6,+3,+2,0,-2,0,-2,"Darkvision,Opportunity Attack",,
Ghoul Medic,Tactician,4,59,12,+2,+2,,,,,,,,,,,,Immune,,,,16,15,10,7,10,6,+3,+2,0,-2,0,-2,"Darkvision,Opportunity Attack",,
Hamate,Balanced,3,22,10,+2,+2,,,,,,,,,,,,Immune,,,,13,15,10,7,10,6,+1,+2,0,-2,0,-2,"Darkvision,Opportunity Attack",,
Ligus,Balanced,3,22,10,+2,+2,,,,,,,,,,,,Immune,,,,13,15,10,7,10,6,+1,+2,0,-2,0,-2,"Darkvision,Opportunity Attack",,
Rectus,Balanced,3,22,10,+2,+2,,,,,,,,,,,,Immune,,,,13,15,10,7,10,6,+1,+2,0,-2,0,-2,"Darkvision,Opportunity Attack",,
Shadow Friend,Balanced,1,1,11,+3,+2,,,Resistance to Non-Magical,Resistance to Non-Magical,Resistance to Non-Magical,Full Resistance,Full Resistance,Full Resistance,,Full Resistance,Immune,Immune,,Vulnerable,Full Resistance,6,16,13,6,10,8,-2,+3,+1,-2,0,-1,"Darkvision,Ethereal,Opportunity Attack,Sunlight Weakness",,
Shadow Plush,Balanced,7,60,13,+1,+3,,,Resistance to Non-Magical,Resistance to Non-Magical,Resistance to Non-Magical,Full Resistance,Full Resistance,Full Resistance,,Full Resistance,Immune,Immune,,Vulnerable,,20,12,17,3,12,7,+5,+1,+3,-4,+1,-2,"Darkvision,Opportunity Attack,Ethereal,Sunlight Weakness",,
Shadow Plush,Explorer,7,42,13,+1,+5,,,Resistance to Non-Magical,Resistance to Non-Magical,Resistance to Non-Magical,Full Resistance,Full Resistance,Full Resistance,,Full Resistance,Immune,Immune,,Vulnerable,,20,12,17,3,12,7,+5,+1,+3,-4,+1,-2,"Darkvision,Opportunity Attack,Ethereal,Sunlight Weakness",,
Shadow Plush,Tactician,7,78,13,+1,+3,,,Resistance to Non-Magical,Resistance to Non-Magical,Resistance to Non-Magical,Full Resistance,Full Resistance,Full Resistance,,Full Resistance,Immune,Immune,,Vulnerable,,20,12,17,3,12,7,+5,+1,+3,-4,+1,-2,"Darkvision,Opportunity Attack,Ethereal,Sunlight Weakness",,
The Judge,Balanced,5,24,13,+3,+3,,,Immune,Immune,Immune,Immune,Immune,Immune,,Immune,Immune,Immune,,Immune,Immune,6,16,13,6,10,8,-2,+3,+1,-2,0,-1,"Darkvision,Ethereal,Opportunity Attack,Shadowblend,Sunlight Weakness",Shrouded Sentence,
The Judge,Explorer,5,16,13,+3,+5,,,Immune,Immune,Immune,Immune,Immune,Immune,,Immune,Immune,Immune,,Immune,Immune,6,16,13,6,10,8,-2,+3,+1,-2,0,-1,"Darkvision,Ethereal,Opportunity Attack,Shadowblend,Sunlight Weakness",Shrouded Sentence,
The Judge,Tactician,5,31,13,+3,+3,,,Immune,Immune,Immune,Immune,Immune,Immune,,Immune,Immune,Immune,,Immune,Immune,6,16,13,6,10,8,-2,+3,+1,-2,0,-1,"Darkvision,Ethereal,Opportunity Attack,Shadowblend,Sunlight Weakness",Shrouded Sentence,
Chatterteeth,Balanced,12,96,12,-1,+4,,,Vulnerable,,,,,,,,,Immune,,,,10,8,8,19,8,5,0,-1,-1,+8,+3,-3,"Darkvision,Opportunity Attack,Talkative",Mage Armour,
Chatterteeth,Explorer,12,67,12,-1,+6,,,Vulnerable,,,,,,,,,Immune,,,,10,8,8,19,8,5,0,-1,-1,+10,+5,-3,"Darkvision,Opportunity Attack,Talkative",Mage Armour,
Chatterteeth,Tactician,12,124,12,-1,+4,,,Vulnerable,,,,,,,,,Immune,,,,10,8,8,19,8,5,0,-1,-1,+8,+3,-3,"Darkvision,Opportunity Attack,Talkative",Mage Armour,
Entombed Scribe,Balanced,2,10,9,-1,+2,,,Vulnerable,,,,,,,,,Immune,,,,10,8,8,14,8,5,0,-1,-1,+4,+1,-3,Opportunity Attack,,
Entombed Scribe,Explorer,2,7,9,-1,+4,,,Vulnerable,,,,,,,,,Immune,,,,10,8,8,14,8,5,0,-1,-1,+6,+3,-3,,,
Entombed Scribe,Tactician,2,13,9,-1,+2,,,Vulnerable,,,,,,,,,Immune,,,,10,8,8,14,8,5,0,-1,-1,+4,+1,-3,Opportunity Attack,,
Entombed Warrior,Balanced,3,28,15,-1,+2,,,Vulnerable,,,,,,,,,Immune,,,,10,8,15,6,8,5,0,-1,+2,-2,-1,-3,Opportunity Attack,,
Entombed Warrior,Explorer,3,19,15,-1,+4,,,Vulnerable,,,,,,,,,Immune,,,,10,8,15,6,8,5,0,-1,+2,-2,-1,-3,,,
Entombed Warrior,Tactician,3,41,15,-1,+2,,,Vulnerable,,,,,,,,,Immune,,,,16,8,15,6,8,5,+3,-1,+2,-2,-1,-3,Opportunity Attack,,
Fallen Champion,Balanced,9,79,18,0,+4,,,Vulnerable,,,,,,,,,Immune,,,,20,10,17,6,9,15,+9,0,+7,-2,-1,+2,"Darkvision,Extra Attack,Opportunity Attack,Silent","Aura of Protection,Spirit Guardians",
Fallen Fighter,Balanced,5,36,9,-1,+3,,,Vulnerable,,,,,,,,,Immune,,,,18,8,16,6,8,5,+7,-1,+6,-2,-1,-3,"Darkvision,Extra Attack,Opportunity Attack,Silent",,
Fallen Ranger,Balanced,5,29,15,+4,+3,,,Vulnerable,,,,,,,,,Immune,,,,10,18,14,6,8,5,+3,+7,+2,-2,-1,-3,"Darkvision,Extra Attack,Opportunity Attack,Silent",,
Fallen Wizard,Balanced,5,26,9,-1,+3,,,Vulnerable,,,,,,,,,Immune,,,,10,8,14,18,8,5,0,-1,+2,+7,+2,-3,"Darkvision,Opportunity Attack",,
Giant Skeleton,Balanced,9,68,18,0,+4,,,Vulnerable,,,,,,,,,Immune,,,,18,10,17,6,14,5,+4,0,+3,-2,+2,-3,"Extra Attack,Opportunity Attack,Silent,Tenacity",,
Giant Skeleton,Explorer,9,47,18,0,+6,,,Vulnerable,,,,,,,,,Immune,,,,18,10,17,6,14,5,+4,0,+3,-2,+2,-3,"Extra Attack,Opportunity Attack,Silent,Tenacity",,
Giant Skeleton,Tactician,9,88,18,0,+4,,,Vulnerable,,,,,,,,,Immune,,,,18,10,17,6,14,5,+4,0,+3,-2,+2,-3,"Extra Attack,Opportunity Attack,Silent,Tenacity",,
Godey,Balanced,12,74,20,+3,+4,,,Vulnerable,,,,,,,,,Immune,,,,10,17,15,14,8,5,0,+3,+2,+2,-1,-3,"Darkvision,Improved Extra Attack,Magic Resistance,Parry,Opportunity Attack,Riposte,Silent",,
Godey,Explorer,12,51,20,+3,+6,,,Vulnerable,,,,,,,,,Immune,,,,10,17,15,14,8,5,0,+3,+2,+2,-1,-3,"Darkvision,Improved Extra Attack,Magic Resistance,Parry,Opportunity Attack,Riposte,Silent",,
Godey,Tactician,12,96,20,+3,+4,,,Vulnerable,,,,,,,,,Immune,,,,10,17,15,14,8,5,0,+3,+2,+2,-1,-3,"Darkvision,Improved Extra Attack,Magic Resistance,Parry,Opportunity Attack,Riposte,Silent",,
Infernal Mason,Balanced,1,6,9,-1,+2,,,Vulnerable,,,,,,,,,Immune,,,,10,8,15,6,8,5,0,-1,+2,-2,-1,-3,"Darkvision,Opportunity Attack",,
Infernal Mason,Explorer,1,4,9,-1,+4,,,Vulnerable,,,,,,,,,Immune,,,,10,8,15,6,8,5,0,-1,+2,-2,-1,-3,"Darkvision,Opportunity Attack",,
Infernal Mason,Tactician,1,7,9,-1,+2,,,Vulnerable,,,,,,,,,Immune,,,,10,8,15,6,8,5,0,-1,+2,-2,-1,-3,"Darkvision,Opportunity Attack",,
Necromite,Balanced,3,18,11,0,+2,,,Vulnerable,,,,,,,,Full Resistance,Immune,,,,10,11,15,15,7,6,0,0,+2,+2,-2,-2,"Darkvision,Opportunity Attack,Silent",,
Necromite,Tactician,3,23,11,0,+2,,,Vulnerable,,,,,,,,Full Resistance,Immune,,,,10,11,15,15,7,6,0,0,+2,+2,-2,-2,"Armour of Agathys,Darkvision,Opportunity Attack,Silent",Armour of Agathys,
Skeletal Involucre,Balanced,,14,,,,,,Vulnerable,Full Resistance,,,Full Resistance,Full Resistance,,,Immune,Immune,Full Resistance,Vulnerable,,,,,,,,,,,,,,,,
Reconstituted Arcanist,Balanced,7,12,9,-1,+3,,,Vulnerable,,,,,,,,,Immune,,,,10,8,8,14,8,5,0,-1,-1,+5,+2,-3,Opportunity Attack,,
Reconstituted Arcanist,Explorer,7,8,9,-1,+5,,,Vulnerable,,,,,,,,,Immune,,,,10,8,8,14,8,5,0,-1,-1,+7,+4,-3,Opportunity Attack,,
Reconstituted Arcanist,Tactician,7,15,9,-1,+3,,,Vulnerable,,,,,,,,,Immune,,,,10,8,8,14,8,5,0,-1,-1,+5,+2,-3,Opportunity Attack,,
Reconstituted Duellist,Balanced,7,16,14,0,+3,,,Vulnerable,,,,,,,,,Immune,,,,14,10,15,6,8,5,+2,0,+2,-2,-1,-3,Opportunity Attack,,
Reconstituted Duellist,Tactician,7,20,14,0,+3,,,Vulnerable,,,,,,,,,Immune,,,,14,10,15,6,8,5,+2,0,+2,-2,-1,-3,Opportunity Attack,,
Reconstituted Marksman,Balanced,7,14,12,+2,+3,,,Vulnerable,,,,,,,,,Immune,,,,10,14,8,6,8,5,0,+2,-1,-2,-1,-3,Opportunity Attack,,
Reconstituted Marksman,Explorer,7,9,12,+2,+5,,,Vulnerable,,,,,,,,,Immune,,,,10,14,8,6,8,5,0,+2,-1,-2,-1,-3,Opportunity Attack,,
Reconstituted Marksman,Tactician,7,18,12,+2,+3,,,Vulnerable,,,,,,,,,Immune,,,,10,14,8,6,8,5,0,+2,-1,-2,-1,-3,Opportunity Attack,,
Withers,Balanced,,1,10,0,,,,,,,,,,,,,,,,,10,10,10,10,18,10,0,0,0,0,+8,0,"Immune to Control Undead,Opportunity Attack",,
Cazador Szarr,Balanced,12,208,16,+9,+4,,,Resistance to Non-Magical,Resistance to Non-Magical,Resistance to Non-Magical,,,,,,Full Resistance,,,,,18,18,18,17,15,18,+4,+8,+4,+7,+6,+4,"Alert,Arcane Enchantment (Woe),Arcane Vampirism,Improved Extra Attack,Opportunity Attack,Sunlight Hypersensitivity,Vampire Regeneration","Ritual Sources,Ritual Drain: Yousen,Ritual Drain: Astarion,Ritual Drain: Violet",
Cazador Szarr,Explorer,12,145,16,+9,+6,,,Resistance to Non-Magical,Resistance to Non-Magical,Resistance to Non-Magical,,,,,,Full Resistance,,,,,18,18,18,17,15,18,+4,+10,+4,+9,+8,+4,"Alert,Arcane Enchantment (Woe),Arcane Vampirism,Improved Extra Attack,Opportunity Attack,Sunlight Hypersensitivity,Vampire Regeneration","Ritual Sources,Ritual Drain: Yousen,Ritual Drain: Astarion,Ritual Drain: Violet",
Cazador Szarr,Tactician,12,311,17,+10,+4,,,Immune,Immune,Immune,,,,,,Full Resistance,,,,,18,20,18,17,15,18,+4,+9,+4,+7,+6,+4,"Alert,Arcane Enchantment (Woe),Arcane Vampirism,Improved Extra Attack,Opportunity Attack,Sunlight Hypersensitivity,Vampire Regeneration","Legendary Resistance,Ritual Sources,Ritual Drain: Yousen,Ritual Drain: Astarion,Ritual Drain: Violet",Potent Misty Escape
Cazador Szarr,Honour,12,311,17,+10,+4,,,Immune,Immune,Immune,,,,,,Full Resistance,,,,,18,20,18,17,15,18,+4,+9,+4,+7,+6,+4,"Alert,Arcane Enchantment (Woe),Arcane Vampirism,Improved Extra Attack,Legendary Action: Vampiric Swarm,Opportunity Attack,Sunlight Hypersensitivity,Vampire Regeneration","Legendary Resistance,Ritual Sources,Ritual Drain: Yousen,Ritual Drain: Astarion,Ritual Drain: Violet","Potent Misty Escape,Vampiric Swarm"
Astarion,Balanced,1,1,1,+3,+2,,,,,,,,,,,,,,,,8,17,14,13,13,10,-1,+5,+2,+3,+1,0,"Darkvision,Fey Ancestry",,
Andrik,Balanced,1,82,18,+3,+2,,,Resistance to Non-Magical,Resistance to Non-Magical,Resistance to Non-Magical,,,,,,Full Resistance,,,,,16,16,16,11,10,12,+3,+5,+3,0,+2,+3,"Opportunity Attack,Sunlight Hypersensitivity,Vampire Regeneration",Eternally Bound,
Andrik,Explorer,1,57,18,+3,+4,,,Resistance to Non-Magical,Resistance to Non-Magical,Resistance to Non-Magical,,,,,,Full Resistance,,,,,16,16,16,11,10,12,+3,+7,+3,0,+4,+5,"Opportunity Attack,Sunlight Hypersensitivity,Vampire Regeneration",Eternally Bound,
Andrik,Tactician,1,106,18,+3,+2,,,Resistance to Non-Magical,Resistance to Non-Magical,Resistance to Non-Magical,,,,,,Full Resistance,,,,,16,16,16,11,10,12,+3,+5,+3,0,+2,+3,"Opportunity Attack,Sunlight Hypersensitivity,Vampire Regeneration",Eternally Bound,
Chamberlain Dufay,Balanced,1,82,18,+3,+2,,,Resistance to Non-Magical,Resistance to Non-Magical,Resistance to Non-Magical,,,,,,Full Resistance,,,,,16,16,16,11,10,12,+3,+5,+3,0,+2,+3,"Opportunity Attack,Sunlight Hypersensitivity,Vampire Regeneration",,
Chamberlain Dufay,Explorer,1,57,18,+3,+4,,,Resistance to Non-Magical,Resistance to Non-Magical,Resistance to Non-Magical,,,,,,Full Resistance,,,,,16,16,16,11,10,12,+3,+7,+3,0,+4,+5,"Opportunity Attack,Sunlight Hypersensitivity,Vampire Regeneration",,
Chamberlain Dufay,Tactician,1,106,18,+3,+2,,,Resistance to Non-Magical,Resistance to Non-Magical,Resistance to Non-Magical,,,,,,Full Resistance,,,,,16,16,16,11,10,12,+3,+5,+3,0,+2,+3,"Opportunity Attack,Sunlight Hypersensitivity,Vampire Regeneration",,
Aurelia,Balanced,11,82,18,+3,+4,,,Resistance to Non-Magical,Resistance to Non-Magical,Resistance to Non-Magical,,,,,,Full Resistance,,,,,16,16,16,11,10,12,+3,+7,+3,0,+4,+5,"Opportunity Attack,Sunlight Hypersensitivity,Vampire Regeneration",,
Aurelia,Explorer,11,57,18,+3,+6,,,Resistance to Non-Magical,Resistance to Non-Magical,Resistance to Non-Magical,,,,,,Full Resistance,,,,,16,16,16,11,10,12,+3,+9,+3,0,+6,+7,"Opportunity Attack,Sunlight Hypersensitivity,Vampire Regeneration",,
Aurelia,Tactician,11,106,18,+3,+4,,,Resistance to Non-Magical,Resistance to Non-Magical,Resistance to Non-Magical,,,,,,Full Resistance,,,,,16,16,16,11,10,12,+3,+7,+3,0,+4,+5,"Opportunity Attack,Sunlight Hypersensitivity,Vampire Regeneration",,
Chessa,Balanced,1,82,18,+3,+2,,,Resistance to Non-Magical,Resistance to Non-Magical,Resistance to Non-Magical,,,,,,Full Resistance,,,,,16,16,16,11,10,12,+3,+5,+3,0,+2,+3,"Opportunity Attack,Sunlight Hypersensitivity,Vampire Regeneration",Eternally Bound,
Chessa,Explorer,1,57,18,+3,+4,,,Resistance to Non-Magical,Resistance to Non-Magical,Resistance to Non-Magical,,,,,,Full Resistance,,,,,16,16,16,11,10,12,+3,+7,+3,0,+4,+5,"Opportunity Attack,Sunlight Hypersensitivity,Vampire Regeneration",Eternally Bound,
Chessa,Tactician,1,106,18,+3,+2,,,Resistance to Non-Magical,Resistance to Non-Magical,Resistance to Non-Magical,,,,,,Full Resistance,,,,,16,16,16,11,10,12,+3,+5,+3,0,+2,+3,"Opportunity Attack,Sunlight Hypersensitivity,Vampire Regeneration",Eternally Bound,
Dalyria,Balanced,11,82,18,+3,+4,,,Resistance to Non-Magical,Resistance to Non-Magical,Resistance to Non-Magical,,,,,,Full Resistance,,,,,16,16,16,11,10,12,+3,+7,+3,0,+4,+5,"Opportunity Attack,Sunlight Hypersensitivity,Vampire Regeneration",,
Gondlemead,Balanced,12,82,18,+3,+4,,,Resistance to Non-Magical,Resistance to Non-Magical,Resistance to Non-Magical,,,,,,Full Resistance,,,,,16,16,16,11,10,12,+3,+7,+3,0,+4,+5,"Opportunity Attack,Sunlight Hypersensitivity,Vampire Regeneration",Eternally Bound,
Gondlemead,Explorer,12,57,18,+3,+6,,,Resistance to Non-Magical,Resistance to Non-Magical,Resistance to Non-Magical,,,,,,Full Resistance,,,,,16,16,16,11,10,12,+3,+9,+3,0,+6,+7,"Opportunity Attack,Sunlight Hypersensitivity,Vampire Regeneration",Eternally Bound,
Gondlemead,Tactician,12,106,18,+3,+4,,,Resistance to Non-Magical,Resistance to Non-Magical,Resistance to Non-Magical,,,,,,Full Resistance,,,,,16,16,16,11,10,12,+3,+7,+3,0,+4,+5,"Opportunity Attack,Sunlight Hypersensitivity,Vampire Regeneration",Eternally Bound,
Hapdim,Balanced,12,82,18,+3,+4,,,Resistance to Non-Magical,Resistance to Non-Magical,Resistance to Non-Magical,,,,,,Full Resistance,,,,,16,16,16,11,10,12,+3,+7,+3,0,+4,+5,"Opportunity Attack,Sunlight Hypersensitivity,Vampire Regeneration",Eternally Bound,
Hapdim,Explorer,12,57,18,+3,+6,,,Resistance to Non-Magical,Resistance to Non-Magical,Resistance to Non-Magical,,,,,,Full Resistance,,,,,16,16,16,11,10,12,+3,+9,+3,0,+6,+7,"Opportunity Attack,Sunlight Hypersensitivity,Vampire Regeneration",Eternally Bound,
Hapdim,Tactician,12,106,18,+3,+4,,,Resistance to Non-Magical,Resistance to Non-Magical,Resistance to Non-Magical,,,,,,Full Resistance,,,,,16,16,16,11,10,12,+3,+7,+3,0,+4,+5,"Opportunity Attack,Sunlight Hypersensitivity,Vampire Regeneration",Eternally Bound,
Kass,Balanced,1,82,18,+3,+2,,,Resistance to Non-Magical,Resistance to Non-Magical,Resistance to Non-Magical,,,,,,Full Resistance,,,,,16,16,16,11,10,12,+3,+5,+3,0,+2,+3,"Opportunity Attack,Sunlight Hypersensitivity,Vampire Regeneration",Eternally Bound,
Kass,Explorer,1,57,18,+3,+4,,,Resistance to Non-Magical,Resistance to Non-Magical,Resistance to Non-Magical,,,,,,Full Resistance,,,,,16,16,16,11,10,12,+3,+7,+3,0,+4,+5,"Opportunity Attack,Sunlight Hypersensitivity,Vampire Regeneration",Eternally Bound,
Kass,Tactician,1,106,18,+3,+2,,,Resistance to Non-Magical,Resistance to Non-Magical,Resistance to Non-Magical,,,,,,Full Resistance,,,,,16,16,16,11,10,12,+3,+5,+3,0,+2,+3,"Opportunity Attack,Sunlight Hypersensitivity,Vampire Regeneration",Eternally Bound,
Leon,Balanced,11,82,18,+3,+4,,,Resistance to Non-Magical,Resistance to Non-Magical,Resistance to Non-Magical,,,,,,Full Resistance,,,,,16,16,16,11,10,12,+3,+7,+3,0,+4,+5,"Opportunity Attack,Sunlight Hypersensitivity,Vampire Regeneration",,
Leon,Explorer,11,57,18,+3,+6,,,Resistance to Non-Magical,Resistance to Non-Magical,Resistance to Non-Magical,,,,,,Full Resistance,,,,,16,16,16,11,10,12,+3,+9,+3,0,+6,+7,"Opportunity Attack,Sunlight Hypersensitivity,Vampire Regeneration",,
Leon,Tactician,11,106,18,+3,+4,,,Resistance to Non-Magical,Resistance to Non-Magical,Resistance to Non-Magical,,,,,,Full Resistance,,,,,16,16,16,11,10,12,+3,+7,+3,0,+4,+5,"Opportunity Attack,Sunlight Hypersensitivity,Vampire Regeneration",,
Misha,Balanced,1,82,18,+3,+2,,,Resistance to Non-Magical,Resistance to Non-Magical,Resistance to Non-Magical,,,,,,Full Resistance,,,,,16,16,16,11,10,12,+3,+5,+3,0,+2,+3,"Opportunity Attack,Sunlight Hypersensitivity,Vampire Regeneration",Eternally Bound,
Misha,Explorer,1,57,18,+3,+4,,,Resistance to Non-Magical,Resistance to Non-Magical,Resistance to Non-Magical,,,,,,Full Resistance,,,,,16,16,16,11,10,12,+3,+7,+3,0,+4,+5,"Opportunity Attack,Sunlight Hypersensitivity,Vampire Regeneration",Eternally Bound,
Misha,Tactician,1,106,18,+3,+2,,,Resistance to Non-Magical,Resistance to Non-Magical,Resistance to Non-Magical,,,,,,Full Resistance,,,,,16,16,16,11,10,12,+3,+5,+3,0,+2,+3,"Opportunity Attack,Sunlight Hypersensitivity,Vampire Regeneration",Eternally Bound,
Pale Petras,Balanced,11,82,18,+3,+4,,,Resistance to Non-Magical,Resistance to Non-Magical,Resistance to Non-Magical,,,,,,Full Resistance,,,,,16,16,16,11,10,12,+3,+7,+3,0,+4,+5,"Opportunity Attack,Sunlight Hypersensitivity,Vampire Regeneration",,
Pale Petras,Explorer,11,57,18,+3,+6,,,Resistance to Non-Magical,Resistance to Non-Magical,Resistance to Non-Magical,,,,,,Full Resistance,,,,,16,16,16,11,10,12,+3,+9,+3,0,+6,+7,"Opportunity Attack,Sunlight Hypersensitivity,Vampire Regeneration",,
Pale Petras,Tactician,11,106,18,+3,+4,,,Resistance to Non-Magical,Resistance to Non-Magical,Resistance to Non-Magical,,,,,,Full Resistance,,,,,16,16,16,11,10,12,+3,+7,+3,0,+4,+5,"Opportunity Attack,Sunlight Hypersensitivity,Vampire Regeneration",,
Sebastian,Balanced,12,82,18,+3,+4,,,Resistance to Non-Magical,Resistance to Non-Magical,Resistance to Non-Magical,,,,,,Full Resistance,,,,,16,16,16,11,10,12,+3,+7,+3,0,+4,+5,"Opportunity Attack,Sunlight Hypersensitivity,Vampire Regeneration",,
Sebastian,Explorer,12,57,18,+3,+6,,,Resistance to Non-Magical,Resistance to Non-Magical,Resistance to Non-Magical,,,,,,Full Resistance,,,,,16,16,16,11,10,12,+3,+9,+3,0,+6,+7,"Opportunity Attack,Sunlight Hypersensitivity,Vampire Regeneration",,
Sebastian,Tactician,12,106,18,+3,+4,,,Resistance to Non-Magical,Resistance to Non-Magical,Resistance to Non-Magical,,,,,,Full Resistance,,,,,16,16,16,11,10,12,+3,+7,+3,0,+4,+5,"Opportunity Attack,Sunlight Hypersensitivity,Vampire Regeneration",,
Vanja,Balanced,1,82,18,+3,+2,,,Resistance to Non-Magical,Resistance to Non-Magical,Resistance to Non-Magical,,,,,,Full Resistance,,,,,16,16,16,11,10,12,+3,+5,+3,0,+2,+3,"Opportunity Attack,Sunlight Hypersensitivity,Vampire Regeneration",Eternally Bound,
Vanja,Explorer,1,57,18,+3,+4,,,Resistance to Non-Magical,Resistance to Non-Magical,Resistance to Non-Magical,,,,,,Full Resistance,,,,,16,16,16,11,10,12,+3,+7,+3,0,+4,+5,"Opportunity Attack,Sunlight Hypersensitivity,Vampire Regeneration",Eternally Bound,
Vanja,Tactician,1,106,18,+3,+2,,,Resistance to Non-Magical,Resistance to Non-Magical,Resistance to Non-Magical,,,,,,Full Resistance,,,,,16,16,16,11,10,12,+3,+5,+3,0,+2,+3,"Opportunity Attack,Sunlight Hypersensitivity,Vampire Regeneration",Eternally Bound,
Wensleydale,Balanced,12,82,18,+3,+4,,,Resistance to Non-Magical,Resistance to Non-Magical,Resistance to Non-Magical,,,,,,Full Resistance,,,,,16,16,16,11,10,12,+3,+7,+3,0,+4,+5,"Opportunity Attack,Sunlight Hypersensitivity,Vampire Regeneration",,
Wensleydale,Explorer,12,57,18,+3,+6,,,Resistance to Non-Magical,Resistance to Non-Magical,Resistance to Non-Magical,,,,,,Full Resistance,,,,,16,16,16,11,10,12,+3,+9,+3,0,+6,+7,"Opportunity Attack,Sunlight Hypersensitivity,Vampire Regeneration",,
Wensleydale,Tactician,12,106,18,+3,+4,,,Resistance to Non-Magical,Resistance to Non-Magical,Resistance to Non-Magical,,,,,,Full Resistance,,,,,16,16,16,11,10,12,+3,+7,+3,0,+4,+5,"Opportunity Attack,Sunlight Hypersensitivity,Vampire Regeneration",,
Violet,Balanced,11,82,18,+3,+4,,,Resistance to Non-Magical,Resistance to Non-Magical,Resistance to Non-Magical,,,,,,Full Resistance,,,,,16,16,16,11,10,12,+3,+7,+3,0,+4,+5,"Opportunity Attack,Sunlight Hypersensitivity,Vampire Regeneration",,
Violet,Explorer,11,57,18,+3,+6,,,Resistance to Non-Magical,Resistance to Non-Magical,Resistance to Non-Magical,,,,,,Full Resistance,,,,,16,16,16,11,10,12,+3,+9,+3,0,+6,+7,"Opportunity Attack,Sunlight Hypersensitivity,Vampire Regeneration",,
Violet,Tactician,11,106,18,+3,+4,,,Resistance to Non-Magical,Resistance to Non-Magical,Resistance to Non-Magical,,,,,,Full Resistance,,,,,16,16,16,11,10,12,+3,+7,+3,0,+4,+5,"Opportunity Attack,Sunlight Hypersensitivity,Vampire Regeneration",,
Yousen,Balanced,11,82,18,+3,+4,,,Resistance to Non-Magical,Resistance to Non-Magical,Resistance to Non-Magical,,,,,,Full Resistance,,,,,16,16,16,11,10,12,+3,+7,+3,0,+4,+5,"Opportunity Attack,Sunlight Hypersensitivity,Vampire Regeneration",,
Yousen,Explorer,11,57,18,+3,+6,,,Resistance to Non-Magical,Resistance to Non-Magical,Resistance to Non-Magical,,,,,,Full Resistance,,,,,16,16,16,11,10,12,+3,+9,+3,0,+6,+7,"Opportunity Attack,Sunlight Hypersensitivity,Vampire Regeneration",,
Yousen,Tactician,11,106,18,+3,+4,,,Resistance to Non-Magical,Resistance to Non-Magical,Resistance to Non-Magical,,,,,,Full Resistance,,,,,16,16,16,11,10,12,+3,+7,+3,0,+4,+5,"Opportunity Attack,Sunlight Hypersensitivity,Vampire Regeneration",,
Daddy,Balanced,7,67,13,+3,+3,,,Resistance to Non-Magical,Resistance to Non-Magical,Resistance to Non-Magical,Full Resistance,Full Resistance,Full Resistance,,Full Resistance,Immune,Immune,,,Full Resistance,6,16,16,12,14,15,-2,+3,+3,+1,+2,+2,"Darkvision,Ethereal,Extinguishing Malice,Opportunity Attack,Sunlight Sensitivity",,
Daddy,Explorer,7,46,13,+3,+5,,,Resistance to Non-Magical,Resistance to Non-Magical,Resistance to Non-Magical,Full Resistance,Full Resistance,Full Resistance,,Full Resistance,Immune,Immune,,,Full Resistance,6,16,16,12,14,15,-2,+3,+3,+1,+2,+2,"Darkvision,Ethereal,Extinguishing Malice,Opportunity Attack,Sunlight Sensitivity",,
Daddy,Tactician,7,87,13,+3,+3,,,Resistance to Non-Magical,Resistance to Non-Magical,Resistance to Non-Magical,Full Resistance,Full Resistance,Full Resistance,,Full Resistance,Immune,Immune,,,Full Resistance,6,16,16,12,14,15,-2,+3,+3,+1,+2,+2,"Darkvision,Ethereal,Extinguishing Malice,Opportunity Attack,Sunlight Sensitivity",,
Mummy (Wraith),Balanced,7,67,13,+3,+3,,,Resistance to Non-Magical,Resistance to Non-Magical,Resistance to Non-Magical,Full Resistance,Full Resistance,Full Resistance,,Full Resistance,Immune,Immune,,,Full Resistance,6,16,16,12,14,15,-2,+3,+3,+1,+2,+2,"Darkvision,Ethereal,Extinguishing Malice,Opportunity Attack,Sunlight Sensitivity",Aura of Vile Oblivion,
Mummy (Wraith),Explorer,7,46,13,+3,+5,,,Resistance to Non-Magical,Resistance to Non-Magical,Resistance to Non-Magical,Full Resistance,Full Resistance,Full Resistance,,Full Resistance,Immune,Immune,,,Full Resistance,6,16,16,12,14,15,-2,+3,+3,+1,+2,+2,"Darkvision,Ethereal,Extinguishing Malice,Opportunity Attack,Sunlight Sensitivity",Aura of Vile Oblivion,
Mummy (Wraith),Tactician,7,87,13,+3,+3,,,Resistance to Non-Magical,Resistance to Non-Magical,Resistance to Non-Magical,Full Resistance,Full Resistance,Full Resistance,,Full Resistance,Immune,Immune,,,Full Resistance,6,16,16,12,14,15,-2,+3,+3,+1,+2,+2,"Darkvision,Ethereal,Extinguishing Malice,Opportunity Attack,Sunlight Sensitivity",Aura of Vile Oblivion,
Connor Vinderblad,Balanced,1,22,8,-2,+2,,,,,,,,,,,,Full Resistance,,,,16,6,16,3,6,5,+3,-2,+3,-4,0,-3,"Darkvision,Opportunity Attack,Undead Fortitude",Undead Fortitude,
Connor Vinderblad,Tactician,1,28,8,-2,+2,,,,,,,,,,,,Full Resistance,,,,16,6,16,3,6,5,+3,-2,+3,-4,0,-3,"Darkvision,Opportunity Attack,Undead Fortitude",Undead Fortitude,
Blighted Actor,Balanced,4,42,8,-2,+2,,,,,,,,,,,Immune,Immune,,,,16,6,16,3,6,5,+3,-2,+3,-4,0,-3,"Darkvision,Opportunity Attack,Undead Fortitude",Undead Fortitude,
Blighted Actor,Explorer,4,29,8,-2,+4,,,,,,,,,,,Immune,Immune,,,,16,6,16,3,6,5,+3,-2,+3,-4,+2,-3,"Darkvision,Opportunity Attack,Undead Fortitude",Undead Fortitude,
Blighted Actor,Tactician,4,69,8,-2,+2,,,,,,,,,,,Immune,Immune,,,,16,6,16,3,6,5,+3,-2,+3,-4,0,-3,"Darkvision,Opportunity Attack,Undead Fortitude",Undead Fortitude,
Blighted Barman,Balanced,4,42,8,-2,+2,,,,,,,,,,,Immune,Immune,,,,16,6,16,3,6,5,+3,-2,+3,-4,0,-3,"Darkvision,Opportunity Attack,Undead Fortitude",Undead Fortitude,
Blighted Barman,Explorer,4,29,8,-2,+4,,,,,,,,,,,Immune,Immune,,,,16,6,16,3,6,5,+3,-2,+3,-4,+2,-3,"Darkvision,Opportunity Attack,Undead Fortitude",Undead Fortitude,
Blighted Barman,Tactician,4,69,8,-2,+2,,,,,,,,,,,Immune,Immune,,,,16,6,16,3,6,5,+3,-2,+3,-4,0,-3,"Darkvision,Opportunity Attack,Undead Fortitude",Undead Fortitude,
Blighted Patron,Balanced,4,42,8,-2,+2,,,,,,,,,,,Immune,Immune,,,,16,6,16,3,6,5,+3,-2,+3,-4,0,-3,"Darkvision,Opportunity Attack,Undead Fortitude",Undead Fortitude,
Blighted Patron,Explorer,4,29,8,-2,+4,,,,,,,,,,,Immune,Immune,,,,16,6,16,3,6,5,+3,-2,+3,-4,+2,-3,"Darkvision,Opportunity Attack,Undead Fortitude",Undead Fortitude,
Blighted Patron,Tactician,4,69,8,-2,+2,,,,,,,,,,,Immune,Immune,,,,16,6,16,3,6,5,+3,-2,+3,-4,0,-3,"Darkvision,Opportunity Attack,Undead Fortitude",Undead Fortitude,
Blighted Troubador,Balanced,4,42,8,-2,+2,,,,,,,,,,,Immune,Immune,,,,16,6,16,3,6,5,+3,-2,+3,-4,0,-3,"Darkvision,Opportunity Attack,Undead Fortitude",Undead Fortitude,
Blighted Troubador,Explorer,4,29,8,-2,+4,,,,,,,,,,,Immune,Immune,,,,16,6,16,3,6,5,+3,-2,+3,-4,+2,-3,"Darkvision,Opportunity Attack,Undead Fortitude",Undead Fortitude,
Blighted Troubador,Tactician,4,69,8,-2,+2,,,,,,,,,,,Immune,Immune,,,,16,6,16,3,6,5,+3,-2,+3,-4,0,-3,"Darkvision,Opportunity Attack,Undead Fortitude",Undead Fortitude,
Greater Zombie,Balanced,6,74,15,0,+3,,,,,,,Full Resistance,,,,Full Resistance,Immune,,,,18,10,17,4,6,5,+4,0,+3,-3,+1,-3,"Opportunity Attack,Turn Resistance",Undead Fortitude,
Greater Zombie,Explorer,6,51,15,0,+5,,,,,,,Full Resistance,,,,Full Resistance,Immune,,,,18,10,17,4,6,5,+4,0,+3,-3,+3,-3,"Opportunity Attack,Turn Resistance",Undead Fortitude,
Greater Zombie,Tactician,6,96,15,0,+3,,,,,,,Full Resistance,,,,Full Resistance,Immune,,,,18,10,17,4,6,5,+4,0,+3,-3,+1,-3,"Opportunity Attack,Turn Resistance",Undead Fortitude,
Strange Beggar Lumbar,Balanced,4,42,10,0,+2,,,Full Resistance,Full Resistance,Full Resistance,Resistance to Magical,Resistance to Magical,Resistance to Magical,Resistance to Magical,Resistance to Magical,Resistance to Magical,Immune,Resistance to Magical,,Resistance to Magical,16,10,16,3,6,5,+3,0,+3,-4,0,-3,Opportunity Attack,"Undead Fortitude,Stench of Death",
Strange Beggar Lumbar,Explorer,4,29,10,0,+4,,,Full Resistance,Full Resistance,Full Resistance,Resistance to Magical,Resistance to Magical,Resistance to Magical,Resistance to Magical,Resistance to Magical,Resistance to Magical,Immune,Resistance to Magical,,Resistance to Magical,16,10,16,3,6,5,+3,0,+3,-4,+2,-3,Opportunity Attack,"Undead Fortitude,Stench of Death",
Strange Beggar Lumbar,Tactician,4,54,10,0,+2,,,Full Resistance,Full Resistance,Full Resistance,Resistance to Magical,Resistance to Magical,Resistance to Magical,Resistance to Magical,Resistance to Magical,Resistance to Magical,Immune,Resistance to Magical,,Resistance to Magical,16,10,16,3,6,5,+3,0,+3,-4,0,-3,Opportunity Attack,"Undead Fortitude,Stench of Death",
Strange Beggar Morbus,Balanced,4,44,7,-3,+2,,,,,,,,,,,,Immune,,,,16,4,16,3,6,5,+3,-3,+3,-4,0,-3,"Opportunity Attack,Undead Fortitude","Undead Fortitude,Stench of Death",
Reanimated Corpse,Balanced,1,22,8,-2,+2,,,,,,,,,,,,Immune,,,,16,6,16,13,6,5,+3,-2,+3,+1,0,-3,"Opportunity Attack,Undead Fortitude",Undead Fortitude,
Reanimated Corpse,Explorer,1,15,8,-2,+4,,,,,,,,,,,,Immune,,,,16,6,16,13,6,5,+3,-2,+3,+1,+2,-3,"Opportunity Attack,Undead Fortitude",Undead Fortitude,
Reanimated Corpse,Tactician,1,28,8,-2,+2,,,,,,,,,,,,Immune,,,,16,6,16,13,6,5,+3,-2,+3,+1,0,-3,"Opportunity Attack,Undead Fortitude",Undead Fortitude,
Strange Beggar Sacrum,Balanced,4,26,8,-2,+2,,,,,,,,,,,,,,,,16,6,16,3,6,5,+3,-2,+3,-4,0,-3,"Opportunity Attack,Undead Fortitude","Undead Fortitude,Stench of Death",
Strange Beggar Sacrum,Explorer,4,18,8,-2,+4,,,,,,,,,,,,,,,,16,6,16,3,6,5,+3,-2,+3,-4,+2,-3,"Opportunity Attack,Undead Fortitude","Undead Fortitude,Stench of Death",
Strange Beggar Sacrum,Tactician,4,33,8,-2,+2,,,,,,,,,,,,,,,,16,6,16,3,6,5,+3,-2,+3,-4,0,-3,"Opportunity Attack,Undead Fortitude","Undead Fortitude,Stench of Death",
Thrumbo,Balanced,4,56,10,0,+2,,,,,,,,,,,,Immune,,,,18,10,16,3,6,5,+4,0,+3,-4,0,-3,"Opportunity Attack,Turn Resistance,Undead Fortitude","Undead Fortitude,Stench of Death",
Thrumbo,Explorer,4,39,10,0,+4,,,,,,,,,,,,Immune,,,,18,10,16,3,6,5,+4,0,+3,-4,+2,-3,"Opportunity Attack,Turn Resistance,Undead Fortitude","Undead Fortitude,Stench of Death",
Thrumbo,Tactician,4,72,10,0,+2,,,,,,,,,,,,Immune,,,,18,10,16,3,6,5,+4,0,+3,-4,0,-3,"Opportunity Attack,Turn Resistance,Undead Fortitude","Undead Fortitude,Stench of Death",
Zealous Assistant,Balanced,6,48,13,+3,+3,,,,,,,,Full Resistance,,,Full Resistance,,,,,14,16,12,10,10,10,+2,+6,+1,0,0,0,Opportunity Attack,,
Zealous Assistant,Explorer,6,33,13,+3,+5,,,,,,,,Full Resistance,,,Full Resistance,,,,,14,16,12,10,10,10,+2,+8,+1,0,0,0,Opportunity Attack,,
Zealous Assistant,Tactician,6,62,13,+3,+3,,,,,,,,Full Resistance,,,Full Resistance,,,,,14,16,12,10,10,10,+2,+6,+1,0,0,0,"Opportunity Attack,Permanently Armed",,
Zombie Dror Ragzlin,Balanced,5,22,11,-2,+3,,,,,,,,,,,,,,,,16,6,16,3,6,5,+3,-2,+3,-4,-2,-3,"Darkvision,Danger Sense,Extra Attack,Fast Movement,Martial Advantage,Opportunity Attack,Unarmoured Defence (Barbarian)",Reconfigured: Undead,
Zombie Minthara,Balanced,6,22,8,-2,+3,,,,,,,,,,,,,,,,16,6,16,3,6,5,+3,-2,+3,-4,-2,-3,"Dual Wielder,Dual Wielder: Bonus Armour Class,Defence,Divine Health,Drow Weapon Training,Extra Attack,Fey Ancestry,Opportunity Attack,Superior Darkvision",Reconfigured: Undead,
Zombie Wulbren,Balanced,6,22,6,-2,+3,,,,,,,,,,,,,,,,16,6,16,3,6,5,+6,-2,+6,-4,-2,-3,"Darkvision,Extra Attack,Gnome Cunning,Opportunity Attack,Shortened Stride,Undead Fortitude",Reconfigured: Undead,
Zombie Wulbren,Tactician,6,22,6,-2,+3,,,,,,,,,,,,,,,,16,6,16,3,6,5,+6,-2,+6,-4,-2,-3,"Darkvision,Extra Attack,Gnome Cunning,Opportunity Attack,Shortened Stride,Undead Fortitude",Reconfigured: Undead,
Apostle of Myrkul,Balanced,11,245,19,+1,+4,,,,,,,Full Resistance,,,,Full Resistance,Immune,,,,23,12,22,15,17,21,+6,+1,+6,+2,+7,+9,"Consume the Faithful,Darkvision,Defence,Divine Health,Extra Attack,Fey Ancestry,Immutable Form,Improved Divine Smite,Opportunity Attack,Magical Plate (-2)",Myrkul's Presence,
Apostle of Myrkul,Explorer,11,201,19,+1,+6,,,,,,,Full Resistance,,,,Full Resistance,Immune,,,,23,12,22,15,17,21,+6,+1,+6,+2,+9,+11,"Consume the Faithful,Darkvision,Defence,Divine Health,Extra Attack,Fey Ancestry,Immutable Form,Improved Divine Smite,Opportunity Attack,Magical Plate (-2)",Myrkul's Presence,
Apostle of Myrkul,Tactician,11,390,20,+2,+4,,,Resistance to Non-Magical,Full Resistance,Full Resistance,,Full Resistance,,,,Full Resistance,Immune,,,,25,14,22,15,17,25,+7,+2,+6,+2,+7,+11,"Consume the Faithful,Darkvision,Defence,Divine Health,Extra Attack,Fey Ancestry,Immutable Form,Improved Divine Smite,Magical Plate (-2),Opportunity Attack","Myrkul's Presence,Legendary Resistance: Incapacitation",
Apostle of Myrkul,Honour,11,390,20,+2,+4,,,Resistance to Non-Magical,Full Resistance,Full Resistance,,Full Resistance,,,,Full Resistance,Immune,,,,25,14,22,15,17,25,+7,+2,+6,+2,+7,+11,"Consume the Faithful,Darkvision,Defence,Divine Health,Extra Attack,Fey Ancestry,Immutable Form,Improved Divine Smite,Magical Plate (-2),Legendary Action: Gaze of the Dead,Opportunity Attack","Myrkul's Presence,Legendary Resistance: Incapacitation",Legendary Action: Gaze of the Dead
Balthazar,Balanced,8,91,8,+7,+3,,,Full Resistance,Full Resistance,Full Resistance,,,,,,,Immune,,,,10,14,16,20,14,10,0,+2,+6,+5,+5,0,"Alert,Grave Magic,Grim Harvest,Immune to Control Undead,Opportunity Attack,Turn Resistance","Mage Armour,Undead Ward,Undead Ward Aura",
Balthazar,Explorer,8,63,8,+7,+5,,,Full Resistance,Full Resistance,Full Resistance,,,,,,,Immune,,,,10,14,16,20,14,10,0,+2,+8,+5,+7,0,"Alert,Grave Magic,Grim Harvest,Immune to Control Undead,Opportunity Attack,Turn Resistance","Mage Armour,Undead Ward,Undead Ward Aura",
Balthazar,Tactician,8,118,8,+7,+3,,,Full Resistance,Full Resistance,Full Resistance,,,,,,,Immune,,,,10,14,16,20,14,10,0,+2,+6,+5,+5,0,"Alert,Grave Magic,Grim Harvest,Immune to Control Undead,Magic Resistance,Opportunity Attack,Turn Resistance","Legendary Resistance,Mage Armour,Undead Ward,Undead Ward Aura",
Balthazar,Honour,8,118,8,+7,+3,,,Full Resistance,Full Resistance,Full Resistance,,,,,,,Immune,,,,10,14,16,20,14,10,0,+2,+6,+5,+5,0,"Alert,Grave Magic,Grim Harvest,Immune to Control Undead,Legendary Action: Spectral Aspect,Legendary Action: The Dead Wastes,Magic Resistance,Opportunity Attack,Turn Resistance","Legendary Action: Spectral Aspect,Legendary Resistance,Mage Armour,Undead Ward,Undead Ward Aura",The Dead Wastes
Gerringothe Thorm,Balanced,8,6,16,+9,+3,DEX,15,Resistance to Non-Magical,Resistance to Non-Magical,Resistance to Non-Magical,,,Full Resistance,,,,,,,,12,18,12,16,12,8,+1,+7,+1,+6,+1,-1,"Alert,Coin Armour,Darkvision,Fast Hands,Immune to Control Undead,Opportunity Attack,Fey Ancestry,Turn Resistance","Coin Cuirass,Coin Cuisse (L),Coin Cuisse (R),Coin Helmet,Coin Vambrace (L),Coin Vambrace (R)",
Gerringothe Thorm,Tactician,8,7,16,+9,+4,DEX,18,Resistance to Non-Magical,Resistance to Non-Magical,Resistance to Non-Magical,,,Full Resistance,,,,,,,,12,18,12,16,12,8,+1,+8,+1,+7,+1,-1,"Alert,Coin Armour,Darkvision,Fast Hands,Immune to Control Undead,Opportunity Attack,Fey Ancestry,Turn Resistance","Coin Cuirass,Coin Cuisse (L),Coin Cuisse (R),Coin Helmet,Coin Vambrace (L),Coin Vambrace (R),Legendary Resistance: Incapacitation",
Gerringothe Thorm,Honour,8,7,16,+9,+4,DEX,18,Resistance to Non-Magical,Resistance to Non-Magical,Resistance to Non-Magical,,,Full Resistance,,,,,,,,12,18,12,16,12,8,+1,+8,+1,+7,+1,-1,"Alert,Coin Armour,Darkvision,Fast Hands,Immune to Control Undead,Opportunity Attack,Fey Ancestry,Turn Resistance,Legendary Action: Sublimation","Coin Cuirass,Coin Cuisse (L),Coin Cuisse (R),Coin Helmet,Coin Vambrace (L),Coin Vambrace (R),Legendary Resistance: Incapacitation,Legendary Action: Sublimation",
Malus Thorm,Balanced,7,276,18,+4,+3,,,Resistance to Non-Magical,Resistance to Non-Magical,Resistance to Non-Magical,,,Full Resistance,,,,,,,,14,18,14,14,16,8,+2,+7,+2,+2,+6,-1,"Magic Resistance,Multiattack: Wounded (Malus Thorm),Opportunity Attack,Turn Resistance",,
Malus Thorm,Explorer,7,193,18,+4,+5,,,Resistance to Non-Magical,Resistance to Non-Magical,Resistance to Non-Magical,,,Full Resistance,,,,,,,,14,18,14,14,16,8,+2,+9,+2,+2,+8,-1,"Magic Resistance,Multiattack: Wounded (Malus Thorm),Opportunity Attack,Turn Resistance",,
Malus Thorm,Tactician,7,358,18,+4,+4,,,Resistance to Non-Magical,Resistance to Non-Magical,Resistance to Non-Magical,,,Full Resistance,,,,,,,,14,18,14,14,16,8,+2,+8,+2,+2,+7,-1,"Magic Resistance,Multiattack: Wounded (Malus Thorm),Opportunity Attack,Turn Resistance",Legendary Resistance: Incapacitation,
Malus Thorm,Honour,7,358,18,+4,+4,,,Resistance to Non-Magical,Resistance to Non-Magical,Resistance to Non-Magical,,,Full Resistance,,,,,,,,14,18,14,14,16,8,+2,+8,+2,+2,+7,-1,"Legendary Action: Grasping Appendage,Legendary Action: Wail of Loss,Magic Resistance,Multiattack: Wounded (Malus Thorm),Opportunity Attack,Turn Resistance",Legendary Resistance: Incapacitation,"Legendary Action: Grasping Appendage,Legendary Action: Wail of Loss"
Oathbreaker Knight,Balanced,12,234,12,+3,+4,,,Resistance to Non-Magical,Resistance to Non-Magical,Resistance to Non-Magical,,,,,,Full Resistance,Full Resistance,,,,19,16,17,10,16,20,+9,+8,+8,+5,+12,+14,"Darkvision,Opportunity Attack,Extra Attack,Divine Health,Great Weapon Fighting,Improved Divine Smite,Turn Resistance","Aura of Hate,Aura of Protection,Aura of Courage",
Oathbreaker Knight,Explorer,12,156,12,+3,+6,,,Resistance to Non-Magical,Resistance to Non-Magical,Resistance to Non-Magical,,,,,,Full Resistance,Full Resistance,,,,19,16,17,10,16,20,+9,+8,+8,+5,+14,+16,"Darkvision,Opportunity Attack,Extra Attack,Divine Health,Great Weapon Fighting,Improved Divine Smite,Turn Resistance","Aura of Hate,Aura of Protection,Aura of Courage",
Oathbreaker Knight,Tactician,12,291,12,+3,+4,,,Resistance to Non-Magical,Resistance to Non-Magical,Resistance to Non-Magical,,,,,,Full Resistance,Full Resistance,,,,19,16,17,10,16,20,+9,+8,+8,+5,+12,+14,"Darkvision,Opportunity Attack,Extra Attack,Divine Health,Great Weapon Fighting,Improved Divine Smite,Turn Resistance","Aura of Hate,Aura of Protection,Aura of Courage",
Sister Anya,Balanced,6,48,13,+3,+3,,,,,,,,Full Resistance,,,Full Resistance,,,,,14,16,12,10,10,10,+2,+6,+1,0,0,0,Opportunity Attack,,
Sister Anya,Explorer,6,33,13,+3,+5,,,,,,,,Full Resistance,,,Full Resistance,,,,,14,16,12,10,10,10,+2,+8,+1,0,0,0,Opportunity Attack,,
Sister Anya,Tactician,6,62,13,+3,+3,,,,,,,,Full Resistance,,,Full Resistance,,,,,14,16,12,10,10,10,+2,+6,+1,0,0,0,"Opportunity Attack,Permanently Armed",,
Sister Geanne,Balanced,6,48,13,+3,+3,,,,,,,,Full Resistance,,,Full Resistance,,,,,14,16,12,10,10,10,+2,+6,+1,0,0,0,Opportunity Attack,,
Sister Geanne,Explorer,6,33,13,+3,+5,,,,,,,,Full Resistance,,,Full Resistance,,,,,14,16,12,10,10,10,+2,+8,+1,0,0,0,Opportunity Attack,,
Sister Geanne,Tactician,6,62,13,+3,+3,,,,,,,,Full Resistance,,,Full Resistance,,,,,14,16,12,10,10,10,+2,+6,+1,0,0,0,"Opportunity Attack,Permanently Armed",,
Sister Hunna,Balanced,6,48,13,+3,+3,,,,,,,,Full Resistance,,,Full Resistance,,,,,14,16,12,10,10,10,+2,+6,+1,0,0,0,Opportunity Attack,,
Sister Hunna,Explorer,6,33,13,+3,+5,,,,,,,,Full Resistance,,,Full Resistance,,,,,14,16,12,10,10,10,+2,+8,+1,0,0,0,Opportunity Attack,,
Sister Hunna,Tactician,6,62,13,+3,+3,,,,,,,,Full Resistance,,,Full Resistance,,,,,14,16,12,10,10,10,+2,+6,+1,0,0,0,"Opportunity Attack,Permanently Armed",,
Sister Lidwin,Balanced,6,48,13,+3,+3,,,,,,,,Full Resistance,,,Full Resistance,,,,,14,16,12,10,10,10,+2,+6,+1,0,0,0,Opportunity Attack,,
Sister Lidwin,Explorer,6,33,13,+3,+5,,,,,,,,Full Resistance,,,Full Resistance,,,,,14,16,12,10,10,10,+2,+8,+1,0,0,0,Opportunity Attack,,
Sister Lidwin,Tactician,6,62,13,+3,+3,,,,,,,,Full Resistance,,,Full Resistance,,,,,14,16,12,10,10,10,+2,+6,+1,0,0,0,"Opportunity Attack,Permanently Armed",,
Sister Sinda,Balanced,6,48,13,+3,+3,,,,,,,,Full Resistance,,,Full Resistance,,,,,14,16,12,10,10,10,+2,+6,+1,0,0,0,Opportunity Attack,,
Sister Sinda,Explorer,6,33,13,+3,+5,,,,,,,,Full Resistance,,,Full Resistance,,,,,14,16,12,10,10,10,+2,+8,+1,0,0,0,Opportunity Attack,,
Sister Sinda,Tactician,6,62,13,+3,+3,,,,,,,,Full Resistance,,,Full Resistance,,,,,14,16,12,10,10,10,+2,+6,+1,0,0,0,"Opportunity Attack,Permanently Armed",,
Sister Vanessa,Balanced,6,48,13,+3,+3,,,,,,,,Full Resistance,,,Full Resistance,,,,,14,16,12,10,10,10,+2,+6,+1,0,0,0,Opportunity Attack,,
Sister Vanessa,Explorer,6,33,13,+3,+5,,,,,,,,Full Resistance,,,Full Resistance,,,,,14,16,12,10,10,10,+2,+8,+1,0,0,0,Opportunity Attack,,
Sister Vanessa,Tactician,6,62,13,+3,+3,,,,,,,,Full Resistance,,,Full Resistance,,,,,14,16,12,10,10,10,+2,+6,+1,0,0,0,"Opportunity Attack,Permanently Armed",,
Squire,Balanced,5,47,16,+1,+3,,,Vulnerable,,,,,,,,,Immune,,,,16,13,12,3,6,5,+3,+1,+1,-4,-2,-3,"Extra Attack,Opportunity Attack,Pack Tactics",,
Squire,Explorer,5,32,16,+1,+5,,,Vulnerable,,,,,,,,,Immune,,,,16,13,12,3,6,5,+3,+1,+1,-4,-2,-3,"Extra Attack,Opportunity Attack,Pack Tactics",,
Squire,Tactician,5,61,16,+1,+3,,,Vulnerable,,,,,,,,,Immune,,,,16,13,12,3,6,5,+3,+1,+1,-4,-2,-3,"Extra Attack,Opportunity Attack,Pack Tactics",,
Thisobald Thorm,Balanced,6,288,16,+2,+3,,,,,,,,,,,,,,,,18,14,16,10,16,6,+7,+2,+6,0,+6,-2,"Darkvision,Extra Attack,Immune to Control Undead,Opportunity Attack,Turn Resistance","Gaseous Reflux,Numb",
Thisobald Thorm,Explorer,6,201,16,+2,+5,,,,,,,,,,,,,,,,18,14,16,10,16,6,+9,+2,+8,0,+8,-2,"Darkvision,Extra Attack,Immune to Control Undead,Opportunity Attack,Turn Resistance","Gaseous Reflux,Numb",
Thisobald Thorm,Tactician,6,374,16,+2,+4,,,Immune,Immune,Immune,,,,,,,,,,,18,14,16,10,16,6,+8,+2,+7,0,+7,-2,"Darkvision,Extra Attack,Immune to Control Undead,Opportunity Attack,Turn Resistance","Gaseous Reflux,Legendary Resistance: Incapacitation,Numb",
Thisobald Thorm,Honour,6,374,16,+2,+4,,,Immune,Immune,Immune,,,,,,,,,,,18,14,16,10,16,6,+8,+2,+7,0,+7,-2,"Darkvision,Extra Attack,Legendary Action: Overflowing Brew,Immune to Control Undead,Opportunity Attack,Turn Resistance","Gaseous Reflux,Legendary Resistance: Incapacitation,Legendary Action: Overflowing Brew,Numb",
Werewolf,Balanced,11,58,12,+1,+4,,,Immune,Immune,Immune,,,,,,,,,,,16,13,14,10,11,10,+3,+1,+2,0,0,0,"Multiattack: Wounded (Werewolf),Opportunity Attack",,
Werewolf,Explorer,11,40,12,+1,+6,,,Immune,Immune,Immune,,,,,,,,,,,16,13,14,10,11,10,+3,+1,+2,0,0,0,"Multiattack: Wounded (Werewolf),Opportunity Attack",,
Werewolf,Tactician,11,75,12,+1,+4,,,Immune,Immune,Immune,,,,,,,,,,,16,13,14,10,11,10,+3,+1,+2,0,0,0,"Multiattack: Wounded (Werewolf),Opportunity Attack",,
Indra,Balanced,4,11,13,+2,+2,,,,,,,,,,,,,,,,12,15,12,3,12,6,+1,+2,+1,-4,+1,-2,"Opportunity Attack,Pack Tactics",,
Indra,Explorer,4,7,13,+2,+4,,,,,,,,,,,,,,,,12,15,12,3,12,6,+1,+2,+1,-4,+1,-2,"Opportunity Attack,Pack Tactics",,
Indra,Tactician,4,14,13,+2,+2,,,,,,,,,,,,,,,,12,15,12,3,12,6,+1,+2,+1,-4,+1,-2,"Opportunity Attack,Pack Tactics",,
Isbeth,Balanced,4,11,13,+2,+2,,,,,,,,,,,,,,,,12,15,12,3,12,6,+1,+2,+1,-4,+1,-2,"Opportunity Attack,Pack Tactics",,
Isbeth,Explorer,4,7,13,+2,+4,,,,,,,,,,,,,,,,12,15,12,3,12,6,+1,+2,+1,-4,+1,-2,"Opportunity Attack,Pack Tactics",,
Isbeth,Tactician,4,14,13,+2,+2,,,,,,,,,,,,,,,,12,15,12,3,12,6,+1,+2,+1,-4,+1,-2,"Opportunity Attack,Pack Tactics",,
Istor,Balanced,1,11,13,+2,+2,,,,,,,,,,,,,,,,12,15,12,3,12,6,+1,+2,+1,-4,+1,-2,"Opportunity Attack,Pack Tactics",,
Istor,Explorer,1,7,13,+2,+4,,,,,,,,,,,,,,,,12,15,12,3,12,6,+1,+2,+1,-4,+1,-2,"Opportunity Attack,Pack Tactics",,
Istor,Tactician,1,14,13,+2,+2,,,,,,,,,,,,,,,,12,15,12,3,12,6,+1,+2,+1,-4,+1,-2,"Opportunity Attack,Pack Tactics",,
Silver,Balanced,2,11,13,+2,+2,,,,,,,,,,,,,,,,12,15,12,3,12,6,+1,+2,+1,-4,+1,-2,"Opportunity Attack,Pack Tactics",,
Silver,Explorer,2,7,13,+2,+4,,,,,,,,,,,,,,,,12,15,12,3,12,6,+1,+2,+1,-4,+1,-2,"Opportunity Attack,Pack Tactics",,
Silver,Tactician,2,14,13,+2,+2,,,,,,,,,,,,,,,,12,15,12,3,12,6,+1,+2,+1,-4,+1,-2,"Opportunity Attack,Pack Tactics",,
Vulk,Balanced,4,37,12,+2,+2,,,,,,,,,,,,,,,,17,15,15,3,12,7,+3,+2,+2,-4,+1,-2,"Opportunity Attack,Pack Tactics",,
Bloodfang,Balanced,12,58,14,+7,+4,,,,,,,,,,,,,,,,17,15,15,3,12,7,+3,+2,+2,-4,+1,-2,"Alert,Opportunity Attack,Pack Tactics",,
Bloodfang,Explorer,12,40,14,+7,+6,,,,,,,,,,,,,,,,17,15,15,3,12,7,+3,+2,+2,-4,+1,-2,"Alert,Opportunity Attack,Pack Tactics",,
Bloodfang,Tactician,12,75,14,+7,+4,,,,,,,,,,,,,,,,17,15,15,3,12,7,+3,+2,+2,-4,+1,-2,"Alert,Opportunity Attack,Pack Tactics",,
D'hak,Balanced,5,37,14,+3,+3,,,,,,,,,,,,,,,,17,17,15,3,12,7,+3,+3,+2,-4,+1,-2,"Opportunity Attack,Pack Tactics",,
D'hak,Explorer,5,25,14,+3,+5,,,,,,,,,,,,,,,,17,17,15,3,12,7,+3,+3,+2,-4,+1,-2,"Opportunity Attack,Pack Tactics",,
D'hak,Tactician,5,48,14,+3,+3,,,,,,,,,,,,,,,,17,17,15,3,12,7,+3,+3,+2,-4,+1,-2,"Extra Attack,Opportunity Attack,Pack Tactics",,
Ur'uth,Balanced,5,37,14,+3,+3,,,,,,,,,,,,,,,,17,17,15,3,12,7,+3,+3,+2,-4,+1,-2,"Opportunity Attack,Pack Tactics",,
Ur'uth,Explorer,5,25,14,+3,+5,,,,,,,,,,,,,,,,17,17,15,3,12,7,+3,+3,+2,-4,+1,-2,"Opportunity Attack,Pack Tactics",,
Ur'uth,Tactician,5,48,14,+3,+3,,,,,,,,,,,,,,,,17,17,15,3,12,7,+3,+3,+2,-4,+1,-2,"Extra Attack,Opportunity Attack,Pack Tactics",,
Whitemist,Balanced,12,58,14,+7,+4,,,,,,,,,,,,,,,,17,15,15,3,12,7,+3,+2,+2,-4,+1,-2,"Alert,Opportunity Attack,Pack Tactics",,
Whitemist,Explorer,12,40,14,+7,+6,,,,,,,,,,,,,,,,17,15,15,3,12,7,+3,+2,+2,-4,+1,-2,"Alert,Opportunity Attack,Pack Tactics",,
Whitemist,Tactician,12,75,14,+7,+4,,,,,,,,,,,,,,,,17,15,15,3,12,7,+3,+2,+2,-4,+1,-2,"Alert,Opportunity Attack,Pack Tactics",,
Worg,Balanced,2,26,13,+1,+2,,,,,,,,,,,,,,,,16,13,13,7,11,8,+3,+1,+1,-2,0,-1,Opportunity Attack,,
Worg,Explorer,2,18,13,+1,+4,,,,,,,,,,,,,,,,16,13,13,7,11,8,+3,+1,+1,-2,0,-1,,,
Worg,Tactician,2,33,13,+1,+2,,,,,,,,,,,,,,,,16,13,13,7,11,8,+3,+1,+1,-2,0,-1,Opportunity Attack,,
Worg (White),Balanced,2,42,14,+2,+2,,,,,,,,,,,,,,,,18,14,14,7,11,8,+4,+2,+2,-2,0,-1,Opportunity Attack,,
Worg (White),Explorer,2,29,14,+2,+4,,,,,,,,,,,,,,,,18,14,14,7,11,8,+4,+2,+2,-2,0,-1,Opportunity Attack,,
Worg (White),Tactician,2,54,14,+2,+2,,,,,,,,,,,,,,,,18,14,14,7,11,8,+4,+2,+2,-2,0,-1,Opportunity Attack,,
Wraith,Balanced,5,67,13,+3,+3,,,Resistance to Non-Magical,Resistance to Non-Magical,Resistance to Non-Magical,Full Resistance,Full Resistance,Full Resistance,,Full Resistance,Immune,Immune,,Vulnerable,Full Resistance,6,16,16,12,14,15,-2,+3,+3,+1,+2,+2,"Darkvision,Ethereal,Extinguishing Malice,Opportunity Attack,Sunlight Sensitivity",,
Wraith,Explorer,5,46,13,+3,+5,,,Resistance to Non-Magical,Resistance to Non-Magical,Resistance to Non-Magical,Full Resistance,Full Resistance,Full Resistance,,Full Resistance,Immune,Immune,,Vulnerable,Full Resistance,6,16,16,12,14,15,-2,+3,+3,+1,+2,+2,"Darkvision,Ethereal,Extinguishing Malice,Opportunity Attack,Sunlight Sensitivity",,
Wraith,Tactician,5,87,13,+3,+3,,,Resistance to Non-Magical,Resistance to Non-Magical,Resistance to Non-Magical,Full Resistance,Full Resistance,Full Resistance,,Full Resistance,Immune,Immune,,Vulnerable,Full Resistance,6,16,16,12,14,15,-2,+3,+3,+1,+2,+2,"Darkvision,Ethereal,Extinguishing Malice,Opportunity Attack,Sunlight Sensitivity",,
Zombie,Balanced,3,22,8,-2,+2,,,,,,,,,,,,Immune,,,,16,6,16,3,6,5,+3,-2,+3,-4,0,-3,"Opportunity Attack,Undead Fortitude",,
Zombie,Explorer,3,15,8,-2,+4,,,,,,,,,,,,Immune,,,,16,6,16,3,6,5,+3,-2,+3,-4,+2,-3,"Opportunity Attack,Undead Fortitude",,
Zombie,Tactician,3,28,8,-2,+2,,,,,,,,,,,,Immune,,,,16,6,16,3,6,5,+3,-2,+3,-4,0,-3,"Opportunity Attack,Undead Fortitude",,
Bigmouth' Thimsen,Balanced,1,8,10,0,+2,,,,,,,,,,,,Full Resistance,,,,10,10,10,10,10,10,0,0,0,0,0,0,"Darkvision,Dwarven Resilience,Opportunity Attack",,
Bigmouth' Thimsen,Explorer,1,5,10,0,+4,,,,,,,,,,,,Full Resistance,,,,10,10,10,10,10,10,0,0,0,0,0,0,"Darkvision,Dwarven Resilience,Opportunity Attack",,
Bigmouth' Thimsen,Tactician,1,10,10,0,+2,,,,,,,,,,,,Full Resistance,,,,10,10,10,10,10,10,0,0,0,0,0,0,"Darkvision,Dwarven Resilience,Opportunity Attack",,
Ears' Oohna,Balanced,1,6,10,0,+2,,,,,,,,,,,,,,,,10,10,10,10,10,10,0,0,0,0,0,0,"Darkvision,Fey Ancestry,Opportunity Attack",,
Ears' Oohna,Explorer,1,4,10,0,+4,,,,,,,,,,,,,,,,10,10,10,10,10,10,0,0,0,0,0,0,"Darkvision,Fey Ancestry,Opportunity Attack",,
Ears' Oohna,Tactician,1,7,10,0,+2,,,,,,,,,,,,,,,,10,10,10,10,10,10,0,0,0,0,0,0,"Darkvision,Fey Ancestry,Opportunity Attack",,
Grumpo' Daggles,Balanced,1,6,10,0,+2,,,,,,,,,,,,,,,,10,10,10,10,10,10,0,0,0,0,0,0,Opportunity Attack,,
Grumpo' Daggles,Explorer,1,4,10,0,+4,,,,,,,,,,,,,,,,10,10,10,10,10,10,0,0,0,0,0,0,Opportunity Attack,,
Grumpo' Daggles,Tactician,1,7,10,0,+2,,,,,,,,,,,,,,,,10,10,10,10,10,10,0,0,0,0,0,0,Opportunity Attack,,
Gunny' Sacko,Balanced,1,6,10,0,+2,,,,,,,,,,,,,,,,10,10,10,10,10,10,0,0,0,0,0,0,Opportunity Attack,,
Gunny' Sacko,Explorer,1,4,10,0,+4,,,,,,,,,,,,,,,,10,10,10,10,10,10,0,0,0,0,0,0,Opportunity Attack,,
Gunny' Sacko,Tactician,1,8,10,0,+2,,,,,,,,,,,,,,,,10,10,10,10,10,10,0,0,0,0,0,0,Opportunity Attack,,
Logs' Odoolan,Balanced,1,6,10,0,+2,,,,,,,,,,,,,,,,10,10,10,10,10,10,0,0,0,0,0,0,,,
Logs' Odoolan,Explorer,1,4,10,0,+4,,,,,,,,,,,,,,,,10,10,10,10,10,10,0,0,0,0,0,0,,,
Logs' Odoolan,Tactician,1,7,10,0,+2,,,,,,,,,,,,,,,,10,10,10,10,10,10,0,0,0,0,0,0,,,
Loose Lips' Cyrilla,Balanced,1,8,10,0,+2,,,,,,,,,,,,,,,,10,10,10,10,10,10,0,0,0,0,0,0,"Darkvision,Fey Ancestry,Opportunity Attack",,
Plumes' Fronkin,Balanced,1,6,10,0,+2,,,,,,,,,,,,,,,,10,10,10,10,10,10,0,0,0,0,0,0,Opportunity Attack,,
Plumes' Fronkin,Explorer,1,4,10,0,+4,,,,,,,,,,,,,,,,10,10,10,10,10,10,0,0,0,0,0,0,Opportunity Attack,,
Plumes' Fronkin,Tactician,1,7,10,0,+2,,,,,,,,,,,,,,,,10,10,10,10,10,10,0,0,0,0,0,0,Opportunity Attack,,
Suspicious' Foont,Balanced,1,8,10,0,+2,,,,,,,,,,,,,,,,10,10,10,10,10,10,0,0,0,0,0,0,"Brave,Halfling Luck,Opportunity Attack",,
Suspicious' Foont,Explorer,1,5,10,0,+4,,,,,,,,,,,,,,,,10,10,10,10,10,10,0,0,0,0,0,0,"Brave,Halfling Luck,Opportunity Attack",,
Suspicious' Foont,Tactician,1,10,10,0,+2,,,,,,,,,,,,,,,,10,10,10,10,10,10,0,0,0,0,0,0,"Brave,Halfling Luck,Opportunity Attack",,
Zinfandel' Gorse,Balanced,1,8,10,0,+2,,,,,,,,,,,,,,,,10,10,10,10,10,10,0,0,0,0,0,0,"Brave,Halfling Luck,Opportunity Attack",,
Zinfandel' Gorse,Explorer,1,5,10,0,+4,,,,,,,,,,,,,,,,10,10,10,10,10,10,0,0,0,0,0,0,"Brave,Halfling Luck,Opportunity Attack",,
Zinfandel' Gorse,Tactician,1,10,10,0,+2,,,,,,,,,,,,,,,,10,10,10,10,10,10,0,0,0,0,0,0,"Brave,Halfling Luck,Opportunity Attack",,
Abby,Balanced,6,83,14,+1,+3,,,,,,,,,,,,,,,,20,13,16,7,10,10,+8,+1,+6,-2,0,0,"Danger Sense,Extra Attack,Fast Movement,Opportunity Attack,Propelling Strike,Rage Becomes Frenzy,Unarmoured Defence (Barbarian)",,
Abby,Explorer,6,58,14,+1,+5,,,,,,,,,,,,,,,,20,13,16,7,10,10,+10,+1,+8,-2,0,0,"Danger Sense,Extra Attack,Fast Movement,Opportunity Attack,Propelling Strike,Rage Becomes Frenzy,Unarmoured Defence (Barbarian)",,
Abby,Tactician,6,107,14,+1,+3,,,,,,,,,,,,,,,,20,13,16,7,10,10,+8,+1,+6,-2,0,0,"Danger Sense,Extra Attack,Fast Movement,Opportunity Attack,Propelling Strike,Rage Becomes Frenzy,Unarmoured Defence (Barbarian)",,
Abdirak,Balanced,3,30,10,0,+2,,,,,,,,,,,Full Resistance,,,,,13,11,14,12,16,12,+1,0,+2,+1,+5,+3,"Opportunity Attack,Willing Whip",,
Abdirak,Explorer,3,21,10,0,+4,,,,,,,,,,,Full Resistance,,,,,13,11,14,12,16,12,+1,0,+2,+1,+7,+5,"Opportunity Attack,Willing Whip",,
Abdirak,Tactician,3,39,10,0,+2,,,,,,,,,,,Full Resistance,,,,,13,11,14,12,16,12,+1,0,+2,+1,+5,+3,"Opportunity Attack,Willing Whip",,
Night Blade Abraxa,Balanced,3,28,12,+2,+2,,,,,,,,,,,,,,,,11,15,12,10,11,14,0,+2,+1,0,0,+2,"Darkvision,Opportunity Attack",Aura of Murder,
Night Blade Abraxa,Explorer,3,19,12,+2,+4,,,,,,,,,,,,,,,,11,15,12,10,11,14,0,+2,+1,0,0,+2,"Darkvision,Opportunity Attack",Aura of Murder,
Night Blade Abraxa,Tactician,3,36,12,+2,+2,,,,,,,,,,,,,,,,11,15,12,10,11,14,0,+2,+1,0,0,+2,"Darkvision,Opportunity Attack",Aura of Murder,
Absolute Questioner,Balanced,8,59,12,+2,+3,,,,,,,,,,,,,,,,10,14,15,12,11,18,0,+2,+2,+4,+3,+4,"Darkvision,Dreadful Word,Gnome Cunning,Opportunity Attack,Repelling Blast,Shortened Stride",,
Absolute Questioner,Explorer,8,41,12,+2,+5,,,,,,,,,,,,,,,,10,14,15,12,11,18,0,+2,+2,+6,+5,+4,"Darkvision,Dreadful Word,Gnome Cunning,Opportunity Attack,Repelling Blast,Shortened Stride",,
Absolute Questioner,Tactician,8,76,12,+2,+3,,,,,,,,,,,,,,,,10,14,15,12,11,18,0,+2,+2,+4,+3,+4,"Darkvision,Dreadful Word,Gnome Cunning,Opportunity Attack,Repelling Blast,Shortened Stride",,
Acolyte of the Absolute,Balanced,4,27,11,0,+2,,,,,,,,,,,,,,,,11,10,12,8,14,9,0,0,+1,-1,+4,+1,Opportunity Attack,,
Acolyte of the Absolute,Explorer,4,18,11,0,+4,,,,,,,,,,,,,,,,11,10,12,8,14,9,0,0,+1,-1,+6,+3,Opportunity Attack,,
Acolyte of the Absolute,Tactician,4,35,11,0,+2,,,,,,,,,,,,,,,,11,10,12,8,14,9,0,0,+1,-1,+4,+1,Opportunity Attack,,
Raider Add’ath,Balanced,5,32,15,+3,+3,,,,,,,,,,,,,,,,10,17,14,10,12,10,+3,+3,+5,0,+1,0,"Crossbow Expert: Point-Blank,Crossbow Expert: Wounding,Extra Attack,Opportunity Attack",,
Raider Add’ath,Explorer,5,22,15,+3,+5,,,,,,,,,,,,,,,,10,17,14,10,12,10,+5,+3,+7,0,+1,0,"Crossbow Expert: Point-Blank,Crossbow Expert: Wounding,Extra Attack,Opportunity Attack",,
Raider Add’ath,Tactician,5,41,15,+3,+3,,,,,,,,,,,,,,,,10,17,14,10,12,10,+3,+3,+5,0,+1,0,"Archery,Crossbow Expert: Point-Blank,Crossbow Expert: Wounding,Extra Attack,Opportunity Attack,Psionic Empowerment",,
Adept of the Absolute,Balanced,8,58,15,+1,+3,,,,,,,,,,,,,Full Resistance,,,13,12,16,10,18,10,+1,+1,+3,0,+7,+3,Opportunity Attack,Death Ward,
Adept of the Absolute,Explorer,8,40,15,+1,+5,,,,,,,,,,,,,Full Resistance,,,13,12,16,10,18,10,+1,+1,+3,0,+9,+5,Opportunity Attack,Death Ward,
Adept of the Absolute,Tactician,8,75,15,+1,+3,,,,,,,,,,,,,Full Resistance,,,13,12,16,10,18,10,+1,+1,+3,0,+7,+3,"Channel Divinity: War God's Blessing,Opportunity Attack",Death Ward,
Adrielle,Balanced,7,52,18,0,+3,,,,,,,,,,,,,,,,12,10,12,11,17,10,+1,0,+1,0,+6,+3,"Channel Divinity: Guided Strike,Channel Divinity: War God's Blessing,Opportunity Attack,Tenacity,War Priest",,
Adrielle,Explorer,7,36,18,0,+5,,,,,,,,,,,,,,,,12,10,12,11,17,10,+1,0,+1,0,+8,+5,"Channel Divinity: Guided Strike,Channel Divinity: War God's Blessing,Opportunity Attack,Tenacity,War Priest",,
Adrielle,Tactician,7,67,18,0,+3,,,,,,,,,,,,,,,,12,10,12,11,17,10,+1,0,+1,0,+6,+3,"Channel Divinity: Guided Strike,Channel Divinity: War God's Blessing,Opportunity Attack,Tenacity,War Priest",,
Aelar,Balanced,3,22,12,+1,+2,,,,,,,,,,,,,,,,10,12,10,12,16,14,0,+1,0,+3,+5,+2,"Darkvision,Fey Ancestry,Opportunity Attack",,
Aelar,Explorer,3,15,12,+1,+4,,,,,,,,,,,,,,,,10,12,10,12,16,14,0,+1,0,+5,+7,+2,"Darkvision,Fey Ancestry,Opportunity Attack",,
Aelar,Tactician,3,28,12,+1,+2,,,,,,,,,,,,,,,,10,12,10,12,16,14,0,+1,0,+3,+5,+2,"Darkvision,Fey Ancestry,Opportunity Attack",,
Fist Recruit Aelis,Balanced,4,26,16,0,+2,,,,,,,,,,,,,,,,13,10,14,10,20,12,+1,0,+2,0,+7,+3,Opportunity Attack,,
Fist Recruit Aelis,Explorer,4,23,16,0,+4,,,,,,,,,,,,,,,,13,10,14,10,20,12,+1,0,+2,0,+9,+5,Opportunity Attack,,
Fist Recruit Aelis,Tactician,4,28,16,0,+2,,,,,,,,,,,,,,,,13,10,14,10,20,12,+1,0,+2,0,+7,+3,Opportunity Attack,,
Aelis Siryasius,Balanced,10,119,15,+2,+4,,,,,,,,Full Resistance,,,,,,,,10,15,14,16,12,18,0,+2,+2,+7,+5,+4,"Darkvision,Draconic Ancestry: Red (Fire),Draconic Resilience,Elemental Affinity: Damage,Fey Ancestry,Flaming Shroud,Opportunity Attack,Sunlight Sensitivity","Elemental Affinity: Fire Resistance,Freedom of Movement",
Aelis Siryasius,Explorer,10,83,15,+2,+6,,,,,,,,Full Resistance,,,,,,,,10,15,14,16,12,18,0,+2,+2,+9,+7,+4,"Darkvision,Draconic Ancestry: Red (Fire),Draconic Resilience,Elemental Affinity: Damage,Fey Ancestry,Flaming Shroud,Opportunity Attack,Sunlight Sensitivity","Elemental Affinity: Fire Resistance,Freedom of Movement",
Aelis Siryasius,Tactician,10,154,15,+2,+4,,,,,,,Full Resistance,Full Resistance,,,Full Resistance,,,,,10,15,14,16,12,21,0,+2,+2,+7,+5,+5,"Darkvision,Draconic Ancestry: Red (Fire),Draconic Resilience,Elemental Affinity: Damage,Fey Ancestry,Flaming Shroud,Grim Harvest,Inured to Undeath,Opportunity Attack,Sunlight Sensitivity","Elemental Affinity: Fire Resistance,Fire Shield: Warm,Freedom of Movement",
Griefguard Afara,Balanced,4,49,11,0,+2,,,,,,,,,,,,,,,,14,10,12,10,10,10,+4,0,+1,0,0,0,"Born into Darkness,Darkvision,Opportunity Attack,Shadow Ambush",,
Griefguard Afara,Explorer,4,26,11,0,+4,,,,,,,,,,,,,,,,14,10,12,10,10,10,+6,0,+1,0,0,0,"Born into Darkness,Darkvision,Opportunity Attack,Shadow Ambush",,
Griefguard Afara,Tactician,4,49,11,0,+2,,,,,,,,,,,,,,,,14,10,12,10,10,10,+4,0,+1,0,0,0,"Born into Darkness,Darkvision,Opportunity Attack,Shadow Ambush",,
Fist Aggralix,Balanced,8,55,16,+5,+3,,,,,,,,,,,,Full Resistance,,,,12,21,14,8,14,10,+4,+8,+2,-1,+2,0,"Archery,Crossbow Expert: Point-Blank,Darkvision,Dwarven Resilience,Extra Attack,Opportunity Attack",,
Fist Aggralix,Explorer,8,38,16,+5,+5,,,,,,,,,,,,Full Resistance,,,,12,21,14,8,14,10,+6,+10,+2,-1,+2,0,"Archery,Crossbow Expert: Point-Blank,Darkvision,Dwarven Resilience,Extra Attack,Opportunity Attack",,
Fist Aggralix,Tactician,8,71,16,+5,+3,,,,,,,,,,,,Full Resistance,,,,12,21,14,8,14,10,+4,+8,+2,-1,+2,0,"Archery,Crossbow Expert: Point-Blank,Darkvision,Dwarven Resilience,Extra Attack,Opportunity Attack",,
Sharp-Eye Aggy,Balanced,2,12,13,+2,+2,,,,,,,,,,,,,,,,10,14,10,10,8,8,0,+2,0,0,-1,-1,"Darkvision,Opportunity Attack",Slightly Drunk,
Sharp-Eye Aggy,Explorer,2,8,13,+2,+4,,,,,,,,,,,,,,,,10,14,10,10,8,8,0,+2,0,0,-1,-1,"Darkvision,Opportunity Attack",Slightly Drunk,
Sharp-Eye Aggy,Tactician,2,15,13,+2,+2,,,,,,,,,,,,,,,,10,14,10,10,8,8,0,+2,0,0,-1,-1,"Darkvision,Fury of the Small,Opportunity Attack",Slightly Drunk,
Sharp-Eye Aggy,Honour,2,19,13,+2,+2,,,,,,,,,,,,,,,,10,14,10,10,8,8,0,+2,0,0,-1,-1,"Darkvision,Fury of the Small,Opportunity Attack",Slightly Drunk,
Fist Aguta,Balanced,8,64,18,+1,+3,,,,,,,,,,,,,,,,21,13,17,10,12,8,+8,+1,+7,0,+1,-1,"Extra Attack,Opportunity Attack,Protection",,
Fist Aguta,Tactician,8,68,18,+1,+3,,,,,,,,,,,,,,,,21,13,17,10,12,8,+8,+1,+7,0,+1,-1,"Extra Attack,Opportunity Attack,Protection",,
Raider Ahu'u'rag,Balanced,5,32,15,+3,+3,,,,,,,,,,,,,,,,10,17,14,10,12,10,+3,+3,+5,0,+1,0,"Crossbow Expert: Point-Blank,Crossbow Expert: Wounding,Extra Attack,Opportunity Attack",,
Raider Ahu'u'rag,Explorer,5,22,15,+3,+5,,,,,,,,,,,,,,,,10,17,14,10,12,10,+5,+3,+7,0,+1,0,"Crossbow Expert: Point-Blank,Crossbow Expert: Wounding,Extra Attack,Opportunity Attack",,
Raider Ahu'u'rag,Tactician,5,41,15,+3,+3,,,,,,,,,,,,,,,,10,17,14,10,12,10,+3,+3,+5,0,+1,0,"Archery,Crossbow Expert: Point-Blank,Crossbow Expert: Wounding,Extra Attack,Opportunity Attack,Psionic Empowerment",,
Aideen,Balanced,8,56,10,0,+3,,,,,,,,,,,,,,,,12,10,10,16,12,10,+1,0,0,+6,+4,0,Opportunity Attack,Blurred,
Aideen,Explorer,8,39,10,0,+5,,,,,,,,,,,,,,,,12,10,10,16,12,10,+1,0,0,+8,+6,0,Opportunity Attack,Blurred,
Aideen,Tactician,8,72,10,0,+3,,,,,,,,,,,,,,,,12,10,10,16,12,10,+1,0,0,+6,+4,0,Opportunity Attack,Blurred,
Black Gauntlet Aischa,Balanced,12,82,18,0,+4,,,,,,,,,,,,,,,,18,11,18,12,15,20,+4,0,+5,+1,+6,+9,"Extra Attack,Infernal Weapon,Opportunity Attack,Tactical Discipline",,
Black Gauntlet Aischa,Explorer,12,57,18,0,+6,,,,,,,,,,,,,,,,18,11,18,12,15,20,+4,0,+5,+1,+8,+11,"Extra Attack,Infernal Weapon,Opportunity Attack,Tactical Discipline",,
Black Gauntlet Aischa,Tactician,12,106,18,0,+4,,,,,,,,,,,,,,,,18,11,18,12,15,20,+4,0,+5,+1,+6,+9,"Extra Attack,Infernal Weapon,Opportunity Attack,Tactical Discipline",,
Alan Alyth,Balanced,1,8,10,0,+2,,,,,,,,,,,,,,,,10,10,10,10,10,10,0,0,0,0,0,0,"Darkvision,Fey Ancestry,Opportunity Attack",,
Alan Alyth,Explorer,1,5,10,0,+4,,,,,,,,,,,,,,,,10,10,10,10,10,10,0,0,0,0,0,0,"Darkvision,Fey Ancestry,Opportunity Attack",,
Alan Alyth,Tactician,1,10,10,0,+2,,,,,,,,,,,,,,,,10,10,10,10,10,10,0,0,0,0,0,0,"Darkvision,Fey Ancestry,Opportunity Attack",,
Albert,Balanced,1,5,10,0,+2,,,,,,,,,,,,,,,,10,10,10,10,10,10,0,0,0,0,0,0,Opportunity Attack,,
Albert,Explorer,1,3,10,0,+4,,,,,,,,,,,,,,,,10,10,10,10,10,10,0,0,0,0,0,0,Opportunity Attack,,
Albert,Tactician,1,6,10,0,+2,,,,,,,,,,,,,,,,10,10,10,10,10,10,0,0,0,0,0,0,Opportunity Attack,,
Alembrosius,Balanced,1,6,10,0,+2,,,,,,,,,,,,,,,,10,10,10,10,10,10,0,0,0,0,0,0,Opportunity Attack,,
Alembrosius,Explorer,1,6,10,0,+4,,,,,,,,,,,,,,,,10,10,10,10,10,10,0,0,0,0,0,0,Opportunity Attack,,
Alembrosius,Tactician,1,6,10,0,+2,,,,,,,,,,,,,,,,10,10,10,10,10,10,0,0,0,0,0,0,Opportunity Attack,,
Alexander Rainforest,Balanced,1,8,10,0,+2,,,,,,,,,,,,,,,,10,10,10,10,10,10,0,0,0,0,0,0,"Darkvision,Fey Ancestry,Opportunity Attack",,
Alfira,Balanced,1,20,10,0,+2,,,,,,,,Full Resistance,,,,,,,,12,10,12,16,12,12,+1,0,+1,+5,+3,+1,"Darkvision,Hellish Resistance,Opportunity Attack",,
Alfira,Explorer,1,14,10,0,+4,,,,,,,,Full Resistance,,,,,,,,12,10,12,16,12,12,+1,0,+1,+7,+5,+1,"Darkvision,Hellish Resistance,Opportunity Attack",,
Alfira,Tactician,1,26,10,0,+2,,,,,,,,Full Resistance,,,,,,,,12,10,12,16,12,12,+1,0,+1,+5,+3,+1,"Darkvision,Hellish Resistance,Opportunity Attack",,
Alia Durinbold,Balanced,1,8,10,0,+2,,,,,,,,,,,,,,,,10,10,10,10,10,10,0,0,0,0,0,0,"Darkvision,Fey Ancestry,Opportunity Attack",,
Alice Althea,Balanced,1,8,10,0,+2,,,,,,,,,,,,,,,,10,10,10,10,10,10,0,0,0,0,0,0,"Darkvision,Fey Ancestry,Opportunity Attack",,
Alice Althea,Explorer,1,5,10,0,+4,,,,,,,,,,,,,,,,10,10,10,10,10,10,0,0,0,0,0,0,"Darkvision,Fey Ancestry,Opportunity Attack",,
Alice Althea,Tactician,1,10,10,0,+2,,,,,,,,,,,,,,,,10,10,10,10,10,10,0,0,0,0,0,0,"Darkvision,Fey Ancestry,Opportunity Attack",,
Allandra Grey,Balanced,10,92,15,+2,+4,,,,,,,,,,Full Resistance,,,,,,14,14,14,16,20,14,+2,+2,+2,+7,+9,+2,"Dual Wielder,Dual Wielder: Bonus Armour Class,Magic Resistance,Opportunity Attack,Watery Guidance",Mage Armour,
Allandra Grey,Explorer,10,64,15,+2,+6,,,,,,,,,,Full Resistance,,,,,,14,14,14,16,20,14,+2,+2,+2,+9,+11,+2,"Dual Wielder,Dual Wielder: Bonus Armour Class,Magic Resistance,Opportunity Attack,Watery Guidance",Mage Armour,
Allandra Grey,Tactician,10,119,15,+2,+4,,,,,,,,,,Full Resistance,,,,,,14,14,14,16,20,14,+2,+2,+2,+7,+9,+2,"Dual Wielder,Dual Wielder: Bonus Armour Class,Magic Resistance,Opportunity Attack,Watery Guidance",Mage Armour,
Allymer,Balanced,1,6,10,0,+2,,,,,,,,,,,,,,,,10,10,10,10,10,10,0,0,0,0,0,0,Opportunity Attack,,
Allymer,Explorer,1,4,10,0,+4,,,,,,,,,,,,,,,,10,10,10,10,10,10,0,0,0,0,0,0,Opportunity Attack,,
Allymer,Tactician,1,7,10,0,+2,,,,,,,,,,,,,,,,10,10,10,10,10,10,0,0,0,0,0,0,Opportunity Attack,,
Amek,Balanced,1,8,10,0,+2,,,,,,,,Full Resistance,,,,,,,,10,10,10,10,10,10,0,0,0,0,0,0,"Darkvision,Hellish Resistance,Opportunity Attack",,
Amek,Explorer,1,5,10,0,+4,,,,,,,,Full Resistance,,,,,,,,10,10,10,10,10,10,0,0,0,0,0,0,"Darkvision,Hellish Resistance,Opportunity Attack",,
Amek,Tactician,1,10,10,0,+2,,,,,,,,Full Resistance,,,,,,,,10,10,10,10,10,10,0,0,0,0,0,0,"Darkvision,Hellish Resistance,Opportunity Attack",,
Fist of Bane Aminah,Balanced,10,62,16,0,+4,,,,,,,,,,,,Full Resistance,,,,19,11,13,10,12,11,+4,0,+1,0,+1,0,"Duergar Resilience,Dwarven Resilience,Extra Attack,Opportunity Attack,Sunlight Sensitivity,Superior Darkvision,Tactical Discipline",,
Fist of Bane Aminah,Explorer,10,43,16,0,+6,,,,,,,,,,,,Full Resistance,,,,19,11,13,10,12,11,+4,0,+1,0,+1,0,"Duergar Resilience,Dwarven Resilience,Extra Attack,Opportunity Attack,Sunlight Sensitivity,Superior Darkvision,Tactical Discipline",,
Fist of Bane Aminah,Tactician,10,80,16,0,+4,,,,,,,,,,,,Full Resistance,,,,19,11,13,10,12,11,+4,0,+1,0,+1,0,"Duergar Resilience,Dwarven Resilience,Extra Attack,Opportunity Attack,Sunlight Sensitivity,Superior Darkvision,Tactical Discipline",,
Mamzell Amira,Balanced,6,48,10,0,+3,,,,,,,,,,,,,,,,12,10,10,16,12,18,+1,+3,0,+3,+1,+7,"Bardic Inspiration,Font of Inspiration,Improved Bardic Inspiration,Opportunity Attack",,
Mamzell Amira,Explorer,6,33,10,0,+5,,,,,,,,,,,,,,,,12,10,10,16,12,18,+1,+5,0,+3,+1,+9,"Bardic Inspiration,Font of Inspiration,Improved Bardic Inspiration,Opportunity Attack",,
Mamzell Amira,Tactician,6,62,10,0,+3,,,,,,,,,,,,,,,,12,10,10,16,12,18,+1,+3,0,+3,+1,+7,"Bardic Inspiration,Font of Inspiration,Improved Bardic Inspiration,Opportunity Attack",,
Dead Caravan Agent,Balanced,4,6,4,0,+2,,,,,,,,,,,,,,,,10,10,10,10,10,10,0,0,0,0,0,0,Opportunity Attack,Dead,
Dead Caravan Agent,Explorer,4,5,4,0,+4,,,,,,,,,,,,,,,,10,10,10,10,10,10,0,0,0,0,0,0,Opportunity Attack,Dead,
Dead Caravan Agent,Tactician,4,7,4,0,+2,,,,,,,,,,,,,,,,10,10,10,10,10,10,0,0,0,0,0,0,Opportunity Attack,Dead,
Dockworker Amphol,Balanced,8,6,10,0,+3,,,,,,,,,,,,,,,,10,10,10,10,10,10,0,0,0,0,0,0,"Opportunity Attack,Toggle Non-Lethal Attacks",,
Dockworker Amphol,Explorer,8,4,10,0,+5,,,,,,,,,,,,,,,,10,10,10,10,10,10,0,0,0,0,0,0,"Opportunity Attack,Toggle Non-Lethal Attacks",,
Dockworker Amphol,Tactician,8,8,10,0,+3,,,,,,,,,,,,,,,,10,10,10,10,10,10,0,0,0,0,0,0,"Opportunity Attack,Toggle Non-Lethal Attacks",,
Anders,Balanced,5,44,14,0,+3,,,,,,,,,,,,,,,,18,11,14,12,12,18,+8,+4,+6,+5,+8,+11,"Divine Health,Extra Attack,Opportunity Attack",Aura of Protection,
Anders,Explorer,5,30,14,0,+5,,,,,,,,,,,,,,,,18,11,14,12,12,18,+8,+4,+6,+5,+10,+13,"Divine Health,Extra Attack,Opportunity Attack",Aura of Protection,
Anders,Tactician,5,57,14,0,+3,,,,,,,,,,,,,,,,18,11,14,12,12,18,+8,+4,+6,+5,+8,+11,"Divine Health,Extra Attack,Opportunity Attack",Aura of Protection,
Fist Anderson,Balanced,10,18,10,+1,+4,,,,,,,,,,,,,,,,10,12,10,16,12,12,0,+1,0,+7,+5,+1,"Brave,Halfling Luck,Opportunity Attack",,
Fist Anderson,Explorer,10,12,10,+1,+6,,,,,,,,,,,,,,,,10,12,10,16,12,12,0,+1,0,+9,+7,+1,"Brave,Halfling Luck,Opportunity Attack",,
Fist Anderson,Tactician,10,23,10,+1,+4,,,,,,,,,,,,,,,,10,12,10,16,12,12,0,+1,0,+7,+5,+1,"Brave,Halfling Luck,Opportunity Attack",,
Andorn,Balanced,2,18,13,+2,+2,,,,,,,,,,,,,,,,12,14,10,11,10,14,+1,+4,0,+2,0,+2,Opportunity Attack,,
Andorn,Explorer,2,12,13,+2,+4,,,,,,,,,,,,,,,,12,14,10,11,10,14,+1,+6,0,+4,0,+2,Opportunity Attack,,
Andorn,Tactician,2,23,13,+2,+2,,,,,,,,,,,,,,,,12,14,10,11,10,14,+1,+4,0,+2,0,+2,Opportunity Attack,,
Andrick,Balanced,2,19,16,0,+2,,,,,,,,,,,,,,,,16,11,12,10,9,8,+3,0,+1,+2,+1,-1,Opportunity Attack,,
Andrick,Explorer,2,13,16,0,+4,,,,,,,,,,,,,,,,16,11,12,10,9,8,+3,0,+1,+4,+3,-1,Opportunity Attack,,
Andrick,Tactician,2,24,16,0,+2,,,,,,,,,,,,,,,,16,11,12,10,9,8,+3,0,+1,+2,+1,-1,Opportunity Attack,,
Angevin Troy,Balanced,1,6,1,0,+2,,,,,,,,,,,,,,,,10,10,10,10,10,10,0,0,0,0,0,0,Opportunity Attack,"Drunk,Unconscious",
Angevin Troy,Explorer,1,4,1,0,+4,,,,,,,,,,,,,,,,10,10,10,10,10,10,0,0,0,0,0,0,Opportunity Attack,"Drunk,Unconscious",
Angevin Troy,Tactician,1,7,1,0,+2,,,,,,,,,,,,,,,,10,10,10,10,10,10,0,0,0,0,0,0,Opportunity Attack,"Drunk,Unconscious",
Anita Fischer,Balanced,1,6,10,0,+2,,,,,,,,,,,,,,,,10,10,10,10,10,10,0,0,0,0,0,0,Opportunity Attack,,
Anita Fischer,Explorer,1,4,10,0,+4,,,,,,,,,,,,,,,,10,10,10,10,10,10,0,0,0,0,0,0,Opportunity Attack,,
Anita Fischer,Tactician,1,7,10,0,+2,,,,,,,,,,,,,,,,10,10,10,10,10,10,0,0,0,0,0,0,Opportunity Attack,,
Fist of Bane Anouk,Balanced,10,62,16,0,+4,,,,,,,,,,,,Full Resistance,,,,19,11,13,10,12,11,+4,0,+1,0,+1,0,"Duergar Resilience,Dwarven Resilience,Extra Attack,Opportunity Attack,Sunlight Sensitivity,Superior Darkvision,Tactical Discipline",,
Fist of Bane Anouk,Explorer,10,43,16,0,+6,,,,,,,,,,,,Full Resistance,,,,19,11,13,10,12,11,+4,0,+1,0,+1,0,"Duergar Resilience,Dwarven Resilience,Extra Attack,Opportunity Attack,Sunlight Sensitivity,Superior Darkvision,Tactical Discipline",,
Fist of Bane Anouk,Tactician,10,80,16,0,+4,,,,,,,,,,,,Full Resistance,,,,19,11,13,10,12,11,+4,0,+1,0,+1,0,"Duergar Resilience,Dwarven Resilience,Extra Attack,Opportunity Attack,Sunlight Sensitivity,Superior Darkvision,Tactical Discipline",,
Antinia the Goon,Balanced,8,74,16,0,+3,,,,,,,,,,,,,,,,18,11,14,12,12,14,+7,0,+5,+1,+1,+2,"Dual Wielder,Extra Attack,Opportunity Attack,Two-Weapon Fighting",,
Antinia the Goon,Explorer,8,51,16,0,+5,,,,,,,,,,,,,,,,18,11,14,12,12,14,+9,0,+7,+1,+1,+2,"Dual Wielder,Extra Attack,Opportunity Attack,Two-Weapon Fighting",,
Antinia the Goon,Tactician,8,96,16,0,+3,,,,,,,,,,,,,,,,18,11,14,12,12,14,+7,0,+5,+1,+1,+2,"Dual Wielder,Extra Attack,Opportunity Attack,Two-Weapon Fighting",,
Quivers Antinnia,Balanced,8,59,16,+5,+3,,,,,,,,,,,,,,,,12,20,12,12,14,10,+4,+8,+1,+1,+2,0,"Archery,Extra Attack,Opportunity Attack,Land's Stride: Difficult Terrain",,
Quivers Antinnia,Explorer,8,41,16,+5,+5,,,,,,,,,,,,,,,,12,20,12,12,14,10,+6,+10,+1,+1,+2,0,"Archery,Extra Attack,Opportunity Attack,Land's Stride: Difficult Terrain",,
Quivers Antinnia,Tactician,8,76,16,+5,+3,,,,,,,,,,,,,,,,12,20,12,12,14,10,+4,+8,+1,+1,+2,0,"Archery,Extra Attack,Opportunity Attack,Land's Stride: Difficult Terrain",,
Harper Antony,Balanced,6,48,13,+2,+3,,,,,,,,,,,,,,,,12,15,12,10,14,12,+4,+5,+1,0,+2,+1,"Extra Attack,Opportunity Attack",,
Harper Antony,Explorer,6,33,13,+2,+5,,,,,,,,,,,,,,,,12,15,12,10,14,12,+6,+7,+1,0,+2,+1,"Extra Attack,Opportunity Attack",,
Harper Antony,Tactician,6,62,13,+2,+3,,,,,,,,,,,,,,,,12,15,12,10,14,12,+4,+5,+1,0,+2,+1,"Extra Attack,Opportunity Attack",,
Apikusis,Balanced,1,8,10,0,+2,,,,,,,,,,,,,,,,10,10,10,10,10,10,0,0,0,0,0,0,"Darkvision,Fey Ancestry,Opportunity Attack",,
Apikusis,Explorer,1,5,10,0,+4,,,,,,,,,,,,,,,,10,10,10,10,10,10,0,0,0,0,0,0,"Darkvision,Fey Ancestry,Opportunity Attack",,
Apikusis,Tactician,1,10,10,0,+2,,,,,,,,,,,,,,,,10,10,10,10,10,10,0,0,0,0,0,0,"Darkvision,Fey Ancestry,Opportunity Attack",,
Arabella,Balanced,1,5,10,0,+2,,,,,,,,Full Resistance,,,,,,,,10,10,10,10,10,10,0,0,0,0,0,0,"Darkvision,Hellish Resistance",,
Arabella,Explorer,1,3,10,0,+4,,,,,,,,Full Resistance,,,,,,,,10,10,10,10,10,10,0,0,0,0,0,0,"Darkvision,Hellish Resistance",,
Arabella,Tactician,1,6,10,0,+2,,,,,,,,Full Resistance,,,,,,,,10,10,10,10,10,10,0,0,0,0,0,0,"Darkvision,Hellish Resistance",,
Aradin,Balanced,3,28,16,+2,+2,,,,,,,,,,,,,,,,15,14,14,12,12,12,+2,+2,+2,+1,+1,+1,"Opportunity Attack,Tenacity",,
Aradin,Explorer,3,19,16,+2,+4,,,,,,,,,,,,,,,,15,14,14,12,12,12,+2,+2,+2,+1,+1,+1,"Opportunity Attack,Tenacity",,
Aradin,Tactician,3,36,16,+2,+2,,,,,,,,,,,,,,,,15,14,14,12,12,12,+2,+2,+2,+1,+1,+1,"Opportunity Attack,Tenacity",,
Araj Oblodra,Balanced,6,52,14,+3,+3,,,,,,,,,,,,,,,,10,17,12,12,10,12,0,+6,+1,+4,0,+1,"Darkvision,Fey Ancestry,Opportunity Attack,Sunlight Sensitivity,Uncanny Dodge",,
Araj Oblodra,Explorer,6,36,14,+3,+5,,,,,,,,,,,,,,,,10,17,12,12,10,12,0,+8,+1,+6,0,+1,"Darkvision,Fey Ancestry,Opportunity Attack,Sunlight Sensitivity,Uncanny Dodge",,
Araj Oblodra,Tactician,6,67,14,+3,+3,,,,,,,,,,,,,,,,10,17,12,12,10,12,0,+6,+1,+4,0,+1,"Darkvision,Fey Ancestry,Opportunity Attack,Sunlight Sensitivity,Uncanny Dodge",,
Aran Elomar,Balanced,1,6,10,0,+2,,,,,,,,,,,,,,,,10,10,10,10,10,10,0,0,0,0,0,0,Opportunity Attack,,
Aran Elomar,Explorer,1,3,10,0,+4,,,,,,,,,,,,,,,,10,10,10,10,10,10,0,0,0,0,0,0,Opportunity Attack,,
Aran Elomar,Tactician,1,8,10,0,+2,,,,,,,,,,,,,,,,10,10,10,10,10,10,0,0,0,0,0,0,Opportunity Attack,,
Arborio Rolfin,Balanced,1,8,10,0,+2,,,,,,,,,,,,,,,,10,10,10,10,10,10,0,0,0,0,0,0,"Darkvision,Fey Ancestry,Opportunity Attack",,
Arborio Rolfin,Explorer,1,5,10,0,+4,,,,,,,,,,,,,,,,10,10,10,10,10,10,0,0,0,0,0,0,"Darkvision,Fey Ancestry,Opportunity Attack",,
Arborio Rolfin,Tactician,1,10,10,0,+2,,,,,,,,,,,,,,,,10,10,10,10,10,10,0,0,0,0,0,0,"Darkvision,Fey Ancestry,Opportunity Attack",,
Arcagh,Balanced,4,36,17,+2,+2,,,,,,,,,,,,,,,,15,14,13,12,10,12,+4,+2,+3,+1,0,+1,"Darkvision,Dual Wielder,Dual Wielder: Bonus Armour Class,Fey Ancestry,Opportunity Attack,Sunlight Sensitivity",,
Arcagh,Explorer,4,25,17,+2,+4,,,,,,,,,,,,,,,,15,14,13,12,10,12,+6,+2,+5,+1,0,+1,"Darkvision,Dual Wielder,Dual Wielder: Bonus Armour Class,Fey Ancestry,Opportunity Attack,Sunlight Sensitivity",,
Arcagh,Tactician,4,46,17,+2,+2,,,,,,,,,,,,,,,,15,14,13,12,10,12,+4,+2,+3,+1,0,+1,"Darkvision,Dual Wielder,Dual Wielder: Bonus Armour Class,Fey Ancestry,Opportunity Attack,Sunlight Sensitivity",,
Archer Velicia,Balanced,5,46,17,+4,+3,,,,,,,Full Resistance,,,,,,,,,12,18,12,10,14,12,+4,+7,+1,0,+2,+1,"Darkvision,Dread Ambusher,Extra Attack,Fey Ancestry,Opportunity Attack,Ranger Knight,Wasteland Wanderer: Cold",,
Archer Velicia,Explorer,5,32,17,+4,+5,,,,,,,Full Resistance,,,,,,,,,12,18,12,10,14,12,+6,+9,+1,0,+2,+1,"Darkvision,Dread Ambusher,Extra Attack,Fey Ancestry,Opportunity Attack,Ranger Knight,Wasteland Wanderer: Cold",,
Archer Velicia,Tactician,5,59,17,+4,+3,,,,,,,Full Resistance,,,,,,,,,12,18,12,10,14,12,+4,+7,+1,0,+2,+1,"Darkvision,Dread Ambusher,Extra Attack,Fey Ancestry,Opportunity Attack,Ranger Knight,Wasteland Wanderer: Cold",,
Archivist,Balanced,1,8,10,0,+2,,,,,,,,Full Resistance,,,,,,,,10,10,10,10,10,10,0,0,0,0,0,0,"Darkvision,Hellish Resistance,Opportunity Attack",,
Archivist,Explorer,1,5,10,0,+4,,,,,,,,Full Resistance,,,,,,,,10,10,10,10,10,10,0,0,0,0,0,0,"Darkvision,Hellish Resistance,Opportunity Attack",,
Archivist,Tactician,1,10,10,0,+2,,,,,,,,Full Resistance,,,,,,,,10,10,10,10,10,10,0,0,0,0,0,0,"Darkvision,Hellish Resistance,Opportunity Attack",,
Zealot Arden,Balanced,8,70,18,0,+3,,,,,,,,,,,,,,,,18,10,16,9,11,16,+7,+3,+6,+2,+6,+9,"Darkvision,Divine Health,Extra Attack,Fey Ancestry,Great Weapon Fighting,Opportunity Attack,Sunlight Sensitivity",Aura of Protection,
Zealot Arden,Explorer,8,49,18,0,+5,,,,,,,,,,,,,,,,18,10,16,9,11,16,+7,+3,+6,+2,+8,+11,"Darkvision,Divine Health,Extra Attack,Fey Ancestry,Great Weapon Fighting,Opportunity Attack,Sunlight Sensitivity",Aura of Protection,
Zealot Arden,Tactician,8,91,18,0,+3,,,,,,,,,,,,,,,,18,10,16,9,11,16,+7,+3,+6,+2,+6,+9,"Darkvision,Divine Health,Extra Attack,Fey Ancestry,Great Weapon Fighting,Opportunity Attack,Relentless Avenger,Sunlight Sensitivity",Aura of Protection,
Githyanki Ardent,Balanced,5,28,12,+2,+3,,,,,,,,,,,,,,,,10,14,16,16,14,10,0,+2,+6,+6,+5,0,"Opportunity Attack,Extra Attack",,
Githyanki Ardent,Explorer,5,19,12,+2,+5,,,,,,,,,,,,,,,,10,14,16,16,14,10,0,+2,+8,+8,+7,0,"Opportunity Attack,Extra Attack",,
Githyanki Ardent,Tactician,5,36,12,+2,+3,,,,,,,,,,,,,,,,10,14,16,16,14,10,0,+2,+6,+6,+5,0,"Opportunity Attack,Extra Attack,Potent Cantrip,Psionic Empowerment",,
Fist 'Edge' Arensen,Balanced,8,62,16,+1,+3,,,,,,,,,,,,,,,,21,13,17,10,12,8,+8,+1,+7,0,+1,-1,"Extra Attack,Great Weapon Fighting,Opportunity Attack,Phalanx Formation,Riposte",,
Fist 'Edge' Arensen,Explorer,8,58,16,+1,+5,,,,,,,,,,,,,,,,21,13,17,10,12,8,+10,+1,+9,0,+1,-1,"Extra Attack,Great Weapon Fighting,Opportunity Attack,Phalanx Formation,Riposte",,
Fist 'Edge' Arensen,Tactician,8,65,16,+1,+3,,,,,,,,,,,,,,,,21,13,17,10,12,8,+8,+1,+7,0,+1,-1,"Extra Attack,Great Weapon Fighting,Opportunity Attack,Phalanx Formation,Riposte",,
Arfur Gregorio,Balanced,1,6,10,0,+2,,,,,,,,,,,,,,,,10,10,10,10,10,10,0,0,0,0,+2,+2,Opportunity Attack,,
Alchemist Argram,Balanced,5,44,12,+1,+3,,,,,,,,,,,,Full Resistance,,,,10,12,12,16,12,10,0,+1,+1,+6,+4,0,"Duergar Resilience,Dwarven Resilience,Opportunity Attack,Sunlight Sensitivity,Superior Darkvision",,
Alchemist Argram,Explorer,5,30,12,+1,+5,,,,,,,,,,,,Full Resistance,,,,10,12,12,16,12,10,0,+1,+1,+8,+6,0,"Duergar Resilience,Dwarven Resilience,Opportunity Attack,Sunlight Sensitivity,Superior Darkvision",,
Alchemist Argram,Tactician,5,57,12,+1,+3,,,,,,,,,,,,Full Resistance,,,,10,12,12,16,12,10,0,+1,+1,+6,+4,0,"Duergar Resilience,Dwarven Resilience,Opportunity Attack,Sunlight Sensitivity,Superior Darkvision",,
Arka,Balanced,3,22,14,+2,+2,,,,,,,,Full Resistance,,,,,,,,12,15,12,10,14,12,+3,+4,+1,0,+2,+1,"Darkvision,Hellish Resistance,Opportunity Attack",,
Arka,Explorer,3,15,14,+2,+4,,,,,,,,Full Resistance,,,,,,,,12,15,12,10,14,12,+5,+6,+1,0,+2,+1,"Darkvision,Hellish Resistance,Opportunity Attack",,
Arka,Tactician,3,28,14,+2,+2,,,,,,,,Full Resistance,,,,,,,,12,15,12,10,14,12,+3,+4,+1,0,+2,+1,"Darkvision,Hellish Resistance,Opportunity Attack",,
Arkleia Oloril,Balanced,1,6,10,0,+2,,,,,,,,,,,,,,,,10,10,10,10,10,10,0,0,0,0,0,0,Opportunity Attack,,
Arkleia Oloril,Explorer,1,4,10,0,+4,,,,,,,,,,,,,,,,10,10,10,10,10,10,0,0,0,0,0,0,Opportunity Attack,,
Arkleia Oloril,Tactician,1,10,10,0,+2,,,,,,,,,,,,,,,,10,10,10,10,10,10,0,0,0,0,0,0,Opportunity Attack,,
Arne Jacobson,Balanced,,6,10,0,,,,,,,,,,,,,,,,,10,10,10,10,10,10,0,0,0,0,0,0,Opportunity Attack,,
Arne Jacobson,Explorer,,4,10,0,,,,,,,,,,,,,,,,,10,10,10,10,10,10,0,0,0,0,0,0,Opportunity Attack,,
Arne Jacobson,Tactician,,7,10,0,,,,,,,,,,,,,,,,,10,10,10,10,10,10,0,0,0,0,0,0,Opportunity Attack,,
Arnell Hallowleaf,Balanced,1,82,12,+2,+2,,,,,,,,,,,,,,,,15,14,13,12,12,14,+4,+2,+3,+1,+1,+2,"Darkvision,Fey Ancestry,Opportunity Attack",,
Arnell Hallowleaf,Explorer,1,57,12,+2,+4,,,,,,,,,,,,,,,,15,14,13,12,12,14,+6,+2,+5,+1,+1,+2,"Darkvision,Fey Ancestry,Opportunity Attack",,
Arnell Hallowleaf,Tactician,1,106,12,+2,+2,,,,,,,,,,,,,,,,15,14,13,12,12,14,+4,+2,+3,+1,+1,+2,"Darkvision,Fey Ancestry,Opportunity Attack",,
Fist Arrinye,Balanced,8,62,16,+5,+3,,,,,,,,,,,,,,,,12,21,14,8,14,10,+4,+8,+2,-1,+2,0,"Archery,Crossbow Expert: Point-Blank,Extra Attack,Opportunity Attack",,
Fist Arrinye,Explorer,8,59,16,+5,+5,,,,,,,,,,,,,,,,12,21,14,8,14,10,+6,+10,+2,-1,+2,0,"Archery,Crossbow Expert: Point-Blank,Extra Attack,Opportunity Attack",,
Fist Arrinye,Tactician,8,64,16,+5,+3,,,,,,,,,,,,,,,,12,21,14,8,14,10,+4,+8,+2,-1,+2,0,"Archery,Crossbow Expert: Point-Blank,Extra Attack,Opportunity Attack",,
Arron,Balanced,3,26,15,+2,+2,,,,,,,,,,,,,,,,15,14,12,12,10,12,+4,+2,+3,+1,0,+1,"Brave,Halfling Luck,Opportunity Attack",,
Arron,Explorer,3,18,15,+2,+4,,,,,,,,,,,,,,,,15,14,12,12,10,12,+6,+2,+5,+1,0,+1,"Brave,Halfling Luck,Opportunity Attack",,
Arron,Tactician,3,33,15,+2,+2,,,,,,,,,,,,,,,,15,14,12,12,10,12,+4,+2,+3,+1,0,+1,"Brave,Halfling Luck,Opportunity Attack",,
Art Cullagh,Balanced,6,32,10,0,+3,,,,,,,,,,,,,,,,16,11,14,12,12,14,+6,0,+5,+1,+1,+2,"Extra Attack,Opportunity Attack",Catatonic,
Art Cullagh,Explorer,6,22,10,0,+5,,,,,,,,,,,,,,,,16,11,14,12,12,14,+8,0,+7,+1,+1,+2,"Extra Attack,Opportunity Attack",Catatonic,
Art Cullagh,Tactician,6,41,10,0,+3,,,,,,,,,,,,,,,,16,11,14,12,12,14,+6,0,+5,+1,+1,+2,"Extra Attack,Opportunity Attack",Catatonic,
Harper Arthus,Balanced,6,62,13,+2,+3,,,,,,,,,,,,,,,,15,14,15,10,12,12,+5,+2,+5,0,+1,+1,"Danger Sense,Darkvision,Extra Attack,Fast Movement,Fey Ancestry,Opportunity Attack,Unarmoured Defence (Barbarian)",,
Harper Arthus,Explorer,6,43,13,+2,+5,,,,,,,,,,,,,,,,15,14,15,10,12,12,+7,+2,+7,0,+1,+1,"Danger Sense,Darkvision,Extra Attack,Fast Movement,Fey Ancestry,Opportunity Attack,Unarmoured Defence (Barbarian)",,
Harper Arthus,Tactician,6,80,13,+2,+3,,,,,,,,,,,,,,,,15,14,15,10,12,12,+5,+2,+5,0,+1,+1,"Danger Sense,Darkvision,Extra Attack,Fast Movement,Fey Ancestry,Opportunity Attack,Unarmoured Defence (Barbarian)",,
Artimezt,Balanced,4,32,14,+3,+2,,,,,,,,,,,,,,,,10,16,12,10,14,10,+2,+5,+1,0,+2,0,"Darkvision,Fey Ancestry,Opportunity Attack,Sunlight Sensitivity",,
Artimezt,Explorer,4,22,14,+3,+4,,,,,,,,,,,,,,,,10,16,12,10,14,10,+4,+7,+1,0,+2,0,"Darkvision,Fey Ancestry,Opportunity Attack,Sunlight Sensitivity",,
Artimezt,Tactician,4,41,14,+3,+2,,,,,,,,,,,,,,,,10,16,12,10,14,10,+2,+5,+1,0,+2,0,"Darkvision,Fey Ancestry,Opportunity Attack,Sunlight Sensitivity",,
Asharak,Balanced,3,24,11,+1,+2,,,,,,,,Full Resistance,,,,,,,,18,12,16,10,10,12,+6,+1,+5,0,0,+1,"Darkvision,Hellish Resistance,Opportunity Attack",,
Asharak,Explorer,3,16,11,+1,+4,,,,,,,,Full Resistance,,,,,,,,18,12,16,10,10,12,+8,+1,+7,0,0,+1,"Darkvision,Hellish Resistance,Opportunity Attack",,
Asharak,Tactician,3,31,11,+1,+2,,,,,,,,Full Resistance,,,,,,,,18,12,16,10,10,12,+6,+1,+5,0,0,+1,"Darkvision,Hellish Resistance,Opportunity Attack",,
Asparagus Mhallie,Balanced,1,6,10,0,+2,,,,,,,,,,,,,,,,10,10,10,10,10,10,0,0,0,0,0,0,Opportunity Attack,,
Asparagus Mhallie,Explorer,1,4,10,0,+4,,,,,,,,,,,,,,,,10,10,10,10,10,10,0,0,0,0,0,0,Opportunity Attack,,
Asparagus Mhallie,Tactician,1,7,10,0,+2,,,,,,,,,,,,,,,,10,10,10,10,10,10,0,0,0,0,0,0,Opportunity Attack,,
Servant Asthena,Balanced,8,6,10,0,+3,,,,,,,,,,,,,,,,10,10,10,10,10,10,0,0,0,0,0,0,"Darkvision,Fey Ancestry,Opportunity Attack",,
Servant Asthena,Explorer,8,4,10,0,+5,,,,,,,,,,,,,,,,10,10,10,10,10,10,0,0,0,0,0,0,"Darkvision,Fey Ancestry,Opportunity Attack",,
Servant Asthena,Tactician,8,8,10,0,+3,,,,,,,,,,,,,,,,10,10,10,10,10,10,0,0,0,0,0,0,"Darkvision,Fey Ancestry,Opportunity Attack",,
Astoundo the Greater,Balanced,1,8,1,0,+2,,,,,,,,,,,,,,,,10,10,10,10,10,10,0,0,0,0,0,0,"Darkvision,Fey Ancestry,Opportunity Attack",,
Astoundo the Greater,Explorer,1,5,1,0,+4,,,,,,,,,,,,,,,,10,10,10,10,10,10,0,0,0,0,0,0,"Darkvision,Fey Ancestry,Opportunity Attack",,
Astoundo the Greater,Tactician,1,10,1,0,+2,,,,,,,,,,,,,,,,10,10,10,10,10,10,0,0,0,0,0,0,"Darkvision,Fey Ancestry,Opportunity Attack",,
Astoundo the Lesser,Balanced,1,6,10,0,+2,,,,,,,,,,,,,,,,10,10,10,10,10,10,0,0,0,0,0,0,Opportunity Attack,,
Astoundo the Lesser,Explorer,1,4,10,0,+4,,,,,,,,,,,,,,,,10,10,10,10,10,10,0,0,0,0,0,0,Opportunity Attack,,
Astoundo the Lesser,Tactician,1,7,10,0,+2,,,,,,,,,,,,,,,,10,10,10,10,10,10,0,0,0,0,0,0,Opportunity Attack,,
Youth Astyl,Balanced,3,22,11,+1,+2,,,,,,,,,,,,,,,,14,12,12,10,8,8,+2,+1,+1,0,-1,-1,Opportunity Attack,,
Youth Astyl,Explorer,3,15,11,+1,+4,,,,,,,,,,,,,,,,14,12,12,10,8,8,+2,+1,+1,0,-1,-1,Opportunity Attack,,
Youth Astyl,Tactician,3,28,11,+1,+2,,,,,,,,,,,,,,,,14,12,12,10,8,8,+2,+1,+1,0,-1,-1,Opportunity Attack,,
Asumi,Balanced,1,6,10,0,+2,,,,,,,,,,,,,,,,10,10,10,10,10,10,0,0,0,0,0,0,,,
Asumi,Explorer,1,4,10,0,+4,,,,,,,,,,,,,,,,10,10,10,10,10,10,0,0,0,0,0,0,,,
Asumi,Tactician,1,7,10,0,+2,,,,,,,,,,,,,,,,10,10,10,10,10,10,0,0,0,0,0,0,,,
Fist Aubree,Balanced,6,48,16,+3,+3,,,,,,,,,,,,,,,,12,16,12,10,14,10,+4,+6,+1,0,+2,0,"Darkvision,Extra Attack,Fey Ancestry,Opportunity Attack",,
Fist Aubree,Explorer,6,33,16,+3,+5,,,,,,,,,,,,,,,,12,16,12,10,14,10,+6,+8,+1,0,+2,0,"Darkvision,Extra Attack,Fey Ancestry,Opportunity Attack",,
Fist Aubree,Tactician,6,62,16,+3,+3,,,,,,,,,,,,,,,,12,16,12,10,14,10,+4,+6,+1,0,+2,0,"Darkvision,Extra Attack,Fey Ancestry,Opportunity Attack",,
Augur Harxkellan,Balanced,1,8,10,0,+2,,,,,,,,,,,,,,,,10,10,10,10,10,10,0,0,0,0,0,0,"Opportunity Attack,Toggle Non-Lethal Attacks",,
Augur Harxkellan,Explorer,1,16,10,0,+4,,,,,,,,,,,,,,,,10,10,10,10,10,10,0,0,0,0,0,0,"Opportunity Attack,Toggle Non-Lethal Attacks",,
Augur Harxkellan,Tactician,1,8,10,0,+2,,,,,,,,,,,,,,,,10,10,10,10,10,10,0,0,0,0,0,0,"Opportunity Attack,Toggle Non-Lethal Attacks",,
Avery Sonshal,Balanced,9,63,12,+2,+4,,,,,,,,,,,,,,,,9,14,30,17,12,11,-1,+2,+10,+7,+5,0,Opportunity Attack,,
Avery Sonshal,Explorer,9,44,12,+2,+6,,,,,,,,,,,,,,,,9,14,30,17,12,11,-1,+2,+10,+9,+7,0,Opportunity Attack,,
Avery Sonshal,Tactician,9,81,12,+2,+4,,,,,,,,,,,,,,,,9,14,30,17,12,11,-1,+2,+10,+7,+5,0,Opportunity Attack,,
Dark Breaker Avgarioletta,Balanced,10,68,14,0,+4,,,,,,,,,,Full Resistance,,,,,,16,10,12,16,18,12,+3,0,+1,+7,+8,+1,Opportunity Attack,,
Dark Breaker Avgarioletta,Explorer,10,47,14,0,+6,,,,,,,,,,Full Resistance,,,,,,16,10,12,16,18,12,+3,0,+1,+9,+10,+1,Opportunity Attack,,
Dark Breaker Avgarioletta,Tactician,10,88,14,0,+4,,,,,,,,,,Full Resistance,,,,,,16,10,12,16,18,12,+3,0,+1,+7,+8,+1,Opportunity Attack,,
Avourel,Balanced,1,8,1,0,+2,,,,,,,,,,,,,,,,10,10,10,10,10,10,0,0,0,0,0,0,"Darkvision,Fey Ancestry,Opportunity Attack",,
Avourel,Explorer,1,5,1,0,+4,,,,,,,,,,,,,,,,10,10,10,10,10,10,0,0,0,0,0,0,"Darkvision,Fey Ancestry,Opportunity Attack",,
Avourel,Tactician,1,10,1,0,+2,,,,,,,,,,,,,,,,10,10,10,10,10,10,0,0,0,0,0,0,"Darkvision,Fey Ancestry,Opportunity Attack",,
Dame Aylin,Balanced,11,85,18,0,+4,CHA,15,,,,,,,,,,,,,,18,10,16,11,13,17,+4,0,+3,0,+5,+7,"Child of the Moonmaiden,Divine Health,Extra Attack,Improved Divine Smite,Opportunity Attack",,
Dame Aylin,Explorer,11,110,18,0,+6,CHA,17,,,,,,,,,,,,,,18,10,16,11,13,17,+4,0,+3,0,+7,+9,"Child of the Moonmaiden,Divine Health,Extra Attack,Improved Divine Smite,Opportunity Attack",,
Ayo Armbrust,Balanced,1,5,10,0,+2,,,,,,,,,,,,,,,,10,10,10,10,10,10,0,0,0,0,0,0,Opportunity Attack,,
Ayo Armbrust,Explorer,1,3,10,0,+4,,,,,,,,,,,,,,,,10,10,10,10,10,10,0,0,0,0,0,0,Opportunity Attack,,
Ayo Armbrust,Tactician,1,6,10,0,+2,,,,,,,,,,,,,,,,10,10,10,10,10,10,0,0,0,0,0,0,Opportunity Attack,,
Tracker Azak,Balanced,1,7,13,+2,+2,,,,,,,,,,,,,,,,8,14,10,10,8,8,-1,+2,0,0,-1,-1,"Darkvision,Opportunity Attack",,
Tracker Azak,Explorer,1,4,13,+2,+4,,,,,,,,,,,,,,,,8,14,10,10,8,8,-1,+2,0,0,-1,-1,"Darkvision,Opportunity Attack",,
Tracker Azak,Tactician,1,9,13,+2,+2,,,,,,,,,,,,,,,,8,14,10,10,8,8,-1,+2,0,0,-1,-1,"Darkvision,Fury of the Small,Opportunity Attack",,
Tracker Azak,Honour,1,11,13,+2,+2,,,,,,,,,,,,,,,,8,14,10,10,8,8,-1,+2,0,0,-1,-1,"Darkvision,Fury of the Small,Opportunity Attack",,
Azari,Balanced,8,62,16,+1,+3,,,,,,,,,,,,,,,,21,13,17,10,12,8,+8,+1,+7,0,+1,-1,"Extra Attack,Great Weapon Fighting,Opportunity Attack,Phalanx Formation,Riposte",,
Azari,Explorer,8,59,16,+1,+5,,,,,,,,,,,,,,,,21,13,17,10,12,8,+10,+1,+9,0,+1,-1,"Extra Attack,Great Weapon Fighting,Opportunity Attack,Phalanx Formation,Riposte",,
Azari,Tactician,8,64,16,+1,+3,,,,,,,,,,,,,,,,21,13,17,10,12,8,+8,+1,+7,0,+1,-1,"Extra Attack,Great Weapon Fighting,Opportunity Attack,Phalanx Formation,Riposte",,
Youth Ba’akreth,Balanced,3,22,11,+1,+2,,,,,,,,,,,,,,,,14,12,12,10,8,8,+2,+1,+1,0,-1,-1,Opportunity Attack,,
Youth Ba’akreth,Explorer,3,15,11,+1,+4,,,,,,,,,,,,,,,,14,12,12,10,8,8,+2,+1,+1,0,-1,-1,Opportunity Attack,,
Youth Ba’akreth,Tactician,3,28,11,+1,+2,,,,,,,,,,,,,,,,14,12,12,10,8,8,+2,+1,+1,0,-1,-1,Opportunity Attack,,
Guard Baalfe,Balanced,10,62,18,0,+4,,,,,,,,,,,,,,,,19,11,13,10,12,11,+4,0,+1,0,+1,0,"Extra Attack,Opportunity Attack,Tactical Discipline",,
Guard Baalfe,Explorer,10,43,18,0,+6,,,,,,,,,,,,,,,,19,11,13,10,12,11,+4,0,+1,0,+1,0,"Extra Attack,Opportunity Attack,Tactical Discipline",,
Guard Baalfe,Tactician,10,80,18,0,+4,,,,,,,,,,,,,,,,19,11,13,10,12,11,+4,0,+1,0,+1,0,"Extra Attack,Opportunity Attack,Tactical Discipline",,
Babyjowls,Balanced,3,8,10,0,+2,,,,,,,,,,,,,,,,10,10,10,10,10,10,0,0,0,0,0,0,"Brave,Halfling Luck,Opportunity Attack",,
Bad Twin Bubbins,Balanced,3,43,14,+3,+2,,,,,,,,,,,,,,,,12,16,12,12,12,12,+1,+5,+1,+3,+1,+1,"Opportunity Attack,Brave,Halfling Luck",,
Bad Twin Bubbins,Explorer,3,30,14,+3,+2,,,,,,,,,,,,,,,,12,16,12,12,12,12,+1,+5,+1,+3,+1,+1,"Opportunity Attack,Brave,Halfling Luck",,
Bad Twin Bubbins,Tactician,3,55,14,+3,+2,,,,,,,,,,,,,,,,12,16,12,12,12,12,+1,+5,+1,+3,+1,+1,"Opportunity Attack,Brave,Halfling Luck",,
Baelen Bonecloak,Balanced,1,1,11,+1,+2,,,,,,,,,,,,Resistance to Magical,,,,18,12,14,10,12,12,+6,+1,+4,0,+1,+1,"Darkvision,Dwarven Resilience",,
Baelen Bonecloak,Tactician,1,41,11,+1,+2,,,,,,,,,,,,Resistance to Magical,,,,18,12,14,10,12,12,+6,+1,+4,0,+1,+1,"Darkvision,Dwarven Resilience",,
Baff Elkhorn,Balanced,8,71,15,+2,+3,,,,,,,,,,,,,,,,18,15,17,12,13,13,+7,+2,+6,+1,+1,+1,"Brutal Critical,Danger Sense,Darkvision,Extra Attack,Fast Movement,Feral Instinct,Gnome Cunning,Opportunity Attack,Relentless Rage,Shortened Stride,Unarmoured Defence (Barbarian)",,
Baff Elkhorn,Explorer,8,49,15,+2,+5,,,,,,,,,,,,,,,,18,15,17,12,13,13,+9,+2,+8,+1,+1,+1,"Brutal Critical,Danger Sense,Darkvision,Extra Attack,Fast Movement,Feral Instinct,Gnome Cunning,Opportunity Attack,Relentless Rage,Shortened Stride,Unarmoured Defence (Barbarian)",,
Baff Elkhorn,Tactician,8,92,15,+2,+3,,,,,,,,,,,,,,,,18,15,17,12,13,13,+7,+2,+6,+1,+1,+1,"Brutal Critical,Danger Sense,Darkvision,Extra Attack,Fast Movement,Feral Instinct,Gnome Cunning,Opportunity Attack,Relentless Rage,Shortened Stride,Unarmoured Defence (Barbarian)",,
Fist of Bane Bagdog,Balanced,10,62,16,0,+4,,,,,,,,,,,,,,,,19,11,13,10,12,11,+4,0,+1,0,+1,0,"Extra Attack,Opportunity Attack,Tactical Discipline",,
Fist of Bane Bagdog,Explorer,10,43,16,0,+6,,,,,,,,,,,,,,,,19,11,13,10,12,11,+4,0,+1,0,+1,0,"Extra Attack,Opportunity Attack,Tactical Discipline",,
Fist of Bane Bagdog,Tactician,10,80,16,0,+4,,,,,,,,,,,,,,,,19,11,13,10,12,11,+4,0,+1,0,+1,0,"Extra Attack,Opportunity Attack,Tactical Discipline",,
Servant Bailey,Balanced,1,8,10,0,+2,,,,,,,,,,,,,,,,10,10,10,10,10,10,0,0,0,0,0,0,Opportunity Attack,,
Manip Bakshi,Balanced,10,62,10,+1,+4,,,,,,,,,,,,,,,,21,13,17,10,12,8,+9,+1,+7,0,+1,-1,"Opportunity Attack,Protection",,
Manip Bakshi,Explorer,10,43,10,+1,+6,,,,,,,,,,,,,,,,21,13,17,10,12,8,+11,+1,+9,0,+1,-1,"Opportunity Attack,Protection",,
Manip Bakshi,Tactician,10,80,10,+1,+4,,,,,,,,,,,,,,,,21,13,17,10,12,8,+9,+1,+7,0,+1,-1,"Opportunity Attack,Protection",,
Tracker Bal,Balanced,1,7,13,+2,+2,,,,,,,,,,,,,,,,8,14,10,10,8,8,-1,+2,0,0,-1,-1,"Darkvision,Opportunity Attack",,
Tracker Bal,Explorer,1,4,13,+2,+4,,,,,,,,,,,,,,,,8,14,10,10,8,8,-1,+2,0,0,-1,-1,"Darkvision,Opportunity Attack",,
Tracker Bal,Tactician,1,9,13,+2,+2,,,,,,,,,,,,,,,,8,14,10,10,8,8,-1,+2,0,0,-1,-1,"Darkvision,Fury of the Small,Opportunity Attack",,
Tracker Bal,Honour,1,11,13,+2,+2,,,,,,,,,,,,,,,,8,14,10,10,8,8,-1,+2,0,0,-1,-1,"Darkvision,Fury of the Small,Opportunity Attack",,
Gondian Bala Ofran,Balanced,8,67,13,+1,+3,,,,,,,,,,,,,,,,8,13,16,18,10,12,-1,+1,+3,+4,0,+1,"Darkvision,Gnome Cunning,Opportunity Attack,Shortened Stride",,
Gondian Bala Ofran,Explorer,8,46,13,+1,+5,,,,,,,,,,,,,,,,8,13,16,18,10,12,-1,+1,+3,+4,0,+1,"Darkvision,Gnome Cunning,Opportunity Attack,Shortened Stride",,
Gondian Bala Ofran,Tactician,8,87,13,+1,+3,,,,,,,,,,,,,,,,8,13,16,18,10,12,-1,+1,+3,+4,0,+1,"Darkvision,Gnome Cunning,Opportunity Attack,Shortened Stride",,
Balgor,Balanced,,6,10,0,,,,,,,,,,,,,Full Resistance,,,,10,10,10,10,10,10,0,0,0,0,0,0,"Darkvision,Dwarven Resilience,Opportunity Attack",,
Balgor,Explorer,,4,10,0,,,,,,,,,,,,,Full Resistance,,,,10,10,10,10,10,10,0,0,0,0,0,0,"Darkvision,Dwarven Resilience,Opportunity Attack",,
Balgor,Tactician,,7,10,0,,,,,,,,,,,,,Full Resistance,,,,10,10,10,10,10,10,0,0,0,0,0,0,"Darkvision,Dwarven Resilience,Opportunity Attack",,
Bao'ek'nuk,Balanced,3,27,14,+2,+2,,,,,,,,,,,,,,,,17,14,13,8,11,9,+3,+2,+1,-1,0,-1,"Brute,Darkvision,Opportunity Attack,Tenacity",Slightly Drunk,
Bao'ek'nuk,Explorer,3,18,14,+2,+4,,,,,,,,,,,,,,,,17,14,13,8,11,9,+3,+2,+1,-1,0,-1,"Brute,Darkvision,Opportunity Attack,Tenacity",Slightly Drunk,
Bao'ek'nuk,Tactician,3,35,14,+2,+2,,,,,,,,,,,,,,,,17,14,13,8,11,9,+3,+2,+1,-1,0,-1,"Brute,Darkvision,Opportunity Attack,Savage Attacker,Tenacity",Slightly Drunk,
Barcus,Balanced,1,20,10,0,+2,,,,,,,,,,,,,,,,10,10,10,10,10,10,0,0,0,0,0,0,"Gnome Cunning,Stone Camouflage,Superior Darkvision",,
Barcus,Explorer,1,14,10,0,+4,,,,,,,,,,,,,,,,10,10,10,10,10,10,0,0,0,0,0,0,"Gnome Cunning,Stone Camouflage,Superior Darkvision",,
Barcus,Tactician,1,26,10,0,+2,,,,,,,,,,,,,,,,10,10,10,10,10,10,0,0,0,0,0,0,"Gnome Cunning,Opportunity Attack,Shortened Stride,Stone Camouflage,Superior Darkvision",,
Voiceless Penitent Bareki,Balanced,10,88,16,0,+4,,,,,,,,,,,,,,,,14,10,16,8,12,18,+2,0,+3,-1,+5,+8,"Divine Health,Duelling,Extra Attack,Opportunity Attack",,
Voiceless Penitent Bareki,Explorer,10,61,16,0,+6,,,,,,,,,,,,,,,,14,10,16,8,12,18,+2,0,+3,-1,+7,+10,"Divine Health,Duelling,Extra Attack,Opportunity Attack",,
Voiceless Penitent Bareki,Tactician,10,114,16,0,+4,,,,,,,,,,,,,,,,14,10,16,8,12,18,+2,0,+3,-1,+5,+8,"Divine Health,Duelling,Extra Attack,Opportunity Attack",,
Sarth Baretha,Balanced,6,59,17,+2,+3,,,,,,,,,,,,,,,,18,14,15,11,12,16,+7,+2,+5,0,+1,+3,"Extra Attack,Githborn Psionic Weapon,Githyanki Parry,Opportunity Attack",Ready to Parry,
Sarth Baretha,Explorer,6,41,17,+2,+5,,,,,,,,,,,,,,,,18,14,15,11,12,16,+9,+2,+7,0,+1,+3,"Extra Attack,Githborn Psionic Weapon,Githyanki Parry,Opportunity Attack",Ready to Parry,
Sarth Baretha,Tactician,6,76,17,+2,+3,,,,,,,,,,,,,,,,18,14,15,11,12,16,+7,+2,+5,0,+1,+3,"Extra Attack,Githborn Psionic Weapon,Githyanki Parry,Great Weapon Fighting,Great Weapon Master: All In,Great Weapon Master: Bonus Attack,Opportunity Attack,Psionic Empowerment",Ready to Parry,
Barnz,Balanced,5,45,15,+5,+3,,,,,,,,,,,,,,,,11,20,13,15,12,16,0,+5,+1,+2,+1,+3,"Darkvision,Extra Attack,Opportunity Attack,Prey Upon the Weak","Aura of Murder,Sanctuary",
Barnz,Explorer,5,31,15,+5,+5,,,,,,,,,,,,,,,,11,20,13,15,12,16,0,+5,+1,+2,+1,+3,"Darkvision,Extra Attack,Opportunity Attack,Prey Upon the Weak","Aura of Murder,Sanctuary",
Barnz,Tactician,5,58,15,+5,+3,,,,,,,,,,,,,,,,11,20,13,15,12,16,0,+5,+1,+2,+1,+3,"Darkvision,Evasion,Extra Attack,Opportunity Attack,Prey Upon the Weak","Aura of Murder,Sanctuary",
Barth,Balanced,2,18,14,+1,+2,,,,,,,,,,,,,,,,11,12,14,10,10,12,0,+1,+2,0,0,+1,"Darkvision,Fey Ancestry,Opportunity Attack",,
Barth,Explorer,2,12,14,+1,+4,,,,,,,,,,,,,,,,11,12,14,10,10,12,0,+1,+2,0,0,+1,"Darkvision,Fey Ancestry,Opportunity Attack",,
Barth,Tactician,2,23,14,+1,+2,,,,,,,,,,,,,,,,11,12,14,10,10,12,0,+1,+2,0,0,+1,"Darkvision,Fey Ancestry,Opportunity Attack",,
Barton,Balanced,2,15,13,+2,+2,,,,,,,,,,,,,,,,10,15,10,11,10,10,0,+4,0,+2,0,0,,,
Barton,Explorer,2,10,13,+2,+4,,,,,,,,,,,,,,,,10,15,10,11,10,10,0,+6,0,+4,0,0,,,
Barton,Tactician,2,19,13,+2,+2,,,,,,,,,,,,,,,,10,15,10,11,10,10,0,+4,0,+2,0,0,,,
Bastian d'Zinn,Balanced,1,6,10,0,+2,,,,,,,,,,,,,,,,10,10,10,10,10,10,0,0,0,0,0,0,Opportunity Attack,,
Bastian d'Zinn,Explorer,1,4,10,0,+4,,,,,,,,,,,,,,,,10,10,10,10,10,10,0,0,0,0,0,0,Opportunity Attack,,
Bastian d'Zinn,Tactician,1,7,10,0,+2,,,,,,,,,,,,,,,,10,10,10,10,10,10,0,0,0,0,0,0,Opportunity Attack,,
Battrick Degronce,Balanced,1,8,10,0,+2,,,,,,,,,,,,,,,,10,10,10,10,10,10,0,0,0,0,0,0,"Darkvision,Gnome Cunning,Opportunity Attack,Shortened Stride",,
Battrick Degronce,Explorer,1,6,10,0,+4,,,,,,,,,,,,,,,,10,10,10,10,10,10,0,0,0,0,0,0,"Darkvision,Gnome Cunning,Opportunity Attack,Shortened Stride",,
Battrick Degronce,Tactician,1,10,10,0,+2,,,,,,,,,,,,,,,,10,10,10,10,10,10,0,0,0,0,0,0,"Darkvision,Gnome Cunning,Opportunity Attack,Shortened Stride",,
Sharran Sentry Baxta,Balanced,4,48,16,+1,+2,,,,,,,,,,,,,,,,18,12,14,12,12,14,+6,+1,+4,+1,+1,+2,"Opportunity Attack,Shadow Ambush,Born into Darkness",,
Sharran Sentry Baxta,Explorer,4,33,16,+1,+2,,,,,,,,,,,,,,,,18,12,14,12,12,14,+6,+1,+4,+1,+1,+2,"Opportunity Attack,Shadow Ambush,Born into Darkness",,
Sharran Sentry Baxta,Tactician,4,62,16,+1,+2,,,,,,,,,,,,,,,,18,12,14,12,12,14,+6,+1,+4,+1,+1,+2,"Opportunity Attack,Shadow Ambush,Born into Darkness",,
Baz Hopbank,Balanced,1,8,10,0,+2,,,,,,,,,,,,,,,,10,10,10,10,10,10,0,0,0,0,0,0,"Brave,Halfling Luck,Opportunity Attack",,
Baz Hopbank,Explorer,1,5,10,0,+4,,,,,,,,,,,,,,,,10,10,10,10,10,10,0,0,0,0,0,0,"Brave,Halfling Luck,Opportunity Attack",,
Baz Hopbank,Tactician,1,10,10,0,+2,,,,,,,,,,,,,,,,10,10,10,10,10,10,0,0,0,0,0,0,"Brave,Halfling Luck,Opportunity Attack",,
Bearclaw,Balanced,8,71,15,+2,+3,,,,,,,,,,,,,,,,18,15,17,12,13,13,+7,+2,+6,+1,+1,+1,"Brutal Critical,Danger Sense,Darkvision,Extra Attack,Fast Movement,Feral Instinct,Gnome Cunning,Opportunity Attack,Relentless Rage,Shortened Stride,Unarmoured Defence (Barbarian)",,
Bearclaw,Explorer,8,49,15,+2,+5,,,,,,,,,,,,,,,,18,15,17,12,13,13,+9,+2,+8,+1,+1,+1,"Brutal Critical,Danger Sense,Darkvision,Extra Attack,Fast Movement,Feral Instinct,Gnome Cunning,Opportunity Attack,Relentless Rage,Shortened Stride,Unarmoured Defence (Barbarian)",,
Bearclaw,Tactician,8,92,15,+2,+3,,,,,,,,,,,,,,,,18,15,17,12,13,13,+7,+2,+6,+1,+1,+1,"Brutal Critical,Danger Sense,Darkvision,Extra Attack,Fast Movement,Feral Instinct,Gnome Cunning,Opportunity Attack,Relentless Rage,Shortened Stride,Unarmoured Defence (Barbarian)",,
Beatrice Provoss,Balanced,1,6,10,0,+2,,,,,,,,,,,,,,,,10,10,10,10,10,10,0,0,0,0,0,0,Opportunity Attack,,
Beatrice Provoss,Explorer,1,4,10,0,+4,,,,,,,,,,,,,,,,10,10,10,10,10,10,0,0,0,0,0,0,Opportunity Attack,,
Beatrice Provoss,Tactician,1,7,10,0,+2,,,,,,,,,,,,,,,,10,10,10,10,10,10,0,0,0,0,0,0,Opportunity Attack,,
Becca,Balanced,1,5,10,0,+2,,,,,,,,,,,,,,,,10,10,10,10,10,10,0,0,0,0,0,0,Opportunity Attack,,
Becca,Explorer,1,3,10,0,+4,,,,,,,,,,,,,,,,10,10,10,10,10,10,0,0,0,0,0,0,Opportunity Attack,,
Becca,Tactician,1,6,10,0,+2,,,,,,,,,,,,,,,,10,10,10,10,10,10,0,0,0,0,0,0,Opportunity Attack,,
Bedi,Balanced,5,52,13,0,+3,,,,,,,,,,,,,,,,20,10,16,10,10,10,+5,0,+3,+3,+3,0,"Danger Sense,Extra Attack,Fast Movement,Opportunity Attack,Unarmoured Defence (Barbarian),Wolf Heart",,
Bedi,Explorer,5,36,13,0,+5,,,,,,,,,,,,,,,,20,10,16,10,10,10,+5,0,+3,+5,+5,0,"Danger Sense,Extra Attack,Fast Movement,Opportunity Attack,Unarmoured Defence (Barbarian),Wolf Heart",,
Bedi,Tactician,5,67,13,0,+3,,,,,,,,,,,,,,,,20,10,16,10,10,10,+5,0,+3,+3,+3,0,"Danger Sense,Extra Attack,Fast Movement,Opportunity Attack,Unarmoured Defence (Barbarian),Wolf Heart",,
Adept Bel,Balanced,8,58,15,+1,+3,,,,,,,,,,,,,Full Resistance,,,13,12,16,10,18,10,+1,+1,+3,0,+7,+3,"Darkvision,Fey Ancestry,Opportunity Attack",Death Ward,
Adept Bel,Explorer,8,40,15,+1,+5,,,,,,,,,,,,,Full Resistance,,,13,12,16,10,18,10,+1,+1,+3,0,+9,+5,"Darkvision,Fey Ancestry,Opportunity Attack",Death Ward,
Adept Bel,Tactician,8,75,15,+1,+3,,,,,,,,,,,,,Full Resistance,,,13,12,16,10,18,10,+1,+1,+3,0,+7,+3,"Channel Divinity: War God's Blessing,Darkvision,Fey Ancestry,Opportunity Attack",Death Ward,
Beldron,Balanced,1,20,10,0,+2,,,,,,,,,,,,,,,,10,10,10,10,10,10,0,0,0,0,0,0,"Gnome Cunning,Opportunity Attack,Shortened Stride,Stone Camouflage,Superior Darkvision",,
Beldron,Explorer,1,14,10,0,+4,,,,,,,,,,,,,,,,10,10,10,10,10,10,0,0,0,0,0,0,"Gnome Cunning,Opportunity Attack,Shortened Stride,Stone Camouflage,Superior Darkvision",,
Beldron,Tactician,1,26,10,0,+2,,,,,,,,,,,,,,,,10,10,10,10,10,10,0,0,0,0,0,0,"Gnome Cunning,Opportunity Attack,Shortened Stride,Stone Camouflage,Superior Darkvision",,
Belford Willoughby,Balanced,1,5,10,0,+2,,,,,,,,,,,,,,,,10,10,10,10,10,10,0,0,0,0,0,0,Opportunity Attack,,
Belford Willoughby,Explorer,1,3,10,0,+4,,,,,,,,,,,,,,,,10,10,10,10,10,10,0,0,0,0,0,0,Opportunity Attack,,
Belford Willoughby,Tactician,1,6,10,0,+2,,,,,,,,,,,,,,,,10,10,10,10,10,10,0,0,0,0,0,0,Opportunity Attack,,
Fist Bella (Bloomridge Park),Balanced,8,62,16,+1,+3,,,,,,,,,,,,,,,,21,13,17,10,12,8,+8,+1,+7,0,+1,-1,"Opportunity Attack,Extra Attack,Great Weapon Fighting,Riposte,Phalanx Formation",,
Fist Bella (Bloomridge Park),Explorer,8,43,16,+1,+5,,,,,,,,,,,,,,,,21,13,17,10,12,8,+10,+1,+9,0,+1,-1,"Opportunity Attack,Extra Attack,Great Weapon Fighting,Riposte,Phalanx Formation",,
Fist Bella (Bloomridge Park),Tactician,8,80,16,+1,+3,,,,,,,,,,,,,,,,21,13,17,10,12,8,+8,+1,+7,0,+1,-1,"Opportunity Attack,Extra Attack,Great Weapon Fighting,Riposte,Phalanx Formation",,
Fist Bella (Wyrms Rock Fortress),Balanced,8,55,16,+5,+3,,,,,,,,,,,,Full Resistance,,,,12,21,14,8,14,10,+4,+8,+2,-1,+2,0,"Archery,Crossbow Expert: Point-Blank,Darkvision,Dwarven Resilience,Extra Attack,Opportunity Attack",,
Bellar,Balanced,4,28,14,+3,+2,,,,,,,,,,,,,,,,12,16,12,12,14,10,+3,+5,+1,+1,+2,0,Opportunity Attack,,
Bellar,Explorer,4,19,14,+3,+4,,,,,,,,,,,,,,,,12,16,12,12,14,10,+5,+7,+1,+1,+2,0,Opportunity Attack,,
Bellar,Tactician,4,36,14,+3,+2,,,,,,,,,,,,,,,,12,16,12,12,14,10,+3,+5,+1,+1,+2,0,Opportunity Attack,,
Bellora Truscott,Balanced,1,6,10,0,+2,,,,,,,,,,,,,,,,10,10,10,10,10,10,0,0,0,0,0,0,Opportunity Attack,,
Bellora Truscott,Explorer,1,4,10,0,+4,,,,,,,,,,,,,,,,10,10,10,10,10,10,0,0,0,0,0,0,Opportunity Attack,,
Bellora Truscott,Tactician,1,7,10,0,+2,,,,,,,,,,,,,,,,10,10,10,10,10,10,0,0,0,0,0,0,Opportunity Attack,,
Belron Strongstep,Balanced,,6,10,0,,,,,,,,,,,,,Full Resistance,,,,10,10,10,10,10,10,0,0,0,0,0,0,Opportunity Attack,,
Belron Strongstep,Explorer,,4,10,0,,,,,,,,,,,,,Full Resistance,,,,10,10,10,10,10,10,0,0,0,0,0,0,Opportunity Attack,,
Belron Strongstep,Tactician,,7,10,0,,,,,,,,,,,,,Full Resistance,,,,10,10,10,10,10,10,0,0,0,0,0,0,Opportunity Attack,,
Acolyte Belub,Balanced,4,27,11,0,+2,,,,,,,,,,,,Full Resistance,,,,11,10,12,8,14,9,0,0,+1,-1,+4,+1,"Duergar Resilience,Dwarven Resilience,Opportunity Attack,Sunlight Sensitivity,Superior Darkvision",,
Acolyte Belub,Explorer,4,18,11,0,+4,,,,,,,,,,,,Full Resistance,,,,11,10,12,8,14,9,0,0,+1,-1,+6,+3,"Duergar Resilience,Dwarven Resilience,Opportunity Attack,Sunlight Sensitivity,Superior Darkvision",,
Acolyte Belub,Tactician,4,35,11,0,+2,,,,,,,,,,,,Full Resistance,,,,11,10,12,8,14,9,0,0,+1,-1,+4,+1,"Duergar Resilience,Dwarven Resilience,Opportunity Attack,Sunlight Sensitivity,Superior Darkvision",,
Ben Golewits,Balanced,1,6,10,0,+2,,,,,,,,,,,,,,,,10,10,10,10,10,10,0,0,0,0,0,0,,,
Ben Golewits,Explorer,1,4,10,0,+4,,,,,,,,,,,,,,,,10,10,10,10,10,10,0,0,0,0,0,0,,,
Ben Golewits,Tactician,1,7,10,0,+2,,,,,,,,,,,,,,,,10,10,10,10,10,10,0,0,0,0,0,0,,,
Zealot Bennel,Balanced,8,70,18,0,+3,,,,,,,,,,,,,,,,18,10,16,9,11,16,+7,+3,+6,+2,+6,+9,"Divine Health,Extra Attack,Great Weapon Fighting,Opportunity Attack",Aura of Protection,
Zealot Bennel,Explorer,8,49,18,0,+5,,,,,,,,,,,,,,,,18,10,16,9,11,16,+7,+3,+6,+2,+8,+11,"Divine Health,Extra Attack,Great Weapon Fighting,Opportunity Attack",Aura of Protection,
Zealot Bennel,Tactician,8,91,18,0,+3,,,,,,,,,,,,,,,,18,10,16,9,11,16,+7,+3,+6,+2,+6,+9,"Divine Health,Extra Attack,Great Weapon Fighting,Opportunity Attack",Aura of Protection,
Benryn,Balanced,1,8,10,0,+2,,,,,,,,,,,,,,,,10,10,10,10,10,10,0,0,0,0,0,0,"Darkvision,Fey Ancestry,Opportunity Attack",Pinned,
Benryn,Explorer,1,5,10,0,+4,,,,,,,,,,,,,,,,10,10,10,10,10,10,0,0,0,0,0,0,"Darkvision,Fey Ancestry,Opportunity Attack",Pinned,
Benryn,Tactician,1,10,10,0,+2,,,,,,,,,,,,,,,,10,10,10,10,10,10,0,0,0,0,0,0,"Darkvision,Fey Ancestry,Opportunity Attack",Pinned,
Booyahg Benta,Balanced,2,13,11,+1,+2,,,,,,,,,,,,,,,,8,12,10,12,8,8,-1,+1,0,+1,-1,-1,"Darkvision,Opportunity Attack",,
Booyahg Benta,Explorer,2,9,11,+1,+4,,,,,,,,,,,,,,,,8,12,10,12,8,8,-1,+1,0,+1,-1,-1,Darkvision,,
Booyahg Benta,Tactician,2,16,11,+1,+2,,,,,,,,,,,,,,,,8,12,10,12,8,8,-1,+1,0,+1,-1,-1,"Darkvision,Fury of the Small,Opportunity Attack",,
Booyahg Benta,Honour,2,20,11,+1,+2,,,,,,,,,,,,,,,,8,12,10,12,8,8,-1,+1,0,+1,-1,-1,"Darkvision,Fury of the Small,Opportunity Attack",,
Beorn Wunterbrood,Balanced,8,62,18,+1,+3,,,,,,,,,,,,,,,,21,13,17,10,12,8,+8,+1,+6,0,+1,-1,"Extra Attack,Great Weapon Fighting,Opportunity Attack,Phalanx Formation,Riposte",,
Beorn Wunterbrood,Explorer,8,43,18,+1,+5,,,,,,,,,,,,,,,,21,13,17,10,12,8,+10,+1,+8,0,+1,-1,"Extra Attack,Great Weapon Fighting,Opportunity Attack,Phalanx Formation,Riposte",,
Beorn Wunterbrood,Tactician,8,65,18,+1,+3,,,,,,,,,,,,,,,,21,13,17,10,12,8,+8,+1,+6,0,+1,-1,"Extra Attack,Great Weapon Fighting,Opportunity Attack,Phalanx Formation,Riposte",,
Bering Gahorst,Balanced,1,6,10,0,+2,,,,,,,,,,,,,,,,10,10,10,10,10,10,0,0,0,0,0,0,Opportunity Attack,,
Bering Gahorst,Explorer,1,5,10,0,+4,,,,,,,,,,,,,,,,10,10,10,10,10,10,0,0,0,0,0,0,Opportunity Attack,,
Bering Gahorst,Tactician,1,10,10,0,+2,,,,,,,,,,,,,,,,10,10,10,10,10,10,0,0,0,0,0,0,Opportunity Attack,,
Worker Bernyr,Balanced,1,8,10,0,+2,,,,,,,,,,,,Full Resistance,,,,10,10,10,10,10,10,0,0,0,0,0,0,"Darkvision,Dwarven Resilience,Opportunity Attack",,
Worker Bernyr,Explorer,1,5,10,0,+4,,,,,,,,,,,,Full Resistance,,,,10,10,10,10,10,10,0,0,0,0,0,0,"Darkvision,Dwarven Resilience,Opportunity Attack",,
Worker Bernyr,Tactician,1,10,10,0,+2,,,,,,,,,,,,Full Resistance,,,,10,10,10,10,10,10,0,0,0,0,0,0,"Darkvision,Dwarven Resilience,Opportunity Attack",,
Bertram,Balanced,1,6,10,0,+2,,,,,,,,,,,,,,,,10,10,10,10,10,10,0,0,0,0,0,0,Opportunity Attack,,
Bertram,Explorer,1,4,10,0,+4,,,,,,,,,,,,,,,,10,10,10,10,10,10,0,0,0,0,0,0,Opportunity Attack,,
Bertram,Tactician,1,7,10,0,+2,,,,,,,,,,,,,,,,10,10,10,10,10,10,0,0,0,0,0,0,Opportunity Attack,,
Beulla Sandfoot,Balanced,1,8,10,0,+2,,,,,,,,,,,,,,,,10,10,10,10,10,10,0,0,0,0,0,0,"Brave,Halfling Luck,Opportunity Attack",,
Beulla Sandfoot,Explorer,1,6,10,0,+4,,,,,,,,,,,,,,,,10,10,10,10,10,10,0,0,0,0,0,0,"Brave,Halfling Luck,Opportunity Attack",,
Beulla Sandfoot,Tactician,1,10,10,0,+2,,,,,,,,,,,,,,,,10,10,10,10,10,10,0,0,0,0,0,0,"Brave,Halfling Luck,Opportunity Attack",,
Bex,Balanced,1,8,10,0,+2,,,,,,,,Full Resistance,,,,,,,,10,10,10,10,10,10,0,0,0,0,0,0,"Darkvision,Hellish Resistance,Opportunity Attack",,
Bex,Explorer,1,5,10,0,+4,,,,,,,,Full Resistance,,,,,,,,10,10,10,10,10,10,0,0,0,0,0,0,"Darkvision,Hellish Resistance,Opportunity Attack",,
Bex,Tactician,1,10,10,0,+2,,,,,,,,Full Resistance,,,,,,,,10,10,10,10,10,10,0,0,0,0,0,0,"Darkvision,Hellish Resistance,Opportunity Attack",,
Warrior Bez,Balanced,2,15,13,+1,+2,,,,,,,,,,,,,,,,12,13,11,10,8,8,+1,+1,0,0,-1,-1,"Darkvision,Opportunity Attack",,
Warrior Bez,Explorer,2,10,13,+1,+4,,,,,,,,,,,,,,,,12,13,11,10,8,8,+1,+1,0,0,-1,-1,"Darkvision,Opportunity Attack",,
Warrior Bez,Tactician,2,19,15,+1,+2,,,,,,,,,,,,,,,,12,13,11,10,8,8,+1,+1,0,0,-1,-1,"Darkvision,Fury of the Small,Opportunity Attack",,
Warrior Bez,Honour,2,23,15,+1,+2,,,,,,,,,,,,,,,,12,13,11,10,8,8,+1,+1,0,0,-1,-1,"Darkvision,Fury of the Small,Opportunity Attack",,
Big Clive,Balanced,1,6,10,0,+2,,,,,,,,,,,,,,,,10,10,10,10,10,10,0,0,0,0,0,0,Opportunity Attack,,
Big Clive,Explorer,1,3,10,0,+4,,,,,,,,,,,,,,,,10,10,10,10,10,10,0,0,0,0,0,0,Opportunity Attack,,
Big Clive,Tactician,1,8,10,0,+2,,,,,,,,,,,,,,,,10,10,10,10,10,10,0,0,0,0,0,0,Opportunity Attack,,
Big Liar Bronzon,Balanced,1,8,10,0,+2,,,,,,,,,,,,,,,,10,10,10,10,10,10,0,0,0,0,0,0,Opportunity Attack,,
Big Liar Bronzon,Explorer,1,5,10,0,+4,,,,,,,,,,,,,,,,10,10,10,10,10,10,0,0,0,0,0,0,Opportunity Attack,,
Big Liar Bronzon,Tactician,1,10,10,0,+2,,,,,,,,,,,,,,,,10,10,10,10,10,10,0,0,0,0,0,0,Opportunity Attack,,
Brother Bill,Balanced,3,33,11,+1,+2,,,,,,,,,,,,,,,,12,12,13,12,18,14,+1,+1,+1,+1,+6,+4,"Darkvision,Fey Ancestry,Opportunity Attack",,
Brother Bill,Explorer,3,23,11,+1,+4,,,,,,,,,,,,,,,,12,12,13,12,18,14,+1,+1,+1,+1,+8,+6,"Darkvision,Fey Ancestry,Opportunity Attack",,
Brother Bill,Tactician,3,42,11,+1,+2,,,,,,,,,,,,,,,,12,12,13,12,18,14,+1,+1,+1,+1,+6,+4,"Darkvision,Fey Ancestry,Opportunity Attack",,
Billigan Indigo,Balanced,,8,10,0,,,,,,,,,,,,,,,,,10,10,10,10,10,10,0,0,0,0,0,0,Opportunity Attack,,
Billigan Indigo,Explorer,,5,10,0,,,,,,,,,,,,,,,,,10,10,10,10,10,10,0,0,0,0,0,0,Opportunity Attack,,
Billigan Indigo,Tactician,,10,10,0,,,,,,,,,,,,,,,,,10,10,10,10,10,10,0,0,0,0,0,0,Opportunity Attack,,
Billy,Balanced,1,5,10,0,+2,,,,,,,,,,,,,,,,10,10,10,10,10,10,0,0,0,0,0,0,Opportunity Attack,,
Billy,Explorer,1,3,10,0,+4,,,,,,,,,,,,,,,,10,10,10,10,10,10,0,0,0,0,0,0,Opportunity Attack,,
Billy,Tactician,1,6,10,0,+2,,,,,,,,,,,,,,,,10,10,10,10,10,10,0,0,0,0,0,0,Opportunity Attack,,
Billyum,Balanced,1,6,10,0,+2,,,,,,,,,,,,,,,,10,10,10,10,10,10,0,0,0,0,0,0,Opportunity Attack,,
Billyum,Explorer,1,6,10,0,+4,,,,,,,,,,,,,,,,10,10,10,10,10,10,0,0,0,0,0,0,Opportunity Attack,,
Billyum,Tactician,1,6,10,0,+2,,,,,,,,,,,,,,,,10,10,10,10,10,10,0,0,0,0,0,0,Opportunity Attack,,
Brawler Birka,Balanced,1,9,13,+1,+2,,,,,,,,,,,,,,,,10,13,10,10,8,8,0,+1,0,0,-1,-1,"Darkvision,Opportunity Attack",,
Brawler Birka,Explorer,1,6,13,+1,+4,,,,,,,,,,,,,,,,10,13,10,10,8,8,0,+1,0,0,-1,-1,"Darkvision,Opportunity Attack",,
Brawler Birka,Tactician,1,11,13,+1,+2,,,,,,,,,,,,,,,,10,13,10,10,8,8,0,+1,0,0,-1,-1,"Darkvision,Fury of the Small,Opportunity Attack",,
Brawler Birka,Honour,1,14,13,+1,+2,,,,,,,,,,,,,,,,10,13,10,10,8,8,0,+1,0,0,-1,-1,"Darkvision,Fury of the Small,Opportunity Attack",,
Birta Grougg,Balanced,1,8,10,0,+2,,,,,,,,,,,,,,,,10,10,10,10,10,10,0,0,0,0,0,0,Opportunity Attack,,
Birta Grougg,Explorer,1,5,10,0,+4,,,,,,,,,,,,,,,,10,10,10,10,10,10,0,0,0,0,0,0,Opportunity Attack,,
Birta Grougg,Tactician,1,10,10,0,+2,,,,,,,,,,,,,,,,10,10,10,10,10,10,0,0,0,0,0,0,Opportunity Attack,,
Blades Bakstir,Balanced,3,8,10,0,+2,,,,,,,,,,,,,,,,10,10,10,10,10,10,0,0,0,0,0,0,"Brave,Halfling Luck,Opportunity Attack",,
Harper Blaird,Balanced,9,76,16,+4,+4,,,,,,,,,,,,,,,,12,18,15,10,14,10,+5,+8,+2,0,+2,0,"Darkvision,Extra Attack,Fey Ancestry,Land's Stride: Difficult Terrain,Opportunity Attack",,
Harper Blaird,Explorer,9,53,16,+4,+6,,,,,,,,,,,,,,,,12,18,15,10,14,10,+7,+10,+2,0,+2,0,"Darkvision,Extra Attack,Fey Ancestry,Land's Stride: Difficult Terrain,Opportunity Attack",,
Harper Blaird,Tactician,9,98,16,+4,+4,,,,,,,,,,,,,,,,12,18,15,10,14,10,+5,+8,+2,0,+2,0,"Darkvision,Extra Attack,Fey Ancestry,Land's Stride: Difficult Terrain,Opportunity Attack",,
Blarson Throaks,Balanced,1,6,10,0,+2,,,,,,,,,,,,,,,,10,10,10,10,10,10,0,0,0,0,0,0,Opportunity Attack,,
Blarson Throaks,Explorer,1,4,10,0,+4,,,,,,,,,,,,,,,,10,10,10,10,10,10,0,0,0,0,0,0,Opportunity Attack,,
Blarson Throaks,Tactician,1,7,10,0,+2,,,,,,,,,,,,,,,,10,10,10,10,10,10,0,0,0,0,0,0,Opportunity Attack,,
Bleeri,Balanced,1,8,10,0,+2,,,,,,,,,,,,Full Resistance,,,,10,10,10,10,10,10,0,0,0,0,0,0,"Darkvision,Dwarven Resilience,Opportunity Attack",,
Bleeri,Explorer,1,5,10,0,+4,,,,,,,,,,,,Full Resistance,,,,10,10,10,10,10,10,0,0,0,0,0,0,"Darkvision,Dwarven Resilience,Opportunity Attack",,
Bleeri,Tactician,1,10,10,0,+2,,,,,,,,,,,,Full Resistance,,,,10,10,10,10,10,10,0,0,0,0,0,0,"Darkvision,Dwarven Resilience,Opportunity Attack",,
Blevindall,Balanced,1,6,10,0,+2,,,,,,,,,,,,Full Resistance,,,,10,10,10,10,10,10,0,0,0,0,0,0,"Darkvision,Dwarven Resilience,Opportunity Attack",,
Blevindall,Explorer,1,4,10,0,+4,,,,,,,,,,,,Full Resistance,,,,10,10,10,10,10,10,0,0,0,0,0,0,"Darkvision,Dwarven Resilience,Opportunity Attack",,
Blevindall,Tactician,1,7,10,0,+2,,,,,,,,,,,,Full Resistance,,,,10,10,10,10,10,10,0,0,0,0,0,0,"Darkvision,Dwarven Resilience,Opportunity Attack",,
Bliggerillo,Balanced,1,8,10,0,+2,,,,,,,,,,,,,,,,10,10,10,10,10,10,0,0,0,0,0,0,"Brave,Halfling Luck,Opportunity Attack",,
Bliggerillo,Explorer,1,5,10,0,+4,,,,,,,,,,,,,,,,10,10,10,10,10,10,0,0,0,0,0,0,"Brave,Halfling Luck,Opportunity Attack",,
Bliggerillo,Tactician,1,10,10,0,+2,,,,,,,,,,,,,,,,10,10,10,10,10,10,0,0,0,0,0,0,"Brave,Halfling Luck,Opportunity Attack",,
Blinded Elf,Balanced,1,8,10,0,+2,,,,,,,,,,,,,,,,10,10,10,10,10,10,0,0,0,0,0,0,"Darkvision,Fey Ancestry,Opportunity Attack",Dead,
Blinded Elf,Tactician,1,10,10,0,+2,,,,,,,,,,,,,,,,10,10,10,10,10,10,0,0,0,0,0,0,"Darkvision,Fey Ancestry,Opportunity Attack",Dead,
Bhaal Cultist Bloodmopper,Balanced,3,28,12,+2,+2,,,,,,,,,,,,,,,,11,15,12,11,11,14,0,+2,+1,0,0,+2,"Darkvision,Opportunity Attack",Aura of Murder,
Bhaal Cultist Bloodmopper,Explorer,3,19,12,+2,+4,,,,,,,,,,,,,,,,11,15,12,11,11,14,0,+2,+1,0,0,+2,"Darkvision,Opportunity Attack",Aura of Murder,
Bhaal Cultist Bloodmopper,Tactician,3,36,12,+2,+2,,,,,,,,,,,,,,,,11,15,12,11,11,14,0,+2,+1,0,0,+2,"Darkvision,Opportunity Attack",Aura of Murder,
Head Clerk Meadhoney,Balanced,,8,10,0,,,,,,,,,,,,,,,,,10,10,10,10,10,10,0,0,0,0,0,0,"Brave,Halfling Luck,Opportunity Attack",,
Head Clerk Meadhoney,Explorer,,5,10,0,,,,,,,,,,,,,,,,,10,10,10,10,10,10,0,0,0,0,0,0,"Brave,Halfling Luck,Opportunity Attack",,
Head Clerk Meadhoney,Tactician,,10,10,0,,,,,,,,,,,,,,,,,10,10,10,10,10,10,0,0,0,0,0,0,"Brave,Halfling Luck,Opportunity Attack",,
Blossom,Balanced,1,5,1,0,+2,,,,,,,,,,,,,,,,10,10,10,10,10,10,0,0,0,0,0,0,Opportunity Attack,,
Blossom,Explorer,1,3,1,0,+4,,,,,,,,,,,,,,,,10,10,10,10,10,10,0,0,0,0,0,0,Opportunity Attack,,
Blossom,Tactician,1,6,1,0,+2,,,,,,,,,,,,,,,,10,10,10,10,10,10,0,0,0,0,0,0,Opportunity Attack,,
Sharran Novice Bluenail,Balanced,4,38,12,+1,+2,,,,,,,,,,,,Full Resistance,,,,18,12,14,10,12,12,+6,+1,+4,0,+1,+1,"Born into Darkness,Darkvision,Dwarven Resilience,Opportunity Attack,Shadow Ambush",,
Sharran Novice Bluenail,Explorer,4,26,12,+1,+2,,,,,,,,,,,,Full Resistance,,,,18,12,14,10,12,12,+6,+1,+4,0,+1,+1,"Born into Darkness,Darkvision,Dwarven Resilience,Opportunity Attack,Shadow Ambush",,
Sharran Novice Bluenail,Tactician,4,49,12,+1,+2,,,,,,,,,,,,Full Resistance,,,,18,12,14,10,12,12,+6,+1,+4,0,+1,+1,"Born into Darkness,Darkvision,Dwarven Resilience,Opportunity Attack,Shadow Ambush",,
Blunt Skuncher,Balanced,8,60,10,0,+3,,,,,,,,,,,,,,,,12,10,10,18,12,10,+1,0,0,+7,+4,0,"Opportunity Attack,Potent Cantrip,Sculpt Spells",,
Blunt Skuncher,Explorer,8,42,10,0,+5,,,,,,,,,,,,,,,,12,10,10,18,12,10,+1,0,0,+9,+6,0,"Opportunity Attack,Potent Cantrip,Sculpt Spells",,
Blunt Skuncher,Tactician,8,78,10,0,+3,,,,,,,,,,,,,,,,12,10,10,18,12,10,+1,0,0,+7,+4,0,"Opportunity Attack,Potent Cantrip,Sculpt Spells",,
Death's Head of Bhaal Blythe,Balanced,8,76,15,+5,+3,,,,,,,,,,,,,,,,20,20,20,14,13,16,+5,+5,+5,+2,+1,+3,"Darkvision,Extra Attack,Magic Resistance,Murder Hungry,Opportunity Attack,Prey Upon the Weak","Aura of Murder,Unstoppable",
Death's Head of Bhaal Blythe,Explorer,8,53,15,+5,+5,,,,,,,,,,,,,,,,20,20,20,14,13,16,+5,+5,+5,+2,+1,+3,"Darkvision,Extra Attack,Magic Resistance,Murder Hungry,Opportunity Attack,Prey Upon the Weak","Aura of Murder,Unstoppable",
Death's Head of Bhaal Blythe,Tactician,8,98,15,+5,+3,,,,,,,,,,,,,,,,20,20,20,14,13,16,+5,+5,+5,+2,+1,+3,"Darkvision,Extra Attack,Magic Resistance,Murder Hungry,Opportunity Attack,Prey Upon the Weak,Sentinel: Opportunity Advantage,Sentinel: Snare,Sentinel: Vengeance","Aura of Murder,Unstoppable",
Bobby,Balanced,1,5,10,0,+2,,,,,,,,,,,,,,,,10,10,10,10,10,10,0,0,0,0,0,0,Opportunity Attack,,
Bobby,Explorer,1,3,10,0,+4,,,,,,,,,,,,,,,,10,10,10,10,10,10,0,0,0,0,0,0,Opportunity Attack,,
Bobby,Tactician,1,6,10,0,+2,,,,,,,,,,,,,,,,10,10,10,10,10,10,0,0,0,0,0,0,Opportunity Attack,,
Bobula Hanvers,Balanced,1,6,10,0,+2,,,,,,,,,,,,,,,,10,10,10,10,10,10,0,0,0,0,0,0,Opportunity Attack,,
Bobula Hanvers,Explorer,1,4,10,0,+4,,,,,,,,,,,,,,,,10,10,10,10,10,10,0,0,0,0,0,0,Opportunity Attack,,
Bobula Hanvers,Tactician,1,7,10,0,+2,,,,,,,,,,,,,,,,10,10,10,10,10,10,0,0,0,0,0,0,Opportunity Attack,,
Bogdan Vortleson,Balanced,1,8,10,0,+2,,,,,,,,,,,,,,,,10,10,10,10,10,10,0,0,0,0,0,0,"Darkvision,Fey Ancestry,Opportunity Attack",,
Bogdan Vortleson,Explorer,1,5,10,0,+4,,,,,,,,,,,,,,,,10,10,10,10,10,10,0,0,0,0,0,0,"Darkvision,Fey Ancestry,Opportunity Attack",,
Bogdan Vortleson,Tactician,1,10,10,0,+2,,,,,,,,,,,,,,,,10,10,10,10,10,10,0,0,0,0,0,0,"Darkvision,Fey Ancestry,Opportunity Attack",,
Warlock Bolt,Balanced,2,13,11,+1,+2,,,,,,,,,,,,,,,,11,12,10,10,8,14,0,+1,0,0,-1,+2,"Darkvision,Opportunity Attack",,
Warlock Bolt,Explorer,2,9,11,+1,+4,,,,,,,,,,,,,,,,11,12,10,10,8,14,0,+1,0,0,-1,+2,"Darkvision,Opportunity Attack",,
Warlock Bolt,Tactician,2,16,11,+1,+2,,,,,,,,,,,,,,,,11,12,10,10,8,14,0,+1,0,0,-1,+2,"Darkvision,Fury of the Small,Opportunity Attack",,
Warlock Bolt,Honour,2,20,11,+1,+2,,,,,,,,,,,,,,,,11,12,10,10,8,14,0,+1,0,0,-1,+2,"Darkvision,Fury of the Small,Opportunity Attack",,
Bombasto,Balanced,5,58,13,0,+3,,,,,,,,,,,,,,,,16,11,16,10,10,14,+3,0,+3,0,0,+2,"Danger Sense,Extra Attack,Fast Movement,Opportunity Attack,Unarmoured Defence (Barbarian)",,
Bombasto,Explorer,5,40,13,0,+5,,,,,,,,,,,,,,,,16,11,16,10,10,14,+3,0,+3,0,0,+2,"Danger Sense,Extra Attack,Fast Movement,Opportunity Attack,Unarmoured Defence (Barbarian)",,
Bombasto,Tactician,5,75,13,0,+3,,,,,,,,,,,,,,,,16,11,16,10,10,14,+3,0,+3,0,0,+2,"Danger Sense,Extra Attack,Fast Movement,Opportunity Attack,Unarmoured Defence (Barbarian)",,
Bonna,Balanced,5,54,11,+1,+3,,,,,,,,,,,,Full Resistance,,,,18,12,14,10,12,12,+7,+1,+6,0,+1,+1,"Duergar Resilience,Dwarven Resilience,Extra Attack,Opportunity Attack,Sunlight Sensitivity,Superior Darkvision",,
Bonna,Explorer,5,37,11,+1,+5,,,,,,,,,,,,Full Resistance,,,,18,12,14,10,12,12,+9,+1,+8,0,+1,+1,"Duergar Resilience,Dwarven Resilience,Extra Attack,Opportunity Attack,Sunlight Sensitivity,Superior Darkvision",,
Bonna,Tactician,5,70,11,+1,+3,,,,,,,,,,,,Full Resistance,,,,18,12,14,10,12,12,+7,+1,+6,0,+1,+1,"Duergar Resilience,Dwarven Resilience,Extra Attack,Opportunity Attack,Sunlight Sensitivity,Superior Darkvision",,
Harper Bor,Balanced,6,62,13,+2,+3,,,,,,,,,,,,,,,,15,14,15,10,12,12,+5,+2,+5,0,+1,+1,"Danger Sense,Darkvision,Extra Attack,Fast Movement,Fey Ancestry,Opportunity Attack,Unarmoured Defence (Barbarian)",,
Harper Bor,Explorer,6,43,13,+2,+5,,,,,,,,,,,,,,,,15,14,15,10,12,12,+7,+2,+7,0,+1,+1,"Danger Sense,Darkvision,Extra Attack,Fast Movement,Fey Ancestry,Opportunity Attack,Unarmoured Defence (Barbarian)",,
Harper Bor,Tactician,6,80,13,+2,+3,,,,,,,,,,,,,,,,15,14,15,10,12,12,+5,+2,+5,0,+1,+1,"Danger Sense,Darkvision,Extra Attack,Fast Movement,Fey Ancestry,Opportunity Attack,Unarmoured Defence (Barbarian)",,
Borgus Elamin,Balanced,6,46,11,+1,+3,,,,,,,,,,,,,,,,10,12,10,18,12,14,0,+1,0,+7,+4,+2,"Darkvision,Fey Ancestry,Opportunity Attack",,
Borgus Elamin,Explorer,6,32,11,+1,+5,,,,,,,,,,,,,,,,10,12,10,18,12,14,0,+1,0,+9,+6,+2,"Darkvision,Fey Ancestry,Opportunity Attack",,
Borgus Elamin,Tactician,6,59,11,+1,+3,,,,,,,,,,,,,,,,10,12,10,18,12,14,0,+1,0,+7,+4,+2,"Darkvision,Fey Ancestry,Opportunity Attack",,
Black Gauntlet Borri Paver,Balanced,12,82,18,0,+4,,,,,,,,,,,,Full Resistance,,,,18,11,18,12,15,20,+4,0,+5,+1,+6,+9,"Darkvision,Dwarven Resilience,Extra Attack,Infernal Weapon,Opportunity Attack,Tactical Discipline",,
Black Gauntlet Borri Paver,Explorer,12,57,18,0,+6,,,,,,,,,,,,Full Resistance,,,,18,11,18,12,15,20,+4,0,+5,+1,+8,+11,"Darkvision,Dwarven Resilience,Extra Attack,Infernal Weapon,Opportunity Attack,Tactical Discipline",,
Black Gauntlet Borri Paver,Tactician,12,106,18,0,+4,,,,,,,,,,,,Full Resistance,,,,18,11,18,12,15,20,+4,0,+5,+1,+6,+9,"Darkvision,Dwarven Resilience,Extra Attack,Infernal Weapon,Opportunity Attack,Tactical Discipline",,
Hiccups Bortun,Balanced,1,6,1,0,+2,,,,,,,,,,,,,,,,10,10,10,10,10,10,0,0,0,0,0,0,Opportunity Attack,"Drunk,Unconscious",
Hiccups Bortun,Explorer,1,4,1,0,+4,,,,,,,,,,,,,,,,10,10,10,10,10,10,0,0,0,0,0,0,Opportunity Attack,"Drunk,Unconscious",
Hiccups Bortun,Tactician,1,7,1,0,+2,,,,,,,,,,,,,,,,10,10,10,10,10,10,0,0,0,0,0,0,Opportunity Attack,"Drunk,Unconscious",
Veteran Warrior Bradi'ith,Balanced,9,73,17,+2,+4,,,,,,,,,,,,,,,,18,14,16,10,12,10,+4,+2,+3,0,+1,0,"Extra Attack,Githyanki Parry,Opportunity Attack,Githyanki Parry",,
Veteran Warrior Bradi'ith,Explorer,9,51,17,+2,+6,,,,,,,,,,,,,,,,18,14,16,10,12,10,+4,+2,+3,0,+1,0,"Extra Attack,Githyanki Parry,Opportunity Attack,Githyanki Parry",,
Veteran Warrior Bradi'ith,Tactician,9,94,17,+2,+4,,,,,,,,,,,,,,,,18,14,16,10,12,10,+4,+2,+3,0,+1,0,"Extra Attack,Opportunity Attack,Supreme Githyanki Parry,Psionic Empowerment,Great Weapon Fighting",,
Brakkal,Balanced,2,7,13,+2,+2,,,,,,,,,,,,,,,,8,14,10,10,8,8,-1,+2,0,0,-1,-1,"Darkvision,Opportunity Attack",,
Brakkal,Explorer,2,4,13,+2,+4,,,,,,,,,,,,,,,,8,14,10,10,8,8,-1,+2,0,0,-1,-1,"Darkvision,Opportunity Attack",,
Brakkal,Tactician,2,9,13,+2,+2,,,,,,,,,,,,,,,,8,14,10,10,8,8,-1,+2,0,0,-1,-1,"Darkvision,Fury of the Small,Opportunity Attack",,
Brakkal,Honour,2,11,13,+2,+2,,,,,,,,,,,,,,,,8,14,10,10,8,8,-1,+2,0,0,-1,-1,"Darkvision,Fury of the Small,Opportunity Attack",,
Novice Bramble,Balanced,1,18,10,0,+2,,,,,,,,,,,,,,,,12,10,12,12,16,12,+1,0,+1,+1,+5,+3,"Brave,Halfling Luck,Opportunity Attack",,
Novice Bramble,Explorer,1,12,10,0,+4,,,,,,,,,,,,,,,,12,10,12,12,16,12,+1,0,+1,+1,+7,+5,"Brave,Halfling Luck,Opportunity Attack",,
Novice Bramble,Tactician,1,23,10,0,+2,,,,,,,,,,,,,,,,12,10,12,12,16,12,+1,0,+1,+1,+5,+3,"Brave,Halfling Luck,Opportunity Attack",,
Cashguard Basher Brammels,Balanced,9,85,19,+1,+4,,,,,,,,,,,,,,,,18,12,14,10,12,15,+6,+3,+5,+2,+7,+8,"Charger,Divine Health,Extra Attack,Opportunity Attack,Tenacity",Aura of Protection,
Cashguard Basher Brammels,Explorer,9,59,19,+1,+6,,,,,,,,,,,,,,,,18,12,14,10,12,15,+6,+3,+5,+2,+9,+10,"Charger,Divine Health,Extra Attack,Opportunity Attack,Tenacity",Aura of Protection,
Cashguard Basher Brammels,Tactician,9,110,19,+1,+4,,,,,,,,,,,,,,,,18,12,14,10,12,15,+6,+3,+5,+2,+7,+8,"Charger,Divine Health,Extra Attack,Opportunity Attack,Tenacity",Aura of Protection,
Fist Brandella,Balanced,8,62,16,+1,+3,,,,,,,,,,,,,,,,21,13,17,10,12,8,+8,+1,+7,0,+1,-1,"Extra Attack,Great Weapon Fighting,Opportunity Attack,Phalanx Formation,Riposte",,
Fist Brandella,Explorer,8,58,16,+1,+5,,,,,,,,,,,,,,,,21,13,17,10,12,8,+10,+1,+9,0,+1,-1,"Extra Attack,Great Weapon Fighting,Opportunity Attack,Phalanx Formation,Riposte",,
Fist Brandella,Tactician,8,65,16,+1,+3,,,,,,,,,,,,,,,,21,13,17,10,12,8,+8,+1,+7,0,+1,-1,"Extra Attack,Great Weapon Fighting,Opportunity Attack,Phalanx Formation,Riposte",,
Harper Branthos,Balanced,6,42,16,+2,+3,,,,,,,,,,,,,,,,15,14,13,12,12,14,+5,+2,+4,+1,+1,+2,"Darkvision,Extra Attack,Fey Ancestry,Opportunity Attack",,
Harper Branthos,Explorer,6,29,16,+2,+5,,,,,,,,,,,,,,,,15,14,13,12,12,14,+7,+2,+6,+1,+1,+2,"Darkvision,Extra Attack,Fey Ancestry,Opportunity Attack",,
Harper Branthos,Tactician,6,54,16,+2,+3,,,,,,,,,,,,,,,,15,14,13,12,12,14,+5,+2,+4,+1,+1,+2,"Darkvision,Extra Attack,Fey Ancestry,Opportunity Attack",,
Brathwen,Balanced,5,54,12,+1,+3,,,,,,,,,,,,Full Resistance,,,,19,12,16,10,12,14,+4,+1,+3,0,+1,+2,"Duergar Resilience,Dwarven Resilience,Extra Attack,Opportunity Attack,Sunlight Sensitivity,Superior Darkvision",,
Brathwen,Explorer,5,37,12,+1,+5,,,,,,,,,,,,Full Resistance,,,,19,12,16,10,12,14,+4,+1,+3,0,+1,+2,"Duergar Resilience,Dwarven Resilience,Extra Attack,Opportunity Attack,Sunlight Sensitivity,Superior Darkvision",,
Brathwen,Tactician,5,70,12,+1,+3,,,,,,,,,,,,Full Resistance,,,,19,12,16,10,12,14,+4,+1,+3,0,+1,+2,"Duergar Resilience,Dwarven Resilience,Extra Attack,Opportunity Attack,Sunlight Sensitivity,Superior Darkvision",,
Sharp-Eye Breg,Balanced,2,12,13,+2,+2,,,,,,,,,,,,,,,,10,14,10,10,8,8,0,+2,0,0,-1,-1,"Darkvision,Opportunity Attack",Slightly Drunk,
Sharp-Eye Breg,Explorer,2,8,13,+2,+4,,,,,,,,,,,,,,,,10,14,10,10,8,8,0,+2,0,0,-1,-1,"Darkvision,Opportunity Attack",Slightly Drunk,
Sharp-Eye Breg,Tactician,2,15,13,+2,+2,,,,,,,,,,,,,,,,10,14,10,10,8,8,0,+2,0,0,-1,-1,"Darkvision,Fury of the Small,Opportunity Attack",Slightly Drunk,
Sharp-Eye Breg,Honour,2,19,13,+2,+2,,,,,,,,,,,,,,,,10,14,10,10,8,8,0,+2,0,0,-1,-1,"Darkvision,Fury of the Small,Opportunity Attack",Slightly Drunk,
Brawler Brek,Balanced,1,9,13,+1,+2,,,,,,,,,,,,,,,,10,13,10,10,8,8,0,+1,0,0,-1,-1,"Darkvision,Opportunity Attack",,
Brawler Brek,Explorer,1,6,13,+1,+4,,,,,,,,,,,,,,,,10,13,10,10,8,8,0,+1,0,0,-1,-1,"Darkvision,Opportunity Attack",,
Brawler Brek,Tactician,1,11,13,+1,+2,,,,,,,,,,,,,,,,10,13,10,10,8,8,0,+1,0,0,-1,-1,"Darkvision,Fury of the Small,Opportunity Attack",,
Brawler Brek,Honour,1,14,13,+1,+2,,,,,,,,,,,,,,,,10,13,10,10,8,8,0,+1,0,0,-1,-1,"Darkvision,Fury of the Small,Opportunity Attack",,
Warrior Brelal’reth,Balanced,5,41,17,+2,+3,,,,,,,,,,,,,,,,17,14,15,10,12,10,+6,+2,+5,0,+1,0,"Extra Attack,Githyanki Parry,Opportunity Attack",,
Warrior Brelal’reth,Explorer,5,28,17,+2,+5,,,,,,,,,,,,,,,,17,14,15,10,12,10,+8,+2,+7,0,+1,0,"Extra Attack,Githyanki Parry,Opportunity Attack",,
Warrior Brelal’reth,Tactician,5,53,17,+2,+3,,,,,,,,,,,,,,,,17,14,15,10,12,10,+6,+2,+5,0,+1,0,"Extra Attack,Githyanki Parry,Great Weapon Fighting,Opportunity Attack,Psionic Empowerment",,
Brem,Balanced,4,28,14,+3,+2,,,,,,,,,,,,,,,,12,16,12,12,14,10,+3,+5,+1,+1,+2,0,Opportunity Attack,,
Brem,Explorer,4,19,14,+3,+4,,,,,,,,,,,,,,,,12,16,12,12,14,10,+5,+7,+1,+1,+2,0,Opportunity Attack,,
Brem,Tactician,4,36,14,+3,+2,,,,,,,,,,,,,,,,12,16,12,12,14,10,+3,+5,+1,+1,+2,0,Opportunity Attack,,
Breva Brightmoon,Balanced,8,64,18,+1,+3,,,,,,,,,,,,Full Resistance,,,,21,13,17,10,12,8,+8,+1,+7,0,+1,-1,"Darkvision,Dwarven Resilience,Extra Attack,Opportunity Attack,Protection",Sleeping,
Breva Brightmoon,Explorer,8,59,18,+1,+5,,,,,,,,,,,,Full Resistance,,,,21,13,17,10,12,8,+10,+1,+9,0,+1,-1,"Darkvision,Dwarven Resilience,Extra Attack,Opportunity Attack,Protection",Sleeping,
Breva Brightmoon,Tactician,8,68,18,+1,+3,,,,,,,,,,,,Full Resistance,,,,21,13,17,10,12,8,+8,+1,+7,0,+1,-1,"Darkvision,Dwarven Resilience,Extra Attack,Opportunity Attack,Protection",Sleeping,
Brigid,Balanced,1,4,10,0,+2,,,,,,,,,,,,,,,,10,10,10,10,10,10,0,0,0,0,0,0,Opportunity Attack,,
Brigid,Explorer,1,3,10,0,+4,,,,,,,,,,,,,,,,10,10,10,10,10,10,0,0,0,0,0,0,Opportunity Attack,,
Brigid,Tactician,1,3,10,0,+2,,,,,,,,,,,,,,,,10,10,10,10,10,10,0,0,0,0,0,0,Opportunity Attack,,
Zealot Brinn,Balanced,8,70,18,0,+3,,,,,,,,,,,,,,,,18,10,16,9,11,16,+7,+3,+6,+2,+6,+9,"Brave,Divine Health,Extra Attack,Great Weapon Fighting,Halfling Luck,Opportunity Attack",Aura of Protection,
Zealot Brinn,Explorer,8,49,18,0,+5,,,,,,,,,,,,,,,,18,10,16,9,11,16,+7,+3,+6,+2,+8,+11,"Brave,Divine Health,Extra Attack,Great Weapon Fighting,Halfling Luck,Opportunity Attack",Aura of Protection,
Zealot Brinn,Tactician,8,91,18,0,+3,,,,,,,,,,,,,,,,18,10,16,9,11,16,+7,+3,+6,+2,+6,+9,"Brave,Divine Health,Extra Attack,Great Weapon Fighting,Halfling Luck,Opportunity Attack,Relentless Avenger",Aura of Protection,
Brinna Brightsong,Balanced,,9,,+2,,,,,,,,,,,,,,,,,8,15,13,12,10,17,-1,+2,+1,+1,0,+3,"Bardic Inspiration,Brave,Halfling Luck,Naturally Stealthy,Opportunity Attack",,
Elder Brithvar,Balanced,5,54,16,+1,+3,,,,,,,,,,,,Full Resistance,,,,18,12,14,10,12,12,+7,+1,+5,0,+1,+1,"Dig Deep,Duergar Resilience,Dwarven Resilience,Extra Attack,Opportunity Attack,Sunlight Sensitivity,Superior Darkvision",,
Elder Brithvar,Explorer,5,37,16,+1,+5,,,,,,,,,,,,Full Resistance,,,,18,12,14,10,12,12,+9,+1,+7,0,+1,+1,"Dig Deep,Duergar Resilience,Dwarven Resilience,Extra Attack,Opportunity Attack,Sunlight Sensitivity,Superior Darkvision",,
Elder Brithvar,Tactician,5,70,16,+1,+3,,,,,,,,,,,,Full Resistance,,,,18,12,14,10,12,12,+7,+1,+5,0,+1,+1,"Dig Deep,Duergar Resilience,Dwarven Resilience,Extra Attack,Opportunity Attack,Sunlight Sensitivity,Superior Darkvision",,
Fist Broadhorn,Balanced,8,62,16,+1,+3,,,,,,,,,,,,,,,,21,13,17,10,12,8,+8,+1,+6,0,+1,-1,"Darkvision,Dwarven Resilience,Extra Attack,Great Weapon Fighting,Opportunity Attack,Phalanx Formation,Riposte",,
Fist Broadhorn,Explorer,8,59,16,+1,+5,,,,,,,,,,,,,,,,21,13,17,10,12,8,+10,+1,+8,0,+1,-1,"Darkvision,Dwarven Resilience,Extra Attack,Great Weapon Fighting,Opportunity Attack,Phalanx Formation,Riposte",,
Fist Broadhorn,Tactician,8,64,16,+1,+3,,,,,,,,,,,,,,,,21,13,17,10,12,8,+8,+1,+6,0,+1,-1,"Darkvision,Dwarven Resilience,Extra Attack,Great Weapon Fighting,Opportunity Attack,Phalanx Formation,Riposte",,
Fist Broko,Balanced,10,43,14,+1,+4,,,,,,,,,,,,,,,,8,13,16,20,10,12,-1,+1,+3,+9,+4,+1,Opportunity Attack,,
Fist Broko,Explorer,10,30,14,+1,+6,,,,,,,,,,,,,,,,8,13,16,20,10,12,-1,+1,+3,+11,+6,+1,Opportunity Attack,,
Fist Broko,Tactician,10,55,14,+1,+4,,,,,,,,,,,,,,,,8,13,16,20,10,12,-1,+1,+3,+9,+4,+1,Opportunity Attack,,
Bronte,Balanced,1,6,10,0,+2,,,,,,,,,,,,,,,,10,10,10,10,10,10,0,0,0,0,0,0,Opportunity Attack,,
Bronte,Explorer,1,4,10,0,+4,,,,,,,,,,,,,,,,10,10,10,10,10,10,0,0,0,0,0,0,Opportunity Attack,,
Bronte,Tactician,1,7,10,0,+2,,,,,,,,,,,,,,,,10,10,10,10,10,10,0,0,0,0,0,0,Opportunity Attack,,
Fist Brottor,Balanced,8,64,16,+1,+3,,,,,,,,,,,,Full Resistance,,,,21,13,17,10,12,8,+8,+1,+6,0,+1,-1,"Darkvision,Dwarven Resilience,Extra Attack,Opportunity Attack,Protection",,
Fist Brottor,Explorer,8,44,16,+1,+5,,,,,,,,,,,,Full Resistance,,,,21,13,17,10,12,8,+10,+1,+8,0,+1,-1,"Darkvision,Dwarven Resilience,Extra Attack,Opportunity Attack,Protection",,
Fist Brottor,Tactician,8,83,16,+1,+3,,,,,,,,,,,,Full Resistance,,,,21,13,17,10,12,8,+8,+1,+6,0,+1,-1,"Darkvision,Dwarven Resilience,Extra Attack,Opportunity Attack,Protection",,
Ironshield Brounce,Balanced,10,20,10,+2,+4,,,,,,,,,,,,,,,,14,14,15,12,10,10,+2,+2,+2,+1,0,0,"Gnome Cunning,Opportunity Attack,Shortened Stride,Stone Camouflage,Superior Darkvision",,
Bruha Oakhide,Balanced,1,8,10,0,+2,,,,,,,,,,,,Full Resistance,,,,10,10,10,10,10,10,0,0,0,0,0,0,"Darkvision,Dwarven Resilience,Opportunity Attack",,
Bruha Oakhide,Explorer,1,5,10,0,+4,,,,,,,,,,,,Full Resistance,,,,10,10,10,10,10,10,0,0,0,0,0,0,"Darkvision,Dwarven Resilience,Opportunity Attack",,
Bruha Oakhide,Tactician,1,10,10,0,+2,,,,,,,,,,,,Full Resistance,,,,10,10,10,10,10,10,0,0,0,0,0,0,"Darkvision,Dwarven Resilience,Opportunity Attack",,
Bruno Indomicus,Balanced,1,8,10,0,+2,,,,,,,,,,,,Full Resistance,,,,10,10,10,10,10,10,0,0,0,0,0,0,"Darkvision,Dwarven Resilience,Opportunity Attack",,
Bruno Indomicus,Explorer,1,5,10,0,+4,,,,,,,,,,,,Full Resistance,,,,10,10,10,10,10,10,0,0,0,0,0,0,"Darkvision,Dwarven Resilience,Opportunity Attack",,
Bruno Indomicus,Tactician,1,10,10,0,+2,,,,,,,,,,,,Full Resistance,,,,10,10,10,10,10,10,0,0,0,0,0,0,"Darkvision,Dwarven Resilience,Opportunity Attack",,
Flaming Fist Bryanne,Balanced,4,11,15,+1,+2,,,,,,,,,,,,,,,,13,12,12,10,11,10,+1,+1,+1,0,0,0,Opportunity Attack,,
Flaming Fist Bryanne,Explorer,4,7,15,+1,+2,,,,,,,,,,,,,,,,13,12,12,10,11,10,+1,+1,+1,0,0,0,Opportunity Attack,,
Flaming Fist Bryanne,Tactician,4,14,15,+1,+2,,,,,,,,,,,,,,,,13,12,12,10,11,10,+1,+1,+1,0,0,0,Opportunity Attack,,
Brynna,Balanced,2,15,11,0,+2,,,,,,,,,,,,,,,,13,10,12,10,15,9,+1,0,+1,+2,+4,-1,Opportunity Attack,,
Brynna,Explorer,2,10,11,0,+4,,,,,,,,,,,,,,,,13,10,12,10,15,9,+1,0,+1,+4,+6,-1,Opportunity Attack,,
Brynna,Tactician,2,19,11,0,+2,,,,,,,,,,,,,,,,13,10,12,10,15,9,+1,0,+1,+2,+4,-1,Opportunity Attack,,
Buff Tanner,Balanced,1,6,10,0,+2,,,,,,,,,,,,,,,,10,10,10,10,10,10,0,0,0,0,0,0,Opportunity Attack,,
Buff Tanner,Explorer,1,4,10,0,+4,,,,,,,,,,,,,,,,10,10,10,10,10,10,0,0,0,0,0,0,Opportunity Attack,,
Buff Tanner,Tactician,1,7,10,0,+2,,,,,,,,,,,,,,,,10,10,10,10,10,10,0,0,0,0,0,0,Opportunity Attack,,
Bug Bludgeon,Balanced,5,49,16,+4,+3,,,,,,,Full Resistance,,,,,Full Resistance,,,,12,18,12,10,16,12,+4,+7,+1,0,+3,+1,"Darkvision,Dread Ambusher,Dwarven Resilience,Extra Attack,Opportunity Attack,Ranger Knight,Wasteland Wanderer: Cold",,
Bug Bludgeon,Explorer,5,34,16,+4,+5,,,,,,,Full Resistance,,,,,Full Resistance,,,,12,18,12,10,16,12,+6,+9,+1,0,+3,+1,"Darkvision,Dread Ambusher,Dwarven Resilience,Extra Attack,Opportunity Attack,Ranger Knight,Wasteland Wanderer: Cold",,
Bug Bludgeon,Tactician,5,63,16,+4,+3,,,,,,,Full Resistance,,,,,Full Resistance,,,,12,18,12,10,16,12,+4,+7,+1,0,+3,+1,"Darkvision,Dread Ambusher,Dwarven Resilience,Extra Attack,Opportunity Attack,Ranger Knight,Wasteland Wanderer: Cold",,
Bumpnagel,Balanced,9,60,16,+4,+4,,,,,,,,,,,,,,,,11,18,13,12,12,10,0,+4,+1,+1,+1,0,"Gnome Cunning,Opportunity Attack,Shortened Stride,Stone Camouflage,Superior Darkvision",,
Bumpnagel,Explorer,9,42,16,+4,+6,,,,,,,,,,,,,,,,11,18,13,12,12,10,0,+4,+1,+1,+1,0,"Gnome Cunning,Opportunity Attack,Shortened Stride,Stone Camouflage,Superior Darkvision",,
Bumpnagel,Tactician,9,78,16,+4,+4,,,,,,,,,,,,,,,,11,18,13,12,12,10,0,+4,+1,+1,+1,0,"Gnome Cunning,Opportunity Attack,Shortened Stride,Stone Camouflage,Superior Darkvision",,
Bunny,Balanced,1,5,1,0,+2,,,,,,,,,,,,,,,,10,10,10,10,10,10,0,0,0,0,0,0,Opportunity Attack,,
Bunny,Explorer,1,3,1,0,+4,,,,,,,,,,,,,,,,10,10,10,10,10,10,0,0,0,0,0,0,Opportunity Attack,,
Bunny,Tactician,1,6,1,0,+2,,,,,,,,,,,,,,,,10,10,10,10,10,10,0,0,0,0,0,0,Opportunity Attack,,
Buntter,Balanced,1,8,10,0,+2,,,,,,,,,,,,,,,,10,10,10,10,10,10,0,0,0,0,0,0,Opportunity Attack,,
Buntter,Explorer,1,6,10,0,+4,,,,,,,,,,,,,,,,10,10,10,10,10,10,0,0,0,0,0,0,Opportunity Attack,,
Buntter,Tactician,1,10,10,0,+2,,,,,,,,,,,,,,,,10,10,10,10,10,10,0,0,0,0,0,0,Opportunity Attack,,
Burrock,Balanced,5,20,13,+2,+3,,,,,,,,,,,,,,,,15,14,12,12,10,12,+2,+2,+1,+1,0,+1,"Brave,Extra Attack,Halfling Luck,Opportunity Attack",,
Burrock,Tactician,5,26,13,+2,+3,,,,,,,,,,,,,,,,15,14,12,12,10,12,+2,+2,+1,+1,0,+1,"Brave,Extra Attack,Halfling Luck,Opportunity Attack",,
Burzenberg,Balanced,1,6,10,0,+2,,,,,,,,,,,,,,,,10,10,10,10,10,10,0,0,0,0,0,0,Opportunity Attack,,
Burzenberg,Explorer,1,4,10,0,+4,,,,,,,,,,,,,,,,10,10,10,10,10,10,0,0,0,0,0,0,Opportunity Attack,,
Burzenberg,Tactician,1,7,10,0,+2,,,,,,,,,,,,,,,,10,10,10,10,10,10,0,0,0,0,0,0,Opportunity Attack,,
Bustlebury,Balanced,1,8,10,0,+2,,,,,,,,,,,,,,,,10,10,10,10,10,10,0,0,0,0,0,0,"Brave,Darkvision,Halfling Luck,Opportunity Attack",,
Bustlebury,Explorer,1,5,10,0,+4,,,,,,,,,,,,,,,,10,10,10,10,10,10,0,0,0,0,0,0,"Brave,Darkvision,Halfling Luck,Opportunity Attack",,
Bustlebury,Tactician,1,10,10,0,+2,,,,,,,,,,,,,,,,10,10,10,10,10,10,0,0,0,0,0,0,"Brave,Darkvision,Halfling Luck,Opportunity Attack",,
Byldrath,Balanced,1,6,10,0,+2,,,,,,,,,,,,,,,,10,10,10,10,10,10,0,0,0,0,0,0,Opportunity Attack,,
Byldrath,Explorer,1,4,10,0,+4,,,,,,,,,,,,,,,,10,10,10,10,10,10,0,0,0,0,0,0,Opportunity Attack,,
Byldrath,Tactician,1,7,10,0,+2,,,,,,,,,,,,,,,,10,10,10,10,10,10,0,0,0,0,0,0,Opportunity Attack,,
Caerdwyn,Balanced,1,8,10,0,+2,,,,,,,,,,,,,,,,10,10,10,10,10,10,0,0,0,0,0,0,"Darkvision,Fey Ancestry,Opportunity Attack",,
Caerdwyn,Explorer,1,5,10,0,+4,,,,,,,,,,,,,,,,10,10,10,10,10,10,0,0,0,0,0,0,"Darkvision,Fey Ancestry,Opportunity Attack",,
Caerdwyn,Tactician,1,10,10,0,+2,,,,,,,,,,,,,,,,10,10,10,10,10,10,0,0,0,0,0,0,"Darkvision,Fey Ancestry,Opportunity Attack",,
Caitlin,Balanced,1,6,10,0,+2,,,,,,,,,,,,,,,,10,10,10,10,10,10,0,0,0,0,0,0,Opportunity Attack,,
Caitlin,Explorer,1,4,10,0,+4,,,,,,,,,,,,,,,,10,10,10,10,10,10,0,0,0,0,0,0,Opportunity Attack,,
Caitlin,Tactician,1,7,10,0,+2,,,,,,,,,,,,,,,,10,10,10,10,10,10,0,0,0,0,0,0,Opportunity Attack,,
Caitriono,Balanced,1,6,10,0,+2,,,,,,,,,,,,,,,,10,10,10,10,10,10,0,0,0,0,0,0,Opportunity Attack,,
Caitriono,Explorer,1,4,10,0,+4,,,,,,,,,,,,,,,,10,10,10,10,10,10,0,0,0,0,0,0,Opportunity Attack,,
Caitriono,Tactician,1,7,10,0,+2,,,,,,,,,,,,,,,,10,10,10,10,10,10,0,0,0,0,0,0,Opportunity Attack,,
Cal,Balanced,3,32,14,+1,+2,,,,,,,,Full Resistance,,,,,,,,16,12,15,10,10,12,+5,+1,+4,0,0,+1,"Darkvision,Hellish Resistance,Opportunity Attack",,
Cal,Explorer,3,16,14,+1,+4,,,,,,,,Full Resistance,,,,,,,,16,12,15,10,10,12,+7,+1,+6,0,0,+1,"Darkvision,Hellish Resistance,Opportunity Attack",,
Cal,Tactician,3,31,14,+1,+2,,,,,,,,Full Resistance,,,,,,,,16,12,15,10,10,12,+5,+1,+4,0,0,+1,"Darkvision,Hellish Resistance,Opportunity Attack",,
Fist Callaway,Balanced,8,64,18,+1,+3,,,,,,,,,,,,,,,,21,13,17,10,12,8,+8,+1,+7,0,+1,-1,"Extra Attack,Opportunity Attack,Protection",,
Fist Callaway,Tactician,8,68,18,+1,+3,,,,,,,,,,,,,,,,21,13,17,10,12,8,+8,+1,+7,0,+1,-1,"Extra Attack,Opportunity Attack,Protection",,
Callem Bormul,Balanced,1,6,10,0,+2,,,,,,,,,,,,,,,,10,10,10,10,10,10,0,0,0,0,0,0,Opportunity Attack,,
Callem Bormul,Explorer,1,4,10,0,+4,,,,,,,,,,,,,,,,10,10,10,10,10,10,0,0,0,0,0,0,Opportunity Attack,,
Callem Bormul,Tactician,1,7,10,0,+2,,,,,,,,,,,,,,,,10,10,10,10,10,10,0,0,0,0,0,0,Opportunity Attack,,
Harper Callie,Balanced,6,56,14,+1,+3,,,,,,,,,,,,Full Resistance,,,,18,12,14,10,12,12,+7,+1,+5,0,+1,+1,"Darkvision,Dwarven Resilience,Extra Attack,Opportunity Attack,Tenacity",,
Harper Callie,Explorer,6,39,14,+1,+5,,,,,,,,,,,,Full Resistance,,,,18,12,14,10,12,12,+9,+1,+7,0,+1,+1,"Darkvision,Dwarven Resilience,Extra Attack,Opportunity Attack,Tenacity",,
Harper Callie,Tactician,6,72,14,+1,+3,,,,,,,,,,,,Full Resistance,,,,18,12,14,10,12,12,+7,+1,+5,0,+1,+1,"Darkvision,Dwarven Resilience,Extra Attack,Opportunity Attack,Tenacity",,
Callira,Balanced,1,8,10,0,+2,,,,,,,,,,,,Full Resistance,,,,10,10,10,10,10,10,0,0,0,0,0,0,"Darkvision,Dwarven Resilience,Opportunity Attack",,
Cappa Delourese,Balanced,1,8,10,0,+2,,,,,,,,,,,,,,,,10,10,10,10,10,10,0,0,0,0,0,0,"Darkvision,Fey Ancestry,Opportunity Attack",,
Cappa Delourese,Explorer,1,5,10,0,+4,,,,,,,,,,,,,,,,10,10,10,10,10,10,0,0,0,0,0,0,"Darkvision,Fey Ancestry,Opportunity Attack",,
Cappa Delourese,Tactician,1,10,10,0,+2,,,,,,,,,,,,,,,,10,10,10,10,10,10,0,0,0,0,0,0,"Darkvision,Fey Ancestry,Opportunity Attack",,
Carlorina the Wolf,Balanced,3,45,14,+3,+2,,,,,,,,,,,,,,,,10,16,12,12,10,14,0,+5,+1,+3,0,+2,"Darkvision,Opportunity Attack,Fey Ancestry",,
Carlorina the Wolf,Explorer,3,31,14,+3,+4,,,,,,,,,,,,,,,,10,16,12,12,10,14,0,+7,+1,+5,0,+2,"Darkvision,Opportunity Attack,Fey Ancestry",,
Carlorina the Wolf,Tactician,3,58,14,+3,+2,,,,,,,,,,,,,,,,10,16,12,12,10,14,0,+5,+1,+3,0,+2,"Darkvision,Opportunity Attack,Fey Ancestry",,
Carmen Pennygood,Balanced,1,8,10,0,+2,,,,,,,,,,,,Full Resistance,,,,10,10,10,10,10,10,0,0,0,0,0,0,"Darkvision,Dwarven Resilience,Opportunity Attack",,
Carmen Pennygood,Explorer,1,5,10,0,+4,,,,,,,,,,,,Full Resistance,,,,10,10,10,10,10,10,0,0,0,0,0,0,"Darkvision,Dwarven Resilience,Opportunity Attack",,
Carmen Pennygood,Tactician,1,10,10,0,+2,,,,,,,,,,,,Full Resistance,,,,10,10,10,10,10,10,0,0,0,0,0,0,"Darkvision,Dwarven Resilience,Opportunity Attack",,
Carnelia Vanthampur,Balanced,1,8,10,0,+2,,,,,,,,,,,,,,,,10,10,10,10,10,10,0,0,0,0,0,0,"Darkvision,Fey Ancestry,Opportunity Attack",,
Carys,Balanced,1,6,10,0,+2,,,,,,,,,,,,,,,,10,10,10,10,10,10,0,0,0,0,0,0,"Darkvision,Gnome Cunning,Opportunity Attack,Shortened Stride",,
Carys,Explorer,1,4,10,0,+4,,,,,,,,,,,,,,,,10,10,10,10,10,10,0,0,0,0,0,0,"Darkvision,Gnome Cunning,Opportunity Attack,Shortened Stride",,
Carys,Tactician,1,7,10,0,+2,,,,,,,,,,,,,,,,10,10,10,10,10,10,0,0,0,0,0,0,"Darkvision,Gnome Cunning,Opportunity Attack,Shortened Stride",,
Cassivora Dophir,Balanced,9,64,11,0,+4,,,,,,,,,,,,,,,,19,11,14,12,12,14,+8,0,+6,+1,+1,+2,"Extra Attack,Opportunity Attack,Scar of Mirages",,
Cassivora Dophir,Explorer,9,44,11,0,+6,,,,,,,,,,,,,,,,19,11,14,12,12,14,+10,0,+8,+1,+1,+2,"Extra Attack,Opportunity Attack,Scar of Mirages",,
Cassivora Dophir,Tactician,9,83,11,0,+4,,,,,,,,,,,,,,,,19,11,14,12,12,14,+8,0,+6,+1,+1,+2,"Extra Attack,Opportunity Attack,Scar of Mirages",,
Caïros,Balanced,9,80,17,+2,+4,,,,,,,,Full Resistance,,,,,,,,18,14,15,10,10,12,+8,+2,+6,0,0,+1,"Darkvision,Extra Attack,Hellish Resistance,Opportunity Attack,Parry,Riposte,Tenacity",,
Caïros,Explorer,9,56,17,+2,+6,,,,,,,,Full Resistance,,,,,,,,18,14,15,10,10,12,+10,+2,+8,0,0,+1,"Darkvision,Extra Attack,Hellish Resistance,Opportunity Attack,Parry,Riposte,Tenacity",,
Caïros,Tactician,9,104,17,+2,+4,,,,,,,,Full Resistance,,,,,,,,18,14,15,10,10,12,+8,+2,+6,0,0,+1,"Darkvision,Extra Attack,Hellish Resistance,Opportunity Attack,Parry,Riposte,Tenacity",,
Cecee Gaborr,Balanced,1,6,10,0,+2,,,,,,,,,,,,,,,,10,10,10,10,10,10,0,0,0,0,0,0,Opportunity Attack,,
Cecee Gaborr,Explorer,1,6,10,0,+4,,,,,,,,,,,,,,,,10,10,10,10,10,10,0,0,0,0,0,0,Opportunity Attack,,
Cecee Gaborr,Tactician,1,6,10,0,+2,,,,,,,,,,,,,,,,10,10,10,10,10,10,0,0,0,0,0,0,Opportunity Attack,,
Cefrey,Balanced,2,12,10,0,+2,,,,,,,,,,,,,,,,10,10,12,14,10,10,0,0,+1,+4,+2,0,,,
Cefrey,Explorer,2,8,10,0,+4,,,,,,,,,,,,,,,,10,10,12,14,10,10,0,0,+1,+6,+4,0,,,
Cefrey,Tactician,2,15,10,0,+2,,,,,,,,,,,,,,,,10,10,12,14,10,10,0,0,+1,+4,+2,0,,,
Ceres Olsin,Balanced,1,16,11,0,+2,,,,,,,,,,,,,,,,10,10,10,10,10,10,0,0,0,0,0,0,Opportunity Attack,,
Ceres Olsin,Explorer,1,24,11,0,+4,,,,,,,,,,,,,,,,10,10,10,10,10,10,0,0,0,0,0,0,Opportunity Attack,,
Cerys,Balanced,6,28,16,+2,+3,,,,,,,,Full Resistance,,,,,,,,12,15,12,10,14,12,+4,+5,+1,0,+2,+1,"Darkvision,Extra Attack,Hellish Resistance,Opportunity Attack",,
Warrior Ch’guth,Balanced,5,41,17,+2,+3,,,,,,,,,,,,,,,,17,14,15,10,12,10,+6,+2,+5,0,+1,0,"Extra Attack,Githyanki Parry,Opportunity Attack",,
Warrior Ch’guth,Explorer,5,28,17,+2,+5,,,,,,,,,,,,,,,,17,14,15,10,12,10,+8,+2,+7,0,+1,0,"Extra Attack,Githyanki Parry,Opportunity Attack",,
Warrior Ch’guth,Tactician,5,53,17,+2,+3,,,,,,,,,,,,,,,,17,14,15,10,12,10,+6,+2,+5,0,+1,0,"Extra Attack,Githyanki Parry,Great Weapon Fighting,Opportunity Attack,Psionic Empowerment",,
Ch'kk'ch,Balanced,1,5,10,0,+2,,,,,,,,,,,,,,,,10,10,10,10,10,10,0,0,0,0,0,0,Opportunity Attack,,
Ch'kk'ch,Explorer,1,3,10,0,+4,,,,,,,,,,,,,,,,10,10,10,10,10,10,0,0,0,0,0,0,Opportunity Attack,,
Ch'kk'ch,Tactician,1,6,10,0,+2,,,,,,,,,,,,,,,,10,10,10,10,10,10,0,0,0,0,0,0,Opportunity Attack,,
Iron Consul Chadd,Balanced,11,93,18,0,+4,,,,,,,,,,,,,,,,20,11,16,10,15,16,+5,0,+3,0,+6,+3,"Opportunity Attack,Extra Attack,Tactical Discipline",,
Iron Consul Chadd,Explorer,11,65,18,0,+6,,,,,,,,,,,,,,,,20,11,16,10,15,16,+5,0,+3,0,+8,+3,"Opportunity Attack,Extra Attack,Tactical Discipline",,
Iron Consul Chadd,Tactician,11,120,18,0,+4,,,,,,,,,,,,,,,,20,11,16,10,15,16,+5,0,+3,0,+6,+3,"Opportunity Attack,Extra Attack,Tactical Discipline,Improved Extra Attack",,
News Hawker Chalara,Balanced,1,5,10,0,+2,,,,,,,,,,,,,,,,10,10,10,10,10,10,0,0,0,0,0,0,Opportunity Attack,,
News Hawker Chalara,Explorer,1,3,10,0,+4,,,,,,,,,,,,,,,,10,10,10,10,10,10,0,0,0,0,0,0,Opportunity Attack,,
News Hawker Chalara,Tactician,1,6,10,0,+2,,,,,,,,,,,,,,,,10,10,10,10,10,10,0,0,0,0,0,0,Opportunity Attack,,
Monsieur Chapeau,Balanced,1,8,10,0,+2,,,,,,,,,,,,,,,,10,10,10,12,10,10,0,0,0,+1,0,0,"Bardic Inspiration,Brave,Halfling Luck,Opportunity Attack",,
Monsieur Chapeau,Explorer,1,5,10,0,+4,,,,,,,,,,,,,,,,10,10,10,12,10,10,0,0,0,+1,0,0,"Bardic Inspiration,Brave,Halfling Luck,Opportunity Attack",,
Monsieur Chapeau,Tactician,1,10,10,0,+2,,,,,,,,,,,,,,,,10,10,10,12,10,10,0,0,0,+1,0,0,"Bardic Inspiration,Brave,Halfling Luck,Opportunity Attack",,
Charl Baragezian,Balanced,1,3,10,0,+2,,,,,,,,,,,,,,,,10,10,10,10,10,10,0,0,0,0,0,0,Opportunity Attack,,
Charl Baragezian,Explorer,1,3,10,0,+4,,,,,,,,,,,,,,,,10,10,10,10,10,10,0,0,0,0,0,0,Opportunity Attack,,
Charl Baragezian,Tactician,1,3,10,0,+2,,,,,,,,,,,,,,,,10,10,10,10,10,10,0,0,0,0,0,0,Opportunity Attack,,
Charming Latham,Balanced,5,38,10,0,+3,,,,,,,,,,,,,,,,12,10,10,18,12,10,+1,0,0,+7,+4,0,"Opportunity Attack,Sculpt Spells",,
Charming Latham,Explorer,5,26,10,0,+5,,,,,,,,,,,,,,,,12,10,10,18,12,10,+1,0,0,+9,+6,0,"Opportunity Attack,Sculpt Spells",,
Charming Latham,Tactician,5,49,10,0,+3,,,,,,,,,,,,,,,,12,10,10,18,12,10,+1,0,0,+7,+4,0,"Opportunity Attack,Sculpt Spells",,
Cheeky Nora,Balanced,3,8,10,0,+2,,,,,,,,,,,,,,,,10,10,10,10,10,10,0,0,0,0,0,0,"Darkvision,Fey Ancestry,Opportunity Attack",,
Chell,Balanced,1,8,10,0,+2,,,,,,,,Full Resistance,,,,,,,,10,10,10,10,10,10,0,0,0,0,0,0,"Darkvision,Hellish Resistance,Opportunity Attack",,
Chell,Explorer,1,5,10,0,+4,,,,,,,,Full Resistance,,,,,,,,10,10,10,10,10,10,0,0,0,0,0,0,"Darkvision,Hellish Resistance,Opportunity Attack",,
Chell,Tactician,1,10,10,0,+2,,,,,,,,Full Resistance,,,,,,,,10,10,10,10,10,10,0,0,0,0,0,0,"Darkvision,Hellish Resistance,Opportunity Attack",,
Harper Chenti,Balanced,6,44,10,0,+3,,,,,,,,,,,,,,,,12,10,10,12,16,10,+1,0,0,+4,+6,0,Opportunity Attack,,
Harper Chenti,Explorer,6,30,10,0,+5,,,,,,,,,,,,,,,,12,10,10,12,16,10,+1,0,0,+6,+8,0,Opportunity Attack,,
Harper Chenti,Tactician,6,57,10,0,+3,,,,,,,,,,,,,,,,12,10,10,12,16,10,+1,0,0,+4,+6,0,Opportunity Attack,,
Clerk Chervis,Balanced,,8,10,0,,,,,,,,,,,,,,,,,10,10,10,10,10,10,0,0,0,0,0,0,"Darkvision,Fey Ancestry,Opportunity Attack",,
Clerk Chervis,Explorer,,5,10,0,,,,,,,,,,,,,,,,,10,10,10,10,10,10,0,0,0,0,0,0,"Darkvision,Fey Ancestry,Opportunity Attack",,
Clerk Chervis,Tactician,,10,10,0,,,,,,,,,,,,,,,,,10,10,10,10,10,10,0,0,0,0,0,0,"Darkvision,Fey Ancestry,Opportunity Attack",,
Sauceman Chorizo,Balanced,4,30,11,+1,+2,,,,,,,,,,,,Full Resistance,,,,18,12,14,10,12,12,+6,+1,+4,0,+1,+1,"Darkvision,Dwarven Resilience,Opportunity Attack",,
Sauceman Chorizo,Explorer,4,21,11,+1,+4,,,,,,,,,,,,Full Resistance,,,,18,12,14,10,12,12,+8,+1,+6,0,+1,+1,"Darkvision,Dwarven Resilience,Opportunity Attack",,
Sauceman Chorizo,Tactician,4,39,11,+1,+2,,,,,,,,,,,,Full Resistance,,,,18,12,14,10,12,12,+6,+1,+4,0,+1,+1,"Darkvision,Dwarven Resilience,Opportunity Attack",,
Raider Chost,Balanced,5,32,15,+3,+3,,,,,,,,,,,,,,,,10,17,14,10,12,10,+3,+3,+5,0,+1,0,"Crossbow Expert: Point-Blank,Crossbow Expert: Wounding,Extra Attack,Opportunity Attack",,
Raider Chost,Explorer,5,22,15,+3,+5,,,,,,,,,,,,,,,,10,17,14,10,12,10,+5,+3,+7,0,+1,0,"Crossbow Expert: Point-Blank,Crossbow Expert: Wounding,Extra Attack,Opportunity Attack",,
Raider Chost,Tactician,5,41,15,+3,+3,,,,,,,,,,,,,,,,10,17,14,10,12,10,+3,+3,+5,0,+1,0,"Archery,Crossbow Expert: Point-Blank,Crossbow Expert: Wounding,Extra Attack,Opportunity Attack,Psionic Empowerment",,
Churg Elvek,Balanced,3,28,12,+2,+2,,,,,,,,,,,,,,,,11,15,12,10,11,14,0,+2,+1,0,0,+2,"Darkvision,Opportunity Attack",,
Churg Elvek,Explorer,3,19,12,+2,+4,,,,,,,,,,,,,,,,11,15,12,10,11,14,0,+2,+1,0,0,+2,"Darkvision,Opportunity Attack",,
Churg Elvek,Tactician,3,36,12,+2,+2,,,,,,,,,,,,,,,,11,15,12,10,11,14,0,+2,+1,0,0,+2,"Darkvision,Opportunity Attack",,
Raider Chy'raagh,Balanced,5,32,15,+3,+3,,,,,,,,,,,,,,,,10,17,14,10,12,10,+3,+3,+5,0,+1,0,"Crossbow Expert: Point-Blank,Crossbow Expert: Wounding,Extra Attack,Opportunity Attack",,
Raider Chy'raagh,Tactician,5,41,15,+3,+3,,,,,,,,,,,,,,,,10,17,14,10,12,10,+3,+3,+5,0,+1,0,"Archery,Crossbow Expert: Point-Blank,Crossbow Expert: Wounding,Extra Attack,Opportunity Attack,Psionic Empowerment",,
Ciara Blank,Balanced,1,8,1,0,+2,,,,,,,,,,,,,,,,10,10,10,10,10,10,0,0,0,0,0,0,"Darkvision,Dwarven Resilience,Opportunity Attack",,
Ciara Blank,Explorer,1,5,1,0,+4,,,,,,,,,,,,,,,,10,10,10,10,10,10,0,0,0,0,0,0,"Darkvision,Dwarven Resilience,Opportunity Attack",,
Ciara Blank,Tactician,1,10,1,0,+2,,,,,,,,,,,,,,,,10,10,10,10,10,10,0,0,0,0,0,0,"Darkvision,Dwarven Resilience,Opportunity Attack",,
Cilarea,Balanced,3,28,12,+2,+2,,,,,,,,,,,,,,,,11,15,12,10,11,14,0,+2,+1,0,0,+2,"Darkvision,Opportunity Attack",Aura of Murder,
Cilarea,Explorer,3,19,12,+2,+4,,,,,,,,,,,,,,,,11,15,12,10,11,14,0,+2,+1,0,0,+2,"Darkvision,Opportunity Attack",Aura of Murder,
Cilarea,Tactician,3,36,12,+2,+2,,,,,,,,,,,,,,,,11,15,12,10,11,14,0,+2,+1,0,0,+2,"Darkvision,Opportunity Attack",Aura of Murder,
Cillian,Balanced,1,8,10,0,+2,,,,,,,,,,,,,,,,10,10,10,10,10,10,0,0,0,0,0,0,Opportunity Attack,,
Cillian,Explorer,1,5,10,0,+4,,,,,,,,,,,,,,,,10,10,10,10,10,10,0,0,0,0,0,0,Opportunity Attack,,
Cillian,Tactician,1,10,10,0,+2,,,,,,,,,,,,,,,,10,10,10,10,10,10,0,0,0,0,0,0,Opportunity Attack,,
Cinna Brewcellar,Balanced,1,8,10,0,+2,,,,,,,,,,,,,,,,10,10,10,10,10,10,0,0,0,0,0,0,"Brave,Halfling Luck,Opportunity Attack",,
Cinna Brewcellar,Explorer,1,6,10,0,+4,,,,,,,,,,,,,,,,10,10,10,10,10,10,0,0,0,0,0,0,"Brave,Halfling Luck,Opportunity Attack",,
Cinna Brewcellar,Tactician,1,10,10,0,+2,,,,,,,,,,,,,,,,10,10,10,10,10,10,0,0,0,0,0,0,"Brave,Halfling Luck,Opportunity Attack",,
Cinnamon,Balanced,1,6,10,0,+2,,,,,,,,,,,,,,,,10,10,10,10,10,10,0,0,0,0,0,0,Opportunity Attack,,
Cinnamon,Explorer,1,6,10,0,+4,,,,,,,,,,,,,,,,10,10,10,10,10,10,0,0,0,0,0,0,Opportunity Attack,,
Cinnamon,Tactician,1,6,10,0,+2,,,,,,,,,,,,,,,,10,10,10,10,10,10,0,0,0,0,0,0,Opportunity Attack,,
Cinta Golewits,Balanced,,5,10,0,,,,,,,,,,,,,,,,,10,10,10,10,10,10,0,0,0,0,0,0,Opportunity Attack,,
Cinta Golewits,Explorer,,3,10,0,,,,,,,,,,,,,,,,,10,10,10,10,10,10,0,0,0,0,0,0,Opportunity Attack,,
Cinta Golewits,Tactician,,6,10,0,,,,,,,,,,,,,,,,,10,10,10,10,10,10,0,0,0,0,0,0,Opportunity Attack,,
Cirian,Balanced,8,76,15,+5,+3,,,,,,,,,,,,,,,,20,20,20,14,13,16,+5,+5,+5,+2,+1,+3,"Darkvision,Extra Attack,Magic Resistance,Murder Hungry,Opportunity Attack,Prey Upon the Weak",,
Cirian,Explorer,8,53,15,+5,+5,,,,,,,,,,,,,,,,20,20,20,14,13,16,+5,+5,+5,+2,+1,+3,"Darkvision,Extra Attack,Magic Resistance,Murder Hungry,Opportunity Attack,Prey Upon the Weak",,
Cirian,Tactician,8,98,15,+5,+3,,,,,,,,,,,,,,,,20,20,20,14,13,16,+5,+5,+5,+2,+1,+3,"Darkvision,Extra Attack,Magic Resistance,Murder Hungry,Opportunity Attack,Prey Upon the Weak,Sentinel: Opportunity Advantage,Sentinel: Snare,Sentinel: Vengeance",Unstoppable,
Civilian,Balanced,1,8,10,0,+2,,,,,,,,,,,,,,,,10,10,10,10,10,10,0,0,0,0,0,0,"Darkvision,Fey Ancestry,Opportunity Attack",,
Civilian,Explorer,1,5,10,0,+4,,,,,,,,,,,,,,,,10,10,10,10,10,10,0,0,0,0,0,0,"Darkvision,Fey Ancestry,Opportunity Attack",,
Civilian,Tactician,1,10,10,0,+2,,,,,,,,,,,,,,,,10,10,10,10,10,10,0,0,0,0,0,0,"Darkvision,Fey Ancestry,Opportunity Attack",,
Warrior Clack,Balanced,2,15,13,+1,+2,,,,,,,,,,,,,,,,12,13,11,10,8,8,+1,+1,0,0,-1,-1,"Darkvision,Opportunity Attack",,
Warrior Clack,Explorer,2,10,13,+1,+4,,,,,,,,,,,,,,,,12,13,11,10,8,8,+1,+1,0,0,-1,-1,"Darkvision,Opportunity Attack",,
Warrior Clack,Tactician,2,19,13,+1,+2,,,,,,,,,,,,,,,,12,13,11,10,8,8,+1,+1,0,0,-1,-1,"Darkvision,Fury of the Small,Opportunity Attack",,
Warrior Clack,Honour,2,23,13,+1,+2,,,,,,,,,,,,,,,,12,13,11,10,8,8,+1,+1,0,0,-1,-1,"Darkvision,Fury of the Small,Opportunity Attack",,
Cleet,Balanced,1,6,10,0,+2,,,,,,,,,,,,,,,,10,10,10,10,10,10,0,0,0,0,0,0,,,
Cleet,Explorer,1,4,10,0,+4,,,,,,,,,,,,,,,,10,10,10,10,10,10,0,0,0,0,0,0,,,
Cleet,Tactician,1,7,10,0,+2,,,,,,,,,,,,,,,,10,10,10,10,10,10,0,0,0,0,0,0,,,
Brother Clements,Balanced,3,26,11,+1,+2,,,,,,,,,,,,Full Resistance,,,,14,12,14,10,18,12,+2,+1,+2,0,+6,+3,"Darkvision,Dwarven Resilience,Opportunity Attack",,
Brother Clements,Explorer,3,18,11,+1,+4,,,,,,,,,,,,Full Resistance,,,,14,12,14,10,18,12,+2,+1,+2,0,+8,+5,"Darkvision,Dwarven Resilience,Opportunity Attack",,
Brother Clements,Tactician,3,33,11,+1,+2,,,,,,,,,,,,Full Resistance,,,,14,12,14,10,18,12,+2,+1,+2,0,+6,+3,"Darkvision,Dwarven Resilience,Opportunity Attack",,
Gondian Clore Falson,Balanced,8,67,13,+1,+3,,,,,,,,,,,,,,,,8,13,16,18,10,12,-1,+1,+3,+4,0,+1,Opportunity Attack,,
Gondian Clore Falson,Explorer,8,46,13,+1,+5,,,,,,,,,,,,,,,,8,13,16,18,10,12,-1,+1,+3,+4,0,+1,Opportunity Attack,,
Gondian Clore Falson,Tactician,8,87,13,+1,+3,,,,,,,,,,,,,,,,8,13,16,18,10,12,-1,+1,+3,+4,0,+1,Opportunity Attack,,
Reaper of Bhaal Clotilde,Balanced,5,45,12,+5,+3,,,,,,,,,,,,,,,,11,20,13,15,15,16,0,+5,+1,+2,+2,+3,"Darkvision,Opportunity Attack,Prey Upon the Weak","Aura of Murder,Sanctuary",
Reaper of Bhaal Clotilde,Explorer,5,31,12,+5,+5,,,,,,,,,,,,,,,,11,20,13,15,15,16,0,+5,+1,+2,+2,+3,"Darkvision,Opportunity Attack,Prey Upon the Weak","Aura of Murder,Sanctuary",
Reaper of Bhaal Clotilde,Tactician,5,58,12,+5,+3,,,,,,,,,,,,,,,,11,20,13,15,15,16,0,+5,+1,+2,+2,+3,"Darkvision,Evasion,Opportunity Attack,Prey Upon the Weak","Aura of Murder,Sanctuary",
Fist Clover,Balanced,8,62,16,+5,+3,,,,,,,,,,,,,,,,12,21,14,8,14,10,+4,+8,+2,-1,+2,0,"Archery,Crossbow Expert: Point-Blank,Extra Attack,Opportunity Attack",,
Fist Clover,Explorer,8,59,16,+5,+5,,,,,,,,,,,,,,,,12,21,14,8,14,10,+6,+10,+2,-1,+2,0,"Archery,Crossbow Expert: Point-Blank,Extra Attack,Opportunity Attack",,
Fist Clover,Tactician,8,64,16,+5,+3,,,,,,,,,,,,,,,,12,21,14,8,14,10,+4,+8,+2,-1,+2,0,"Archery,Crossbow Expert: Point-Blank,Extra Attack,Opportunity Attack",,
Clovia Throaks,Balanced,1,6,10,0,+2,,,,,,,,,,,,,,,,10,10,10,10,10,10,0,0,0,0,0,0,Opportunity Attack,,
Clovia Throaks,Explorer,1,4,10,0,+4,,,,,,,,,,,,,,,,10,10,10,10,10,10,0,0,0,0,0,0,Opportunity Attack,,
Clovia Throaks,Tactician,1,7,10,0,+2,,,,,,,,,,,,,,,,10,10,10,10,10,10,0,0,0,0,0,0,Opportunity Attack,,
Night Blade Comina,Balanced,3,28,12,+2,+2,,,,,,,,,,,,,,,,11,15,12,10,11,14,0,+2,+1,0,0,+2,"Darkvision,Opportunity Attack",Aura of Murder,
Night Blade Comina,Explorer,3,19,12,+2,+4,,,,,,,,,,,,,,,,11,15,12,10,11,14,0,+2,+1,0,0,+2,"Darkvision,Opportunity Attack",Aura of Murder,
Night Blade Comina,Tactician,3,36,12,+2,+2,,,,,,,,,,,,,,,,11,15,12,10,11,14,0,+2,+1,0,0,+2,"Darkvision,Opportunity Attack",Aura of Murder,
Conall,Balanced,1,6,10,0,+2,,,,,,,,,,,,,,,,10,10,10,10,10,10,0,0,0,0,0,0,Opportunity Attack,,
Conall,Explorer,1,6,10,0,+4,,,,,,,,,,,,,,,,10,10,10,10,10,10,0,0,0,0,0,0,Opportunity Attack,,
Conall,Tactician,1,6,10,0,+2,,,,,,,,,,,,,,,,10,10,10,10,10,10,0,0,0,0,0,0,Opportunity Attack,,
Cora Highberry,Balanced,1,8,10,0,+2,,,,,,,,,,,,,,,,10,10,10,10,10,10,0,0,0,0,0,0,"Brave,Halfling Luck,Opportunity Attack",,
Cora Highberry,Explorer,1,5,10,0,+4,,,,,,,,,,,,,,,,10,10,10,10,10,10,0,0,0,0,0,0,"Brave,Halfling Luck,Opportunity Attack",,
Cora Highberry,Tactician,1,10,10,0,+2,,,,,,,,,,,,,,,,10,10,10,10,10,10,0,0,0,0,0,0,"Brave,Halfling Luck,Opportunity Attack",,
Cordrane,Balanced,5,42,11,+1,+3,,,,,,,,,,,,Full Resistance,,,,10,12,12,16,12,10,0,+1,+1,+6,+4,0,"Darkvision,Dwarven Resilience,Opportunity Attack",,
Cordrane,Explorer,5,29,11,+1,+5,,,,,,,,,,,,Full Resistance,,,,10,12,12,16,12,10,0,+1,+1,+8,+6,0,"Darkvision,Dwarven Resilience,Opportunity Attack",,
Cordrane,Tactician,5,54,11,+1,+3,,,,,,,,,,,,Full Resistance,,,,10,12,12,16,12,10,0,+1,+1,+6,+4,0,"Darkvision,Dwarven Resilience,Opportunity Attack",,
Cordula Eltan,Balanced,11,72,18,+3,+4,,,,,,,,,,,,,,,,12,16,14,18,11,15,+1,+3,+2,+8,+4,+2,"Moderately Armoured,Opportunity Attack,Superior Plate (-1)",,
Cordula Eltan,Explorer,11,50,18,+3,+6,,,,,,,,,,,,,,,,12,16,14,18,11,15,+1,+3,+2,+10,+6,+2,"Moderately Armoured,Opportunity Attack,Superior Plate (-1)",,
Cordula Eltan,Tactician,11,93,18,+3,+4,,,,,,,,,,,,,,,,12,16,14,18,11,15,+1,+3,+2,+8,+4,+2,"Moderately Armoured,Opportunity Attack,Superior Plate (-1)",,
Corliss,Balanced,5,16,14,+3,+3,,,,,,,,,,,,,,,,12,16,12,12,12,12,+4,+6,+1,+1,+1,+1,"Brave,Extra Attack,Halfling Luck,Opportunity Attack",,
Corliss,Explorer,5,11,14,+3,+5,,,,,,,,,,,,,,,,12,16,12,12,12,12,+6,+8,+1,+1,+1,+1,"Brave,Extra Attack,Halfling Luck,Opportunity Attack",,
Corliss,Tactician,5,20,14,+3,+3,,,,,,,,,,,,,,,,12,16,12,12,12,12,+4,+6,+1,+1,+1,+1,"Brave,Extra Attack,Halfling Luck,Opportunity Attack",,
Fist Corlos,Balanced,8,62,16,+1,+3,,,,,,,,,,,,Full Resistance,,,,21,13,17,10,12,8,+8,+1,+7,0,+1,-1,"Darkvision,Dwarven Resilience,Extra Attack,Great Weapon Fighting,Opportunity Attack,Phalanx Formation,Riposte",,
Fist Corlos,Explorer,8,58,16,+1,+5,,,,,,,,,,,,Full Resistance,,,,21,13,17,10,12,8,+10,+1,+9,0,+1,-1,"Darkvision,Dwarven Resilience,Extra Attack,Great Weapon Fighting,Opportunity Attack,Phalanx Formation,Riposte",,
Fist Corlos,Tactician,8,65,16,+1,+3,,,,,,,,,,,,Full Resistance,,,,21,13,17,10,12,8,+8,+1,+7,0,+1,-1,"Darkvision,Dwarven Resilience,Extra Attack,Great Weapon Fighting,Opportunity Attack,Phalanx Formation,Riposte",,
Cormac,Balanced,1,6,10,0,+2,,,,,,,,,,,,,,,,10,10,10,10,10,10,0,0,0,0,0,0,Opportunity Attack,,
Cormac,Explorer,1,4,10,0,+4,,,,,,,,,,,,,,,,10,10,10,10,10,10,0,0,0,0,0,0,Opportunity Attack,,
Cormac,Tactician,1,7,10,0,+2,,,,,,,,,,,,,,,,10,10,10,10,10,10,0,0,0,0,0,0,Opportunity Attack,,
Night Blade Corniche,Balanced,3,28,12,+2,+2,,,,,,,,Full Resistance,,,,,,,,11,15,12,10,11,14,0,+2,+1,0,0,+2,"Darkvision,Hellish Resistance,Opportunity Attack",Aura of Murder,
Night Blade Corniche,Explorer,3,19,12,+2,+4,,,,,,,,Full Resistance,,,,,,,,11,15,12,10,11,14,0,+2,+1,0,0,+2,"Darkvision,Hellish Resistance,Opportunity Attack",Aura of Murder,
Night Blade Corniche,Tactician,3,36,12,+2,+2,,,,,,,,Full Resistance,,,,,,,,11,15,12,10,11,14,0,+2,+1,0,0,+2,"Darkvision,Hellish Resistance,Opportunity Attack",Aura of Murder,
Counting House Artillerist,Balanced,9,98,19,+4,+4,,,,,,,,,,,,,,,,14,18,13,10,10,10,+6,+8,+1,0,0,0,"Extra Attack,Mobile: Evade Difficult Terrain,Mobile: Evade Opportunity Attack,Mobile,Opportunity Attack",,
Counting House Artillerist,Explorer,9,68,19,+4,+6,,,,,,,,,,,,,,,,14,18,13,10,10,10,+8,+10,+1,0,0,0,"Extra Attack,Mobile: Evade Difficult Terrain,Mobile: Evade Opportunity Attack,Mobile,Opportunity Attack",,
Counting House Artillerist,Tactician,9,127,19,+4,+4,,,,,,,,,,,,,,,,14,18,13,10,10,10,+6,+8,+1,0,0,0,"Extra Attack,Mobile: Evade Difficult Terrain,Mobile: Evade Opportunity Attack,Mobile,Opportunity Attack",,
Counting House Enforcer,Balanced,9,85,18,+1,+4,,,,,,,,,,,,,,,,18,12,14,10,12,15,+6,+3,+4,+2,+7,+8,"Charger,Divine Health,Extra Attack,Tenacity",Aura of Protection,
Counting House Enforcer,Explorer,9,59,18,+1,+6,,,,,,,,,,,,,,,,18,12,14,10,12,15,+6,+3,+4,+2,+9,+10,"Charger,Divine Health,Extra Attack,Tenacity",Aura of Protection,
Counting House Enforcer,Tactician,9,110,18,+1,+4,,,,,,,,,,,,,,,,18,12,14,10,12,15,+6,+3,+4,+2,+7,+8,"Charger,Divine Health,Extra Attack,Tenacity",Aura of Protection,
Courageous Little Kimmabeth,Balanced,1,6,10,0,+2,,,,,,,,,,,,,,,,10,10,10,10,10,10,0,0,0,0,0,0,Opportunity Attack,,
Courageous Little Kimmabeth,Explorer,1,4,10,0,+4,,,,,,,,,,,,,,,,10,10,10,10,10,10,0,0,0,0,0,0,Opportunity Attack,,
Courageous Little Kimmabeth,Tactician,1,7,10,0,+2,,,,,,,,,,,,,,,,10,10,10,10,10,10,0,0,0,0,0,0,Opportunity Attack,,
Crak,Balanced,1,8,10,0,+2,,,,,,,,,,,,,,,,10,10,10,10,10,10,0,0,0,0,0,0,"Darkvision,Opportunity Attack",,
Crak,Explorer,1,5,10,0,+4,,,,,,,,,,,,,,,,10,10,10,10,10,10,0,0,0,0,0,0,"Darkvision,Opportunity Attack",,
Crak,Tactician,1,10,10,0,+2,,,,,,,,,,,,,,,,10,10,10,10,10,10,0,0,0,0,0,0,"Darkvision,Opportunity Attack",,
Fist Creekrider,Balanced,10,62,16,+1,+4,,,,,,,,,,,,Full Resistance,,,,21,13,17,10,12,8,+9,+1,+8,0,+1,-1,"Darkvision,Dwarven Resilience,Opportunity Attack,Protection",,
Fist Creekrider,Explorer,10,43,16,+1,+6,,,,,,,,,,,,Full Resistance,,,,21,13,17,10,12,8,+11,+1,+10,0,+1,-1,"Darkvision,Dwarven Resilience,Opportunity Attack,Protection",,
Fist Creekrider,Tactician,10,80,16,+1,+4,,,,,,,,,,,,Full Resistance,,,,21,13,17,10,12,8,+9,+1,+8,0,+1,-1,"Darkvision,Dwarven Resilience,Opportunity Attack,Protection",,
Cressida Flint,Balanced,1,6,10,0,+2,,,,,,,,,,,,,,,,10,10,10,10,10,10,0,0,0,0,0,0,Opportunity Attack,,
Cressida Flint,Explorer,1,4,10,0,+4,,,,,,,,,,,,,,,,10,10,10,10,10,10,0,0,0,0,0,0,Opportunity Attack,,
Cressida Flint,Tactician,1,7,10,0,+2,,,,,,,,,,,,,,,,10,10,10,10,10,10,0,0,0,0,0,0,Opportunity Attack,,
Fist Crosse,Balanced,8,62,16,+1,+3,,,,,,,,,,,,,,,,21,13,17,10,12,8,+8,+1,+7,0,+1,-1,"Opportunity Attack,Extra Attack,Great Weapon Fighting,Riposte,Phalanx Formation",,
Fist Crosse,Explorer,8,43,16,+1,+5,,,,,,,,,,,,,,,,21,13,17,10,12,8,+10,+1,+9,0,+1,-1,"Opportunity Attack,Extra Attack,Great Weapon Fighting,Riposte,Phalanx Formation",,
Fist Crosse,Tactician,8,80,16,+1,+3,,,,,,,,,,,,,,,,21,13,17,10,12,8,+8,+1,+7,0,+1,-1,"Opportunity Attack,Extra Attack,Great Weapon Fighting,Riposte,Phalanx Formation",,
Sharp-Eye Crub,Balanced,2,12,13,+2,+2,,,,,,,,,,,,,,,,10,14,10,10,8,8,0,+2,0,0,-1,-1,"Darkvision,Opportunity Attack",Slightly Drunk,
Sharp-Eye Crub,Explorer,2,8,13,+2,+4,,,,,,,,,,,,,,,,10,14,10,10,8,8,0,+2,0,0,-1,-1,"Darkvision,Opportunity Attack",Slightly Drunk,
Sharp-Eye Crub,Tactician,2,15,13,+2,+2,,,,,,,,,,,,,,,,10,14,10,10,8,8,0,+2,0,0,-1,-1,"Darkvision,Fury of the Small,Opportunity Attack",Slightly Drunk,
Sharp-Eye Crub,Honour,2,19,13,+2,+2,,,,,,,,,,,,,,,,10,14,10,10,8,8,0,+2,0,0,-1,-1,"Darkvision,Fury of the Small,Opportunity Attack",Slightly Drunk,
Devout Cry,Balanced,2,14,14,0,+2,,,,,,,,,,,,,,,,11,11,10,10,14,8,0,0,0,0,+2,-1,"Darkvision,Opportunity Attack",,
Devout Cry,Explorer,2,9,14,0,+4,,,,,,,,,,,,,,,,11,11,10,10,14,8,0,0,0,0,+2,-1,"Darkvision,Opportunity Attack",,
Devout Cry,Tactician,2,18,14,0,+2,,,,,,,,,,,,,,,,11,11,10,10,14,8,0,0,0,0,+2,-1,"Darkvision,Fury of the Small,Opportunity Attack",,
Devout Cry,Honour,2,22,14,0,+2,,,,,,,,,,,,,,,,11,11,10,10,14,8,0,0,0,0,+2,-1,"Darkvision,Fury of the Small,Opportunity Attack",,
Booyahg Culk,Balanced,2,13,11,+1,+2,,,,,,,,,,,,,,,,8,12,10,12,8,8,-1,+1,0,+1,-1,-1,"Darkvision,Opportunity Attack","Drunk,Sleeping",
Booyahg Culk,Explorer,2,9,11,+1,+4,,,,,,,,,,,,,,,,8,12,10,12,8,8,-1,+1,0,+1,-1,-1,"Darkvision,Opportunity Attack","Drunk,Sleeping",
Booyahg Culk,Tactician,2,16,11,+1,+2,,,,,,,,,,,,,,,,8,12,10,12,8,8,-1,+1,0,+1,-1,-1,"Darkvision,Fury of the Small,Opportunity Attack","Drunk,Sleeping",
Booyahg Culk,Honour,2,20,11,+1,+2,,,,,,,,,,,,,,,,8,12,10,12,8,8,-1,+1,0,+1,-1,-1,"Darkvision,Fury of the Small,Opportunity Attack","Drunk,Sleeping",
Cutter Violet,Balanced,1,6,10,0,+2,,,,,,,,,,,,,,,,10,10,10,10,10,10,0,0,0,0,0,0,Opportunity Attack,,
Cutter Violet,Explorer,1,4,10,0,+4,,,,,,,,,,,,,,,,10,10,10,10,10,10,0,0,0,0,0,0,Opportunity Attack,,
Cutter Violet,Tactician,1,7,10,0,+2,,,,,,,,,,,,,,,,10,10,10,10,10,10,0,0,0,0,0,0,Opportunity Attack,,
Cyndirie Vand,Balanced,1,6,10,0,+2,,,,,,,,,,,,,,,,10,10,10,10,10,10,0,0,0,0,0,0,Opportunity Attack,,
Cyndirie Vand,Explorer,1,4,10,0,+4,,,,,,,,,,,,,,,,10,10,10,10,10,10,0,0,0,0,0,0,Opportunity Attack,,
Cyndirie Vand,Tactician,1,7,10,0,+2,,,,,,,,,,,,,,,,10,10,10,10,10,10,0,0,0,0,0,0,Opportunity Attack,,
Cyrel,Balanced,4,24,10,0,+2,INT,14,,,,,,,,,,,,,,12,10,10,18,12,10,+1,0,0,+6,+3,0,Opportunity Attack,,
Cyrel,Explorer,4,16,10,0,+4,INT,16,,,,,,,,,,,,,,12,10,10,18,12,10,+1,0,0,+8,+5,0,Opportunity Attack,,
Cyrel,Tactician,4,31,10,0,+2,INT,16,,,,,,,,,,,,,,12,10,10,18,12,10,+1,0,0,+6,+3,0,Opportunity Attack,,
Cyrella,Balanced,1,5,10,0,+2,,,,,,,,,,,,,,,,10,10,10,10,10,10,0,0,0,0,0,0,Opportunity Attack,,
Cyrella,Explorer,1,3,10,0,+4,,,,,,,,,,,,,,,,10,10,10,10,10,10,0,0,0,0,0,0,Opportunity Attack,,
Cyrella,Tactician,1,6,10,0,+2,,,,,,,,,,,,,,,,10,10,10,10,10,10,0,0,0,0,0,0,Opportunity Attack,,
Fist Cyril,Balanced,6,56,16,+2,+3,,,,,,,,,,,,,,,,15,14,13,12,12,14,+5,+2,+4,+1,+1,+2,"Darkvision,Extra Attack,Fey Ancestry,Opportunity Attack",,
Fist Cyril,Explorer,6,39,16,+2,+5,,,,,,,,,,,,,,,,15,14,13,12,12,14,+7,+2,+6,+1,+1,+2,"Darkvision,Extra Attack,Fey Ancestry,Opportunity Attack",,
Fist Cyril,Tactician,6,72,16,+2,+3,,,,,,,,,,,,,,,,15,14,13,12,12,14,+5,+2,+4,+1,+1,+2,"Darkvision,Extra Attack,Fey Ancestry,Opportunity Attack",,
Cashguard Artillerist Dadger,Balanced,9,76,19,+4,+4,,,,,,,,,,,,,,,,14,18,13,10,10,10,+6,+8,+2,0,0,0,"Mobile: Evade Difficult Terrain,Mobile: Evade Opportunity Attack,Extra Attack,Mobile,Opportunity Attack",,
Cashguard Artillerist Dadger,Explorer,9,53,19,+4,+6,,,,,,,,,,,,,,,,14,18,13,10,10,10,+8,+10,+2,0,0,0,"Mobile: Evade Difficult Terrain,Mobile: Evade Opportunity Attack,Extra Attack,Mobile,Opportunity Attack",,
Cashguard Artillerist Dadger,Tactician,9,98,19,+4,+4,,,,,,,,,,,,,,,,14,18,13,10,10,10,+6,+8,+2,0,0,0,"Mobile: Evade Difficult Terrain,Mobile: Evade Opportunity Attack,Extra Attack,Mobile,Opportunity Attack",,
Gauntlet Dain,Balanced,6,38,16,0,+3,,,,,,,,,,,,,,,,13,10,14,10,20,12,+1,0,+2,0,+8,+4,"Opportunity Attack,Protection",,
Gauntlet Dain,Tactician,6,40,16,0,+3,,,,,,,,,,,,,,,,13,10,14,10,20,12,+1,0,+2,0,+8,+4,"Opportunity Attack,Protection",,
Acolyte Daine,Balanced,4,27,11,0,+2,,,,,,,,,,,,Full Resistance,,,,11,10,12,8,14,9,0,0,+1,-1,+4,+1,"Darkvision,Dwarven Resilience,Opportunity Attack",,
Acolyte Daine,Explorer,4,18,11,0,+2,,,,,,,,,,,,Full Resistance,,,,11,10,12,8,14,9,0,0,+1,-1,+4,+1,"Darkvision,Dwarven Resilience,Opportunity Attack",,
Acolyte Daine,Tactician,4,35,11,0,+2,,,,,,,,,,,,Full Resistance,,,,11,10,12,8,14,9,0,0,+1,-1,+4,+1,"Darkvision,Dwarven Resilience,Opportunity Attack",,
Dairow Vin,Balanced,1,8,10,0,+2,,,,,,,,Full Resistance,,,,,,,,10,10,10,10,10,10,0,0,0,0,0,0,"Darkvision,Hellish Resistance,Opportunity Attack",Impenetrable slumber,
Dairow Vin,Explorer,1,5,10,0,+4,,,,,,,,Full Resistance,,,,,,,,10,10,10,10,10,10,0,0,0,0,0,0,"Darkvision,Hellish Resistance,Opportunity Attack",Impenetrable slumber,
Dairow Vin,Tactician,1,10,10,0,+2,,,,,,,,Full Resistance,,,,,,,,10,10,10,10,10,10,0,0,0,0,0,0,"Darkvision,Hellish Resistance,Opportunity Attack",Impenetrable slumber,
Dalthar,Balanced,5,44,13,+2,+3,,,,,,,,,,,,Resistance to Magical,,,,12,15,12,10,12,12,+4,+5,+1,0,+1,+1,"Duergar Resilience,Dwarven Resilience,Extra Attack,Opportunity Attack,Sunlight Sensitivity,Superior Darkvision",,
Dalthar,Tactician,5,57,13,+2,+3,,,,,,,,,,,,Resistance to Magical,,,,12,15,12,10,12,12,+4,+5,+1,0,+1,+1,"Duergar Resilience,Dwarven Resilience,Extra Attack,Opportunity Attack,Sunlight Sensitivity,Superior Darkvision",,
Damays,Balanced,2,20,13,+2,+2,,,,,,,,Full Resistance,,,,,,,,10,14,12,9,12,8,+2,+4,+1,-1,+1,-1,"Hellish Resistance,Opportunity Attack",,
Damays,Explorer,2,14,13,+2,+2,,,,,,,,Full Resistance,,,,,,,,10,14,12,9,12,8,+2,+4,+1,-1,+1,-1,Hellish Resistance,,
Damays,Tactician,2,26,13,+2,+2,,,,,,,,Full Resistance,,,,,,,,10,14,12,9,12,8,+2,+4,+1,-1,+1,-1,"Hellish Resistance,Opportunity Attack",,
Dame Guisarme,Balanced,5,54,16,+1,+3,,,,,,,,,,,,Full Resistance,,,,18,12,14,10,12,12,+7,+1,+5,0,+1,+1,"Darkvision,Dwarven Resilience,Extra Attack,Opportunity Attack",,
Dame Guisarme,Explorer,5,37,16,+1,+5,,,,,,,,,,,,Full Resistance,,,,18,12,14,10,12,12,+9,+1,+7,0,+1,+1,"Darkvision,Dwarven Resilience,Extra Attack,Opportunity Attack",,
Dame Guisarme,Tactician,5,70,16,+1,+3,,,,,,,,,,,,Full Resistance,,,,18,12,14,10,12,12,+7,+1,+5,0,+1,+1,"Darkvision,Dwarven Resilience,Extra Attack,Opportunity Attack",,
Dammon,Balanced,1,8,13,0,+2,,,,,,,,Full Resistance,,,,,,,,10,10,10,10,10,10,0,0,0,0,0,0,"Darkvision,Hellish Resistance,Opportunity Attack",,
Dammon,Explorer,1,5,13,0,+4,,,,,,,,Full Resistance,,,,,,,,10,10,10,10,10,10,0,0,0,0,0,0,"Darkvision,Hellish Resistance,Opportunity Attack",,
Dammon,Tactician,1,10,13,0,+2,,,,,,,,Full Resistance,,,,,,,,10,10,10,10,10,10,0,0,0,0,0,0,"Darkvision,Hellish Resistance,Opportunity Attack",,
Dandi Thistlepetal,Balanced,1,8,10,0,+2,,,,,,,,,,,,,,,,10,10,10,10,10,10,0,0,0,0,0,0,"Darkvision,Gnome Cunning,Opportunity Attack,Shortened Stride",,
Dandi Thistlepetal,Explorer,1,5,10,0,+4,,,,,,,,,,,,,,,,10,10,10,10,10,10,0,0,0,0,0,0,"Darkvision,Gnome Cunning,Opportunity Attack,Shortened Stride",,
Dandi Thistlepetal,Tactician,1,10,10,0,+2,,,,,,,,,,,,,,,,10,10,10,10,10,10,0,0,0,0,0,0,"Darkvision,Gnome Cunning,Opportunity Attack,Shortened Stride",,
Danfora of the Kingfish,Balanced,1,8,10,0,+2,,,,,,,,,,,,,,,,10,10,10,10,10,10,0,0,0,0,0,0,"Darkvision,Fey Ancestry,Opportunity Attack,Sunlight Sensitivity",,
Danfora of the Kingfish,Explorer,1,4,10,0,+4,,,,,,,,,,,,,,,,10,10,10,10,10,10,0,0,0,0,0,0,"Darkvision,Fey Ancestry,Opportunity Attack,Sunlight Sensitivity",,
Danfora of the Kingfish,Tactician,1,7,10,0,+2,,,,,,,,,,,,,,,,10,10,10,10,10,10,0,0,0,0,0,0,"Darkvision,Fey Ancestry,Opportunity Attack,Sunlight Sensitivity",,
Danis,Balanced,1,8,10,0,+2,,,,,,,,Full Resistance,,,,,,,,10,10,10,10,10,10,0,0,0,0,0,0,"Darkvision,Hellish Resistance,Opportunity Attack",,
Danis,Explorer,1,5,10,0,+4,,,,,,,,Full Resistance,,,,,,,,10,10,10,10,10,10,0,0,0,0,0,0,"Darkvision,Hellish Resistance,Opportunity Attack",,
Danis,Tactician,1,10,10,0,+2,,,,,,,,Full Resistance,,,,,,,,10,10,10,10,10,10,0,0,0,0,0,0,"Darkvision,Hellish Resistance,Opportunity Attack",,
Danna,Balanced,5,32,11,+1,+3,,,,,,,,,,,,Full Resistance,,,,10,12,12,16,12,10,0,+1,+1,+6,+4,0,"Duergar Resilience,Dwarven Resilience,Opportunity Attack,Sunlight Sensitivity,Superior Darkvision",,
Danna,Explorer,5,22,11,+1,+5,,,,,,,,,,,,Full Resistance,,,,10,12,12,16,12,10,0,+1,+1,+8,+6,0,"Duergar Resilience,Dwarven Resilience,Opportunity Attack,Sunlight Sensitivity,Superior Darkvision",,
Danna,Tactician,5,32,11,+1,+3,,,,,,,,,,,,Full Resistance,,,,10,12,12,16,12,10,0,+1,+1,+6,+4,0,"Duergar Resilience,Dwarven Resilience,Opportunity Attack,Sunlight Sensitivity,Superior Darkvision",,
Dannbo Indigo,Balanced,,5,10,0,,,,,,,,,,,,,,,,,10,10,10,10,10,10,0,0,0,0,0,0,Opportunity Attack,,
Dannbo Indigo,Explorer,,3,10,0,,,,,,,,,,,,,,,,,10,10,10,10,10,10,0,0,0,0,0,0,Opportunity Attack,,
Dannbo Indigo,Tactician,,6,10,0,,,,,,,,,,,,,,,,,10,10,10,10,10,10,0,0,0,0,0,0,Opportunity Attack,,
Danton,Balanced,1,10,1,+2,+2,,,,,,,,Full Resistance,,,,,,,,10,14,14,8,17,12,0,+2,+2,+1,+5,+1,"Darkvision,Hellish Resistance,Opportunity Attack",,
Danzo Arkwright,Balanced,1,8,10,0,+2,,,,,,,,,,,,Full Resistance,,,,10,10,10,10,10,10,0,0,0,0,0,0,"Darkvision,Dwarven Resilience,Opportunity Attack",,
Danzo Arkwright,Explorer,1,5,10,0,+4,,,,,,,,,,,,Full Resistance,,,,10,10,10,10,10,10,0,0,0,0,0,0,"Darkvision,Dwarven Resilience,Opportunity Attack",,
Danzo Arkwright,Tactician,1,10,10,0,+2,,,,,,,,,,,,Full Resistance,,,,10,10,10,10,10,10,0,0,0,0,0,0,"Darkvision,Dwarven Resilience,Opportunity Attack",,
Fist Healer Darbonna,Balanced,10,62,16,0,+4,,,,,,,,,,,,,,,,13,10,16,10,20,12,+1,0,+3,0,+9,+5,"Opportunity Attack,Protection",,
Fist Healer Darbonna,Tactician,10,64,16,0,+4,,,,,,,,,,,,,,,,13,10,16,10,20,12,+1,0,+3,0,+9,+5,"Opportunity Attack,Protection",,
Dark Breaker,Balanced,10,68,14,0,+4,,,,,,,,,,Full Resistance,,,,,,16,10,12,16,18,12,+3,0,+1,+7,+8,+1,Opportunity Attack,,
Dark Breaker,Explorer,10,47,14,0,+6,,,,,,,,,,Full Resistance,,,,,,16,10,12,16,18,12,+3,0,+1,+9,+10,+1,Opportunity Attack,,
Dark Breaker,Tactician,10,88,14,0,+4,,,,,,,,,,Full Resistance,,,,,,16,10,12,16,18,12,+3,0,+1,+7,+8,+1,Opportunity Attack,,
Cook Darlie,Balanced,3,8,10,0,+2,,,,,,,,,,,,,,,,10,10,10,10,10,10,0,0,0,0,0,0,"Darkvision,Fey Ancestry,Opportunity Attack",,
Darra,Balanced,1,9,13,+1,+2,,,,,,,,,,,,,,,,10,13,10,10,8,8,0,+1,0,0,-1,-1,"Darkvision,Opportunity Attack",,
Darra,Explorer,1,6,13,+1,+4,,,,,,,,,,,,,,,,10,13,10,10,8,8,0,+1,0,0,-1,-1,"Darkvision,Opportunity Attack",,
Darra,Tactician,1,11,13,+1,+2,,,,,,,,,,,,,,,,10,13,10,10,8,8,0,+1,0,0,-1,-1,"Darkvision,Fury of the Small,Opportunity Attack",,
Darra,Honour,1,14,13,+1,+2,,,,,,,,,,,,,,,,10,13,10,10,8,8,0,+1,0,0,-1,-1,"Darkvision,Fury of the Small,Opportunity Attack",,
Harper Darragh,Balanced,6,56,16,+1,+3,,,,,,,,,,,,Full Resistance,,,,18,12,14,10,12,12,+7,+1,+5,0,+1,+1,"Darkvision,Dwarven Resilience,Extra Attack,Opportunity Attack",,
Harper Darragh,Explorer,6,39,16,+1,+5,,,,,,,,,,,,Full Resistance,,,,18,12,14,10,12,12,+9,+1,+7,0,+1,+1,"Darkvision,Dwarven Resilience,Extra Attack,Opportunity Attack",,
Harper Darragh,Tactician,6,72,16,+1,+3,,,,,,,,,,,,Full Resistance,,,,18,12,14,10,12,12,+7,+1,+5,0,+1,+1,"Darkvision,Dwarven Resilience,Extra Attack,Opportunity Attack",,
Dart Dirtwood,Balanced,8,62,15,+4,+3,,,,,,,,,,,,Full Resistance,,,,12,18,12,12,14,10,+4,+7,+1,+1,+2,0,"Crossbow Expert: Point-Blank,Darkvision,Dwarven Resilience,Extra Attack,Opportunity Attack,Land's Stride: Difficult Terrain",,
Dart Dirtwood,Explorer,8,43,15,+4,+5,,,,,,,,,,,,Full Resistance,,,,12,18,12,12,14,10,+6,+9,+1,+1,+2,0,"Crossbow Expert: Point-Blank,Darkvision,Dwarven Resilience,Extra Attack,Opportunity Attack,Land's Stride: Difficult Terrain",,
Dart Dirtwood,Tactician,8,80,15,+4,+3,,,,,,,,,,,,Full Resistance,,,,12,18,12,12,14,10,+4,+7,+1,+1,+2,0,"Crossbow Expert: Point-Blank,Darkvision,Dwarven Resilience,Extra Attack,Opportunity Attack,Land's Stride: Difficult Terrain",,
Darvis,Balanced,1,8,10,0,+2,,,,,,,,,,,,Full Resistance,,,,10,10,10,10,10,10,0,0,0,0,0,0,"Darkvision,Dwarven Resilience,Opportunity Attack",,
Darvis,Explorer,1,5,10,0,+4,,,,,,,,,,,,Full Resistance,,,,10,10,10,10,10,10,0,0,0,0,0,0,"Darkvision,Dwarven Resilience,Opportunity Attack",,
Darvis,Tactician,1,10,10,0,+2,,,,,,,,,,,,Full Resistance,,,,10,10,10,10,10,10,0,0,0,0,0,0,"Darkvision,Dwarven Resilience,Opportunity Attack",,
Dashkent Moliver,Balanced,1,8,10,0,+2,,,,,,,,,,,,,,,,10,10,10,10,10,10,0,0,0,0,0,0,"Brave,Halfling Luck,Opportunity Attack",,
Dashkent Moliver,Explorer,1,5,10,0,+4,,,,,,,,,,,,,,,,10,10,10,10,10,10,0,0,0,0,0,0,"Brave,Halfling Luck,Opportunity Attack",,
Dashkent Moliver,Tactician,1,10,10,0,+2,,,,,,,,,,,,,,,,10,10,10,10,10,10,0,0,0,0,0,0,"Brave,Halfling Luck,Opportunity Attack",,
Dave Hosmo,Balanced,1,6,10,0,+2,,,,,,,,,,,,,,,,10,10,10,10,10,10,0,0,0,0,0,0,Opportunity Attack,,
Dave Hosmo,Explorer,1,3,10,0,+4,,,,,,,,,,,,,,,,10,10,10,10,10,10,0,0,0,0,0,0,Opportunity Attack,,
Dave Hosmo,Tactician,1,8,10,0,+2,,,,,,,,,,,,,,,,10,10,10,10,10,10,0,0,0,0,0,0,Opportunity Attack,,
Dead Drow,Balanced,1,8,10,0,+2,,,,,,,,,,,,,,,,10,10,10,10,10,10,0,0,0,0,0,0,"Darkvision,Fey Ancestry,Opportunity Attack,Sunlight Sensitivity",,
Dead Drow,Tactician,1,10,10,0,+2,,,,,,,,,,,,,,,,10,10,10,10,10,10,0,0,0,0,0,0,"Darkvision,Fey Ancestry,Opportunity Attack,Sunlight Sensitivity",,
Dead Tiefling,Balanced,1,8,10,0,+2,,,,,,,,Full Resistance,,,,,,,,10,10,10,10,10,10,0,0,0,0,0,0,"Darkvision,Hellish Resistance,Opportunity Attack",Dead,
Dead Tiefling,Explorer,1,5,10,0,+4,,,,,,,,Full Resistance,,,,,,,,10,10,10,10,10,10,0,0,0,0,0,0,"Darkvision,Hellish Resistance,Opportunity Attack",Dead,
Dead Tiefling,Tactician,1,10,10,0,+2,,,,,,,,Full Resistance,,,,,,,,10,10,10,10,10,10,0,0,0,0,0,0,"Darkvision,Hellish Resistance,Opportunity Attack",Dead,
Dead Whitburn Servant,Balanced,10,84,18,+2,+4,,,,,,,,,,,,,,,,18,14,15,11,10,12,+4,+2,+2,0,0,+1,"Great Weapon Master: All In,Great Weapon Master: Bonus Attack,Extra Attack,Great Weapon Fighting,Opportunity Attack",Dead,
Dead Whitburn Servant,Explorer,10,58,18,+2,+6,,,,,,,,,,,,,,,,18,14,15,11,10,12,+4,+2,+2,0,0,+1,"Great Weapon Master: All In,Great Weapon Master: Bonus Attack,Extra Attack,Great Weapon Fighting,Opportunity Attack",Dead,
Dead Whitburn Servant,Tactician,10,109,18,+2,+4,,,,,,,,,,,,,,,,18,14,15,11,10,12,+4,+2,+2,0,0,+1,"Great Weapon Master: All In,Great Weapon Master: Bonus Attack,Extra Attack,Great Weapon Fighting,Opportunity Attack",Dead,
Fist Debin,Balanced,8,55,16,+5,+3,,,,,,,,,,,,Full Resistance,,,,12,21,14,8,14,10,+4,+8,+2,-1,+2,0,"Darkvision,Dwarven Resilience,Opportunity Attack,Extra Attack,Archery,Crossbow Expert: Point-Blank",,
Fist Debin,Explorer,8,38,16,+5,+5,,,,,,,,,,,,Full Resistance,,,,12,21,14,8,14,10,+6,+10,+2,-1,+2,0,"Darkvision,Dwarven Resilience,Opportunity Attack,Extra Attack,Archery,Crossbow Expert: Point-Blank",,
Fist Debin,Tactician,8,71,16,+5,+3,,,,,,,,,,,,Full Resistance,,,,12,21,14,8,14,10,+4,+8,+2,-1,+2,0,"Darkvision,Dwarven Resilience,Opportunity Attack,Extra Attack,Archery,Crossbow Expert: Point-Blank",,
Deedle Ofran,Balanced,1,18,14,0,+2,,,,,,,,,,,,,,,,10,10,10,10,10,10,0,0,0,0,0,0,"Darkvision,Gnome Cunning,Opportunity Attack,Shortened Stride",,
Deedle Ofran,Explorer,1,27,14,0,+4,,,,,,,,,,,,,,,,10,10,10,10,10,10,0,0,0,0,0,0,"Darkvision,Gnome Cunning,Opportunity Attack,Shortened Stride",,
Saer Deelia,Balanced,1,6,10,0,+2,,,,,,,,,,,,,,,,10,10,10,10,10,10,0,0,0,0,0,0,Opportunity Attack,,
Saer Deelia,Explorer,1,4,10,0,+4,,,,,,,,,,,,,,,,10,10,10,10,10,10,0,0,0,0,0,0,Opportunity Attack,,
Saer Deelia,Tactician,1,7,10,0,+2,,,,,,,,,,,,,,,,10,10,10,10,10,10,0,0,0,0,0,0,Opportunity Attack,,
Reaper of Bhaal Deera,Balanced,5,45,10,+5,+3,,,,,,,,,,,,,,,,11,20,13,15,12,16,0,+5,+1,+2,+1,+3,"Darkvision,Extra Attack,Opportunity Attack,Prey Upon the Weak","Aura of Murder,Invisible,Sanctuary",
Reaper of Bhaal Deera,Explorer,5,31,10,+5,+5,,,,,,,,,,,,,,,,11,20,13,15,12,16,0,+5,+1,+2,+1,+3,"Darkvision,Extra Attack,Opportunity Attack,Prey Upon the Weak","Aura of Murder,Invisible,Sanctuary",
Reaper of Bhaal Deera,Tactician,5,58,10,+5,+3,,,,,,,,,,,,,,,,11,20,13,15,12,16,0,+5,+1,+2,+1,+3,"Darkvision,Evasion,Extra Attack,Opportunity Attack,Prey Upon the Weak","Aura of Murder,Invisible,Sanctuary",
Deeziks Tormo,Balanced,8,6,10,0,+3,,,,,,,,,,,,,,,,10,10,10,10,10,10,0,0,0,0,0,0,Opportunity Attack,,
Deeziks Tormo,Explorer,8,4,10,0,+5,,,,,,,,,,,,,,,,10,10,10,10,10,10,0,0,0,0,0,0,Opportunity Attack,,
Deeziks Tormo,Tactician,8,8,10,0,+3,,,,,,,,,,,,,,,,10,10,10,10,10,10,0,0,0,0,0,0,Opportunity Attack,,
Delcan,Balanced,1,6,10,0,+2,,,,,,,,,,,,,,,,10,10,10,10,10,10,0,0,0,0,0,0,Opportunity Attack,,
Delcan,Explorer,1,4,10,0,+4,,,,,,,,,,,,,,,,10,10,10,10,10,10,0,0,0,0,0,0,Opportunity Attack,,
Delcan,Tactician,1,7,10,0,+2,,,,,,,,,,,,,,,,10,10,10,10,10,10,0,0,0,0,0,0,Opportunity Attack,,
Night Blade Dellinjah Dax,Balanced,3,28,12,+2,+2,,,,,,,,,,,,,,,,11,15,12,10,11,14,0,+2,+1,0,0,+2,"Darkvision,Opportunity Attack",Aura of Murder,
Night Blade Dellinjah Dax,Explorer,3,19,12,+2,+4,,,,,,,,,,,,,,,,11,15,12,10,11,14,0,+2,+1,0,0,+2,"Darkvision,Opportunity Attack",Aura of Murder,
Night Blade Dellinjah Dax,Tactician,3,36,12,+2,+2,,,,,,,,,,,,,,,,11,15,12,10,11,14,0,+2,+1,0,0,+2,"Darkvision,Opportunity Attack",Aura of Murder,
Dellys,Balanced,1,5,10,0,+2,,,,,,,,,,,,,,,,10,10,10,10,10,10,0,0,0,0,0,0,Opportunity Attack,,
Dellys,Explorer,1,3,10,0,+4,,,,,,,,,,,,,,,,10,10,10,10,10,10,0,0,0,0,0,0,Opportunity Attack,,
Dellys,Tactician,1,6,10,0,+2,,,,,,,,,,,,,,,,10,10,10,10,10,10,0,0,0,0,0,0,Opportunity Attack,,
Delverdenn,Balanced,9,87,12,+2,+4,,,,,,,,,,,,Full Resistance,,,,14,14,16,16,16,18,+2,+2,+3,+7,+7,+4,"Agonising Blast,Darkvision,Dwarven Resilience,Eldritch Spear,Opportunity Attack",,
Delverdenn,Explorer,9,60,12,+2,+6,,,,,,,,,,,,Full Resistance,,,,14,14,16,16,16,18,+2,+2,+3,+9,+9,+4,"Agonising Blast,Darkvision,Dwarven Resilience,Eldritch Spear,Opportunity Attack",,
Delverdenn,Tactician,9,113,12,+2,+4,,,,,,,,,,,,Full Resistance,,,,14,14,16,16,16,18,+2,+2,+3,+7,+7,+4,"Agonising Blast,Darkvision,Dwarven Resilience,Eldritch Spear,Opportunity Attack",,
Lord Delwaer Jeth,Balanced,,8,10,0,,,,,,,,,,,,,,,,,10,10,10,10,10,10,0,0,0,0,0,0,"Darkvision,Fey Ancestry,Opportunity Attack",,
Delyarna,Balanced,1,8,10,0,+2,,,,,,,,,,,,,,,,10,10,10,10,10,10,0,0,0,0,0,0,"Darkvision,Fey Ancestry,Opportunity Attack",,
Delyarna,Explorer,1,5,10,0,+4,,,,,,,,,,,,,,,,10,10,10,10,10,10,0,0,0,0,0,0,"Darkvision,Fey Ancestry,Opportunity Attack",,
Delyarna,Tactician,1,10,10,0,+2,,,,,,,,,,,,,,,,10,10,10,10,10,10,0,0,0,0,0,0,"Darkvision,Fey Ancestry,Opportunity Attack",,
Demir,Balanced,1,10,9,-1,+2,,,,,,,,,,,,,,,,11,9,12,10,8,11,0,-1,+1,0,-1,0,Opportunity Attack,,
Demir,Explorer,1,7,9,-1,+4,,,,,,,,,,,,,,,,11,9,12,10,8,11,0,-1,+1,0,-1,0,Opportunity Attack,,
Demir,Tactician,1,13,9,-1,+2,,,,,,,,,,,,,,,,11,9,12,10,8,11,0,-1,+1,0,-1,0,Opportunity Attack,,
Derryth Bonecloak,Balanced,4,28,13,+2,+2,,,,,,,,,,,,Full Resistance,,,,12,15,12,10,12,12,+3,+4,+1,0,+1,+1,"Darkvision,Dwarven Resilience,Opportunity Attack",,
Death's Head of Bhaal Derysia,Balanced,8,76,15,+5,+3,,,,,,,,,,,,,,,,20,20,20,14,13,16,+5,+5,+5,+2,+1,+3,"Darkvision,Extra Attack,Magic Resistance,Murder Hungry,Opportunity Attack,Prey Upon the Weak","Aura of Murder,Unstoppable",
Death's Head of Bhaal Derysia,Explorer,8,53,15,+5,+5,,,,,,,,,,,,,,,,20,20,20,14,13,16,+5,+5,+5,+2,+1,+3,"Darkvision,Extra Attack,Magic Resistance,Murder Hungry,Opportunity Attack,Prey Upon the Weak","Aura of Murder,Unstoppable",
Death's Head of Bhaal Derysia,Tactician,8,98,15,+5,+3,,,,,,,,,,,,,,,,20,20,20,14,13,16,+5,+5,+5,+2,+1,+3,"Darkvision,Extra Attack,Magic Resistance,Murder Hungry,Opportunity Attack,Prey Upon the Weak,Sentinel: Opportunity Advantage,Sentinel: Snare,Sentinel: Vengeance","Aura of Murder,Unstoppable",
Gauntlet Devella Fountainhead,Balanced,10,73,17,0,+4,,,,,,,,,,,,,,,,16,10,15,12,10,16,+6,+3,+9,+4,+3,+6,"Darkvision,Extra Attack,Gnome Cunning,Improved Divine Smite,Opportunity Attack,Protection,Shortened Stride","Aura of Courage,Aura of Devotion,Aura of Protection",
Gauntlet Devella Fountainhead,Explorer,10,51,17,0,+6,,,,,,,,,,,,,,,,16,10,15,12,10,16,+6,+3,+11,+4,+3,+6,"Darkvision,Extra Attack,Gnome Cunning,Improved Divine Smite,Opportunity Attack,Protection,Shortened Stride","Aura of Courage,Aura of Devotion,Aura of Protection",
Gauntlet Devella Fountainhead,Tactician,10,94,17,0,+4,,,,,,,,,,,,,,,,16,10,15,12,10,16,+6,+3,+9,+4,+3,+6,"Darkvision,Extra Attack,Gnome Cunning,Improved Divine Smite,Opportunity Attack,Protection,Shortened Stride","Aura of Courage,Aura of Devotion,Aura of Protection",
Devoured Eternal Debtor,Balanced,1,12,10,0,+2,,,,,,,,Resistance to Magical,,,,,,,,10,10,10,8,8,8,0,0,0,-1,-1,-1,"Opportunity Attack,Darkvision,Fey Ancestry,Forever Indebted",,
Devoured Eternal Debtor,Explorer,1,8,10,0,+2,,,,,,,,Resistance to Magical,,,,,,,,10,10,10,8,8,8,0,0,0,-1,-1,-1,"Opportunity Attack,Darkvision,Fey Ancestry,Forever Indebted",,
Devoured Eternal Debtor,Tactician,1,15,10,0,+2,,,,,,,,Resistance to Magical,,,,,,,,10,10,10,8,8,8,0,0,0,-1,-1,-1,"Opportunity Attack,Darkvision,Fey Ancestry,Forever Indebted",,
Sapper Dextor,Balanced,2,18,12,+2,+2,,,,,,,,,,,,,,,,10,14,12,8,8,8,0,+2,+1,-1,-1,-1,"Darkvision,Opportunity Attack",Death Wish,
Sapper Dextor,Explorer,2,12,12,+2,+4,,,,,,,,,,,,,,,,10,14,12,8,8,8,0,+2,+1,-1,-1,-1,"Darkvision,Opportunity Attack",Death Wish,
Sapper Dextor,Tactician,2,27,12,+2,+2,,,,,,,,,,,,,,,,10,14,12,8,8,8,0,+2,+1,-1,-1,-1,"Darkvision,Fury of the Small,Mobile: Evade Difficult Terrain,Opportunity Attack",Death Wish,
Dez Kanshaw,Balanced,1,8,10,0,+2,,,,,,,,,,,,,,,,10,10,10,10,10,10,0,0,0,0,0,0,"Darkvision,Gnome Cunning,Opportunity Attack,Shortened Stride",,
Dez Kanshaw,Explorer,1,5,10,0,+4,,,,,,,,,,,,,,,,10,10,10,10,10,10,0,0,0,0,0,0,"Darkvision,Gnome Cunning,Opportunity Attack,Shortened Stride",,
Dez Kanshaw,Tactician,1,10,10,0,+2,,,,,,,,,,,,,,,,10,10,10,10,10,10,0,0,0,0,0,0,"Darkvision,Gnome Cunning,Opportunity Attack,Shortened Stride",,
Dharin Brislen,Balanced,1,6,1,0,+2,,,,,,,,,,,,,,,,10,10,10,10,10,10,0,0,0,0,0,0,Opportunity Attack,,
Dharin Brislen,Explorer,1,4,1,0,+4,,,,,,,,,,,,,,,,10,10,10,10,10,10,0,0,0,0,0,0,Opportunity Attack,,
Dharin Brislen,Tactician,1,7,1,0,+2,,,,,,,,,,,,,,,,10,10,10,10,10,10,0,0,0,0,0,0,Opportunity Attack,,
Dholber Greene,Balanced,1,6,1,0,+2,,,,,,,,,,,,,,,,10,10,10,10,10,10,0,0,0,0,0,0,Opportunity Attack,,
Dholber Greene,Explorer,1,4,1,0,+4,,,,,,,,,,,,,,,,10,10,10,10,10,10,0,0,0,0,0,0,Opportunity Attack,,
Dholber Greene,Tactician,1,7,1,0,+2,,,,,,,,,,,,,,,,10,10,10,10,10,10,0,0,0,0,0,0,Opportunity Attack,,
Reaper of Bhaal Dhoria,Balanced,5,45,10,+5,+3,,,,,,,,,,,,,,,,11,20,13,15,12,16,0,+5,+1,+2,+1,+3,"Darkvision,Extra Attack,Opportunity Attack,Prey Upon the Weak","Aura of Murder,Sanctuary",
Reaper of Bhaal Dhoria,Explorer,5,31,10,+5,+5,,,,,,,,,,,,,,,,11,20,13,15,12,16,0,+5,+1,+2,+1,+3,"Darkvision,Extra Attack,Opportunity Attack,Prey Upon the Weak","Aura of Murder,Sanctuary",
Reaper of Bhaal Dhoria,Tactician,5,58,10,+5,+3,,,,,,,,,,,,,,,,11,20,13,15,12,16,0,+5,+1,+2,+1,+3,"Darkvision,Evasion,Extra Attack,Opportunity Attack,Prey Upon the Weak","Aura of Murder,Sanctuary",
Dhourn,Balanced,4,16,10,0,+2,,,,,,,,,,,,,,,,10,10,12,16,10,14,0,0,+1,+5,+2,+2,"Darkvision,Fey Ancestry,Opportunity Attack,Sunlight Sensitivity",,
Dhourn,Explorer,4,11,10,0,+4,,,,,,,,,,,,,,,,10,10,12,16,10,14,0,0,+1,+7,+4,+2,"Darkvision,Fey Ancestry,Opportunity Attack,Sunlight Sensitivity",,
Dhourn,Tactician,4,20,10,0,+2,,,,,,,,,,,,,,,,10,10,12,16,10,14,0,0,+1,+5,+2,+2,"Darkvision,Fey Ancestry,Opportunity Attack,Sunlight Sensitivity",,
Fist Diallo,Balanced,8,64,18,+1,+3,,,,,,,,,,,,,,,,21,13,17,10,12,8,+8,+1,+7,0,+1,-1,"Extra Attack,Opportunity Attack,Protection",,
Fist Diallo,Tactician,8,68,18,+1,+3,,,,,,,,,,,,,,,,21,13,17,10,12,8,+8,+1,+7,0,+1,-1,"Extra Attack,Opportunity Attack,Protection",,
Dickon,Balanced,1,6,10,0,+2,,,,,,,,,,,,,,,,10,10,10,10,10,10,0,0,0,0,0,0,Opportunity Attack,,
Dickon,Explorer,1,4,10,0,+4,,,,,,,,,,,,,,,,10,10,10,10,10,10,0,0,0,0,0,0,Opportunity Attack,,
Dickon,Tactician,1,7,10,0,+2,,,,,,,,,,,,,,,,10,10,10,10,10,10,0,0,0,0,0,0,Opportunity Attack,,
Dilgar Sneese,Balanced,1,8,10,0,+2,,,,,,,,,,,,,,,,10,10,10,10,10,10,0,0,0,0,0,0,"Darkvision,Gnome Cunning,Opportunity Attack,Shortened Stride",Bless,
Dilgar Sneese,Explorer,1,5,10,0,+4,,,,,,,,,,,,,,,,10,10,10,10,10,10,0,0,0,0,0,0,"Darkvision,Gnome Cunning,Opportunity Attack,Shortened Stride",Bless,
Dilgar Sneese,Tactician,1,10,10,0,+2,,,,,,,,,,,,,,,,10,10,10,10,10,10,0,0,0,0,0,0,"Darkvision,Gnome Cunning,Opportunity Attack,Shortened Stride",Bless,
Dillard Portyr,Balanced,1,8,10,0,+2,,,,,,,,,,,,,,,,10,10,10,10,10,10,0,0,0,0,0,0,Opportunity Attack,,
Dillard Portyr,Explorer,1,5,10,0,+4,,,,,,,,,,,,,,,,10,10,10,10,10,10,0,0,0,0,0,0,Opportunity Attack,,
Dillard Portyr,Tactician,1,10,10,0,+2,,,,,,,,,,,,,,,,10,10,10,10,10,10,0,0,0,0,0,0,Opportunity Attack,,
Dim Phimberg,Balanced,1,6,10,0,+2,,,,,,,,,,,,,,,,10,10,10,10,10,10,0,0,0,0,0,0,Opportunity Attack,,
Dim Phimberg,Explorer,1,4,10,0,+4,,,,,,,,,,,,,,,,10,10,10,10,10,10,0,0,0,0,0,0,Opportunity Attack,,
Dim Phimberg,Tactician,1,7,10,0,+2,,,,,,,,,,,,,,,,10,10,10,10,10,10,0,0,0,0,0,0,Opportunity Attack,,
Dimples Backster,Balanced,8,62,17,+2,+3,,,,,,,,,,,,,,,,10,14,12,16,14,18,0,+5,+1,+3,+2,+7,"Bardic Inspiration,Darkvision,Font of Inspiration,Gnome Cunning,Opportunity Attack,Shortened Stride",,
Dimples Backster,Explorer,8,43,17,+2,+5,,,,,,,,,,,,,,,,10,14,12,16,14,18,0,+7,+1,+3,+2,+9,"Bardic Inspiration,Darkvision,Font of Inspiration,Gnome Cunning,Opportunity Attack,Shortened Stride",,
Dimples Backster,Tactician,8,80,17,+2,+3,,,,,,,,,,,,,,,,10,14,12,16,14,18,0,+5,+1,+3,+2,+7,"Bardic Inspiration,Darkvision,Font of Inspiration,Gnome Cunning,Opportunity Attack,Shortened Stride",,
Untaken Diomira Trellis,Balanced,10,46,10,0,+4,,,,,,,,,,Full Resistance,,,,,,12,10,10,16,12,10,+1,0,0,+7,+5,0,Opportunity Attack,,
Untaken Diomira Trellis,Explorer,10,32,10,0,+6,,,,,,,,,,Full Resistance,,,,,,12,10,10,16,12,10,+1,0,0,+9,+7,0,Opportunity Attack,,
Untaken Diomira Trellis,Tactician,10,59,10,0,+4,,,,,,,,,,Full Resistance,,,,,,12,10,10,16,12,10,+1,0,0,+7,+5,0,Opportunity Attack,,
Gauntlet Dion,Balanced,4,11,12,+1,+2,,,,,,,,,,,,,,,,13,12,12,10,11,10,+1,+1,+1,0,0,0,Opportunity Attack,Dead,
Gauntlet Dion,Explorer,4,7,12,+1,+2,,,,,,,,,,,,,,,,13,12,12,10,11,10,+1,+1,+1,0,0,0,Opportunity Attack,Dead,
Gauntlet Dion,Tactician,4,14,12,+1,+2,,,,,,,,,,,,,,,,13,12,12,10,11,10,+1,+1,+1,0,0,0,Opportunity Attack,Dead,
Fist Discoria,Balanced,8,62,16,+1,+3,,,,,,,,,,,,,,,,21,13,17,10,12,8,+8,+1,+7,0,+1,-1,"Extra Attack,Opportunity Attack,Protection",,
Fist Discoria,Explorer,8,43,16,+1,+5,,,,,,,,,,,,,,,,21,13,17,10,12,8,+10,+1,+9,0,+1,-1,"Extra Attack,Opportunity Attack,Protection",,
Fist Discoria,Tactician,8,80,16,+1,+3,,,,,,,,,,,,,,,,21,13,17,10,12,8,+8,+1,+7,0,+1,-1,"Extra Attack,Opportunity Attack,Protection",,
Distressed Patient,Balanced,1,6,10,0,+2,,,,,,,,,,,,,,,,10,10,10,10,10,10,0,0,0,0,0,0,Opportunity Attack,In Surgery,
Distressed Patient,Explorer,1,4,10,0,+4,,,,,,,,,,,,,,,,10,10,10,10,10,10,0,0,0,0,0,0,Opportunity Attack,In Surgery,
Distressed Patient,Tactician,1,7,10,0,+2,,,,,,,,,,,,,,,,10,10,10,10,10,10,0,0,0,0,0,0,Opportunity Attack,In Surgery,
Dizby,Balanced,1,8,10,0,+2,,,,,,,,,,,,,,,,10,10,10,10,10,10,0,0,0,0,0,0,"Darkvision,Fey Ancestry,Opportunity Attack",Dead,
Dizby,Explorer,1,5,10,0,+4,,,,,,,,,,,,,,,,10,10,10,10,10,10,0,0,0,0,0,0,"Darkvision,Fey Ancestry,Opportunity Attack",Dead,
Dizby,Tactician,1,10,10,0,+2,,,,,,,,,,,,,,,,10,10,10,10,10,10,0,0,0,0,0,0,"Darkvision,Fey Ancestry,Opportunity Attack",Dead,
Trader Djingo,Balanced,1,8,10,0,+2,,,,,,,,,,,,Full Resistance,,,,10,10,10,10,10,10,0,0,0,0,0,0,"Darkvision,Dwarven Resilience,Opportunity Attack",,
Trader Djingo,Explorer,1,5,10,0,+4,,,,,,,,,,,,Full Resistance,,,,10,10,10,10,10,10,0,0,0,0,0,0,"Darkvision,Dwarven Resilience,Opportunity Attack",,
Trader Djingo,Tactician,1,10,10,0,+2,,,,,,,,,,,,Full Resistance,,,,10,10,10,10,10,10,0,0,0,0,0,0,"Darkvision,Dwarven Resilience,Opportunity Attack",,
Night Blade Dogaletto,Balanced,3,28,12,+2,+2,,,,,,,,,,,,,,,,11,15,12,10,11,14,0,+2,+1,0,0,+2,"Darkvision,Opportunity Attack",Aura of Murder,
Night Blade Dogaletto,Explorer,3,19,12,+2,+4,,,,,,,,,,,,,,,,11,15,12,10,11,14,0,+2,+1,0,0,+2,"Darkvision,Opportunity Attack",Aura of Murder,
Night Blade Dogaletto,Tactician,3,36,12,+2,+2,,,,,,,,,,,,,,,,11,15,12,10,11,14,0,+2,+1,0,0,+2,"Darkvision,Opportunity Attack",Aura of Murder,
Sharran Novice Dohna,Balanced,4,38,13,+2,+2,,,,,,,,,,,,,,,,18,14,13,12,12,14,+6,+2,+3,+1,+1,+2,"Opportunity Attack,Darkvision,Fey Ancestry,Shadow Ambush,Born into Darkness",,
Sharran Novice Dohna,Explorer,4,26,13,+2,+2,,,,,,,,,,,,,,,,18,14,13,12,12,14,+6,+2,+3,+1,+1,+2,"Opportunity Attack,Darkvision,Fey Ancestry,Shadow Ambush,Born into Darkness",,
Sharran Novice Dohna,Tactician,4,49,13,+2,+2,,,,,,,,,,,,,,,,18,14,13,12,12,14,+6,+2,+3,+1,+1,+2,"Opportunity Attack,Darkvision,Fey Ancestry,Shadow Ambush,Born into Darkness",,
Saer Dokksill,Balanced,3,8,10,0,+2,,,,,,,,,,,,,,,,10,10,10,10,10,10,0,0,0,0,0,0,"Darkvision,Fey Ancestry,Opportunity Attack",,
Dolia,Balanced,1,5,10,0,+2,,,,,,,,,,,,,,,,10,10,10,10,10,10,0,0,0,0,0,0,Opportunity Attack,,
Dolia,Explorer,1,3,10,0,+4,,,,,,,,,,,,,,,,10,10,10,10,10,10,0,0,0,0,0,0,Opportunity Attack,,
Dolia,Tactician,1,6,10,0,+2,,,,,,,,,,,,,,,,10,10,10,10,10,10,0,0,0,0,0,0,Opportunity Attack,,
Sharran Novice Dollay,Balanced,4,38,13,+2,+2,,,,,,,,,,,,,,,,18,14,13,12,12,14,+6,+2,+3,+1,+1,+2,"Opportunity Attack,Darkvision,Fey Ancestry,Shadow Ambush,Born into Darkness",,
Sharran Novice Dollay,Explorer,4,26,13,+2,+4,,,,,,,,,,,,,,,,18,14,13,12,12,14,+8,+2,+5,+1,+1,+2,"Opportunity Attack,Darkvision,Fey Ancestry,Shadow Ambush,Born into Darkness",,
Sharran Novice Dollay,Tactician,4,49,13,+2,+2,,,,,,,,,,,,,,,,18,14,13,12,12,14,+6,+2,+3,+1,+1,+2,"Opportunity Attack,Darkvision,Fey Ancestry,Shadow Ambush,Born into Darkness",,
Dollivar Noot,Balanced,1,8,10,0,+2,,,,,,,,,,,,Full Resistance,,,,10,10,10,10,10,10,0,0,0,0,0,0,"Darkvision,Dwarven Resilience,Opportunity Attack",,
Dollivar Noot,Explorer,1,5,10,0,+4,,,,,,,,,,,,Full Resistance,,,,10,10,10,10,10,10,0,0,0,0,0,0,"Darkvision,Dwarven Resilience,Opportunity Attack",,
Dollivar Noot,Tactician,1,10,10,0,+2,,,,,,,,,,,,Full Resistance,,,,10,10,10,10,10,10,0,0,0,0,0,0,"Darkvision,Dwarven Resilience,Opportunity Attack",,
Dolor,Balanced,11,88,16,+9,+4,,,,,,,,,,,,Full Resistance,,,,12,18,16,11,13,16,+5,+4,+3,+4,+5,+3,"Alert,Assassinate: Initiative,Dolor Amarus,Dwarven Resilience,Evasion,Morphic Ambush,Nimble Alchemist,Opportunity Attack,Reliable Talent,Resilient: Wisdom,Stealthy,Uncanny Dodge",,
Dolor,Explorer,11,61,16,+9,+6,,,,,,,,,,,,Full Resistance,,,,12,18,16,11,13,16,+7,+4,+3,+6,+7,+3,"Alert,Assassinate: Initiative,Dolor Amarus,Dwarven Resilience,Evasion,Morphic Ambush,Nimble Alchemist,Opportunity Attack,Reliable Talent,Resilient: Wisdom,Stealthy,Uncanny Dodge",,
Dolor,Tactician,11,114,16,+9,+4,,,,,,,,,,,,Full Resistance,,,,12,18,16,11,13,16,+5,+4,+3,+4,+5,+3,"Alert,Assassinate: Initiative,Dolor Amarus,Dwarven Resilience,Evasion,Morphic Ambush,Nimble Alchemist,Opportunity Attack,Reliable Talent,Resilient: Wisdom,Stealthy,Uncanny Dodge",,
Dominica Arsetz,Balanced,9,45,17,+4,+4,,,,,,,,,,,,,,,,12,18,12,12,14,10,+5,+8,+1,+1,+2,0,"Extra Attack,Opportunity Attack,Scar of the Dunes,Superior Padding (-1)",,
Dominica Arsetz,Explorer,9,31,17,+4,+6,,,,,,,,,,,,,,,,12,18,12,12,14,10,+7,+10,+1,+1,+2,0,"Extra Attack,Opportunity Attack,Scar of the Dunes,Superior Padding (-1)",,
Dominica Arsetz,Tactician,9,58,17,+4,+4,,,,,,,,,,,,,,,,12,18,12,12,14,10,+5,+8,+1,+1,+2,0,"Extra Attack,Opportunity Attack,Scar of the Dunes,Superior Padding (-1)",,
Don't-Call-Me-Runt,Balanced,10,66,16,+4,+4,,,,,,,,,,,,,,,,12,18,12,12,12,12,+5,+8,+1,+1,+1,+1,"Brave,Extra Attack,Halfling Luck,Land's Stride: Difficult Terrain,Opportunity Attack",,
Don't-Call-Me-Runt,Explorer,10,44,16,+4,+6,,,,,,,,,,,,,,,,12,18,12,12,12,12,+7,+10,+1,+1,+1,+1,"Brave,Extra Attack,Halfling Luck,Land's Stride: Difficult Terrain,Opportunity Attack",,
Don't-Call-Me-Runt,Tactician,10,83,16,+4,+4,,,,,,,,,,,,,,,,12,18,12,12,12,12,+5,+8,+1,+1,+1,+1,"Brave,Extra Attack,Halfling Luck,Land's Stride: Difficult Terrain,Opportunity Attack",,
Doni,Balanced,1,5,12,+2,+2,,,,,,,,Full Resistance,,,,,,,,10,14,10,10,10,10,0,+2,0,0,0,0,"Darkvision,Hellish Resistance",,
Doni,Explorer,1,3,12,+2,+2,,,,,,,,Full Resistance,,,,,,,,10,14,10,10,10,10,0,+2,0,0,0,0,"Darkvision,Hellish Resistance",,
Doni,Tactician,1,6,12,+2,+2,,,,,,,,Full Resistance,,,,,,,,10,14,10,10,10,10,0,+2,0,0,0,0,"Darkvision,Hellish Resistance",,
Donna Blague,Balanced,1,8,10,0,+2,,,,,,,,,,,,,,,,10,10,10,10,10,10,0,0,0,0,0,0,"Darkvision,Gnome Cunning,Opportunity Attack,Shortened Stride",,
Donna Blague,Explorer,1,5,10,0,+4,,,,,,,,,,,,,,,,10,10,10,10,10,10,0,0,0,0,0,0,"Darkvision,Gnome Cunning,Opportunity Attack,Shortened Stride",,
Donna Blague,Tactician,1,10,10,0,+2,,,,,,,,,,,,,,,,10,10,10,10,10,10,0,0,0,0,0,0,"Darkvision,Gnome Cunning,Opportunity Attack,Shortened Stride",,
Harper Donner,Balanced,6,38,10,0,+3,,,,,,,,Full Resistance,,,,,,,,12,10,12,16,12,12,+1,0,+1,+6,+4,+1,"Darkvision,Hellish Resistance,Opportunity Attack",,
Harper Donner,Explorer,6,26,10,0,+5,,,,,,,,Full Resistance,,,,,,,,12,10,12,16,12,12,+1,0,+1,+8,+6,+1,"Darkvision,Hellish Resistance,Opportunity Attack",,
Harper Donner,Tactician,6,49,10,0,+3,,,,,,,,Full Resistance,,,,,,,,12,10,12,16,12,12,+1,0,+1,+6,+4,+1,"Darkvision,Hellish Resistance,Opportunity Attack",,
Brother Donnick,Balanced,,26,11,+1,,,,,,,,,,,,,,,,,12,12,14,10,18,12,+1,+1,+2,0,+4,+1,"Darkvision,Fey Ancestry,Opportunity Attack",,
Brother Donnick,Explorer,,18,11,+1,,,,,,,,,,,,,,,,,12,12,14,10,18,12,+1,+1,+2,0,+4,+1,"Darkvision,Fey Ancestry,Opportunity Attack",,
Brother Donnick,Tactician,,33,11,+1,,,,,,,,,,,,,,,,,12,12,14,10,18,12,+1,+1,+2,0,+4,+1,"Darkvision,Fey Ancestry,Opportunity Attack",,
Doober,Balanced,1,5,10,0,+2,,,,,,,,,,,,,,,,10,10,10,10,10,10,0,0,0,0,0,0,Opportunity Attack,,
Doober,Explorer,1,4,10,0,+4,,,,,,,,,,,,,,,,10,10,10,10,10,10,0,0,0,0,0,0,Opportunity Attack,,
Doober,Tactician,1,6,10,0,+2,,,,,,,,,,,,,,,,10,10,10,10,10,10,0,0,0,0,0,0,Opportunity Attack,,
Doora Thumbfoot,Balanced,1,8,10,0,+2,,,,,,,,,,,,,,,,10,10,10,10,10,10,0,0,0,0,0,0,"Brave,Halfling Luck,Opportunity Attack",,
Doora Thumbfoot,Explorer,1,5,10,0,+4,,,,,,,,,,,,,,,,10,10,10,10,10,10,0,0,0,0,0,0,"Brave,Halfling Luck,Opportunity Attack",,
Doora Thumbfoot,Tactician,1,10,10,0,+2,,,,,,,,,,,,,,,,10,10,10,10,10,10,0,0,0,0,0,0,"Brave,Halfling Luck,Opportunity Attack",,
Warrior Dor'il,Balanced,5,41,17,+2,+3,,,,,,,,,,,,,,,,17,14,15,10,12,10,+6,+2,+5,0,+1,0,"Extra Attack,Githyanki Parry,Opportunity Attack",,
Warrior Dor'il,Explorer,5,28,17,+2,+5,,,,,,,,,,,,,,,,17,14,15,10,12,10,+8,+2,+7,0,+1,0,"Extra Attack,Githyanki Parry,Opportunity Attack",,
Warrior Dor'il,Tactician,5,53,17,+2,+3,,,,,,,,,,,,,,,,17,14,15,10,12,10,+6,+2,+5,0,+1,0,"Extra Attack,Githyanki Parry,Opportunity Attack,Psionic Empowerment,Great Weapon Fighting",,
Adept Dorikel,Balanced,8,58,15,+1,+3,,,,,,,,,,,,,Full Resistance,,,13,12,16,10,18,10,+1,+1,+3,0,+7,+3,"Darkvision,Fey Ancestry,Opportunity Attack,Sunlight Sensitivity",Death Ward,
Adept Dorikel,Explorer,8,40,15,+1,+5,,,,,,,,,,,,,Full Resistance,,,13,12,16,10,18,10,+1,+1,+3,0,+9,+5,"Darkvision,Fey Ancestry,Opportunity Attack,Sunlight Sensitivity",Death Ward,
Adept Dorikel,Tactician,8,75,15,+1,+3,,,,,,,,,,,,,Full Resistance,,,13,12,16,10,18,10,+1,+1,+3,0,+7,+3,"Channel Divinity: War God's Blessing,Darkvision,Fey Ancestry,Opportunity Attack,Sunlight Sensitivity",Death Ward,
Saer Drana Hoyte,Balanced,1,6,10,0,+2,,,,,,,,,,,,,,,,10,10,10,10,10,10,0,0,0,0,0,0,"Brave,Halfling Luck,Opportunity Attack",,
Saer Drana Hoyte,Explorer,1,4,10,0,+4,,,,,,,,,,,,,,,,10,10,10,10,10,10,0,0,0,0,0,0,"Brave,Halfling Luck,Opportunity Attack",,
Saer Drana Hoyte,Tactician,1,7,10,0,+2,,,,,,,,,,,,,,,,10,10,10,10,10,10,0,0,0,0,0,0,"Brave,Halfling Luck,Opportunity Attack",,
Drar,Balanced,5,44,13,+2,+3,,,,,,,,,,,,Resistance to Magical,,,,12,15,12,10,12,12,+4,+5,+1,0,+1,+1,"Duergar Resilience,Dwarven Resilience,Extra Attack,Opportunity Attack,Sunlight Sensitivity,Superior Darkvision",,
Drar,Tactician,5,57,13,+2,+3,,,,,,,,,,,,Resistance to Magical,,,,12,15,12,10,12,12,+4,+5,+1,0,+1,+1,"Duergar Resilience,Dwarven Resilience,Extra Attack,Opportunity Attack,Sunlight Sensitivity,Superior Darkvision",,
Drarra,Balanced,1,8,10,0,+2,,,,,,,,,,,,,,,,10,10,10,10,10,10,0,0,0,0,0,0,"Darkvision,Fey Ancestry,Opportunity Attack",,
Drarra,Explorer,1,5,10,0,+4,,,,,,,,,,,,,,,,10,10,10,10,10,10,0,0,0,0,0,0,"Darkvision,Fey Ancestry,Opportunity Attack",,
Drarra,Tactician,1,10,10,0,+2,,,,,,,,,,,,,,,,10,10,10,10,10,10,0,0,0,0,0,0,"Darkvision,Fey Ancestry,Opportunity Attack",,
Dravo Flymm,Balanced,1,6,1,0,+2,,,,,,,,,,,,,,,,10,10,10,10,10,10,0,0,0,0,0,0,,,
Dravo Flymm,Explorer,1,4,1,0,+4,,,,,,,,,,,,,,,,10,10,10,10,10,10,0,0,0,0,0,0,,,
Dravo Flymm,Tactician,1,7,1,0,+2,,,,,,,,,,,,,,,,10,10,10,10,10,10,0,0,0,0,0,0,,,
Drenn,Balanced,1,7,13,+2,+2,,,,,,,,,,,,,,,,8,14,10,10,8,8,-1,+2,0,0,-1,-1,"Darkvision,Opportunity Attack",,
Drenn,Explorer,1,4,13,+2,+4,,,,,,,,,,,,,,,,8,14,10,10,8,8,-1,+2,0,0,-1,-1,"Darkvision,Opportunity Attack",,
Drenn,Tactician,1,9,13,+2,+2,,,,,,,,,,,,,,,,8,14,10,10,8,8,-1,+2,0,0,-1,-1,"Darkvision,Fury of the Small,Opportunity Attack",,
Drenn,Honour,1,11,13,+2,+2,,,,,,,,,,,,,,,,8,14,10,10,8,8,-1,+2,0,0,-1,-1,"Darkvision,Fury of the Small,Opportunity Attack",,
Fist Dresten,Balanced,8,62,16,+1,+3,,,,,,,,,,,,,,,,21,13,17,10,12,8,+8,+1,+7,0,+1,-1,"Opportunity Attack,Extra Attack,Great Weapon Fighting,Riposte,Phalanx Formation",,
Fist Dresten,Explorer,8,43,16,+1,+5,,,,,,,,,,,,,,,,21,13,17,10,12,8,+10,+1,+9,0,+1,-1,"Opportunity Attack,Extra Attack,Great Weapon Fighting,Riposte,Phalanx Formation",,
Fist Dresten,Tactician,8,80,16,+1,+3,,,,,,,,,,,,,,,,21,13,17,10,12,8,+8,+1,+7,0,+1,-1,"Opportunity Attack,Extra Attack,Great Weapon Fighting,Riposte,Phalanx Formation",,
Adventurer Drim,Balanced,5,48,16,+4,+3,,,,,,,,,,,,,,,,12,18,12,12,14,10,+4,+7,+1,+1,+2,0,"Extra Attack,Opportunity Attack,Stealthy",,
Adventurer Drim,Explorer,5,33,16,+4,+5,,,,,,,,,,,,,,,,12,18,12,12,14,10,+6,+9,+1,+1,+2,0,"Extra Attack,Opportunity Attack,Stealthy",,
Adventurer Drim,Tactician,5,62,16,+4,+3,,,,,,,,,,,,,,,,12,18,12,12,14,10,+4,+7,+1,+1,+2,0,"Extra Attack,Opportunity Attack,Stealthy",,
Oyster Boy Dringo,Balanced,1,8,10,0,+2,,,,,,,,,,,,,,,,10,10,10,10,10,10,0,0,0,0,0,0,"Darkvision,Gnome Cunning,Opportunity Attack,Shortened Stride",,
Oyster Boy Dringo,Explorer,1,5,10,0,+4,,,,,,,,,,,,,,,,10,10,10,10,10,10,0,0,0,0,0,0,"Darkvision,Gnome Cunning,Opportunity Attack,Shortened Stride",,
Oyster Boy Dringo,Tactician,1,10,10,0,+2,,,,,,,,,,,,,,,,10,10,10,10,10,10,0,0,0,0,0,0,"Darkvision,Gnome Cunning,Opportunity Attack,Shortened Stride",,
Drongo Bixworth,Balanced,1,6,10,0,+2,,,,,,,,,,,,,,,,10,10,10,10,10,10,0,0,0,0,0,0,Opportunity Attack,,
Drongo Bixworth,Explorer,1,4,10,0,+4,,,,,,,,,,,,,,,,10,10,10,10,10,10,0,0,0,0,0,0,Opportunity Attack,,
Drongo Bixworth,Tactician,1,7,10,0,+2,,,,,,,,,,,,,,,,10,10,10,10,10,10,0,0,0,0,0,0,Opportunity Attack,,
Gondian Droo Falbo,Balanced,8,67,13,+1,+3,,,,,,,,,,,,,,,,8,13,16,18,10,12,-1,+1,+3,+4,0,+1,"Darkvision,Gnome Cunning,Opportunity Attack,Shortened Stride",,
Gondian Droo Falbo,Explorer,8,46,13,+1,+5,,,,,,,,,,,,,,,,8,13,16,18,10,12,-1,+1,+3,+4,0,+1,"Darkvision,Gnome Cunning,Opportunity Attack,Shortened Stride",,
Gondian Droo Falbo,Tactician,8,87,13,+1,+3,,,,,,,,,,,,,,,,8,13,16,18,10,12,-1,+1,+3,+4,0,+1,"Darkvision,Gnome Cunning,Opportunity Attack,Shortened Stride",,
Droona Shveitz,Balanced,1,6,10,0,+2,,,,,,,,,,,,Full Resistance,,,,10,10,10,10,10,10,0,0,0,0,0,0,"Darkvision,Dwarven Resilience,Opportunity Attack",,
Droona Shveitz,Explorer,1,4,10,0,+4,,,,,,,,,,,,Full Resistance,,,,10,10,10,10,10,10,0,0,0,0,0,0,"Darkvision,Dwarven Resilience,Opportunity Attack",,
Droona Shveitz,Tactician,1,8,10,0,+2,,,,,,,,,,,,Full Resistance,,,,10,10,10,10,10,10,0,0,0,0,0,0,"Darkvision,Dwarven Resilience,Opportunity Attack",,
Druggag,Balanced,1,8,10,0,+2,,,,,,,,,,,,,,,,10,10,10,10,10,10,0,0,0,0,0,0,Opportunity Attack,,
Druggag,Explorer,1,5,10,0,+4,,,,,,,,,,,,,,,,10,10,10,10,10,10,0,0,0,0,0,0,Opportunity Attack,,
Druggag,Tactician,1,10,10,0,+2,,,,,,,,,,,,,,,,10,10,10,10,10,10,0,0,0,0,0,0,Opportunity Attack,,
Warrior Druk,Balanced,2,15,13,+1,+2,,,,,,,,,,,,,,,,12,13,11,10,8,8,+1,+1,0,0,-1,-1,"Darkvision,Opportunity Attack",,
Warrior Druk,Explorer,2,10,13,+1,+4,,,,,,,,,,,,,,,,12,13,11,10,8,8,+1,+1,0,0,-1,-1,"Darkvision,Opportunity Attack",,
Warrior Druk,Tactician,2,19,15,+1,+2,,,,,,,,,,,,,,,,12,13,11,10,8,8,+1,+1,0,0,-1,-1,"Darkvision,Fury of the Small,Opportunity Attack",,
Warrior Druk,Honour,2,23,15,+1,+2,,,,,,,,,,,,,,,,12,13,11,10,8,8,+1,+1,0,0,-1,-1,"Darkvision,Fury of the Small,Opportunity Attack",,
Drussuvissill,Balanced,1,8,10,0,+2,,,,,,,,,,,,,,,,10,10,10,10,10,10,0,0,0,0,0,0,"Brave,Halfling Luck,Opportunity Attack",,
Drussuvissill,Explorer,1,5,10,0,+4,,,,,,,,,,,,,,,,10,10,10,10,10,10,0,0,0,0,0,0,"Brave,Halfling Luck,Opportunity Attack",,
Drussuvissill,Tactician,1,10,10,0,+2,,,,,,,,,,,,,,,,10,10,10,10,10,10,0,0,0,0,0,0,"Brave,Halfling Luck,Opportunity Attack",,
Drybeldiyx,Balanced,1,8,1,0,+2,,,,,,,,,,,,,,,,10,10,10,10,10,10,0,0,0,0,0,0,"Opportunity Attack,Toggle Non-Lethal Attacks",,
Drybeldiyx,Explorer,1,16,1,0,+4,,,,,,,,,,,,,,,,10,10,10,10,10,10,0,0,0,0,0,0,"Opportunity Attack,Toggle Non-Lethal Attacks",,
Drybeldiyx,Tactician,1,8,1,0,+2,,,,,,,,,,,,,,,,10,10,10,10,10,10,0,0,0,0,0,0,"Opportunity Attack,Toggle Non-Lethal Attacks",,
Dryfle Doon,Balanced,1,8,10,0,+2,,,,,,,,,,,,Full Resistance,,,,10,10,10,10,10,10,0,0,0,0,0,0,"Darkvision,Dwarven Resilience,Opportunity Attack",,
Dryfle Doon,Explorer,1,5,10,0,+4,,,,,,,,,,,,Full Resistance,,,,10,10,10,10,10,10,0,0,0,0,0,0,"Darkvision,Dwarven Resilience,Opportunity Attack",,
Dryfle Doon,Tactician,1,10,10,0,+2,,,,,,,,,,,,Full Resistance,,,,10,10,10,10,10,10,0,0,0,0,0,0,"Darkvision,Dwarven Resilience,Opportunity Attack",,
Dubos Clodds,Balanced,8,6,10,0,+3,,,,,,,,,,,,,,,,10,10,10,10,10,10,0,0,0,0,0,0,"Darkvision,Gnome Cunning,Opportunity Attack,Shortened Stride",,
Dubos Clodds,Explorer,8,4,10,0,+5,,,,,,,,,,,,,,,,10,10,10,10,10,10,0,0,0,0,0,0,"Darkvision,Gnome Cunning,Opportunity Attack,Shortened Stride",,
Dubos Clodds,Tactician,8,8,10,0,+3,,,,,,,,,,,,,,,,10,10,10,10,10,10,0,0,0,0,0,0,"Darkvision,Gnome Cunning,Opportunity Attack,Shortened Stride",,
Duckie Verish,Balanced,8,63,15,+2,+3,,,,,,,,,,,,,,,,10,14,17,19,14,13,0,+2,+3,+7,+5,+1,"Grave Magic,Extra Attack,Opportunity Attack,Tenacity",,
Duckie Verish,Explorer,8,45,15,+2,+5,,,,,,,,,,,,,,,,10,14,17,19,14,13,0,+2,+3,+9,+7,+1,"Grave Magic,Extra Attack,Opportunity Attack,Tenacity",,
Duckie Verish,Tactician,8,84,15,+2,+3,,,,,,,,,,,,,,,,10,14,17,19,14,13,0,+2,+3,+7,+5,+1,"Grave Magic,Extra Attack,Opportunity Attack,Sculpt Spells,Tenacity",,
Fist Duddamoor,Balanced,8,62,16,+1,+3,,,,,,,,,,,,,,,,21,13,17,10,12,8,+8,+1,+7,0,+1,-1,"Extra Attack,Great Weapon Fighting,Opportunity Attack,Phalanx Formation,Riposte",,
Fist Duddamoor,Explorer,8,58,16,+1,+5,,,,,,,,,,,,,,,,21,13,17,10,12,8,+10,+1,+9,0,+1,-1,"Extra Attack,Great Weapon Fighting,Opportunity Attack,Phalanx Formation,Riposte",,
Fist Duddamoor,Tactician,8,65,16,+1,+3,,,,,,,,,,,,,,,,21,13,17,10,12,8,+8,+1,+7,0,+1,-1,"Extra Attack,Great Weapon Fighting,Opportunity Attack,Phalanx Formation,Riposte",,
Duddy Dudderken,Balanced,1,5,10,0,+2,,,,,,,,,,,,,,,,10,10,10,10,10,10,0,0,0,0,0,0,Opportunity Attack,,
Duddy Dudderken,Explorer,1,3,10,0,+4,,,,,,,,,,,,,,,,10,10,10,10,10,10,0,0,0,0,0,0,Opportunity Attack,,
Duddy Dudderken,Tactician,1,6,10,0,+2,,,,,,,,,,,,,,,,10,10,10,10,10,10,0,0,0,0,0,0,Opportunity Attack,,
Cashguard Dugg,Balanced,9,85,19,+1,+4,,,,,,,,,,,,,,,,18,12,14,10,12,15,+6,+3,+5,+2,+7,+8,"Charger,Divine Health,Extra Attack,Opportunity Attack,Tenacity",Aura of Protection,
Cashguard Dugg,Explorer,9,59,19,+1,+6,,,,,,,,,,,,,,,,18,12,14,10,12,15,+6,+3,+5,+2,+9,+10,"Charger,Divine Health,Extra Attack,Opportunity Attack,Tenacity",Aura of Protection,
Cashguard Dugg,Tactician,9,110,19,+1,+4,,,,,,,,,,,,,,,,18,12,14,10,12,15,+6,+3,+5,+2,+7,+8,"Charger,Divine Health,Extra Attack,Opportunity Attack,Tenacity",Aura of Protection,
Dulbers Frint,Balanced,9,52,11,+1,+4,,,,,,,,,,,,,,,,10,12,12,18,14,12,0,+1,+1,+8,+6,+1,"Gnome Cunning,Opportunity Attack,Shortened Stride,Stone Camouflage,Superior Darkvision",,
Dulbers Frint,Explorer,9,36,11,+1,+6,,,,,,,,,,,,,,,,10,12,12,18,14,12,0,+1,+1,+10,+8,+1,"Gnome Cunning,Opportunity Attack,Shortened Stride,Stone Camouflage,Superior Darkvision",,
Dulbers Frint,Tactician,9,67,11,+1,+4,,,,,,,,,,,,,,,,10,12,12,18,14,12,0,+1,+1,+8,+6,+1,"Gnome Cunning,Opportunity Attack,Shortened Stride,Stone Camouflage,Superior Darkvision",,
Tracker Dullwill,Balanced,1,7,13,+2,+2,,,,,,,,,,,,,,,,8,14,10,10,8,8,-1,+2,0,0,-1,-1,"Darkvision,Opportunity Attack","Drunk,Sleeping",
Tracker Dullwill,Explorer,1,4,13,+2,+4,,,,,,,,,,,,,,,,8,14,10,10,8,8,-1,+2,0,0,-1,-1,"Darkvision,Opportunity Attack","Drunk,Sleeping",
Tracker Dullwill,Tactician,1,9,13,+2,+2,,,,,,,,,,,,,,,,8,14,10,10,8,8,-1,+2,0,0,-1,-1,"Darkvision,Fury of the Small,Opportunity Attack","Drunk,Sleeping",
Tracker Dullwill,Honour,1,11,13,+2,+2,,,,,,,,,,,,,,,,8,14,10,10,8,8,-1,+2,0,0,-1,-1,"Darkvision,Fury of the Small,Opportunity Attack","Drunk,Sleeping",
Mind Master Dunnol,Balanced,5,38,11,+1,+3,,,,,,,,,,,,Resistance to Magical,,,,10,12,12,16,12,10,0,+1,+1,+6,+4,0,"Duergar Resilience,Dwarven Resilience,Opportunity Attack,Sunlight Sensitivity,Superior Darkvision",,
Mind Master Dunnol,Tactician,5,49,11,+1,+3,,,,,,,,,,,,Resistance to Magical,,,,10,12,12,16,12,10,0,+1,+1,+6,+4,0,"Duergar Resilience,Dwarven Resilience,Opportunity Attack,Sunlight Sensitivity,Superior Darkvision",,
Fist Healer Duranga,Balanced,10,62,16,0,+4,,,,,,,,,,,,Full Resistance,,,,13,10,16,10,20,12,+1,0,+3,0,+9,+5,"Darkvision,Dwarven Resilience,Opportunity Attack,Protection",,
Fist Healer Duranga,Explorer,10,59,16,0,+6,,,,,,,,,,,,Full Resistance,,,,13,10,16,10,20,12,+1,0,+3,0,+11,+7,"Darkvision,Dwarven Resilience,Opportunity Attack,Protection",,
Fist Healer Duranga,Tactician,10,64,16,0,+4,,,,,,,,,,,,Full Resistance,,,,13,10,16,10,20,12,+1,0,+3,0,+9,+5,"Darkvision,Dwarven Resilience,Opportunity Attack,Protection",,
Dwindling,Balanced,1,6,10,0,+2,,,,,,,,,,,,,,,,10,10,10,10,10,10,0,0,0,0,0,0,Opportunity Attack,,
Dwindling,Explorer,1,6,10,0,+4,,,,,,,,,,,,,,,,10,10,10,10,10,10,0,0,0,0,0,0,Opportunity Attack,,
Dwindling,Tactician,1,6,10,0,+2,,,,,,,,,,,,,,,,10,10,10,10,10,10,0,0,0,0,0,0,Opportunity Attack,,
Dying Stone Lord Thug,Balanced,9,24,16,0,+4,,,,,,,,,,,,,,,,16,11,14,12,12,14,+7,0,+6,+1,+1,+2,"Extra Attack,Opportunity Attack",,
Dying Stone Lord Thug,Explorer,9,18,16,0,+6,,,,,,,,,,,,,,,,16,11,14,12,12,14,+9,0,+8,+1,+1,+2,"Extra Attack,Opportunity Attack",,
Dying Stone Lord Thug,Tactician,9,48,16,0,+4,,,,,,,,,,,,,,,,16,11,14,12,12,14,+7,0,+6,+1,+1,+2,"Extra Attack,Opportunity Attack",,
Dyrovell,Balanced,1,6,10,0,+2,,,,,,,,,,,,,,,,10,10,10,10,10,10,0,0,0,0,0,0,Opportunity Attack,,
Dyrovell,Explorer,1,6,10,0,+4,,,,,,,,,,,,,,,,10,10,10,10,10,10,0,0,0,0,0,0,Opportunity Attack,,
Dyrovell,Tactician,1,6,10,0,+2,,,,,,,,,,,,,,,,10,10,10,10,10,10,0,0,0,0,0,0,Opportunity Attack,,
Youth Dyrr'kas,Balanced,3,22,11,+1,+2,,,,,,,,,,,,,,,,14,12,12,10,8,8,+2,+1,+1,0,-1,-1,Opportunity Attack,,
Youth Dyrr'kas,Explorer,3,15,11,+1,+4,,,,,,,,,,,,,,,,14,12,12,10,8,8,+2,+1,+1,0,-1,-1,Opportunity Attack,,
Youth Dyrr'kas,Tactician,3,28,11,+1,+2,,,,,,,,,,,,,,,,14,12,12,10,8,8,+2,+1,+1,0,-1,-1,Opportunity Attack,,
Earno Diggums,Balanced,1,8,10,0,+2,,,,,,,,,,,,Full Resistance,,,,10,10,10,10,10,10,0,0,0,0,0,0,"Darkvision,Dwarven Resilience,Opportunity Attack",,
Earno Diggums,Explorer,1,5,10,0,+4,,,,,,,,,,,,Full Resistance,,,,10,10,10,10,10,10,0,0,0,0,0,0,"Darkvision,Dwarven Resilience,Opportunity Attack",,
Earno Diggums,Tactician,1,10,10,0,+2,,,,,,,,,,,,Full Resistance,,,,10,10,10,10,10,10,0,0,0,0,0,0,"Darkvision,Dwarven Resilience,Opportunity Attack",,
Earspoon,Balanced,7,54,18,+4,+3,,,,,,,,,,,,Full Resistance,,,,12,18,12,10,10,12,+1,+7,+1,+3,0,+1,"Darkvision,Dwarven Resilience,Evasion,Opportunity Attack,Uncanny Dodge",,
Earspoon,Explorer,7,37,18,+4,+5,,,,,,,,,,,,Full Resistance,,,,12,18,12,10,10,12,+1,+9,+1,+5,0,+1,"Darkvision,Dwarven Resilience,Evasion,Opportunity Attack,Uncanny Dodge",,
Earspoon,Tactician,7,70,18,+4,+3,,,,,,,,,,,,Full Resistance,,,,12,18,12,10,10,12,+1,+7,+1,+3,0,+1,"Darkvision,Dwarven Resilience,Evasion,Opportunity Attack,Uncanny Dodge",,
Fist Earthdigger,Balanced,10,43,14,+1,+4,,,,,,,,,,,,,,,,8,13,16,20,10,12,-1,+1,+3,+9,+4,+1,Opportunity Attack,,
Fist Earthdigger,Explorer,10,30,14,+1,+6,,,,,,,,,,,,,,,,8,13,16,20,10,12,-1,+1,+3,+11,+6,+1,Opportunity Attack,,
Fist Earthdigger,Tactician,10,55,14,+1,+4,,,,,,,,,,,,,,,,8,13,16,20,10,12,-1,+1,+3,+9,+4,+1,Opportunity Attack,,
Watchman Ebber,Balanced,10,84,18,+2,+4,,,,,,,,,,,,,,,,18,14,15,11,10,12,+8,+2,+6,0,0,+1,"Great Weapon Master: All In,Great Weapon Master: Bonus Attack,Extra Attack,Great Weapon Fighting,Opportunity Attack",,
Watchman Ebber,Explorer,10,58,18,+2,+6,,,,,,,,,,,,,,,,18,14,15,11,10,12,+10,+2,+8,0,0,+1,"Great Weapon Master: All In,Great Weapon Master: Bonus Attack,Extra Attack,Great Weapon Fighting,Opportunity Attack",,
Watchman Ebber,Tactician,10,109,18,+2,+4,,,,,,,,,,,,,,,,18,14,15,11,10,12,+8,+2,+6,0,0,+1,"Great Weapon Master: All In,Great Weapon Master: Bonus Attack,Extra Attack,Great Weapon Fighting,Opportunity Attack",,
Manip Edenosa,Balanced,10,62,16,0,+4,,,,,,,,,,,,,,,,13,10,16,10,20,12,+1,0,+3,0,+9,+5,"Darkvision,Gnome Cunning,Opportunity Attack,Protection,Shortened Stride",,
Manip Edenosa,Explorer,10,43,16,0,+6,,,,,,,,,,,,,,,,13,10,16,10,20,12,+1,0,+3,0,+11,+7,"Darkvision,Gnome Cunning,Opportunity Attack,Protection,Shortened Stride",,
Manip Edenosa,Tactician,10,80,16,0,+4,,,,,,,,,,,,,,,,13,10,16,10,20,12,+1,0,+3,0,+9,+5,"Darkvision,Gnome Cunning,Opportunity Attack,Protection,Shortened Stride",,
Edmundis Magarus,Balanced,3,8,10,0,+2,,,,,,,,,,,,,,,,10,10,10,10,10,10,0,0,0,0,0,0,"Brave,Halfling Luck,Opportunity Attack",,
Edowin,Balanced,3,15,10,0,+2,,,,,,,,,,,,,,,,13,10,12,10,15,9,+1,0,+1,+2,+4,-1,Opportunity Attack,,
Edowin,Explorer,3,10,10,0,+2,,,,,,,,,,,,,,,,13,10,12,10,15,9,+1,0,+1,+2,+4,-1,Opportunity Attack,,
Edowin,Tactician,3,19,10,0,+2,,,,,,,,,,,,,,,,13,10,12,10,15,9,+1,0,+1,+2,+4,-1,Opportunity Attack,,
Cashguard Basher Edvidge,Balanced,9,85,18,+1,+4,,,,,,,,,,,,,,,,18,12,14,10,12,15,+6,+3,+5,+2,+7,+8,"Charger,Divine Health,Extra Attack,Opportunity Attack,Tenacity",Aura of Protection,
Cashguard Basher Edvidge,Explorer,9,59,18,+1,+6,,,,,,,,,,,,,,,,18,12,14,10,12,15,+6,+3,+5,+2,+9,+10,"Charger,Divine Health,Extra Attack,Opportunity Attack,Tenacity",Aura of Protection,
Cashguard Basher Edvidge,Tactician,9,110,18,+1,+4,,,,,,,,,,,,,,,,18,12,14,10,12,15,+6,+3,+5,+2,+7,+8,"Charger,Divine Health,Extra Attack,Opportunity Attack,Tenacity",Aura of Protection,
Gauntlet Edwynna,Balanced,10,62,16,0,+4,,,,,,,,,,,,,,,,13,10,16,10,20,12,+1,0,+3,0,+9,+5,"Opportunity Attack,Protection",,
Gauntlet Edwynna,Explorer,10,43,16,0,+6,,,,,,,,,,,,,,,,13,10,16,10,20,12,+1,0,+3,0,+11,+7,"Opportunity Attack,Protection",,
Gauntlet Edwynna,Tactician,10,80,16,0,+4,,,,,,,,,,,,,,,,13,10,16,10,20,12,+1,0,+3,0,+9,+5,"Opportunity Attack,Protection",,
Sharp-Eye Eef,Balanced,2,12,13,+2,+2,,,,,,,,,,,,,,,,10,14,10,10,8,8,0,+2,0,0,-1,-1,"Darkvision,Opportunity Attack",Slightly Drunk,
Sharp-Eye Eef,Explorer,2,8,13,+2,+4,,,,,,,,,,,,,,,,10,14,10,10,8,8,0,+2,0,0,-1,-1,"Darkvision,Opportunity Attack",Slightly Drunk,
Sharp-Eye Eef,Tactician,2,15,13,+2,+2,,,,,,,,,,,,,,,,10,14,10,10,8,8,0,+2,0,0,-1,-1,"Darkvision,Fury of the Small,Opportunity Attack",Slightly Drunk,
Sharp-Eye Eef,Honour,2,19,13,+2,+2,,,,,,,,,,,,,,,,10,14,10,10,8,8,0,+2,0,0,-1,-1,"Darkvision,Fury of the Small,Opportunity Attack",Slightly Drunk,
Eefa Barlow,Balanced,1,6,10,0,+2,,,,,,,,,,,,,,,,10,10,10,10,10,10,0,0,0,0,0,0,Opportunity Attack,,
Eefa Barlow,Explorer,1,4,10,0,+4,,,,,,,,,,,,,,,,10,10,10,10,10,10,0,0,0,0,0,0,Opportunity Attack,,
Eefa Barlow,Tactician,1,7,10,0,+2,,,,,,,,,,,,,,,,10,10,10,10,10,10,0,0,0,0,0,0,Opportunity Attack,,
Efrin,Balanced,1,27,15,+1,+2,,,Full Resistance,Full Resistance,Full Resistance,Full Resistance,Full Resistance,Full Resistance,Full Resistance,Full Resistance,Full Resistance,Full Resistance,Full Resistance,Full Resistance,Full Resistance,14,12,14,10,12,12,+2,+1,+4,0,+1,+1,"Darkvision,Dwarven Resilience,Opportunity Attack",,
Efrin,Explorer,1,18,15,+1,+4,,,Full Resistance,Full Resistance,Full Resistance,Full Resistance,Full Resistance,Full Resistance,Full Resistance,Full Resistance,Full Resistance,Full Resistance,Full Resistance,Full Resistance,Full Resistance,14,12,14,10,12,12,+2,+1,+6,0,+1,+1,"Darkvision,Dwarven Resilience,Opportunity Attack",,
Efrin,Tactician,1,36,15,+1,+2,,,Full Resistance,Full Resistance,Full Resistance,Full Resistance,Full Resistance,Full Resistance,Full Resistance,Full Resistance,Full Resistance,Full Resistance,Full Resistance,Full Resistance,Full Resistance,14,12,14,10,12,12,+2,+1,+4,0,+1,+1,"Darkvision,Dwarven Resilience,Opportunity Attack",,
Reaper of Bhaal Eglantine,Balanced,5,45,10,+5,+3,,,,,,,,,,,,,,,,11,20,13,15,12,16,0,+5,+1,+2,+1,+3,"Darkvision,Extra Attack,Opportunity Attack,Prey Upon the Weak","Aura of Murder,Sanctuary",
Reaper of Bhaal Eglantine,Explorer,5,31,10,+5,+5,,,,,,,,,,,,,,,,11,20,13,15,12,16,0,+5,+1,+2,+1,+3,"Darkvision,Extra Attack,Opportunity Attack,Prey Upon the Weak","Aura of Murder,Sanctuary",
Reaper of Bhaal Eglantine,Tactician,5,58,10,+5,+3,,,,,,,,,,,,,,,,11,20,13,15,12,16,0,+5,+1,+2,+1,+3,"Darkvision,Evasion,Extra Attack,Opportunity Attack,Prey Upon the Weak","Aura of Murder,Sanctuary",
Eight,Balanced,1,6,11,0,+2,,,,,,,,,,,,,,,,6,10,10,10,6,8,-2,0,0,0,-2,-1,"Darkvision,Opportunity Attack",,
Eight,Explorer,1,4,11,0,+4,,,,,,,,,,,,,,,,6,10,10,10,6,8,-2,0,0,0,-2,-1,"Darkvision,Opportunity Attack",,
Eight,Tactician,1,7,11,0,+2,,,,,,,,,,,,,,,,6,10,10,10,6,8,-2,0,0,0,-2,-1,"Darkvision,Fury of the Small,Opportunity Attack",,
Fist Elda,Balanced,8,62,16,+1,+3,,,,,,,,,,,,,,,,21,13,17,10,12,8,+8,+1,+7,0,+1,-1,"Extra Attack,Great Weapon Fighting,Opportunity Attack,Phalanx Formation,Riposte",,
Fist Elda,Explorer,8,43,16,+1,+5,,,,,,,,,,,,,,,,21,13,17,10,12,8,+10,+1,+9,0,+1,-1,"Extra Attack,Great Weapon Fighting,Opportunity Attack,Phalanx Formation,Riposte",,
Fist Elda,Tactician,8,80,16,+1,+3,,,,,,,,,,,,,,,,21,13,17,10,12,8,+8,+1,+7,0,+1,-1,"Extra Attack,Great Weapon Fighting,Opportunity Attack,Phalanx Formation,Riposte",,
Night Blade Elda,Balanced,3,28,12,+2,+2,,,,,,,,,,,,,,,,11,15,12,11,11,14,0,+2,+1,0,0,+2,"Darkvision,Opportunity Attack",Aura of Murder,
Night Blade Elda,Explorer,3,19,12,+2,+4,,,,,,,,,,,,,,,,11,15,12,11,11,14,0,+2,+1,0,0,+2,"Darkvision,Opportunity Attack",Aura of Murder,
Night Blade Elda,Tactician,3,36,12,+2,+2,,,,,,,,,,,,,,,,11,15,12,11,11,14,0,+2,+1,0,0,+2,"Darkvision,Opportunity Attack",Aura of Murder,
Eldaernth,Balanced,1,8,10,0,+2,,,,,,,,,,,,,,,,10,10,10,10,10,10,0,0,0,0,0,0,"Darkvision,Fey Ancestry,Opportunity Attack",,
Eldaernth,Explorer,1,5,10,0,+4,,,,,,,,,,,,,,,,10,10,10,10,10,10,0,0,0,0,0,0,"Darkvision,Fey Ancestry,Opportunity Attack",,
Eldaernth,Tactician,1,10,10,0,+2,,,,,,,,,,,,,,,,10,10,10,10,10,10,0,0,0,0,0,0,"Darkvision,Fey Ancestry,Opportunity Attack",,
Eldra Luthrinn,Balanced,1,15,1,+1,+2,,,,,,,,,,,,Full Resistance,,,,17,13,15,8,12,10,+5,+1,+4,-1,+1,0,"Darkvision,Dwarven Combat Training,Dwarven Resilience,Opportunity Attack,Unarmoured Defence (Barbarian)",,
Saer Eleganza,Balanced,8,6,10,0,+3,,,,,,,,,,,,Full Resistance,,,,10,10,10,10,10,10,0,0,0,0,0,0,"Darkvision,Dwarven Resilience,Opportunity Attack",,
Saer Eleganza,Explorer,8,4,10,0,+5,,,,,,,,,,,,Full Resistance,,,,10,10,10,10,10,10,0,0,0,0,0,0,"Darkvision,Dwarven Resilience,Opportunity Attack",,
Saer Eleganza,Tactician,8,8,10,0,+3,,,,,,,,,,,,Full Resistance,,,,10,10,10,10,10,10,0,0,0,0,0,0,"Darkvision,Dwarven Resilience,Opportunity Attack",,
Elegis,Balanced,3,23,14,+2,+2,,,,,,,,Full Resistance,,,,,,,,12,15,12,10,14,12,+3,+4,+1,0,+2,+1,"Darkvision,Hellish Resistance,Opportunity Attack",,
Elegis,Explorer,3,15,14,+2,+4,,,,,,,,Full Resistance,,,,,,,,12,15,12,10,14,12,+5,+6,+1,0,+2,+1,"Darkvision,Hellish Resistance,Opportunity Attack",,
Elegis,Tactician,3,28,14,+2,+2,,,,,,,,Full Resistance,,,,,,,,12,15,12,10,14,12,+3,+4,+1,0,+2,+1,"Darkvision,Hellish Resistance,Opportunity Attack",,
Sergeant Thrinn,Balanced,5,42,12,+1,+3,,,,,,,,,,,,Full Resistance,,,,19,12,16,10,12,14,+7,+1,+6,0,+1,+2,"Dual Wielder,Duergar Resilience,Dwarven Resilience,Extra Attack,Opportunity Attack,Sunlight Sensitivity,Superior Darkvision",,
Sergeant Thrinn,Explorer,5,29,12,+1,+5,,,,,,,,,,,,Full Resistance,,,,19,12,16,10,12,14,+9,+1,+8,0,+1,+2,"Dual Wielder,Duergar Resilience,Dwarven Resilience,Extra Attack,Opportunity Attack,Sunlight Sensitivity,Superior Darkvision",,
Sergeant Thrinn,Tactician,5,54,12,+1,+3,,,,,,,,,,,,Full Resistance,,,,19,12,16,10,12,14,+7,+1,+6,0,+1,+2,"Dual Wielder,Duergar Resilience,Dwarven Resilience,Extra Attack,Opportunity Attack,Sunlight Sensitivity,Superior Darkvision",,
Elias Fischer,Balanced,1,6,10,0,+2,,,,,,,,,,,,,,,,10,10,10,10,10,10,0,0,0,0,0,0,Opportunity Attack,,
Elias Fischer,Explorer,1,4,10,0,+4,,,,,,,,,,,,,,,,10,10,10,10,10,10,0,0,0,0,0,0,Opportunity Attack,,
Elias Fischer,Tactician,1,7,10,0,+2,,,,,,,,,,,,,,,,10,10,10,10,10,10,0,0,0,0,0,0,Opportunity Attack,,
Harper Elifer,Balanced,6,48,16,+2,+3,,,,,,,,,,,,,,,,12,15,12,10,14,12,+4,+5,+1,0,+2,+1,"Darkvision,Extra Attack,Fey Ancestry,Opportunity Attack",,
Harper Elifer,Explorer,6,33,16,+2,+5,,,,,,,,,,,,,,,,12,15,12,10,14,12,+6,+7,+1,0,+2,+1,"Darkvision,Extra Attack,Fey Ancestry,Opportunity Attack",,
Harper Elifer,Tactician,6,62,16,+2,+3,,,,,,,,,,,,,,,,12,15,12,10,14,12,+4,+5,+1,0,+2,+1,"Darkvision,Extra Attack,Fey Ancestry,Opportunity Attack",,
Blaze Elin,Balanced,10,43,14,+1,+4,,,,,,,,,,,,,,,,8,13,16,20,10,12,-1,+1,+3,+5,0,+1,Opportunity Attack,Mage Armour,
Blaze Elin,Explorer,10,40,14,+1,+6,,,,,,,,,,,,,,,,8,13,16,20,10,12,-1,+1,+3,+5,0,+1,Opportunity Attack,Mage Armour,
Blaze Elin,Tactician,10,45,14,+1,+4,,,,,,,,,,,,,,,,8,13,16,20,10,12,-1,+1,+3,+5,0,+1,Opportunity Attack,Mage Armour,
Harper Elindale,Balanced,6,34,11,+1,+3,,,,,,,,,,,,,,,,10,12,10,16,12,12,0,+1,0,+6,+4,+1,"Brave,Halfling Luck,Opportunity Attack",,
Harper Elindale,Explorer,6,23,11,+1,+5,,,,,,,,,,,,,,,,10,12,10,16,12,12,0,+1,0,+8,+6,+1,"Brave,Halfling Luck,Opportunity Attack",,
Harper Elindale,Tactician,6,44,11,+1,+3,,,,,,,,,,,,,,,,10,12,10,16,12,12,0,+1,0,+6,+4,+1,"Brave,Halfling Luck,Opportunity Attack",,
Invoker of Bhaal Ellice,Balanced,9,56,10,+2,+4,,,,,,,,,,,,,,,,10,14,16,20,14,14,0,+2,+3,+9,+2,+2,"Darkvision,Focused Conjuration,Opportunity Attack,Spell Sniper","Aura of Murder,Mage Armour",
Invoker of Bhaal Ellice,Explorer,9,39,10,+2,+6,,,,,,,,,,,,,,,,10,14,16,20,14,14,0,+2,+3,+11,+2,+2,"Darkvision,Focused Conjuration,Opportunity Attack,Spell Sniper","Aura of Murder,Mage Armour",
Invoker of Bhaal Ellice,Tactician,9,72,10,+2,+4,,,,,,,,,,,,,,,,10,14,16,20,14,14,0,+2,+3,+9,+2,+2,"Darkvision,Focused Conjuration,Opportunity Attack,Spell Sniper","Aura of Murder,Mage Armour",
Elliot,Balanced,11,48,13,+2,+4,,,,,,,,,,,,,,,,10,15,14,14,10,12,0,+6,+2,+6,0,+1,"Evasion,Opportunity Attack,Reliable Talent,Uncanny Dodge",,
Elliot,Explorer,11,33,13,+2,+6,,,,,,,,,,,,,,,,10,15,14,14,10,12,0,+8,+2,+8,0,+1,"Evasion,Opportunity Attack,Reliable Talent,Uncanny Dodge",,
Elliot,Tactician,11,62,13,+2,+4,,,,,,,,,,,,,,,,10,15,14,14,10,12,0,+6,+2,+6,0,+1,"Evasion,Opportunity Attack,Reliable Talent,Uncanny Dodge",,
Ellswort,Balanced,1,8,10,0,+2,,,,,,,,,,,,,,,,10,10,10,10,10,10,0,0,0,0,0,0,"Darkvision,Gnome Cunning,Opportunity Attack","Dead,Grotesque Distention",
Ellswort,Explorer,1,5,10,0,+4,,,,,,,,,,,,,,,,10,10,10,10,10,10,0,0,0,0,0,0,"Darkvision,Gnome Cunning,Opportunity Attack","Dead,Grotesque Distention",
Ellswort,Tactician,1,10,10,0,+2,,,,,,,,,,,,,,,,10,10,10,10,10,10,0,0,0,0,0,0,"Darkvision,Gnome Cunning,Opportunity Attack","Dead,Grotesque Distention",
Ellyka,Balanced,4,32,13,+2,+2,,,,,,,,Full Resistance,,,,,,,,12,15,12,10,14,12,+3,+4,+1,0,+2,+1,"Darkvision,Hellish Resistance,Opportunity Attack",,
Ellyka,Explorer,4,22,13,+2,+4,,,,,,,,Full Resistance,,,,,,,,12,15,12,10,14,12,+5,+6,+1,0,+2,+1,"Darkvision,Hellish Resistance,Opportunity Attack",,
Ellyka,Tactician,4,41,13,+2,+2,,,,,,,,Full Resistance,,,,,,,,12,15,12,10,14,12,+3,+4,+1,0,+2,+1,"Darkvision,Hellish Resistance,Opportunity Attack",,
Dark Breaker Elonia,Balanced,10,68,14,0,+4,,,,,,,,,,Full Resistance,,,,,,16,10,12,16,18,12,+3,0,+1,+7,+8,+1,Opportunity Attack,,
Dark Breaker Elonia,Explorer,10,47,14,0,+6,,,,,,,,,,Full Resistance,,,,,,16,10,12,16,18,12,+3,0,+1,+9,+10,+1,Opportunity Attack,,
Dark Breaker Elonia,Tactician,10,88,14,0,+4,,,,,,,,,,Full Resistance,,,,,,16,10,12,16,18,12,+3,0,+1,+7,+8,+1,Opportunity Attack,,
Elsa,Balanced,1,5,10,0,+2,,,,,,,,,,,,,,,,10,10,10,10,10,10,0,0,0,0,0,0,Opportunity Attack,,
Elsa,Explorer,1,3,10,0,+4,,,,,,,,,,,,,,,,10,10,10,10,10,10,0,0,0,0,0,0,Opportunity Attack,,
Elsa,Tactician,1,6,10,0,+2,,,,,,,,,,,,,,,,10,10,10,10,10,10,0,0,0,0,0,0,Opportunity Attack,,
Elthira Gossen,Balanced,8,62,8,+1,+3,,,,,,,,,,,,,,,,21,13,17,10,12,8,+8,+1,+6,0,+1,-1,"Extra Attack,Great Weapon Fighting,Opportunity Attack,Phalanx Formation,Riposte",,
Elthira Gossen,Explorer,8,58,8,+1,+5,,,,,,,,,,,,,,,,21,13,17,10,12,8,+10,+1,+8,0,+1,-1,"Extra Attack,Great Weapon Fighting,Opportunity Attack,Phalanx Formation,Riposte",,
Elthira Gossen,Tactician,8,65,8,+1,+3,,,,,,,,,,,,,,,,21,13,17,10,12,8,+8,+1,+6,0,+1,-1,"Extra Attack,Great Weapon Fighting,Opportunity Attack,Phalanx Formation,Riposte",,
Elwyn,Balanced,3,20,11,0,+2,,,,,,,,,,,,,,,,12,10,10,12,16,10,+1,0,0,+3,+5,0,Opportunity Attack,,
Elwyn,Explorer,3,15,11,0,+4,,,,,,,,,,,,,,,,12,10,10,12,16,10,+1,0,0,+5,+7,0,Opportunity Attack,,
Elwyn,Tactician,3,28,11,0,+2,,,,,,,,,,,,,,,,12,10,10,12,16,10,+1,0,0,+3,+5,0,Opportunity Attack,,
Elyna,Balanced,3,8,10,0,+2,,,,,,,,,,,,,,,,10,10,10,10,10,10,0,0,0,0,0,0,"Darkvision,Gnome Cunning,Opportunity Attack,Shortened Stride",,
Embry,Balanced,1,8,10,0,+2,,,,,,,,,,,,,,,,10,10,10,10,10,10,0,0,0,0,0,0,Opportunity Attack,,
Embry,Explorer,1,5,10,0,+4,,,,,,,,,,,,,,,,10,10,10,10,10,10,0,0,0,0,0,0,Opportunity Attack,,
Embry,Tactician,1,10,10,0,+2,,,,,,,,,,,,,,,,10,10,10,10,10,10,0,0,0,0,0,0,Opportunity Attack,,
Emen,Balanced,1,6,10,0,+2,,,,,,,,,,,,,,,,10,10,10,10,10,10,0,0,0,0,0,0,Opportunity Attack,,
Emen,Explorer,1,6,10,0,+4,,,,,,,,,,,,,,,,10,10,10,10,10,10,0,0,0,0,0,0,Opportunity Attack,,
Emen,Tactician,1,6,10,0,+2,,,,,,,,,,,,,,,,10,10,10,10,10,10,0,0,0,0,0,0,Opportunity Attack,,
Emmeline Hallowleaf,Balanced,1,106,12,+2,+2,,,,,,,,,,,,,,,,15,14,13,12,12,14,+4,+2,+3,+1,+1,+2,"Darkvision,Fey Ancestry,Opportunity Attack",,
Emmet,Balanced,,6,10,0,,,,,,,,,,,,,,,,,10,10,10,10,10,10,0,0,0,0,0,0,Opportunity Attack,,
Emmet,Explorer,,4,10,0,,,,,,,,,,,,,,,,,10,10,10,10,10,10,0,0,0,0,0,0,Opportunity Attack,,
Emmet,Tactician,,7,10,0,,,,,,,,,,,,,,,,,10,10,10,10,10,10,0,0,0,0,0,0,Opportunity Attack,,
Death's Head of Bhaal Eni,Balanced,8,76,15,+5,+3,,,,,,,,,,,,,,,,20,20,20,14,13,16,+5,+5,+5,+2,+1,+3,"Darkvision,Extra Attack,Magic Resistance,Murder Hungry,Opportunity Attack,Prey Upon the Weak","Aura of Murder,Unstoppable",
Death's Head of Bhaal Eni,Explorer,8,53,15,+5,+5,,,,,,,,,,,,,,,,20,20,20,14,13,16,+5,+5,+5,+2,+1,+3,"Darkvision,Extra Attack,Magic Resistance,Murder Hungry,Opportunity Attack,Prey Upon the Weak","Aura of Murder,Unstoppable",
Death's Head of Bhaal Eni,Tactician,8,98,15,+5,+3,,,,,,,,,,,,,,,,20,20,20,14,13,16,+5,+5,+5,+2,+1,+3,"Darkvision,Extra Attack,Magic Resistance,Murder Hungry,Opportunity Attack,Prey Upon the Weak,Sentinel: Opportunity Advantage,Sentinel: Snare,Sentinel: Vengeance","Aura of Murder,Unstoppable",
Entharl Danthelon,Balanced,4,22,12,+2,+2,,,,,,,,,,,,Full Resistance,,,,12,15,12,10,12,12,+3,+4,+1,0,+1,+1,"Darkvision,Dwarven Resilience,Opportunity Attack",,
Entharl Danthelon,Explorer,4,15,12,+2,+4,,,,,,,,,,,,Full Resistance,,,,12,15,12,10,12,12,+5,+6,+1,0,+1,+1,"Darkvision,Dwarven Resilience,Opportunity Attack",,
Entharl Danthelon,Tactician,4,28,12,+2,+2,,,,,,,,,,,,Full Resistance,,,,12,15,12,10,12,12,+3,+4,+1,0,+1,+1,"Darkvision,Dwarven Resilience,Opportunity Attack",,
Fist Eostre,Balanced,10,43,18,+1,+4,,,,,,,,,,,,,,,,8,13,16,20,10,12,-1,+1,+3,+9,+4,+1,Opportunity Attack,Mage Armour,
Fist Eostre,Explorer,10,40,18,+1,+6,,,,,,,,,,,,,,,,8,13,16,20,10,12,-1,+1,+3,+11,+6,+1,Opportunity Attack,Mage Armour,
Fist Eostre,Tactician,10,45,18,+1,+4,,,,,,,,,,,,,,,,8,13,16,20,10,12,-1,+1,+3,+9,+4,+1,Opportunity Attack,Mage Armour,
Fist Recruit Ephren,Balanced,4,36,18,+1,+2,,,,,,,,,,,,,,,,19,13,15,10,12,8,+6,+1,+4,0,+1,-1,Opportunity Attack,,
Fist Recruit Ephren,Explorer,4,25,18,+1,+4,,,,,,,,,,,,,,,,19,13,15,10,12,8,+8,+1,+6,0,+1,-1,Opportunity Attack,,
Fist Recruit Ephren,Tactician,4,46,18,+1,+2,,,,,,,,,,,,,,,,19,13,15,10,12,8,+6,+1,+4,0,+1,-1,Opportunity Attack,,
Fist Equidna,Balanced,8,62,16,+5,+3,,,,,,,,,,,,,,,,12,21,14,8,14,10,+4,+8,+2,-1,+2,0,"Archery,Crossbow Expert: Point-Blank,Extra Attack,Opportunity Attack",,
Fist Equidna,Explorer,8,59,16,+5,+5,,,,,,,,,,,,,,,,12,21,14,8,14,10,+6,+10,+2,-1,+2,0,"Archery,Crossbow Expert: Point-Blank,Extra Attack,Opportunity Attack",,
Fist Equidna,Tactician,8,64,16,+5,+3,,,,,,,,,,,,,,,,12,21,14,8,14,10,+4,+8,+2,-1,+2,0,"Archery,Crossbow Expert: Point-Blank,Extra Attack,Opportunity Attack",,
Eramas,Balanced,1,8,11,0,+2,,,,,,,,Full Resistance,,,,,,,,10,10,10,10,10,10,0,0,0,0,0,0,"Darkvision,Hellish Resistance,Opportunity Attack",,
Eramas,Explorer,1,5,11,0,+4,,,,,,,,Full Resistance,,,,,,,,10,10,10,10,10,10,0,0,0,0,0,0,"Darkvision,Hellish Resistance,Opportunity Attack",,
Eramas,Tactician,1,10,11,0,+2,,,,,,,,Full Resistance,,,,,,,,10,10,10,10,10,10,0,0,0,0,0,0,"Darkvision,Hellish Resistance,Opportunity Attack",,
Ermlaut,Balanced,1,6,10,0,+2,,,,,,,,,,,,,,,,10,10,10,10,10,10,0,0,0,0,0,0,Opportunity Attack,,
Ermlaut,Explorer,1,4,10,0,+4,,,,,,,,,,,,,,,,10,10,10,10,10,10,0,0,0,0,0,0,Opportunity Attack,,
Ermlaut,Tactician,1,7,10,0,+2,,,,,,,,,,,,,,,,10,10,10,10,10,10,0,0,0,0,0,0,Opportunity Attack,,
Erna,Balanced,3,25,13,+2,+2,,,,,,,,,,,,,,,,15,14,14,14,10,12,+2,+2,+2,+4,+2,+1,"Darkvision,Fey Ancestry,Opportunity Attack",,
Erna,Explorer,3,17,13,+2,+4,,,,,,,,,,,,,,,,15,14,14,14,10,12,+2,+2,+2,+6,+4,+1,"Darkvision,Fey Ancestry,Opportunity Attack",,
Erna,Tactician,3,33,13,+2,+2,,,,,,,,,,,,,,,,15,14,14,14,10,12,+2,+2,+2,+4,+2,+1,"Darkvision,Fey Ancestry,Opportunity Attack",,
Erna (Act 2),Balanced,3,46,13,+2,+2,,,,,,,,,,,,,,,,15,14,14,14,10,12,+2,+2,+2,+4,+2,+1,"Darkvision,Extra Attack,Fey Ancestry,Opportunity Attack",,
Erna (Act 2),Explorer,3,38,13,+2,+4,,,,,,,,,,,,,,,,15,14,14,14,10,12,+2,+2,+2,+6,+4,+1,"Darkvision,Extra Attack,Fey Ancestry,Opportunity Attack",,
Erna (Act 2),Tactician,3,53,13,+2,+2,,,,,,,,,,,,,,,,15,14,14,14,10,12,+2,+2,+2,+4,+2,+1,"Darkvision,Extra Attack,Fey Ancestry,Opportunity Attack",,
Fist Ernestus,Balanced,8,62,16,+1,+3,,,,,,,,,,,,,,,,21,13,17,10,12,8,+8,+1,+7,0,+1,-1,"Extra Attack,Great Weapon Fighting,Opportunity Attack,Phalanx Formation,Riposte",,
Fist Ernestus,Explorer,8,43,16,+1,+5,,,,,,,,,,,,,,,,21,13,17,10,12,8,+10,+1,+9,0,+1,-1,"Extra Attack,Great Weapon Fighting,Opportunity Attack,Phalanx Formation,Riposte",,
Fist Ernestus,Tactician,8,80,16,+1,+3,,,,,,,,,,,,,,,,21,13,17,10,12,8,+8,+1,+7,0,+1,-1,"Extra Attack,Great Weapon Fighting,Opportunity Attack,Phalanx Formation,Riposte",,
Errant Soul,Balanced,1,6,10,0,+2,,,,,,,,Full Resistance,,,,,,,,10,10,10,8,8,8,0,0,0,-1,-1,-1,"Forever Indebted,Opportunity Attack",,
Errant Soul,Explorer,1,4,10,0,+4,,,,,,,,Full Resistance,,,,,,,,10,10,10,8,8,8,0,0,0,-1,-1,-1,"Forever Indebted,Opportunity Attack",,
Errant Soul,Tactician,1,7,10,0,+2,,,,,,,,Full Resistance,,,,,,,,10,10,10,8,8,8,0,0,0,-1,-1,-1,"Forever Indebted,Opportunity Attack",,
Cashguard Artillerist Erus,Balanced,9,76,19,+4,+4,,,,,,,,,,,,,,,,14,18,13,10,10,10,+6,+8,+2,0,0,0,"Mobile: Evade Difficult Terrain,Mobile: Evade Opportunity Attack,Extra Attack,Mobile,Opportunity Attack",,
Cashguard Artillerist Erus,Explorer,9,53,19,+4,+6,,,,,,,,,,,,,,,,14,18,13,10,10,10,+8,+10,+2,0,0,0,"Mobile: Evade Difficult Terrain,Mobile: Evade Opportunity Attack,Extra Attack,Mobile,Opportunity Attack",,
Cashguard Artillerist Erus,Tactician,9,98,19,+4,+4,,,,,,,,,,,,,,,,14,18,13,10,10,10,+6,+8,+2,0,0,0,"Mobile: Evade Difficult Terrain,Mobile: Evade Opportunity Attack,Extra Attack,Mobile,Opportunity Attack",,
Lady Eshvelt Guthmere,Balanced,1,6,10,0,+2,,,,,,,,,,,,,,,,10,10,10,10,10,10,0,0,0,0,0,0,Opportunity Attack,,
Lady Eshvelt Guthmere,Explorer,1,4,10,0,+4,,,,,,,,,,,,,,,,10,10,10,10,10,10,0,0,0,0,0,0,Opportunity Attack,,
Lady Eshvelt Guthmere,Tactician,1,7,10,0,+2,,,,,,,,,,,,,,,,10,10,10,10,10,10,0,0,0,0,0,0,Opportunity Attack,,
Harper Essius,Balanced,6,62,14,+2,+3,,,,,,,,,,,,,,,,14,15,15,12,13,13,+5,+2,+5,+1,+1,+1,"Darkvision,Extra Attack,Gnome Cunning,Opportunity Attack,Shortened Stride",,
Harper Essius,Explorer,6,43,14,+2,+5,,,,,,,,,,,,,,,,14,15,15,12,13,13,+7,+2,+7,+1,+1,+1,"Darkvision,Extra Attack,Gnome Cunning,Opportunity Attack,Shortened Stride",,
Harper Essius,Tactician,6,80,14,+2,+3,,,,,,,,,,,,,,,,14,15,15,12,13,13,+5,+2,+5,+1,+1,+1,"Darkvision,Extra Attack,Gnome Cunning,Opportunity Attack,Shortened Stride",,
Lady Esther,Balanced,5,48,16,+4,+3,,,,,,,,,,,,,,,,12,18,14,12,12,14,+4,+4,+5,+1,+1,+2,"Duelling,Extra Attack,Opportunity Attack",,
Lady Esther,Explorer,5,33,16,+4,+5,,,,,,,,,,,,,,,,12,18,14,12,12,14,+6,+4,+7,+1,+1,+2,"Duelling,Extra Attack,Opportunity Attack",,
Lady Esther,Tactician,5,62,16,+4,+3,,,,,,,,,,,,,,,,12,18,14,12,12,14,+4,+4,+5,+1,+1,+2,"Duelling,Extra Attack,Opportunity Attack",,
Estra Stir,Balanced,1,6,10,0,+2,,,,,,,,,,,,,,,,10,10,10,10,10,10,0,0,0,0,0,0,Opportunity Attack,,
Estra Stir,Explorer,1,4,10,0,+4,,,,,,,,,,,,,,,,10,10,10,10,10,10,0,0,0,0,0,0,Opportunity Attack,,
Estra Stir,Tactician,1,7,10,0,+2,,,,,,,,,,,,,,,,10,10,10,10,10,10,0,0,0,0,0,0,Opportunity Attack,,
Eugenie Kenridge,Balanced,1,6,10,0,+2,,,,,,,,,,,,,,,,10,10,10,10,10,10,0,0,0,0,0,0,Opportunity Attack,,
Eugenie Kenridge,Explorer,1,4,10,0,+4,,,,,,,,,,,,,,,,10,10,10,10,10,10,0,0,0,0,0,0,Opportunity Attack,,
Eugenie Kenridge,Tactician,1,7,10,0,+2,,,,,,,,,,,,,,,,10,10,10,10,10,10,0,0,0,0,0,0,Opportunity Attack,,
Exxvikyap,Balanced,4,36,15,+1,+2,,,,,,,,Full Resistance,,,,,,,,18,12,14,10,12,12,+4,+1,+2,0,+1,+1,Opportunity Attack,,
Exxvikyap,Explorer,4,25,15,+1,+4,,,,,,,,Full Resistance,,,,,,,,18,12,14,10,12,12,+4,+1,+2,0,+1,+1,Opportunity Attack,,
Exxvikyap,Tactician,4,46,15,+1,+2,,,,,,,,Full Resistance,,,,,,,,18,12,14,10,12,12,+4,+1,+2,0,+1,+1,Opportunity Attack,,
Doctor Fairwise,Balanced,1,8,10,0,+2,,,,,,,,,,,,,,,,10,10,10,10,10,10,0,0,0,0,0,0,"Darkvision,Fey Ancestry,Opportunity Attack",Bless,
Doctor Fairwise,Explorer,1,5,10,0,+4,,,,,,,,,,,,,,,,10,10,10,10,10,10,0,0,0,0,0,0,"Darkvision,Fey Ancestry,Opportunity Attack",Bless,
Doctor Fairwise,Tactician,1,10,10,0,+2,,,,,,,,,,,,,,,,10,10,10,10,10,10,0,0,0,0,0,0,"Darkvision,Fey Ancestry,Opportunity Attack",Bless,
Falael,Balanced,3,8,10,0,+2,,,,,,,,,,,,,,,,10,10,10,10,10,10,0,0,0,0,0,0,"Darkvision,Fey Ancestry,Opportunity Attack",,
Manip Falcäo,Balanced,8,62,16,+1,+3,,,,,,,,,,,,,,,,21,13,17,10,12,8,+8,+1,+6,0,+1,-1,"Extra Attack,Great Weapon Fighting,Opportunity Attack,Phalanx Formation,Riposte",,
Manip Falcäo,Explorer,8,43,16,+1,+5,,,,,,,,,,,,,,,,21,13,17,10,12,8,+10,+1,+8,0,+1,-1,"Extra Attack,Great Weapon Fighting,Opportunity Attack,Phalanx Formation,Riposte",,
Manip Falcäo,Tactician,8,80,16,+1,+3,,,,,,,,,,,,,,,,21,13,17,10,12,8,+8,+1,+6,0,+1,-1,"Extra Attack,Great Weapon Fighting,Opportunity Attack,Phalanx Formation,Riposte",,
Zealot Falla,Balanced,8,70,18,0,+3,,,,,,,,,,,,,,,,18,10,16,9,11,16,+7,+3,+6,+2,+6,+9,"Divine Health,Extra Attack,Great Weapon Fighting,Opportunity Attack",Aura of Protection,
Zealot Falla,Explorer,8,49,18,0,+5,,,,,,,,,,,,,,,,18,10,16,9,11,16,+7,+3,+6,+2,+8,+11,"Divine Health,Extra Attack,Great Weapon Fighting,Opportunity Attack",Aura of Protection,
Zealot Falla,Tactician,8,91,18,0,+3,,,,,,,,,,,,,,,,18,10,16,9,11,16,+7,+3,+6,+2,+6,+9,"Divine Health,Extra Attack,Great Weapon Fighting,Opportunity Attack,Relentless Avenger",Aura of Protection,
Falmor Duguir,Balanced,1,6,10,0,+2,,,,,,,,,,,,,,,,10,10,10,10,10,10,0,0,0,0,0,0,Opportunity Attack,,
Falmor Duguir,Explorer,1,4,10,0,+4,,,,,,,,,,,,,,,,10,10,10,10,10,10,0,0,0,0,0,0,Opportunity Attack,,
Falmor Duguir,Tactician,1,7,10,0,+2,,,,,,,,,,,,,,,,10,10,10,10,10,10,0,0,0,0,0,0,Opportunity Attack,,
Waiter Falten,Balanced,1,6,10,0,+2,,,,,,,,,,,,,,,,10,10,10,10,10,10,0,0,0,0,0,0,Opportunity Attack,,
Waiter Falten,Explorer,1,4,10,0,+4,,,,,,,,,,,,,,,,10,10,10,10,10,10,0,0,0,0,0,0,Opportunity Attack,,
Waiter Falten,Tactician,1,7,10,0,+2,,,,,,,,,,,,,,,,10,10,10,10,10,10,0,0,0,0,0,0,Opportunity Attack,,
Falura the Sous-Chef,Balanced,3,8,10,0,+2,,,,,,,,,,,,,,,,10,10,10,10,10,10,0,0,0,0,0,0,"Brave,Halfling Luck,Opportunity Attack",,
Cashguard Artillerist Faona,Balanced,9,76,19,+4,+4,,,,,,,,,,,,,,,,14,18,13,10,10,10,+6,+8,+2,0,0,0,"Mobile: Evade Difficult Terrain,Mobile: Evade Opportunity Attack,Extra Attack,Mobile,Opportunity Attack",,
Cashguard Artillerist Faona,Explorer,9,53,19,+4,+6,,,,,,,,,,,,,,,,14,18,13,10,10,10,+8,+10,+2,0,0,0,"Mobile: Evade Difficult Terrain,Mobile: Evade Opportunity Attack,Extra Attack,Mobile,Opportunity Attack",,
Cashguard Artillerist Faona,Tactician,9,98,19,+4,+4,,,,,,,,,,,,,,,,14,18,13,10,10,10,+6,+8,+2,0,0,0,"Mobile: Evade Difficult Terrain,Mobile: Evade Opportunity Attack,Extra Attack,Mobile,Opportunity Attack",,
Gish Far'aag,Balanced,5,53,16,+1,+3,,,,,,,,,,,,,,,,15,12,16,16,15,16,+2,+1,+6,+6,+5,+3,"Githyanki War Magic,Opportunity Attack,Synergetic Cantrips",,
Gish Far'aag,Tactician,5,68,16,+1,+3,,,,,,,,,,,,,,,,15,12,16,16,15,16,+2,+1,+6,+6,+5,+3,"Githyanki War Magic,Opportunity Attack,Psionic Empowerment,Synergetic Cantrips,War Caster: Concentration,War Caster: Opportunity Spell",,
Cashguard Captain Faril,Balanced,11,85,19,+1,+4,,,,,,,,,,,,,,,,19,12,16,10,14,16,+4,+1,+3,0,+6,+7,"Charger,Divine Health,Extra Attack,Improved Divine Smite,Opportunity Attack,Superior Plate (-1),Tenacity,Tough",Aura of Protection,
Cashguard Captain Faril,Explorer,11,59,19,+1,+6,,,,,,,,,,,,,,,,19,12,16,10,14,16,+4,+1,+3,0,+8,+9,"Charger,Divine Health,Extra Attack,Improved Divine Smite,Opportunity Attack,Superior Plate (-1),Tenacity,Tough",Aura of Protection,
Cashguard Captain Faril,Tactician,11,110,19,+1,+4,,,,,,,,,,,,,,,,19,12,16,10,14,16,+4,+1,+3,0,+6,+7,"Charger,Divine Health,Extra Attack,Improved Divine Smite,Opportunity Attack,Superior Plate (-1),Tenacity,Tough",Aura of Protection,
Pilgrim Farimorn,Balanced,1,8,10,0,+2,,,,,,,,,,,,,,,,10,10,10,10,10,10,0,0,0,0,0,0,"Darkvision,Fey Ancestry,Opportunity Attack",,
Pilgrim Farimorn,Explorer,1,5,10,0,+2,,,,,,,,,,,,,,,,10,10,10,10,10,10,0,0,0,0,0,0,"Darkvision,Fey Ancestry,Opportunity Attack",,
Pilgrim Farimorn,Tactician,1,10,10,0,+2,,,,,,,,,,,,,,,,10,10,10,10,10,10,0,0,0,0,0,0,"Darkvision,Fey Ancestry,Opportunity Attack",,
Farlin,Balanced,9,52,15,+4,+4,,,,,,,,,,,,,,,,11,18,13,12,10,10,0,+8,+1,+5,0,0,"Darkvision,Evasion,Gleamdance Dagger: Glowing,Gleamdancer,Gnome Cunning,Opportunity Attack,Shortened Stride,Uncanny Dodge",,
Farlin,Explorer,9,36,15,+4,+6,,,,,,,,,,,,,,,,11,18,13,12,10,10,0,+10,+1,+7,0,0,"Darkvision,Evasion,Gleamdance Dagger: Glowing,Gleamdancer,Gnome Cunning,Opportunity Attack,Shortened Stride,Uncanny Dodge",,
Farlin,Tactician,9,67,15,+4,+4,,,,,,,,,,,,,,,,11,18,13,12,10,10,0,+8,+1,+5,0,0,"Darkvision,Evasion,Gleamdance Dagger: Glowing,Gleamdancer,Gnome Cunning,Opportunity Attack,Shortened Stride,Uncanny Dodge",,
Featherweight Falson,Balanced,1,18,11,0,+2,,,,,,,,,,,,,,,,10,10,10,10,10,10,0,0,0,0,0,0,"Darkvision,Gnome Cunning,Opportunity Attack,Shortened Stride",,
Featherweight Falson,Explorer,1,27,11,0,+4,,,,,,,,,,,,,,,,10,10,10,10,10,10,0,0,0,0,0,0,"Darkvision,Gnome Cunning,Opportunity Attack,Shortened Stride",,
Felgi Diggums,Balanced,1,8,10,0,+2,,,,,,,,,,,,Full Resistance,,,,10,10,10,10,10,10,0,0,0,0,0,0,"Darkvision,Dwarven Resilience,Opportunity Attack",,
Felgi Diggums,Explorer,1,5,10,0,+4,,,,,,,,,,,,Full Resistance,,,,10,10,10,10,10,10,0,0,0,0,0,0,"Darkvision,Dwarven Resilience,Opportunity Attack",,
Felgi Diggums,Tactician,1,10,10,0,+2,,,,,,,,,,,,Full Resistance,,,,10,10,10,10,10,10,0,0,0,0,0,0,"Darkvision,Dwarven Resilience,Opportunity Attack",,
Fentamia Viney,Balanced,1,8,10,0,+2,,,,,,,,,,,,,,,,10,10,10,10,10,10,0,0,0,0,0,0,"Darkvision,Fey Ancestry,Opportunity Attack",,
Fentamia Viney,Explorer,1,5,10,0,+4,,,,,,,,,,,,,,,,10,10,10,10,10,10,0,0,0,0,0,0,"Darkvision,Fey Ancestry,Opportunity Attack",,
Fentamia Viney,Tactician,1,10,10,0,+2,,,,,,,,,,,,,,,,10,10,10,10,10,10,0,0,0,0,0,0,"Darkvision,Fey Ancestry,Opportunity Attack",,
Death's Head of Bhaal Feona,Balanced,8,76,15,+5,+3,,,,,,,,,,,,,,,,20,20,20,14,13,16,+5,+5,+5,+2,+1,+3,"Opportunity Attack,Darkvision,Magic Resistance,Extra Attack,Murder Hungry,Prey Upon the Weak","Aura of Murder,Unstoppable",
Death's Head of Bhaal Feona,Explorer,8,53,15,+5,+5,,,,,,,,,,,,,,,,20,20,20,14,13,16,+5,+5,+5,+2,+1,+3,"Opportunity Attack,Darkvision,Magic Resistance,Extra Attack,Murder Hungry,Prey Upon the Weak","Aura of Murder,Unstoppable",
Death's Head of Bhaal Feona,Tactician,8,98,15,+5,+3,,,,,,,,,,,,,,,,20,20,20,14,13,16,+5,+5,+5,+2,+1,+3,"Opportunity Attack,Darkvision,Magic Resistance,Extra Attack,Murder Hungry,Prey Upon the Weak,Sentinel: Opportunity Advantage,Sentinel: Snare,Sentinel: Vengeance","Aura of Murder,Unstoppable",
Ferg Drogher,Balanced,7,6,11,0,+3,,,,,,,,,,,,,,,,10,10,10,10,10,10,0,0,0,0,0,0,Opportunity Attack,,
Ferg Drogher,Explorer,7,4,11,0,+3,,,,,,,,,,,,,,,,10,10,10,10,10,10,0,0,0,0,0,0,Opportunity Attack,,
Ferg Drogher,Tactician,7,7,11,0,+3,,,,,,,,,,,,,,,,10,10,10,10,10,10,0,0,0,0,0,0,Opportunity Attack,,
Fist Fernhollow,Balanced,9,69,15,+1,+4,,,,,,,,,,,,,,,,21,13,17,10,12,8,+9,+1,+7,0,+1,-1,"Brave,Halfling Luck,Extra Attack,Great Weapon Fighting,Opportunity Attack,Phalanx Formation,Riposte",,
Fist Fernhollow,Explorer,9,48,15,+1,+6,,,,,,,,,,,,,,,,21,13,17,10,12,8,+11,+1,+9,0,+1,-1,"Brave,Halfling Luck,Extra Attack,Great Weapon Fighting,Opportunity Attack,Phalanx Formation,Riposte",,
Fist Fernhollow,Tactician,9,89,15,+1,+4,,,,,,,,,,,,,,,,21,13,17,10,12,8,+9,+1,+7,0,+1,-1,"Brave,Halfling Luck,Extra Attack,Great Weapon Fighting,Opportunity Attack,Phalanx Formation,Riposte",,
Fevrokis,Balanced,1,5,10,0,+2,,,,,,,,Full Resistance,,,,,,,,10,10,10,10,10,10,0,0,0,0,0,0,"Darkvision,Hellish Resistance",,
Fevrokis,Explorer,1,3,10,0,+4,,,,,,,,Full Resistance,,,,,,,,10,10,10,10,10,10,0,0,0,0,0,0,"Darkvision,Hellish Resistance",,
Fevrokis,Tactician,1,6,10,0,+2,,,,,,,,Full Resistance,,,,,,,,10,10,10,10,10,10,0,0,0,0,0,0,"Darkvision,Hellish Resistance",,
Tracker Fezk,Balanced,1,7,13,+2,+2,,,,,,,,,,,,,,,,8,14,10,10,8,8,-1,+2,0,0,-1,-1,"Darkvision,Opportunity Attack",,
Tracker Fezk,Explorer,1,4,13,+2,+4,,,,,,,,,,,,,,,,8,14,10,10,8,8,-1,+2,0,0,-1,-1,"Darkvision,Opportunity Attack",,
Tracker Fezk,Tactician,1,9,13,+2,+2,,,,,,,,,,,,,,,,8,14,10,10,8,8,-1,+2,0,0,-1,-1,"Darkvision,Fury of the Small,Opportunity Attack",,
Tracker Fezk,Honour,1,11,13,+2,+2,,,,,,,,,,,,,,,,8,14,10,10,8,8,-1,+2,0,0,-1,-1,"Darkvision,Fury of the Small,Opportunity Attack",,
Ffion Goldgrind,Balanced,9,54,11,+1,+4,,,,,,,,,,,,Full Resistance,,,,18,12,14,10,12,12,+8,+1,+6,0,+1,+1,"Darkvision,Dwarven Resilience,Extra Attack,Opportunity Attack",,
Ffion Goldgrind,Tactician,9,70,11,+1,+4,,,,,,,,,,,,Full Resistance,,,,18,12,14,10,12,12,+8,+1,+6,0,+1,+1,"Darkvision,Dwarven Resilience,Extra Attack,Opportunity Attack",,
Figaro 'Facemaker' Pennygood,Balanced,1,6,10,0,+2,,,,,,,,,,,,Full Resistance,,,,10,10,10,10,10,10,0,0,0,0,0,0,"Darkvision,Dwarven Resilience,Opportunity Attack",,
Figaro 'Facemaker' Pennygood,Explorer,1,4,10,0,+4,,,,,,,,,,,,Full Resistance,,,,10,10,10,10,10,10,0,0,0,0,0,0,"Darkvision,Dwarven Resilience,Opportunity Attack",,
Figaro 'Facemaker' Pennygood,Tactician,1,7,10,0,+2,,,,,,,,,,,,Full Resistance,,,,10,10,10,10,10,10,0,0,0,0,0,0,"Darkvision,Dwarven Resilience,Opportunity Attack",,
Gardener Fillip,Balanced,1,8,10,0,+2,,,,,,,,,,,,,,,,10,10,10,10,10,10,0,0,0,0,0,0,"Brave,Darkvision,Halfling Luck,Opportunity Attack",,
Gardener Fillip,Explorer,1,5,10,0,+4,,,,,,,,,,,,,,,,10,10,10,10,10,10,0,0,0,0,0,0,"Brave,Darkvision,Halfling Luck,Opportunity Attack",,
Gardener Fillip,Tactician,1,10,10,0,+2,,,,,,,,,,,,,,,,10,10,10,10,10,10,0,0,0,0,0,0,"Brave,Darkvision,Halfling Luck,Opportunity Attack",,
Filro the Forgotten,Balanced,5,32,11,+1,+3,,,,,,,,,,,,,,,,10,12,14,17,8,9,0,+1,+2,+6,+2,-1,"Darkvision,Fey Ancestry,Opportunity Attack,Sunlight Sensitivity",,
Filro the Forgotten,Tactician,5,41,11,+1,+3,,,,,,,,,,,,,,,,10,12,14,17,8,9,0,+1,+2,+6,+2,-1,"Darkvision,Fey Ancestry,Opportunity Attack,Sunlight Sensitivity",,
Filson Vago,Balanced,1,6,10,0,+2,,,,,,,,,,,,,,,,10,10,10,10,10,10,0,0,0,0,0,0,Opportunity Attack,,
Filson Vago,Explorer,1,4,10,0,+4,,,,,,,,,,,,,,,,10,10,10,10,10,10,0,0,0,0,0,0,Opportunity Attack,,
Filson Vago,Tactician,1,7,10,0,+2,,,,,,,,,,,,,,,,10,10,10,10,10,10,0,0,0,0,0,0,Opportunity Attack,,
Findal,Balanced,1,22,11,+1,+2,,,,,,,,,,,,,,,,10,12,10,12,16,12,0,+1,0,+3,+5,+1,"Brave,Halfling Luck,Opportunity Attack",,
Findal,Explorer,1,22,11,+1,+4,,,,,,,,,,,,,,,,10,12,10,12,16,12,0,+1,0,+5,+7,+1,"Brave,Halfling Luck,Opportunity Attack",,
Findal,Tactician,1,22,11,+1,+2,,,,,,,,,,,,,,,,10,12,10,12,16,12,0,+1,0,+3,+5,+1,"Brave,Halfling Luck,Opportunity Attack",,
Lady Jannath,Balanced,1,8,10,0,+2,,,,,,,,,,,,,,,,10,10,10,10,10,10,0,0,0,0,0,0,Opportunity Attack,,
Fishbait Arno,Balanced,11,76,14,+3,+4,,,,,,,,,,,,,,,,11,16,13,12,10,10,0,+7,+1,+5,0,0,"Darkvision,Evasion,Fast Hands,Gnome Cunning,Opportunity Attack,Reliable Talent,Shortened Stride,Uncanny Dodge",,
Fishbait Arno,Explorer,11,53,14,+3,+6,,,,,,,,,,,,,,,,11,16,13,12,10,10,0,+9,+1,+7,0,0,"Darkvision,Evasion,Fast Hands,Gnome Cunning,Opportunity Attack,Reliable Talent,Shortened Stride,Uncanny Dodge",,
Fishbait Arno,Tactician,11,98,14,+3,+4,,,,,,,,,,,,,,,,11,16,13,12,10,10,0,+7,+1,+5,0,0,"Darkvision,Evasion,Fast Hands,Gnome Cunning,Opportunity Attack,Reliable Talent,Shortened Stride,Uncanny Dodge",,
Fist Attacker,Balanced,8,62,16,+1,+3,,,,,,,,,,,,,,,,21,13,17,10,12,8,+8,+1,+7,0,+1,-1,"Extra Attack,Great Weapon Fighting,Opportunity Attack,Phalanx Formation,Riposte",Elixir of Heroism,
Fist Attacker,Explorer,8,58,16,+1,+5,,,,,,,,,,,,,,,,21,13,17,10,12,8,+10,+1,+9,0,+1,-1,"Extra Attack,Great Weapon Fighting,Opportunity Attack,Phalanx Formation,Riposte",Elixir of Heroism,
Fist Attacker,Tactician,8,65,16,+1,+3,,,,,,,,,,,,,,,,21,13,17,10,12,8,+8,+1,+7,0,+1,-1,"Extra Attack,Great Weapon Fighting,Opportunity Attack,Phalanx Formation,Riposte",Elixir of Heroism,
Fist Defender,Balanced,8,64,18,+1,+3,,,,,,,,,,,,Full Resistance,,,,21,13,17,10,12,8,+8,+1,+7,0,+1,-1,"Darkvision,Dwarven Resilience,Extra Attack,Opportunity Attack,Protection",Elixir of Heroism,
Fist Defender,Explorer,8,59,18,+1,+5,,,,,,,,,,,,Full Resistance,,,,21,13,17,10,12,8,+10,+1,+9,0,+1,-1,"Darkvision,Dwarven Resilience,Extra Attack,Opportunity Attack,Protection",Elixir of Heroism,
Fist Defender,Tactician,8,68,18,+1,+3,,,,,,,,,,,,Full Resistance,,,,21,13,17,10,12,8,+8,+1,+7,0,+1,-1,"Darkvision,Dwarven Resilience,Extra Attack,Opportunity Attack,Protection",Elixir of Heroism,
Untaken Fitzy Relma,Balanced,10,46,10,0,+4,,,,,,,,,,Full Resistance,,,,,,12,10,10,16,12,10,+1,0,0,+7,+5,0,Opportunity Attack,,
Untaken Fitzy Relma,Explorer,10,32,10,0,+6,,,,,,,,,,Full Resistance,,,,,,12,10,10,16,12,10,+1,0,0,+9,+7,0,Opportunity Attack,,
Untaken Fitzy Relma,Tactician,10,59,10,0,+4,,,,,,,,,,Full Resistance,,,,,,12,10,10,16,12,10,+1,0,0,+7,+5,0,Opportunity Attack,,
Five,Balanced,1,6,11,0,+2,,,,,,,,,,,,,,,,6,10,10,10,6,8,-2,0,0,0,-2,-1,"Darkvision,Opportunity Attack",,
Five,Explorer,1,4,11,0,+4,,,,,,,,,,,,,,,,6,10,10,10,6,8,-2,0,0,0,-2,-1,"Darkvision,Opportunity Attack",,
Five,Tactician,1,7,11,0,+2,,,,,,,,,,,,,,,,6,10,10,10,6,8,-2,0,0,0,-2,-1,"Darkvision,Fury of the Small,Opportunity Attack",,
Flaerian,Balanced,1,6,10,0,+2,,,,,,,,,,,,,,,,10,10,10,10,10,10,0,0,0,0,0,0,Opportunity Attack,,
Flaerian,Explorer,1,4,10,0,+4,,,,,,,,,,,,,,,,10,10,10,10,10,10,0,0,0,0,0,0,Opportunity Attack,,
Flaerian,Tactician,1,7,10,0,+2,,,,,,,,,,,,,,,,10,10,10,10,10,10,0,0,0,0,0,0,Opportunity Attack,,
Flaerith,Balanced,1,8,10,0,+2,,,,,,,,,,,,,,,,10,10,10,10,10,10,0,0,0,0,0,0,"Darkvision,Fey Ancestry,Opportunity Attack",,
Flaerith,Explorer,1,5,10,0,+4,,,,,,,,,,,,,,,,10,10,10,10,10,10,0,0,0,0,0,0,"Darkvision,Fey Ancestry,Opportunity Attack",,
Flaerith,Tactician,1,10,10,0,+2,,,,,,,,,,,,,,,,10,10,10,10,10,10,0,0,0,0,0,0,"Darkvision,Fey Ancestry,Opportunity Attack",,
Flaheerta,Balanced,1,8,10,0,+2,,,,,,,,,,,,,,,,10,10,10,10,10,10,0,0,0,0,0,0,"Darkvision,Fey Ancestry,Opportunity Attack",,
Flaheerta,Explorer,1,6,10,0,+4,,,,,,,,,,,,,,,,10,10,10,10,10,10,0,0,0,0,0,0,"Darkvision,Fey Ancestry,Opportunity Attack",,
Flaheerta,Tactician,1,10,10,0,+2,,,,,,,,,,,,,,,,10,10,10,10,10,10,0,0,0,0,0,0,"Darkvision,Fey Ancestry,Opportunity Attack",,
Flaming Fist Guisarmier,Balanced,8,62,16,+1,+3,,,,,,,,,,,,,,,,21,13,17,10,12,8,+8,+1,+6,0,+1,-1,"Extra Attack,Great Weapon Fighting,Opportunity Attack,Phalanx Formation,Riposte",,
Flaming Fist Guisarmier,Explorer,8,59,16,+1,+5,,,,,,,,,,,,,,,,21,13,17,10,12,8,+10,+1,+8,0,+1,-1,"Extra Attack,Great Weapon Fighting,Opportunity Attack,Phalanx Formation,Riposte",,
Flaming Fist Guisarmier,Tactician,8,64,16,+1,+3,,,,,,,,,,,,,,,,21,13,17,10,12,8,+8,+1,+6,0,+1,-1,"Extra Attack,Great Weapon Fighting,Opportunity Attack,Phalanx Formation,Riposte",,
Flaming Fist Cleric,Balanced,10,62,16,0,+4,,,,,,,,,,,,,,,,13,10,16,10,20,12,+1,0,+3,0,+9,+5,"Opportunity Attack,Protection",,
Flaming Fist Cleric,Explorer,10,59,16,0,+6,,,,,,,,,,,,,,,,13,10,16,10,20,12,+1,0,+3,0,+11,+7,"Opportunity Attack,Protection",,
Flaming Fist Cleric,Tactician,10,64,16,0,+4,,,,,,,,,,,,,,,,13,10,16,10,20,12,+1,0,+3,0,+9,+5,"Opportunity Attack,Protection",,
Flaming Fist Protector,Balanced,8,64,18,+1,+3,,,,,,,,,,,,,,,,21,13,17,10,12,8,+8,+1,+7,0,+1,-1,"Extra Attack,Opportunity Attack,Protection",,
Flaming Fist Protector,Explorer,8,59,18,+1,+5,,,,,,,,,,,,,,,,21,13,17,10,12,8,+10,+1,+9,0,+1,-1,"Extra Attack,Opportunity Attack,Protection",,
Flaming Fist Protector,Tactician,8,68,18,+1,+3,,,,,,,,,,,,,,,,21,13,17,10,12,8,+8,+1,+7,0,+1,-1,"Extra Attack,Opportunity Attack,Protection",,
Seawind Flan Hawser,Balanced,11,54,14,+3,+4,,,,,,,,,,Full Resistance,,,,,,12,16,12,16,15,12,+1,+3,+1,+7,+6,+1,Opportunity Attack,,
Seawind Flan Hawser,Explorer,11,37,14,+3,+6,,,,,,,,,,Full Resistance,,,,,,12,16,12,16,15,12,+1,+3,+1,+9,+8,+1,Opportunity Attack,,
Seawind Flan Hawser,Tactician,11,70,14,+3,+4,,,,,,,,,,Full Resistance,,,,,,12,16,12,16,15,12,+1,+3,+1,+7,+6,+1,Opportunity Attack,,
Night Blade Flange,Balanced,3,28,12,+2,+2,,,,,,,,,,,,,,,,11,15,12,10,11,14,0,+2,+1,0,0,+2,"Darkvision,Opportunity Attack",Aura of Murder,
Night Blade Flange,Explorer,3,19,12,+2,+4,,,,,,,,,,,,,,,,11,15,12,10,11,14,0,+2,+1,0,0,+2,"Darkvision,Opportunity Attack",Aura of Murder,
Night Blade Flange,Tactician,3,36,12,+2,+2,,,,,,,,,,,,,,,,11,15,12,10,11,14,0,+2,+1,0,0,+2,"Darkvision,Opportunity Attack",Aura of Murder,
Caralee Grollo,Balanced,1,18,16,0,+2,,,,,,,,,,,,,,,,10,10,10,10,10,10,0,0,0,0,0,0,"Brave,Halfling Luck,Opportunity Attack",,
Caralee Grollo,Explorer,1,12,16,0,+4,,,,,,,,,,,,,,,,10,10,10,10,10,10,0,0,0,0,0,0,"Brave,Halfling Luck,Opportunity Attack",,
Caralee Grollo,Tactician,1,27,16,0,+2,,,,,,,,,,,,,,,,10,10,10,10,10,10,0,0,0,0,0,0,"Brave,Halfling Luck,Opportunity Attack",,
Flant Borlley,Balanced,1,6,10,0,+2,,,,,,,,,,,,,,,,10,10,10,10,10,10,0,0,0,0,0,0,Opportunity Attack,,
Flant Borlley,Explorer,1,4,10,0,+4,,,,,,,,,,,,,,,,10,10,10,10,10,10,0,0,0,0,0,0,Opportunity Attack,,
Flant Borlley,Tactician,1,7,10,0,+2,,,,,,,,,,,,,,,,10,10,10,10,10,10,0,0,0,0,0,0,Opportunity Attack,,
Fleer,Balanced,1,6,1,0,+2,,,,,,,,,,,,,,,,10,10,10,10,10,10,0,0,0,0,0,0,Opportunity Attack,,
Fleer,Explorer,1,4,1,0,+4,,,,,,,,,,,,,,,,10,10,10,10,10,10,0,0,0,0,0,0,Opportunity Attack,,
Fleer,Tactician,1,7,1,0,+2,,,,,,,,,,,,,,,,10,10,10,10,10,10,0,0,0,0,0,0,Opportunity Attack,,
Saer Fleiner,Balanced,1,8,10,0,+2,,,,,,,,,,,,Full Resistance,,,,10,10,10,10,10,10,0,0,0,0,0,0,"Darkvision,Dwarven Resilience,Opportunity Attack",,
Saer Fleiner,Explorer,1,5,10,0,+4,,,,,,,,,,,,Full Resistance,,,,10,10,10,10,10,10,0,0,0,0,0,0,"Darkvision,Dwarven Resilience,Opportunity Attack",,
Saer Fleiner,Tactician,1,10,10,0,+2,,,,,,,,,,,,Full Resistance,,,,10,10,10,10,10,10,0,0,0,0,0,0,"Darkvision,Dwarven Resilience,Opportunity Attack",,
Flimsy,Balanced,1,8,10,0,+2,,,,,,,,,,,,,,,,10,10,10,10,10,10,0,0,0,0,0,0,"Darkvision,Gnome Cunning,Shortened Stride",,
Flimsy,Explorer,1,5,10,0,+4,,,,,,,,,,,,,,,,10,10,10,10,10,10,0,0,0,0,0,0,"Darkvision,Gnome Cunning,Shortened Stride",,
Flimsy,Tactician,1,10,10,0,+2,,,,,,,,,,,,,,,,10,10,10,10,10,10,0,0,0,0,0,0,"Darkvision,Gnome Cunning,Shortened Stride",,
Flo Hurlburl,Balanced,1,8,10,0,+2,,,,,,,,,,,,Full Resistance,,,,10,10,10,10,10,10,0,0,0,0,0,0,"Darkvision,Dwarven Resilience,Opportunity Attack",,
Flo Hurlburl,Explorer,1,5,10,0,+4,,,,,,,,,,,,Full Resistance,,,,10,10,10,10,10,10,0,0,0,0,0,0,"Darkvision,Dwarven Resilience,Opportunity Attack",,
Flo Hurlburl,Tactician,1,10,10,0,+2,,,,,,,,,,,,Full Resistance,,,,10,10,10,10,10,10,0,0,0,0,0,0,"Darkvision,Dwarven Resilience,Opportunity Attack",,
Flo Minsydel,Balanced,1,6,10,0,+2,,,,,,,,,,,,,,,,10,10,10,10,10,10,0,0,0,0,0,0,Opportunity Attack,,
Flo Minsydel,Explorer,1,4,10,0,+4,,,,,,,,,,,,,,,,10,10,10,10,10,10,0,0,0,0,0,0,Opportunity Attack,,
Flo Minsydel,Tactician,1,8,10,0,+2,,,,,,,,,,,,,,,,10,10,10,10,10,10,0,0,0,0,0,0,Opportunity Attack,,
Reaper of Bhaal Flo-Flo,Balanced,5,45,10,+5,+3,,,,,,,,,,,,,,,,11,20,13,15,12,16,0,+5,+1,+2,+1,+3,"Darkvision,Extra Attack,Opportunity Attack,Prey Upon the Weak","Aura of Murder,Sanctuary",
Reaper of Bhaal Flo-Flo,Explorer,5,31,10,+5,+5,,,,,,,,,,,,,,,,11,20,13,15,12,16,0,+5,+1,+2,+1,+3,"Darkvision,Extra Attack,Opportunity Attack,Prey Upon the Weak","Aura of Murder,Sanctuary",
Reaper of Bhaal Flo-Flo,Tactician,5,58,10,+5,+3,,,,,,,,,,,,,,,,11,20,13,15,12,16,0,+5,+1,+2,+1,+3,"Darkvision,Evasion,Extra Attack,Opportunity Attack,Prey Upon the Weak","Aura of Murder,Sanctuary",
Florean Bixworth,Balanced,1,6,10,0,+2,,,,,,,,,,,,,,,,10,10,10,10,10,10,0,0,0,0,0,0,Opportunity Attack,,
Florean Bixworth,Explorer,1,4,10,0,+4,,,,,,,,,,,,,,,,10,10,10,10,10,10,0,0,0,0,0,0,Opportunity Attack,,
Florean Bixworth,Tactician,1,7,10,0,+2,,,,,,,,,,,,,,,,10,10,10,10,10,10,0,0,0,0,0,0,Opportunity Attack,,
Floridor,Balanced,1,8,10,0,+2,,,,,,,,,,,,,,,,10,10,10,10,10,10,0,0,0,0,0,0,"Darkvision,Gnome Cunning,Opportunity Attack,Shortened Stride",,
Counsellor Florrick,Balanced,6,44,12,+2,+3,,,,,,,,,,,,,,,,12,14,14,18,11,16,+1,+2,+5,+7,+3,+3,"Darkvision,Fey Ancestry,Opportunity Attack,Resilient: Constitution",,
Counsellor Florrick,Explorer,6,30,12,+2,+5,,,,,,,,,,,,,,,,12,14,14,18,11,16,+1,+2,+7,+9,+5,+3,"Darkvision,Fey Ancestry,Opportunity Attack,Resilient: Constitution",,
Counsellor Florrick,Tactician,6,57,12,+2,+3,,,,,,,,,,,,,,,,12,14,14,18,11,16,+1,+2,+5,+7,+3,+3,"Darkvision,Fey Ancestry,Opportunity Attack,Resilient: Constitution",,
Counsellor Florrick (Act 3),Balanced,11,79,15,+2,+4,,,,,,,,,,,,,,,,12,14,14,20,11,16,+1,+2,+2,+5,0,+3,,Mage Armour,
Counsellor Florrick (Act 3),Tactician,11,92,15,+2,+4,,,,,,,,,,,,,,,,12,14,14,20,11,16,+1,+2,+2,+5,0,+3,,Mage Armour,
Lady Flytebon,Balanced,1,6,10,0,+2,,,,,,,,,,,,Full Resistance,,,,10,10,10,10,10,10,0,0,0,0,0,0,"Darkvision,Dwarven Resilience,Opportunity Attack",,
Lady Flytebon,Explorer,1,4,10,0,+4,,,,,,,,,,,,Full Resistance,,,,10,10,10,10,10,10,0,0,0,0,0,0,"Darkvision,Dwarven Resilience,Opportunity Attack",,
Lady Flytebon,Tactician,1,7,10,0,+2,,,,,,,,,,,,Full Resistance,,,,10,10,10,10,10,10,0,0,0,0,0,0,"Darkvision,Dwarven Resilience,Opportunity Attack",,
Captain Foharell,Balanced,10,8,10,0,+4,,,,,,,,,,,,,,,,10,10,10,10,10,10,0,0,0,0,0,0,"Darkvision,Dwarven Resilience,Opportunity Attack",Bless,
Captain Foharell,Explorer,10,5,10,0,+6,,,,,,,,,,,,,,,,10,10,10,10,10,10,0,0,0,0,0,0,"Darkvision,Dwarven Resilience,Opportunity Attack",Bless,
Captain Foharell,Tactician,10,10,10,0,+4,,,,,,,,,,,,,,,,10,10,10,10,10,10,0,0,0,0,0,0,"Darkvision,Dwarven Resilience,Opportunity Attack",Bless,
Follgast,Balanced,11,44,14,+3,+4,,,,,,,,,,,,,,,,10,16,12,12,10,14,0,+7,+1,+5,0,+2,"Darkvision,Fey Ancestry,Opportunity Attack",,
Follgast,Explorer,11,30,14,+3,+6,,,,,,,,,,,,,,,,10,16,12,12,10,14,0,+9,+1,+7,0,+2,"Darkvision,Fey Ancestry,Opportunity Attack",,
Follgast,Tactician,11,57,14,+3,+4,,,,,,,,,,,,,,,,10,16,12,12,10,14,0,+7,+1,+5,0,+2,"Darkvision,Fey Ancestry,Opportunity Attack",,
Mind Master Fonmara,Balanced,5,38,12,+1,+3,,,,,,,,,,,,Full Resistance,,,,10,12,12,16,12,10,0,+1,+1,+6,+4,0,"Duergar Resilience,Dwarven Resilience,Opportunity Attack,Sunlight Sensitivity,Superior Darkvision",,
Mind Master Fonmara,Tactician,5,49,12,+1,+3,,,,,,,,,,,,Full Resistance,,,,10,12,12,16,12,10,0,+1,+1,+6,+4,0,"Duergar Resilience,Dwarven Resilience,Opportunity Attack,Sunlight Sensitivity,Superior Darkvision",,
Gish For'reth,Balanced,5,53,16,+1,+3,,,,,,,,,,,,,,,,15,12,16,16,15,16,+2,+1,+6,+6,+5,+3,"Githyanki War Magic,Opportunity Attack",,
Gish For'reth,Explorer,5,37,16,+1,+5,,,,,,,,,,,,,,,,15,12,16,16,15,16,+2,+1,+8,+8,+7,+3,"Githyanki War Magic,Opportunity Attack",,
Gish For'reth,Tactician,5,68,16,+1,+3,,,,,,,,,,,,,,,,15,12,16,16,15,16,+2,+1,+6,+6,+5,+3,"Githyanki War Magic,Opportunity Attack,Psionic Empowerment,War Caster: Concentration,War Caster: Opportunity Spell",,
Cashguard Basher Forstum,Balanced,9,85,19,+1,+4,,,,,,,,,,,,,,,,18,12,14,10,12,15,+6,+3,+5,+2,+7,+8,"Charger,Divine Health,Extra Attack,Opportunity Attack,Tenacity",Aura of Protection,
Cashguard Basher Forstum,Explorer,9,59,19,+1,+6,,,,,,,,,,,,,,,,18,12,14,10,12,15,+6,+3,+5,+2,+9,+10,"Charger,Divine Health,Extra Attack,Opportunity Attack,Tenacity",Aura of Protection,
Cashguard Basher Forstum,Tactician,9,110,19,+1,+4,,,,,,,,,,,,,,,,18,12,14,10,12,15,+6,+3,+5,+2,+7,+8,"Charger,Divine Health,Extra Attack,Opportunity Attack,Tenacity",Aura of Protection,
Fortuno Dibbs,Balanced,1,6,10,0,+2,,,,,,,,,,,,,,,,10,10,10,10,10,10,0,0,0,0,0,0,Opportunity Attack,,
Fortuno Dibbs,Explorer,1,4,10,0,+4,,,,,,,,,,,,,,,,10,10,10,10,10,10,0,0,0,0,0,0,Opportunity Attack,,
Fortuno Dibbs,Tactician,1,7,10,0,+2,,,,,,,,,,,,,,,,10,10,10,10,10,10,0,0,0,0,0,0,Opportunity Attack,,
Four,Balanced,1,6,11,0,+2,,,,,,,,,,,,,,,,6,10,10,10,6,8,-2,0,0,0,-2,-1,"Darkvision,Opportunity Attack",,
Four,Explorer,1,4,11,0,+4,,,,,,,,,,,,,,,,6,10,10,10,6,8,-2,0,0,0,-2,-1,"Darkvision,Opportunity Attack",,
Four,Tactician,1,7,11,0,+2,,,,,,,,,,,,,,,,6,10,10,10,6,8,-2,0,0,0,-2,-1,"Darkvision,Fury of the Small,Opportunity Attack",,
Franc Peartree,Balanced,1,6,10,0,+2,,,,,,,,,,,,,,,,10,10,10,10,10,10,0,0,0,0,0,0,Opportunity Attack,Dead,
Franc Peartree,Explorer,1,4,10,0,+4,,,,,,,,,,,,,,,,10,10,10,10,10,10,0,0,0,0,0,0,Opportunity Attack,Dead,
Franc Peartree,Tactician,1,7,10,0,+2,,,,,,,,,,,,,,,,10,10,10,10,10,10,0,0,0,0,0,0,Opportunity Attack,Dead,
Sister Franchot,Balanced,1,6,10,0,+2,,,,,,,,,,,,,,,,10,10,10,10,10,10,0,0,0,0,0,0,Opportunity Attack,,
Sister Franchot,Explorer,1,5,10,0,+4,,,,,,,,,,,,,,,,10,10,10,10,10,10,0,0,0,0,0,0,Opportunity Attack,,
Sister Franchot,Tactician,1,10,10,0,+2,,,,,,,,,,,,,,,,10,10,10,10,10,10,0,0,0,0,0,0,Opportunity Attack,,
Abducted Nobleman,Balanced,1,6,10,0,+2,,,,,,,,,,,,,,,,10,10,10,10,10,10,0,0,0,0,0,0,Opportunity Attack,Dead,
Abducted Nobleman,Explorer,1,4,10,0,+4,,,,,,,,,,,,,,,,10,10,10,10,10,10,0,0,0,0,0,0,Opportunity Attack,Dead,
Abducted Nobleman,Tactician,1,7,10,0,+2,,,,,,,,,,,,,,,,10,10,10,10,10,10,0,0,0,0,0,0,Opportunity Attack,Dead,
Harper Freddo,Balanced,8,59,12,+1,+3,,,,,,,,,,,,,,,,10,12,14,11,18,10,0,+1,+2,+3,+7,0,"Brave,Halfling Luck,Opportunity Attack",,
Harper Freddo,Explorer,8,41,12,+1,+5,,,,,,,,,,,,,,,,10,12,14,11,18,10,0,+1,+2,+5,+9,0,"Brave,Halfling Luck,Opportunity Attack",,
Harper Freddo,Tactician,8,76,12,+1,+3,,,,,,,,,,,,,,,,10,12,14,11,18,10,0,+1,+2,+3,+7,0,"Brave,Halfling Luck,Opportunity Attack",,
Sentry Fredrichk,Balanced,7,48,18,+2,+3,,,,,,,,,,,,,,,,18,14,12,12,10,12,+7,+2,+4,+1,0,+1,"Opportunity Attack,Extra Attack,Brave,Halfling Luck,Shadow Ambush,Born into Darkness",,
Sentry Fredrichk,Explorer,7,33,18,+2,+5,,,,,,,,,,,,,,,,18,14,12,12,10,12,+9,+2,+6,+1,0,+1,"Opportunity Attack,Extra Attack,Brave,Halfling Luck,Shadow Ambush,Born into Darkness",,
Sentry Fredrichk,Tactician,7,62,18,+2,+3,,,,,,,,,,,,,,,,18,14,12,12,10,12,+7,+2,+4,+1,0,+1,"Opportunity Attack,Extra Attack,Brave,Halfling Luck,Shadow Ambush,Born into Darkness",,
Freida Oberon,Balanced,1,6,10,0,+2,,,,,,,,,,,,,,,,10,10,10,10,10,10,0,0,0,0,0,0,,,
Freida Oberon,Explorer,1,4,10,0,+4,,,,,,,,,,,,,,,,10,10,10,10,10,10,0,0,0,0,0,0,,,
Freida Oberon,Tactician,1,7,10,0,+2,,,,,,,,,,,,,,,,10,10,10,10,10,10,0,0,0,0,0,0,,,
Gondian Frell Olsin,Balanced,8,67,13,+1,+3,,,,,,,,,,,,,,,,8,13,16,18,10,12,-1,+1,+3,+4,0,+1,Opportunity Attack,,
Gondian Frell Olsin,Explorer,8,46,13,+1,+5,,,,,,,,,,,,,,,,8,13,16,18,10,12,-1,+1,+3,+4,0,+1,Opportunity Attack,,
Gondian Frell Olsin,Tactician,8,87,13,+1,+3,,,,,,,,,,,,,,,,8,13,16,18,10,12,-1,+1,+3,+4,0,+1,Opportunity Attack,,
Saer Frenello,Balanced,1,8,10,0,+2,,,,,,,,,,,,,,,,10,10,10,10,10,10,0,0,0,0,0,0,"Darkvision,Fey Ancestry,Opportunity Attack",,
Saer Frenello,Explorer,1,5,10,0,+4,,,,,,,,,,,,,,,,10,10,10,10,10,10,0,0,0,0,0,0,"Darkvision,Fey Ancestry,Opportunity Attack",,
Saer Frenello,Tactician,1,10,10,0,+2,,,,,,,,,,,,,,,,10,10,10,10,10,10,0,0,0,0,0,0,"Darkvision,Fey Ancestry,Opportunity Attack",,
Boss Friol,Balanced,11,109,17,+5,+4,,,,,,,,,,,,,,,,11,20,13,14,16,16,0,+5,+1,+2,+3,+3,"Darkvision,Evasion,Gnome Cunning,Opportunity Attack,Reliable Talent,Shortened Stride,Stealthy,Uncanny Dodge",,
Fist of Bane Frode,Balanced,10,62,18,0,+4,,,,,,,,,,,,,,,,19,11,13,10,12,11,+4,0,+1,0,+1,0,"Extra Attack,Opportunity Attack,Tactical Discipline",,
Fist of Bane Frode,Explorer,10,43,18,0,+6,,,,,,,,,,,,,,,,19,11,13,10,12,11,+4,0,+1,0,+1,0,"Extra Attack,Opportunity Attack,Tactical Discipline",,
Fist of Bane Frode,Tactician,10,80,18,0,+4,,,,,,,,,,,,,,,,19,11,13,10,12,11,+4,0,+1,0,+1,0,"Extra Attack,Opportunity Attack,Tactical Discipline",,
Frothilda,Balanced,1,8,10,0,+2,,,,,,,,,,,,,,,,10,10,10,10,10,10,0,0,0,0,0,0,"Darkvision,Fey Ancestry,Opportunity Attack",,
Frothilda,Explorer,1,5,10,0,+4,,,,,,,,,,,,,,,,10,10,10,10,10,10,0,0,0,0,0,0,"Darkvision,Fey Ancestry,Opportunity Attack",,
Frothilda,Tactician,1,10,10,0,+2,,,,,,,,,,,,,,,,10,10,10,10,10,10,0,0,0,0,0,0,"Darkvision,Fey Ancestry,Opportunity Attack",,
Saer Frunilla,Balanced,1,6,10,0,+2,,,,,,,,,,,,,,,,10,10,10,10,10,10,0,0,0,0,0,0,Opportunity Attack,,
Saer Frunilla,Explorer,1,4,10,0,+4,,,,,,,,,,,,,,,,10,10,10,10,10,10,0,0,0,0,0,0,Opportunity Attack,,
Saer Frunilla,Tactician,1,8,10,0,+2,,,,,,,,,,,,,,,,10,10,10,10,10,10,0,0,0,0,0,0,Opportunity Attack,,
Watchman Fry,Balanced,10,84,18,+2,+4,,,,,,,,,,,,,,,,18,14,15,11,10,12,+8,+2,+6,0,0,+1,"Great Weapon Master: All In,Great Weapon Master: Bonus Attack,Extra Attack,Great Weapon Fighting,Opportunity Attack",,
Watchman Fry,Explorer,10,58,18,+2,+6,,,,,,,,,,,,,,,,18,14,15,11,10,12,+10,+2,+8,0,0,+1,"Great Weapon Master: All In,Great Weapon Master: Bonus Attack,Extra Attack,Great Weapon Fighting,Opportunity Attack",,
Watchman Fry,Tactician,10,109,18,+2,+4,,,,,,,,,,,,,,,,18,14,15,11,10,12,+8,+2,+6,0,0,+1,"Great Weapon Master: All In,Great Weapon Master: Bonus Attack,Extra Attack,Great Weapon Fighting,Opportunity Attack",,
Fuffi Fuffers,Balanced,2,18,10,+3,+2,,,,,,,,,,,,,,,,11,16,13,12,12,10,0,+3,+1,+1,+1,0,"Gnome Cunning,Opportunity Attack,Shortened Stride,Stone Camouflage,Superior Darkvision",,
Ironshield Fulguro,Balanced,10,18,10,+3,+4,,,,,,,,,,,,,,,,11,16,13,12,12,10,0,+3,+1,+1,+1,0,"Gnome Cunning,Opportunity Attack,Shortened Stride,Stone Camouflage,Superior Darkvision",,
Funglesby,Balanced,8,60,15,+4,+3,,,,,,,,,,,,Full Resistance,,,,12,18,12,10,16,12,+4,+7,+1,0,+3,+1,"Companion's Bond,Darkvision,Dwarven Resilience,Exceptional Training,Extra Attack,Mage Breaker,Opportunity Attack,Wasteland Wanderer: Poison",,
Funglesby,Explorer,8,42,15,+4,+5,,,,,,,,,,,,Full Resistance,,,,12,18,12,10,16,12,+6,+9,+1,0,+3,+1,"Companion's Bond,Darkvision,Dwarven Resilience,Exceptional Training,Extra Attack,Mage Breaker,Opportunity Attack,Wasteland Wanderer: Poison",,
Funglesby,Tactician,8,78,15,+4,+3,,,,,,,,,,,,Full Resistance,,,,12,18,12,10,16,12,+4,+7,+1,0,+3,+1,"Companion's Bond,Darkvision,Dwarven Resilience,Exceptional Training,Extra Attack,Mage Breaker,Opportunity Attack,Wasteland Wanderer: Poison",,
Furbleston,Balanced,3,8,10,0,+2,,,,,,,,,,,,,,,,10,10,10,10,10,10,0,0,0,0,0,0,"Brave,Halfling Luck,Opportunity Attack",,
Adept Furek,Balanced,8,58,15,+1,+3,,,,,,,,,,,,,Full Resistance,,,13,12,16,10,18,10,+1,+1,+3,0,+7,+3,"Darkvision,Fey Ancestry,Opportunity Attack,Sunlight Sensitivity",Death Ward,
Adept Furek,Explorer,8,40,15,+1,+5,,,,,,,,,,,,,Full Resistance,,,13,12,16,10,18,10,+1,+1,+3,0,+9,+5,"Darkvision,Fey Ancestry,Opportunity Attack,Sunlight Sensitivity",Death Ward,
Adept Furek,Tactician,8,75,15,+1,+3,,,,,,,,,,,,,Full Resistance,,,13,12,16,10,18,10,+1,+1,+3,0,+7,+3,"Channel Divinity: War God's Blessing,Darkvision,Fey Ancestry,Opportunity Attack,Sunlight Sensitivity",Death Ward,
Fuschia Vineshoot,Balanced,1,8,10,0,+2,,,,,,,,,,,,,,,,10,10,10,10,10,10,0,0,0,0,0,0,"Darkvision,Fey Ancestry,Opportunity Attack",,
Fuschia Vineshoot,Explorer,1,5,10,0,+4,,,,,,,,,,,,,,,,10,10,10,10,10,10,0,0,0,0,0,0,"Darkvision,Fey Ancestry,Opportunity Attack",,
Fuschia Vineshoot,Tactician,1,10,10,0,+2,,,,,,,,,,,,,,,,10,10,10,10,10,10,0,0,0,0,0,0,"Darkvision,Fey Ancestry,Opportunity Attack",,
Death's Head of Bhaal Fustian,Balanced,8,76,15,+5,+3,,,,,,,,,,,,,,,,20,20,20,14,13,16,+5,+5,+5,+2,+1,+3,"Darkvision,Extra Attack,Magic Resistance,Murder Hungry,Opportunity Attack,Prey Upon the Weak","Aura of Murder,Unstoppable",
Death's Head of Bhaal Fustian,Explorer,8,53,15,+5,+5,,,,,,,,,,,,,,,,20,20,20,14,13,16,+5,+5,+5,+2,+1,+3,"Darkvision,Extra Attack,Magic Resistance,Murder Hungry,Opportunity Attack,Prey Upon the Weak","Aura of Murder,Unstoppable",
Death's Head of Bhaal Fustian,Tactician,8,98,15,+5,+3,,,,,,,,,,,,,,,,20,20,20,14,13,16,+5,+5,+5,+2,+1,+3,"Darkvision,Extra Attack,Magic Resistance,Murder Hungry,Opportunity Attack,Prey Upon the Weak,Sentinel: Opportunity Advantage,Sentinel: Snare,Sentinel: Vengeance","Aura of Murder,Unstoppable",
Fyl Baragezian,Balanced,1,6,10,0,+2,,,,,,,,,,,,,,,,10,10,10,10,10,10,0,0,0,0,0,0,Opportunity Attack,,
Fyl Baragezian,Explorer,1,4,10,0,+4,,,,,,,,,,,,,,,,10,10,10,10,10,10,0,0,0,0,0,0,Opportunity Attack,,
Fyl Baragezian,Tactician,1,7,10,0,+2,,,,,,,,,,,,,,,,10,10,10,10,10,10,0,0,0,0,0,0,Opportunity Attack,,
Fyodor,Balanced,3,27,14,+2,+2,,,,,,,,,,,,,,,,15,14,13,8,11,9,+2,+2,+1,-1,0,-1,"Brute,Darkvision,Opportunity Attack,Savage Attacker",,
Fyodor,Tactician,3,35,14,+2,+2,,,,,,,,,,,,,,,,15,14,13,8,11,9,+2,+2,+1,-1,0,-1,"Brute,Darkvision,Opportunity Attack,Savage Attacker",,
Fyrd Nuugh,Balanced,1,8,10,0,+2,,,,,,,,,,,,,,,,10,10,10,10,10,10,0,0,0,0,0,0,Opportunity Attack,,
Fyrd Nuugh,Explorer,1,6,10,0,+4,,,,,,,,,,,,,,,,10,10,10,10,10,10,0,0,0,0,0,0,Opportunity Attack,,
Fyrd Nuugh,Tactician,1,10,10,0,+2,,,,,,,,,,,,,,,,10,10,10,10,10,10,0,0,0,0,0,0,Opportunity Attack,,
Fytz the Firecracker,Balanced,1,8,10,0,+2,,,,,,,,,,,,Full Resistance,,,,10,10,10,10,10,10,0,0,0,0,0,0,"Darkvision,Dwarven Resilience,Opportunity Attack",,
Fytz the Firecracker,Explorer,1,5,10,0,+4,,,,,,,,,,,,Full Resistance,,,,10,10,10,10,10,10,0,0,0,0,0,0,"Darkvision,Dwarven Resilience,Opportunity Attack",,
Fytz the Firecracker,Tactician,1,10,10,0,+2,,,,,,,,,,,,Full Resistance,,,,10,10,10,10,10,10,0,0,0,0,0,0,"Darkvision,Dwarven Resilience,Opportunity Attack",,
High Gish'ra G'imre,Balanced,9,76,17,+4,+4,,,,,,,,,,,,,,,,14,19,16,15,17,13,+6,+8,+3,+2,+3,+1,"Advanced Unarmoured Movement,Deflect Missiles,Evasion,Extra Attack,Ki-Empowered Strikes,Martial Arts: Bonus Unarmed Strike,Martial Arts: Dextrous Attacks,Martial Arts: Deft Strikes,Opportunity Attack,Psionic Empowerment,Slow Fall,Stillness of Mind,Unarmoured Defence (Monk),Unarmoured Movement",Astral Gravity,
High Gish'ra G'imre,Explorer,9,53,17,+4,+6,,,,,,,,,,,,,,,,14,19,16,15,17,13,+8,+10,+3,+2,+3,+1,"Advanced Unarmoured Movement,Deflect Missiles,Evasion,Extra Attack,Ki-Empowered Strikes,Martial Arts: Bonus Unarmed Strike,Martial Arts: Dextrous Attacks,Martial Arts: Deft Strikes,Opportunity Attack,Psionic Empowerment,Slow Fall,Stillness of Mind,Unarmoured Defence (Monk),Unarmoured Movement",Astral Gravity,
High Gish'ra G'imre,Tactician,9,98,17,+4,+4,,,,,,,,,,,,,,,,14,19,16,15,17,13,+6,+8,+3,+2,+3,+1,"Advanced Unarmoured Movement,Deflect Missiles,Evasion,Extra Attack,Ki-Empowered Strikes,Martial Arts: Bonus Unarmed Strike,Martial Arts: Dextrous Attacks,Martial Arts: Deft Strikes,Opportunity Attack,Psionic Empowerment,Slow Fall,Stillness of Mind,Unarmoured Defence (Monk),Unarmoured Movement",Astral Gravity,
Ardent G'nuril,Balanced,5,28,12,+2,+3,,,,,,,,,,,,,,,,10,14,16,16,14,10,0,+2,+6,+6,+5,0,"Extra Attack,Opportunity Attack",,
Ardent G'nuril,Tactician,5,36,12,+2,+3,,,,,,,,,,,,,,,,10,14,16,16,14,10,0,+2,+6,+6,+5,0,"Extra Attack,Opportunity Attack,Potent Cantrip,Psionic Empowerment",,
Raider G'r'ath,Balanced,5,32,15,+3,+3,,,,,,,,,,,,,,,,10,17,14,10,12,10,+3,+3,+5,0,+1,0,"Crossbow Expert: Point-Blank,Crossbow Expert: Wounding,Extra Attack,Opportunity Attack",,
Raider G'r'ath,Explorer,5,22,15,+3,+5,,,,,,,,,,,,,,,,10,17,14,10,12,10,+5,+3,+7,0,+1,0,"Crossbow Expert: Point-Blank,Crossbow Expert: Wounding,Extra Attack,Opportunity Attack",,
Raider G'r'ath,Tactician,5,41,15,+3,+3,,,,,,,,,,,,,,,,10,17,14,10,12,10,+3,+3,+5,0,+1,0,"Archery,Crossbow Expert: Point-Blank,Crossbow Expert: Wounding,Extra Attack,Opportunity Attack,Psionic Empowerment",,
Gable,Balanced,,5,10,0,,,,,,,,,,,,,,,,,10,10,10,10,10,10,0,0,0,0,0,0,Opportunity Attack,,
Gable,Explorer,,3,10,0,,,,,,,,,,,,,,,,,10,10,10,10,10,10,0,0,0,0,0,0,Opportunity Attack,,
Gable,Tactician,,6,10,0,,,,,,,,,,,,,,,,,10,10,10,10,10,10,0,0,0,0,0,0,Opportunity Attack,,
Gaff Garsem,Balanced,1,6,10,0,+2,,,,,,,,,,,,,,,,10,10,10,10,10,10,0,0,0,0,0,0,Opportunity Attack,,
Gaff Garsem,Explorer,1,3,10,0,+4,,,,,,,,,,,,,,,,10,10,10,10,10,10,0,0,0,0,0,0,Opportunity Attack,,
Gaff Garsem,Tactician,1,8,10,0,+2,,,,,,,,,,,,,,,,10,10,10,10,10,10,0,0,0,0,0,0,Opportunity Attack,,
Gaheid Slickjaw,Balanced,1,8,10,0,+2,,,,,,,,,,,,,,,,10,10,10,10,10,10,0,0,0,0,0,0,"Opportunity Attack,Toggle Non-Lethal Attacks",,
Gaheid Slickjaw,Explorer,1,16,10,0,+4,,,,,,,,,,,,,,,,10,10,10,10,10,10,+4,+4,+4,+4,+4,+4,"Opportunity Attack,Toggle Non-Lethal Attacks",,
Fist Gai,Balanced,8,55,16,+5,+3,,,,,,,,,,,,,,,,12,21,14,8,14,10,+4,+8,+2,-1,+2,0,"Archery,Crossbow Expert: Point-Blank,Extra Attack,Opportunity Attack",,
Fist Gai,Explorer,8,51,16,+5,+5,,,,,,,,,,,,,,,,12,21,14,8,14,10,+6,+10,+2,-1,+2,0,"Archery,Crossbow Expert: Point-Blank,Extra Attack,Opportunity Attack",,
Fist Gai,Tactician,8,58,16,+5,+3,,,,,,,,,,,,,,,,12,21,14,8,14,10,+4,+8,+2,-1,+2,0,"Archery,Crossbow Expert: Point-Blank,Extra Attack,Opportunity Attack",,
Sapper Gald,Balanced,2,18,12,+2,+2,,,,,,,,,,,,,,,,10,14,12,8,8,8,0,+2,+1,-1,-1,-1,"Darkvision,Opportunity Attack",Death Wish,
Sapper Gald,Explorer,2,12,12,+2,+4,,,,,,,,,,,,,,,,10,14,12,8,8,8,0,+2,+1,-1,-1,-1,"Darkvision,Opportunity Attack",Death Wish,
Sapper Gald,Tactician,2,27,12,+2,+2,,,,,,,,,,,,,,,,10,14,12,8,8,8,0,+2,+1,-1,-1,-1,"Darkvision,Fury of the Small,Mobile: Evade Difficult Terrain,Opportunity Attack",Death Wish,
Gale,Balanced,1,8,11,+1,+2,,,,,,,,,,,,,,,,8,13,15,17,10,12,-1,+1,+2,+5,+2,+1,,,
Galem Meats,Balanced,5,36,14,0,+3,,,,,,,,,,,,,,,,18,10,18,10,10,10,+7,0,+7,0,0,0,"Extra Attack,Opportunity Attack",,
Galem Meats,Explorer,5,25,14,0,+5,,,,,,,,,,,,,,,,18,10,18,10,10,10,+9,0,+9,0,0,0,"Extra Attack,Opportunity Attack",,
Galem Meats,Tactician,5,46,14,0,+3,,,,,,,,,,,,,,,,18,10,18,10,10,10,+7,0,+7,0,0,0,"Extra Attack,Opportunity Attack",,
Cashguard Galleass,Balanced,9,76,19,+4,+4,,,,,,,,,,,,,,,,14,18,13,10,10,10,+6,+8,+2,0,0,0,"Mobile: Evade Difficult Terrain,Mobile: Evade Opportunity Attack,Extra Attack,Mobile,Opportunity Attack",,
Cashguard Galleass,Explorer,9,53,19,+4,+6,,,,,,,,,,,,,,,,14,18,13,10,10,10,+8,+10,+2,0,0,0,"Mobile: Evade Difficult Terrain,Mobile: Evade Opportunity Attack,Extra Attack,Mobile,Opportunity Attack",,
Cashguard Galleass,Tactician,9,98,19,+4,+4,,,,,,,,,,,,,,,,14,18,13,10,10,10,+6,+8,+2,0,0,0,"Mobile: Evade Difficult Terrain,Mobile: Evade Opportunity Attack,Extra Attack,Mobile,Opportunity Attack",,
Gan,Balanced,1,5,10,0,+2,,,,,,,,Full Resistance,,,,,,,,10,10,10,10,10,10,0,0,0,0,0,0,"Darkvision,Hellish Resistance",,
Gan,Explorer,1,3,10,0,+4,,,,,,,,Full Resistance,,,,,,,,10,10,10,10,10,10,0,0,0,0,0,0,"Darkvision,Hellish Resistance",,
Gan,Tactician,1,6,10,0,+2,,,,,,,,Full Resistance,,,,,,,,10,10,10,10,10,10,0,0,0,0,0,0,"Darkvision,Hellish Resistance",,
Gandrel,Balanced,5,64,15,+4,+3,,,,,,,,,,,,,,,,16,18,16,12,16,10,+6,+7,+3,+1,+3,0,"Extra Attack,Feller of Monsters,Opportunity Attack,Scar of Fury",,
Gandrel,Explorer,5,44,15,+4,+5,,,,,,,,,,,,,,,,16,18,16,12,16,10,+8,+9,+3,+1,+3,0,"Extra Attack,Feller of Monsters,Opportunity Attack,Scar of Fury",,
Gandrel,Tactician,5,83,15,+4,+3,,,,,,,,,,,,,,,,16,18,16,12,16,10,+6,+7,+3,+1,+3,0,"Extra Attack,Feller of Monsters,Opportunity Attack,Scar of Fury,Scar of the Dunes",,
Bosun Gannet,Balanced,1,6,10,0,+2,,,,,,,,,,,,,,,,10,10,10,10,10,10,0,0,0,0,0,0,Opportunity Attack,,
Bosun Gannet,Explorer,1,5,10,0,+4,,,,,,,,,,,,,,,,10,10,10,10,10,10,0,0,0,0,0,0,Opportunity Attack,,
Bosun Gannet,Tactician,1,7,10,0,+2,,,,,,,,,,,,,,,,10,10,10,10,10,10,0,0,0,0,0,0,Opportunity Attack,,
Garias,Balanced,4,28,14,+3,+2,,,,,,,,,,,,,,,,12,16,12,12,14,10,+1,+3,+1,+1,+2,+2,Opportunity Attack,,
Garias,Explorer,4,19,14,+3,+4,,,,,,,,,,,,,,,,12,16,12,12,14,10,+1,+3,+1,+1,+2,+4,Opportunity Attack,,
Garias,Tactician,4,36,14,+3,+2,,,,,,,,,,,,,,,,12,16,12,12,14,10,+1,+3,+1,+1,+2,+2,Opportunity Attack,,
Night Blade Garithon,Balanced,3,28,12,+2,+2,,,,,,,,,,,,,,,,11,15,12,10,11,14,0,+2,+1,0,0,+2,"Darkvision,Opportunity Attack",Aura of Murder,
Night Blade Garithon,Explorer,3,19,12,+2,+4,,,,,,,,,,,,,,,,11,15,12,10,11,14,0,+2,+1,0,0,+2,"Darkvision,Opportunity Attack",Aura of Murder,
Night Blade Garithon,Tactician,3,36,12,+2,+2,,,,,,,,,,,,,,,,11,15,12,10,11,14,0,+2,+1,0,0,+2,"Darkvision,Opportunity Attack",Aura of Murder,
Iron Consul Garmin,Balanced,11,93,18,0,+4,,,,,,,,,,,,,,,,20,11,16,10,15,16,+5,0,+3,0,+6,+3,"Opportunity Attack,Extra Attack,Tactical Discipline",,
Iron Consul Garmin,Explorer,11,65,18,0,+6,,,,,,,,,,,,,,,,20,11,16,10,15,16,+5,0,+3,0,+8,+3,"Opportunity Attack,Extra Attack,Tactical Discipline",,
Iron Consul Garmin,Tactician,11,120,18,0,+4,,,,,,,,,,,,,,,,20,11,16,10,15,16,+5,0,+3,0,+6,+3,"Opportunity Attack,Extra Attack,Tactical Discipline",,
Garmor,Balanced,4,52,14,+1,+2,,,,,,,,,,,,Full Resistance,,,,16,12,16,10,12,12,+5,+1,+5,0,+1,+1,"Danger Sense,Duergar Resilience,Dwarven Resilience,Opportunity Attack,Sunlight Sensitivity,Superior Darkvision,Unarmoured Defence (Barbarian)",,
Garmor,Explorer,4,36,14,+1,+4,,,,,,,,,,,,Full Resistance,,,,16,12,16,10,12,12,+7,+1,+7,0,+1,+1,"Danger Sense,Duergar Resilience,Dwarven Resilience,Opportunity Attack,Sunlight Sensitivity,Superior Darkvision,Unarmoured Defence (Barbarian)",,
Garmor,Tactician,4,67,14,+1,+2,,,,,,,,,,,,Full Resistance,,,,16,12,16,10,12,12,+5,+1,+5,0,+1,+1,"Danger Sense,Duergar Resilience,Dwarven Resilience,Opportunity Attack,Sunlight Sensitivity,Superior Darkvision,Unarmoured Defence (Barbarian)",,
Garrett,Balanced,1,6,10,0,+2,,,,,,,,,,,,,,,,10,10,10,10,10,10,0,0,0,0,0,0,Opportunity Attack,,
Garrett,Explorer,1,4,10,0,+4,,,,,,,,,,,,,,,,10,10,10,10,10,10,0,0,0,0,0,0,Opportunity Attack,,
Garrett,Tactician,1,7,10,0,+2,,,,,,,,,,,,,,,,10,10,10,10,10,10,0,0,0,0,0,0,Opportunity Attack,,
Garri Orne,Balanced,1,8,10,0,+2,,,,,,,,,,,,,,,,10,10,10,10,10,10,0,0,0,0,0,0,"Darkvision,Fey Ancestry,Opportunity Attack",,
Garri Orne,Explorer,1,5,10,0,+4,,,,,,,,,,,,,,,,10,10,10,10,10,10,0,0,0,0,0,0,"Darkvision,Fey Ancestry,Opportunity Attack",,
Garri Orne,Tactician,1,10,10,0,+2,,,,,,,,,,,,,,,,10,10,10,10,10,10,0,0,0,0,0,0,"Darkvision,Fey Ancestry,Opportunity Attack",,
Sharran Novice Garrigan,Balanced,4,38,13,+2,+2,,,,,,,,,,,,,,,,18,15,15,12,13,13,+6,+2,+4,+1,+1,+1,"Opportunity Attack,Darkvision,Gnome Cunning,Shortened Stride,Shadow Ambush,Born into Darkness",,
Sharran Novice Garrigan,Explorer,4,26,13,+2,+4,,,,,,,,,,,,,,,,18,15,15,12,13,13,+8,+2,+6,+1,+1,+1,"Opportunity Attack,Darkvision,Gnome Cunning,Shortened Stride,Shadow Ambush,Born into Darkness",,
Sharran Novice Garrigan,Tactician,4,49,13,+2,+2,,,,,,,,,,,,,,,,18,15,15,12,13,13,+6,+2,+4,+1,+1,+1,"Opportunity Attack,Darkvision,Gnome Cunning,Shortened Stride,Shadow Ambush,Born into Darkness",,
Garron Flintsplitter,Balanced,1,8,10,0,+2,,,,,,,,,,,,Full Resistance,,,,10,10,10,10,10,10,0,0,0,0,0,0,"Darkvision,Dwarven Resilience,Opportunity Attack",,
Garron Flintsplitter,Explorer,1,5,10,0,+2,,,,,,,,,,,,Full Resistance,,,,10,10,10,10,10,10,0,0,0,0,0,0,"Darkvision,Dwarven Resilience,Opportunity Attack",,
Garron Flintsplitter,Tactician,1,10,10,0,+2,,,,,,,,,,,,Full Resistance,,,,10,10,10,10,10,10,0,0,0,0,0,0,"Darkvision,Dwarven Resilience,Opportunity Attack",,
Fist of Bane Gasper Throaks,Balanced,10,62,18,0,+4,,,,,,,,,,,,,,,,19,11,13,10,12,11,+4,0,+1,0,+1,0,"Extra Attack,Opportunity Attack,Tactical Discipline",,
Fist of Bane Gasper Throaks,Explorer,10,43,18,0,+6,,,,,,,,,,,,,,,,19,11,13,10,12,11,+4,0,+1,0,+1,0,"Extra Attack,Opportunity Attack,Tactical Discipline",,
Fist of Bane Gasper Throaks,Tactician,10,80,18,0,+4,,,,,,,,,,,,,,,,19,11,13,10,12,11,+4,0,+1,0,+1,0,"Extra Attack,Opportunity Attack,Tactical Discipline",,
Gekh Coal,Balanced,7,62,12,+2,+3,,,,,,,,,,,,Full Resistance,,,,16,14,15,18,9,15,+3,+2,+2,+7,+2,+2,"Duergar Resilience,Dwarven Resilience,Grim Harvest,Opportunity Attack,Scourge of Pests,Sunlight Sensitivity,Superior Darkvision",Mage Armour,
Gekh Coal,Explorer,7,43,12,+2,+5,,,,,,,,,,,,Full Resistance,,,,16,14,15,18,9,15,+3,+2,+2,+9,+4,+2,"Duergar Resilience,Dwarven Resilience,Grim Harvest,Opportunity Attack,Scourge of Pests,Sunlight Sensitivity,Superior Darkvision",Mage Armour,
Gekh Coal,Tactician,7,80,15,+2,+3,,,,,,,,,,,,Full Resistance,,,,16,14,15,18,9,15,+3,+2,+2,+7,+2,+2,"Duergar Resilience,Dwarven Resilience,Grim Harvest,Opportunity Attack,Scourge of Pests,Sunlight Sensitivity,Superior Darkvision","Enlarged,Mage Armour",
Gondian Genshu Ofran,Balanced,8,67,13,+1,+3,,,,,,,,,,,,,,,,8,13,16,18,10,12,-1,+1,+3,+4,0,+1,"Darkvision,Gnome Cunning,Opportunity Attack,Shortened Stride",,
Gondian Genshu Ofran,Explorer,8,46,13,+1,+5,,,,,,,,,,,,,,,,8,13,16,18,10,12,-1,+1,+3,+4,0,+1,"Darkvision,Gnome Cunning,Opportunity Attack,Shortened Stride",,
Gondian Genshu Ofran,Tactician,8,87,13,+1,+3,,,,,,,,,,,,,,,,8,13,16,18,10,12,-1,+1,+3,+4,0,+1,"Darkvision,Gnome Cunning,Opportunity Attack,Shortened Stride",,
Harper Geraldus,Balanced,9,64,14,+4,+4,,,,,,,,,,,,,,,,12,18,12,10,14,10,+5,+8,+1,0,+2,0,"Darkvision,Extra Attack,Fey Ancestry,Land's Stride: Difficult Terrain,Opportunity Attack",,
Harper Geraldus,Explorer,9,44,14,+4,+6,,,,,,,,,,,,,,,,12,18,12,10,14,10,+7,+10,+1,0,+2,0,"Darkvision,Extra Attack,Fey Ancestry,Land's Stride: Difficult Terrain,Opportunity Attack",,
Harper Geraldus,Tactician,9,83,14,+4,+4,,,,,,,,,,,,,,,,12,18,12,10,14,10,+5,+8,+1,0,+2,0,"Darkvision,Extra Attack,Fey Ancestry,Land's Stride: Difficult Terrain,Opportunity Attack",,
Stonemason Gergerann,Balanced,5,44,13,+2,+3,,,,,,,,,,,,Full Resistance,,,,12,15,12,10,10,12,+1,+5,+1,+3,0,+1,"Duergar Resilience,Dwarven Resilience,Extra Attack,Opportunity Attack,Sunlight Sensitivity,Superior Darkvision,Uncanny Dodge",,
Stonemason Gergerann,Tactician,5,57,13,+2,+3,,,,,,,,,,,,Full Resistance,,,,12,15,12,10,10,12,+1,+5,+1,+3,0,+1,"Duergar Resilience,Dwarven Resilience,Extra Attack,Opportunity Attack,Sunlight Sensitivity,Superior Darkvision,Uncanny Dodge",,
Gerson the Bent,Balanced,1,8,10,0,+2,,,,,,,,Full Resistance,,,,,,,,10,10,10,10,10,10,0,0,0,0,0,0,"Darkvision,Hellish Resistance,Opportunity Attack",,
Gerson the Bent,Explorer,1,5,10,0,+4,,,,,,,,Full Resistance,,,,,,,,10,10,10,10,10,10,0,0,0,0,0,0,"Darkvision,Hellish Resistance,Opportunity Attack",,
Gerson the Bent,Tactician,1,10,10,0,+2,,,,,,,,Full Resistance,,,,,,,,10,10,10,10,10,10,0,0,0,0,0,0,"Darkvision,Hellish Resistance,Opportunity Attack",,
Gethin,Balanced,,6,10,0,,,,,,,,,,,,,,,,,10,10,10,10,10,10,0,0,0,0,0,0,Opportunity Attack,,
Gethin,Explorer,,4,10,0,,,,,,,,,,,,,,,,,10,10,10,10,10,10,0,0,0,0,0,0,Opportunity Attack,,
Gethin,Tactician,,7,10,0,,,,,,,,,,,,,,,,,10,10,10,10,10,10,0,0,0,0,0,0,Opportunity Attack,,
Gha'an,Balanced,1,1,10,0,+2,,,,,,,,,,,,,,,,10,10,10,10,10,10,0,0,0,0,0,0,Opportunity Attack,,
Gha'an,Tactician,1,6,10,0,+2,,,,,,,,,,,,,,,,10,10,10,10,10,10,0,0,0,0,0,0,Opportunity Attack,,
Fist Ghainemeir,Balanced,8,64,18,+1,+3,,,,,,,,,,,,,,,,23,13,17,10,12,8,+9,+1,+7,0,+1,-1,"Extra Attack,Opportunity Attack,Protection",Slightly Drunk,
Fist Ghainemeir,Tactician,8,68,18,+1,+3,,,,,,,,,,,,,,,,23,13,17,10,12,8,+9,+1,+7,0,+1,-1,"Extra Attack,Opportunity Attack,Protection",Slightly Drunk,
Gherva Minedale,Balanced,1,6,10,0,+2,,,,,,,,,,,,Full Resistance,,,,10,10,10,10,10,10,0,0,0,0,0,0,"Darkvision,Dwarven Resilience,Opportunity Attack",,
Gherva Minedale,Explorer,1,4,10,0,+4,,,,,,,,,,,,Full Resistance,,,,10,10,10,10,10,10,0,0,0,0,0,0,"Darkvision,Dwarven Resilience,Opportunity Attack",,
Gherva Minedale,Tactician,1,7,10,0,+2,,,,,,,,,,,,Full Resistance,,,,10,10,10,10,10,10,0,0,0,0,0,0,"Darkvision,Dwarven Resilience,Opportunity Attack",,
High Gish'ra Ghik'lir,Balanced,9,76,17,+4,+4,,,,,,,,,,,,,,,,14,19,16,15,17,13,+6,+8,+3,+2,+3,+1,"Advanced Unarmoured Movement,Deflect Missiles,Evasion,Extra Attack,Ki-Empowered Strikes,Martial Arts: Bonus Unarmed Strike,Martial Arts: Dextrous Attacks,Martial Arts: Deft Strikes,Opportunity Attack,Psionic Empowerment,Slow Fall,Stillness of Mind,Unarmoured Defence (Monk),Unarmoured Movement",,
High Gish'ra Ghik'lir,Explorer,9,53,17,+4,+6,,,,,,,,,,,,,,,,14,19,16,15,17,13,+8,+10,+3,+2,+3,+1,"Advanced Unarmoured Movement,Deflect Missiles,Evasion,Extra Attack,Ki-Empowered Strikes,Martial Arts: Bonus Unarmed Strike,Martial Arts: Dextrous Attacks,Martial Arts: Deft Strikes,Opportunity Attack,Psionic Empowerment,Slow Fall,Stillness of Mind,Unarmoured Defence (Monk),Unarmoured Movement",,
High Gish'ra Ghik'lir,Tactician,9,98,17,+4,+4,,,,,,,,,,,,,,,,14,19,16,15,17,13,+6,+8,+3,+2,+3,+1,"Advanced Unarmoured Movement,Deflect Missiles,Evasion,Extra Attack,Ki-Empowered Strikes,Martial Arts: Bonus Unarmed Strike,Martial Arts: Dextrous Attacks,Martial Arts: Deft Strikes,Opportunity Attack,Psionic Empowerment,Slow Fall,Stillness of Mind,Unarmoured Defence (Monk),Unarmoured Movement",,
Adept Ghulen,Balanced,8,58,15,+1,+3,,,,,,,,,,,,,Full Resistance,,,13,12,16,10,18,10,+1,+1,+3,0,+7,+3,"Brave,Halfling Luck,Opportunity Attack",Death Ward,
Adept Ghulen,Explorer,8,40,15,+1,+5,,,,,,,,,,,,,Full Resistance,,,13,12,16,10,18,10,+1,+1,+3,0,+9,+5,"Brave,Halfling Luck,Opportunity Attack",Death Ward,
Adept Ghulen,Tactician,8,75,15,+1,+3,,,,,,,,,,,,,Full Resistance,,,13,12,16,10,18,10,+1,+1,+3,0,+7,+3,"Brave,Channel Divinity: War God's Blessing,Halfling Luck,Opportunity Attack",Death Ward,
Veteran Gish Ghush'ins,Balanced,9,85,16,+1,+4,,,,,,,,,,,,,,,,16,12,16,18,16,16,+3,+1,+7,+4,+3,+3,"Githyanki War Magic,Opportunity Attack",Psionic Ward Aura,
Veteran Gish Ghush'ins,Explorer,9,59,16,+1,+6,,,,,,,,,,,,,,,,16,12,16,18,16,16,+3,+1,+9,+4,+3,+3,"Githyanki War Magic,Opportunity Attack",Psionic Ward Aura,
Veteran Gish Ghush'ins,Tactician,9,110,16,+1,+4,,,,,,,,,,,,,,,,16,12,16,18,16,16,+3,+1,+7,+4,+3,+3,"Githyanki War Magic,Opportunity Attack,Psionic Empowerment,War Caster: Concentration,War Caster: Opportunity Spell",Psionic Ward Aura,
Giftu Hudd,Balanced,1,8,10,0,+2,,,,,,,,,,,,Full Resistance,,,,10,10,10,10,10,10,0,0,0,0,0,0,"Darkvision,Dwarven Resilience,Opportunity Attack",,
Giftu Hudd,Explorer,1,5,10,0,+4,,,,,,,,,,,,Full Resistance,,,,10,10,10,10,10,10,0,0,0,0,0,0,"Darkvision,Dwarven Resilience,Opportunity Attack",,
Giftu Hudd,Tactician,1,10,10,0,+2,,,,,,,,,,,,Full Resistance,,,,10,10,10,10,10,10,0,0,0,0,0,0,"Darkvision,Dwarven Resilience,Opportunity Attack",,
Gimblebock,Balanced,2,20,14,0,+2,,,,,,,,,,,,,,,,15,11,15,12,10,13,+4,0,+4,+1,0,+1,"Darkvision,Gnome Cunning,Opportunity Attack,Shortened Stride",,
Gimblebock,Explorer,2,14,14,0,+4,,,,,,,,,,,,,,,,15,11,15,12,10,13,+6,0,+6,+1,0,+1,"Darkvision,Gnome Cunning,Opportunity Attack,Shortened Stride",,
Gimblebock,Tactician,2,26,14,0,+2,,,,,,,,,,,,,,,,15,11,15,12,10,13,+4,0,+4,+1,0,+1,"Darkvision,Gnome Cunning,Opportunity Attack,Shortened Stride",,
Gipkins Jared,Balanced,5,68,10,+2,+3,,,,,,,,,,,,,,,,18,14,15,12,10,10,+4,+2,+2,+1,0,0,"Gnome Cunning,Opportunity Attack,Shortened Stride,Stone Camouflage,Superior Darkvision",,
Dark Breaker Gira,Balanced,10,68,14,0,+4,,,,,,,,,,Full Resistance,,,,,,16,10,12,16,18,12,+3,0,+1,+7,+8,+1,Opportunity Attack,,
Dark Breaker Gira,Explorer,10,47,14,0,+6,,,,,,,,,,Full Resistance,,,,,,16,10,12,16,18,12,+3,0,+1,+9,+10,+1,Opportunity Attack,,
Dark Breaker Gira,Tactician,10,88,14,0,+4,,,,,,,,,,Full Resistance,,,,,,16,10,12,16,18,12,+3,0,+1,+7,+8,+1,Opportunity Attack,,
Gish,Balanced,5,53,16,+1,+3,,,,,,,,,,,,,,,,15,12,16,16,15,16,+2,+1,+6,+6,+5,+3,"Githyanki War Magic,Opportunity Attack",,
Gish,Explorer,5,37,16,+1,+5,,,,,,,,,,,,,,,,15,12,16,16,15,16,+2,+1,+8,+8,+7,+3,"Githyanki War Magic,Opportunity Attack",,
Gish,Tactician,5,68,16,+1,+3,,,,,,,,,,,,,,,,15,12,16,16,15,16,+2,+1,+6,+6,+5,+3,"Githyanki War Magic,Opportunity Attack,Psionic Empowerment,War Caster: Concentration,War Caster: Opportunity Spell",,
Zephyr/Ember Gish'ra,Balanced,9,68,17,+3,+4,,,,,,,,,,,,,,,,12,17,16,17,19,13,+1,+3,+3,+3,+4,+1,"Opportunity Attack,Psionic Empowerment",,
Zephyr/Ember Gish'ra,Explorer,9,40,17,+3,+6,,,,,,,,,,,,,,,,12,17,16,17,19,13,+1,+3,+3,+3,+4,+1,"Opportunity Attack,Psionic Empowerment",,
Zephyr/Ember Gish'ra,Tactician,9,88,17,+3,+4,,,,,,,,,,,,,,,,12,17,16,17,19,13,+1,+3,+3,+3,+4,+1,"Opportunity Attack,Psionic Empowerment",,
Gish'ra,Balanced,9,76,17,+4,+4,,,,,,,,,,,,,,,,14,19,16,15,17,13,+2,+4,+3,+2,+3,+1,"Opportunity Attack,Psionic Empowerment",,
Gish'ra,Explorer,9,53,17,+4,+6,,,,,,,,,,,,,,,,14,19,16,15,17,13,+2,+4,+3,+2,+3,+1,"Opportunity Attack,Psionic Empowerment",,
Gish'ra,Tactician,9,98,17,+4,+4,,,,,,,,,,,,,,,,14,19,16,15,17,13,+2,+4,+3,+2,+3,+1,"Opportunity Attack,Psionic Empowerment",,
Gizelle Flintsplitter,Balanced,1,8,10,0,+2,,,,,,,,,,,,Full Resistance,,,,10,10,10,10,10,10,0,0,0,0,0,0,"Opportunity Attack,Darkvision,Dwarven Resilience",,
Gizelle Flintsplitter,Explorer,1,5,10,0,+2,,,,,,,,,,,,Full Resistance,,,,10,10,10,10,10,10,0,0,0,0,0,0,"Opportunity Attack,Darkvision,Dwarven Resilience",,
Gizelle Flintsplitter,Tactician,1,10,10,0,+2,,,,,,,,,,,,Full Resistance,,,,10,10,10,10,10,10,0,0,0,0,0,0,"Opportunity Attack,Darkvision,Dwarven Resilience",,
Gleeful Clong,Balanced,8,70,17,0,+3,,,,,,,,,,,,,,,,18,11,16,10,10,14,+7,+3,+3,0,0,+2,"Danger Sense,Extra Attack,Fast Movement,Feral Instinct,Opportunity Attack,Tenacity,Unarmoured Defence (Barbarian)",,
Gleeful Clong,Explorer,8,49,17,0,+5,,,,,,,,,,,,,,,,18,11,16,10,10,14,+9,+5,+3,0,0,+2,"Danger Sense,Extra Attack,Fast Movement,Feral Instinct,Opportunity Attack,Tenacity,Unarmoured Defence (Barbarian)",,
Gleeful Clong,Tactician,8,91,17,0,+3,,,,,,,,,,,,,,,,18,11,16,10,10,14,+7,+3,+3,0,0,+2,"Danger Sense,Extra Attack,Fast Movement,Feral Instinct,Opportunity Attack,Tenacity,Unarmoured Defence (Barbarian)",,
Fist Glenvora,Balanced,8,62,16,+5,+3,,,,,,,,,,,,,,,,12,21,14,8,14,10,+4,+8,+2,-1,+2,0,"Archery,Crossbow Expert: Point-Blank,Extra Attack,Opportunity Attack",,
Fist Glenvora,Explorer,8,59,16,+5,+5,,,,,,,,,,,,,,,,12,21,14,8,14,10,+6,+10,+2,-1,+2,0,"Archery,Crossbow Expert: Point-Blank,Extra Attack,Opportunity Attack",,
Fist Glenvora,Tactician,8,64,16,+5,+3,,,,,,,,,,,,,,,,12,21,14,8,14,10,+4,+8,+2,-1,+2,0,"Archery,Crossbow Expert: Point-Blank,Extra Attack,Opportunity Attack",,
Glimmer Whistleborn,Balanced,1,8,10,0,+2,,,,,,,,,,,,,,,,10,10,10,10,10,10,0,0,0,0,0,0,,,
Glingo Trapeze-Master,Balanced,1,10,10,0,+2,,,,,,,,Full Resistance,,,,,,,,12,10,10,16,12,18,+1,+2,0,+3,+1,+6,"Bardic Inspiration,Opportunity Attack",,
Glingo Trapeze-Master,Explorer,1,7,10,0,+4,,,,,,,,Full Resistance,,,,,,,,12,10,10,16,12,18,+1,+4,0,+3,+1,+8,"Bardic Inspiration,Opportunity Attack",,
Glingo Trapeze-Master,Tactician,1,13,10,0,+2,,,,,,,,Full Resistance,,,,,,,,12,10,10,16,12,18,+1,+2,0,+3,+1,+6,"Bardic Inspiration,Opportunity Attack",,
Harper Glist,Balanced,9,76,16,+4,+4,,,,,,,,,,,,,,,,12,18,15,10,14,10,+5,+8,+2,0,+2,0,"Extra Attack,Land's Stride: Difficult Terrain,Opportunity Attack",,
Harper Glist,Explorer,9,53,16,+4,+6,,,,,,,,,,,,,,,,12,18,15,10,14,10,+7,+10,+2,0,+2,0,"Extra Attack,Land's Stride: Difficult Terrain,Opportunity Attack",,
Harper Glist,Tactician,9,98,16,+4,+4,,,,,,,,,,,,,,,,12,18,15,10,14,10,+5,+8,+2,0,+2,0,"Extra Attack,Land's Stride: Difficult Terrain,Opportunity Attack",,
Glomp the looter,Balanced,1,9,13,+1,+2,,,,,,,,,,,,,,,,10,13,10,10,8,8,0,+1,0,0,-1,-1,"Darkvision,Opportunity Attack",,
Glomp the looter,Explorer,1,6,13,+1,+4,,,,,,,,,,,,,,,,10,13,10,10,8,8,0,+1,0,0,-1,-1,"Darkvision,Opportunity Attack",,
Glomp the looter,Tactician,1,11,13,+1,+2,,,,,,,,,,,,,,,,10,13,10,10,8,8,0,+1,0,0,-1,-1,"Darkvision,Opportunity Attack,Fury of the Small",,
Glomp the looter,Honour,1,14,13,+1,+2,,,,,,,,,,,,,,,,10,13,10,10,8,8,0,+1,0,0,-1,-1,"Darkvision,Opportunity Attack,Fury of the Small",,
Untaken Glone,Balanced,10,46,10,0,+4,,,,,,,,,,Full Resistance,,,,,,12,10,10,16,12,10,+1,0,0,+7,+5,0,Opportunity Attack,,
Untaken Glone,Explorer,10,32,10,0,+6,,,,,,,,,,Full Resistance,,,,,,12,10,10,16,12,10,+1,0,0,+9,+7,0,Opportunity Attack,,
Untaken Glone,Tactician,10,59,10,0,+4,,,,,,,,,,Full Resistance,,,,,,12,10,10,16,12,10,+1,0,0,+7,+5,0,Opportunity Attack,,
Sharran Fidelian Gloommask,Balanced,7,74,11,+1,+3,,,,,,,,,,,,,,,,10,12,10,18,12,14,0,+1,0,+7,+4,+2,"Born into Darkness,Darkvision,Fey Ancestry,Opportunity Attack,Shadow Ambush",,
Sharran Fidelian Gloommask,Explorer,7,51,11,+1,+5,,,,,,,,,,,,,,,,10,12,10,18,12,14,0,+1,0,+9,+6,+2,"Born into Darkness,Darkvision,Fey Ancestry,Opportunity Attack,Shadow Ambush",,
Sharran Fidelian Gloommask,Tactician,7,96,11,+1,+3,,,,,,,,,,,,,,,,10,12,10,18,12,14,0,+1,0,+7,+4,+2,"Born into Darkness,Darkvision,Fey Ancestry,Opportunity Attack,Shadow Ambush",,
Gloomy Fentonson,Balanced,1,8,10,0,+2,,,,,,,,,,,,,,,,10,10,10,10,10,10,0,0,0,0,0,0,"Darkvision,Fey Ancestry,Opportunity Attack",,
Gloomy Fentonson,Explorer,1,5,10,0,+4,,,,,,,,,,,,,,,,10,10,10,10,10,10,0,0,0,0,0,0,"Darkvision,Fey Ancestry,Opportunity Attack",,
Gloomy Fentonson,Tactician,1,10,10,0,+2,,,,,,,,,,,,,,,,10,10,10,10,10,10,0,0,0,0,0,0,"Darkvision,Fey Ancestry,Opportunity Attack",,
Gloria,Balanced,1,6,10,0,+2,,,,,,,,,,,,,,,,10,10,10,10,10,10,0,0,0,0,0,0,,,
Gloria,Explorer,1,4,10,0,+4,,,,,,,,,,,,,,,,10,10,10,10,10,10,0,0,0,0,0,0,,,
Gloria,Tactician,1,7,10,0,+2,,,,,,,,,,,,,,,,10,10,10,10,10,10,0,0,0,0,0,0,,,
Glorissima,Balanced,1,6,10,0,+2,,,,,,,,,,,,,,,,10,10,10,10,10,10,0,0,0,0,0,0,Opportunity Attack,,
Glorissima,Explorer,1,3,10,0,+4,,,,,,,,,,,,,,,,10,10,10,10,10,10,0,0,0,0,0,0,Opportunity Attack,,
Glorissima,Tactician,1,7,10,0,+2,,,,,,,,,,,,,,,,10,10,10,10,10,10,0,0,0,0,0,0,Opportunity Attack,,
Glynda Oltower,Balanced,1,6,10,0,+2,,,,,,,,,,,,,,,,10,10,10,10,10,10,0,0,0,0,0,0,Opportunity Attack,,
Glynda Oltower,Explorer,1,4,10,0,+4,,,,,,,,,,,,,,,,10,10,10,10,10,10,0,0,0,0,0,0,Opportunity Attack,,
Glynda Oltower,Tactician,1,7,10,0,+2,,,,,,,,,,,,,,,,10,10,10,10,10,10,0,0,0,0,0,0,Opportunity Attack,,
Death's Head of Bhaal Glyria,Balanced,8,76,15,+5,+3,,,,,,,,,,,,,,,,20,20,20,14,13,16,+5,+5,+5,+2,+1,+3,"Darkvision,Extra Attack,Magic Resistance,Murder Hungry,Opportunity Attack,Prey Upon the Weak","Aura of Murder,Unstoppable",
Death's Head of Bhaal Glyria,Explorer,8,53,15,+5,+5,,,,,,,,,,,,,,,,20,20,20,14,13,16,+5,+5,+5,+2,+1,+3,"Darkvision,Extra Attack,Magic Resistance,Murder Hungry,Opportunity Attack,Prey Upon the Weak","Aura of Murder,Unstoppable",
Death's Head of Bhaal Glyria,Tactician,8,98,15,+5,+3,,,,,,,,,,,,,,,,20,20,20,14,13,16,+5,+5,+5,+2,+1,+3,"Darkvision,Extra Attack,Magic Resistance,Murder Hungry,Opportunity Attack,Prey Upon the Weak,Sentinel: Opportunity Advantage,Sentinel: Snare,Sentinel: Vengeance","Aura of Murder,Unstoppable",
Booyahg Gnat,Balanced,2,13,11,+1,+2,,,,,,,,,,,,,,,,8,12,10,12,8,8,-1,+1,0,+1,-1,-1,"Darkvision,Opportunity Attack",,
Booyahg Gnat,Explorer,2,9,11,+1,+4,,,,,,,,,,,,,,,,8,12,10,12,8,8,-1,+1,0,+1,-1,-1,"Darkvision,Opportunity Attack",,
Booyahg Gnat,Tactician,2,16,11,+1,+2,,,,,,,,,,,,,,,,8,12,10,12,8,8,-1,+1,0,+1,-1,-1,"Darkvision,Fury of the Small,Opportunity Attack",,
Booyahg Gnat,Honour,2,20,11,+1,+2,,,,,,,,,,,,,,,,8,12,10,12,8,8,-1,+1,0,+1,-1,-1,"Darkvision,Fury of the Small,Opportunity Attack",,
Enver Gortash,Balanced,9,275,16,+5,+4,INT,18,,,,,,,,,,,,,Full Resistance,14,20,10,20,16,18,+2,+9,0,+9,+7,+8,"Authority,Crossbow Expert: Point-Blank,Dark Devotion,Dauntless,Enervating Suffusion,High Spellcasting (+1),Magic Resistance,Opportunity Attack,Permanently Armed,Scintillating",,
Enver Gortash,Explorer,9,192,16,+5,+6,INT,20,,,,,,,,,,,,,Full Resistance,14,20,10,20,16,18,+2,+11,0,+11,+9,+10,"Authority,Crossbow Expert: Point-Blank,Dark Devotion,Dauntless,Enervating Suffusion,High Spellcasting (+1),Magic Resistance,Opportunity Attack,Permanently Armed,Scintillating",,
Enver Gortash,Tactician,9,357,16,+10,+4,INT,20,,,,,,,,,,,,,Full Resistance,14,20,10,20,16,18,+2,+9,0,+9,+7,+8,"Alert,Authority,Crossbow Expert: Point-Blank,Dark Devotion,Dauntless,Enervating Suffusion,High Spellcasting (+1),Magic Resistance,Opportunity Attack,Permanently Armed,Scintillating",Legendary Resistance,
Enver Gortash,Honour,9,357,16,+10,+4,INT,20,,,,,,,,,,,,,Full Resistance,14,20,10,20,16,18,+2,+9,0,+9,+7,+8,"Alert,Authority,Crossbow Expert: Point-Blank,Dark Devotion,Dauntless,Enervating Suffusion,High Spellcasting (+1),Magic Resistance,Opportunity Attack,Permanently Armed,Scintillating",Legendary Resistance,Tyrannical Branding
Godfrey Mordels,Balanced,9,64,11,0,+4,,,,,,,,,,,,,,,,18,11,14,12,12,14,+8,0,+6,+1,+1,+2,"Extra Attack,Opportunity Attack,Scar of Dark Thirst",,
Godfrey Mordels,Explorer,9,44,11,0,+6,,,,,,,,,,,,,,,,18,11,14,12,12,14,+10,0,+8,+1,+1,+2,"Extra Attack,Opportunity Attack,Scar of Dark Thirst",,
Gohumberry Tresp,Balanced,1,6,10,0,+2,,,,,,,,,,,,,,,,10,10,10,10,10,10,0,0,0,0,0,0,Opportunity Attack,,
Gohumberry Tresp,Explorer,1,4,10,0,+4,,,,,,,,,,,,,,,,10,10,10,10,10,10,0,0,0,0,0,0,Opportunity Attack,,
Gohumberry Tresp,Tactician,1,7,10,0,+2,,,,,,,,,,,,,,,,10,10,10,10,10,10,0,0,0,0,0,0,Opportunity Attack,,
Golbraith,Balanced,12,135,11,+1,+4,,,,,,,,,,,,,,,,14,12,17,20,16,14,+2,+1,+3,+9,+7,+2,"Opportunity Attack,Sculpt Spells,Tough,War Caster: Concentration,War Caster: Opportunity Spell",,
Captain Goldwake,Balanced,10,68,16,0,+4,,,,,,,,,,Full Resistance,,,,,,16,10,12,16,18,12,+3,0,+1,+7,+8,+1,Opportunity Attack,Bless,
Captain Goldwake,Explorer,10,47,16,0,+6,,,,,,,,,,Full Resistance,,,,,,16,10,12,16,18,12,+3,0,+1,+9,+10,+1,Opportunity Attack,Bless,
Captain Goldwake,Tactician,10,88,16,0,+4,,,,,,,,,,Full Resistance,,,,,,16,10,12,16,18,12,+3,0,+1,+7,+8,+1,Opportunity Attack,Bless,
Gomwick,Balanced,1,1,10,0,+2,,,,,,,,,,,,,,,,10,10,10,10,10,10,0,0,0,0,0,0,Opportunity Attack,Dead,
Gomwick,Tactician,1,7,10,0,+2,,,,,,,,,,,,,,,,10,10,10,10,10,10,0,0,0,0,0,0,Opportunity Attack,Dead,
Fist Gonfalon,Balanced,8,58,16,+5,+3,,,,,,,,,,,,Full Resistance,,,,12,21,14,8,14,10,+4,+8,+2,-1,+2,0,"Archery,Crossbow Expert: Point-Blank,Darkvision,Dwarven Resilience,Extra Attack,Opportunity Attack",,
Fist Gonfalon,Explorer,8,40,16,+5,+5,,,,,,,,,,,,Full Resistance,,,,12,21,14,8,14,10,+6,+10,+2,-1,+2,0,"Archery,Crossbow Expert: Point-Blank,Darkvision,Dwarven Resilience,Extra Attack,Opportunity Attack",,
Fist Gonfalon,Tactician,8,75,16,+5,+3,,,,,,,,,,,,Full Resistance,,,,12,21,14,8,14,10,+4,+8,+2,-1,+2,0,"Archery,Crossbow Expert: Point-Blank,Darkvision,Dwarven Resilience,Extra Attack,Opportunity Attack",,
Watchman Goodge,Balanced,10,84,18,+2,+4,,,,,,,,,,,,,,,,18,14,15,11,10,12,+8,+2,+6,0,0,+1,"Great Weapon Master: All In,Great Weapon Master: Bonus Attack,Extra Attack,Great Weapon Fighting,Opportunity Attack",,
Watchman Goodge,Explorer,10,58,18,+2,+6,,,,,,,,,,,,,,,,18,14,15,11,10,12,+10,+2,+8,0,0,+1,"Great Weapon Master: All In,Great Weapon Master: Bonus Attack,Extra Attack,Great Weapon Fighting,Opportunity Attack",,
Watchman Goodge,Tactician,10,109,18,+2,+4,,,,,,,,,,,,,,,,18,14,15,11,10,12,+8,+2,+6,0,0,+1,"Great Weapon Master: All In,Great Weapon Master: Bonus Attack,Extra Attack,Great Weapon Fighting,Opportunity Attack",,
Goosequill,Balanced,1,8,1,0,+2,,,,,,,,,,,,Full Resistance,,,,10,10,10,10,10,10,0,0,0,0,0,0,"Darkvision,Dwarven Resilience,Opportunity Attack",,
Goosequill,Explorer,1,5,1,0,+4,,,,,,,,,,,,Full Resistance,,,,10,10,10,10,10,10,0,0,0,0,0,0,"Darkvision,Dwarven Resilience,Opportunity Attack",,
Goosequill,Tactician,1,10,1,0,+2,,,,,,,,,,,,Full Resistance,,,,10,10,10,10,10,10,0,0,0,0,0,0,"Darkvision,Dwarven Resilience,Opportunity Attack",,
Gor Falogen,Balanced,1,8,10,0,+2,,,,,,,,,,,,,,,,10,10,10,10,10,10,0,0,0,0,0,0,"Darkvision,Fey Ancestry,Opportunity Attack",,
Gor Falogen,Explorer,1,5,10,0,+4,,,,,,,,,,,,,,,,10,10,10,10,10,10,0,0,0,0,0,0,"Darkvision,Fey Ancestry,Opportunity Attack",,
Gor Falogen,Tactician,1,10,10,0,+2,,,,,,,,,,,,,,,,10,10,10,10,10,10,0,0,0,0,0,0,"Darkvision,Fey Ancestry,Opportunity Attack",,
Goris Ballast,Balanced,1,8,10,0,+2,,,,,,,,,,,,Full Resistance,,,,10,10,10,10,10,10,0,0,0,0,0,0,"Darkvision,Dwarven Resilience,Opportunity Attack",,
Goris Ballast,Explorer,1,5,10,0,+4,,,,,,,,,,,,Full Resistance,,,,10,10,10,10,10,10,0,0,0,0,0,0,"Darkvision,Dwarven Resilience,Opportunity Attack",,
Goris Ballast,Tactician,1,10,10,0,+2,,,,,,,,,,,,Full Resistance,,,,10,10,10,10,10,10,0,0,0,0,0,0,"Darkvision,Dwarven Resilience,Opportunity Attack",,
Sir Gorran Penghyst,Balanced,,8,10,0,,,,,,,,,,,,,,,,,10,10,10,10,10,10,0,0,0,0,0,0,Opportunity Attack,,
Gorrka Bekoone,Balanced,1,8,10,0,+2,,,,,,,,,,,,,,,,10,10,10,10,10,10,0,0,0,0,0,0,Opportunity Attack,,
Gorrka Bekoone,Explorer,1,5,10,0,+4,,,,,,,,,,,,,,,,10,10,10,10,10,10,0,0,0,0,0,0,Opportunity Attack,,
Gorrka Bekoone,Tactician,1,10,10,0,+2,,,,,,,,,,,,,,,,10,10,10,10,10,10,0,0,0,0,0,0,Opportunity Attack,,
Gothric Rillyn,Balanced,1,6,10,0,+2,,,,,,,,,,,,,,,,10,10,10,10,10,10,0,0,0,0,0,0,Opportunity Attack,,
Gothric Rillyn,Explorer,1,4,10,0,+4,,,,,,,,,,,,,,,,10,10,10,10,10,10,0,0,0,0,0,0,Opportunity Attack,,
Gothric Rillyn,Tactician,1,7,10,0,+2,,,,,,,,,,,,,,,,10,10,10,10,10,10,0,0,0,0,0,0,Opportunity Attack,,
Gowlan,Balanced,1,6,1,0,+2,,,,,,,,,,,,,,,,10,10,10,10,10,10,0,0,0,0,0,0,Opportunity Attack,,
Gowlan,Explorer,1,4,1,0,+4,,,,,,,,,,,,,,,,10,10,10,10,10,10,0,0,0,0,0,0,Opportunity Attack,,
Gowlan,Tactician,1,7,1,0,+2,,,,,,,,,,,,,,,,10,10,10,10,10,10,0,0,0,0,0,0,Opportunity Attack,,
Grace Flamm,Balanced,1,8,10,0,+2,,,,,,,,,,,,,,,,10,10,10,10,10,10,0,0,0,0,0,0,Opportunity Attack,,
Grace Flamm,Explorer,1,5,10,0,+4,,,,,,,,,,,,,,,,10,10,10,10,10,10,0,0,0,0,0,0,Opportunity Attack,,
Grace Flamm,Tactician,1,10,10,0,+2,,,,,,,,,,,,,,,,10,10,10,10,10,10,0,0,0,0,0,0,Opportunity Attack,,
Mortarch Gracie Scyre,Balanced,10,78,15,+1,+4,,,,,,,,,,,,,,,,14,12,18,12,18,14,+2,+1,+4,+1,+8,+6,Opportunity Attack,Sanctuary,
Mortarch Gracie Scyre,Explorer,10,54,15,+1,+6,,,,,,,,,,,,,,,,14,12,18,12,18,14,+2,+1,+4,+1,+10,+8,Opportunity Attack,Sanctuary,
Mortarch Gracie Scyre,Tactician,10,101,15,+1,+4,,,,,,,,,,,,,,,,14,12,18,12,18,14,+2,+1,+4,+1,+8,+6,Opportunity Attack,Sanctuary,
Grainne Jodhpur,Balanced,1,6,10,0,+2,,,,,,,,,,,,,,,,10,10,10,10,10,10,0,0,0,0,0,0,Opportunity Attack,,
Grainne Jodhpur,Explorer,1,4,10,0,+4,,,,,,,,,,,,,,,,10,10,10,10,10,10,0,0,0,0,0,0,Opportunity Attack,,
Grainne Jodhpur,Tactician,1,7,10,0,+2,,,,,,,,,,,,,,,,10,10,10,10,10,10,0,0,0,0,0,0,Opportunity Attack,,
Fist Granitdatter,Balanced,8,63,16,+1,+3,,,,,,,,,,,,Full Resistance,,,,21,13,17,10,12,8,+8,+1,+7,0,+1,-1,"Darkvision,Dwarven Resilience,Extra Attack,Great Weapon Fighting,Opportunity Attack,Phalanx Formation,Riposte",,
Fist Granitdatter,Tactician,8,65,16,+1,+3,,,,,,,,,,,,Full Resistance,,,,21,13,17,10,12,8,+8,+1,+7,0,+1,-1,"Darkvision,Dwarven Resilience,Extra Attack,Great Weapon Fighting,Opportunity Attack,Phalanx Formation,Riposte",,
Fist Grassley,Balanced,8,64,18,+1,+3,,,,,,,,,,,,,,,,21,13,17,10,12,8,+8,+1,+7,0,+1,-1,"Extra Attack,Opportunity Attack,Protection",,
Fist Grassley,Explorer,8,59,18,+1,+5,,,,,,,,,,,,,,,,21,13,17,10,12,8,+10,+1,+9,0,+1,-1,"Extra Attack,Opportunity Attack,Protection",,
Fist Grassley,Tactician,8,68,18,+1,+3,,,,,,,,,,,,,,,,21,13,17,10,12,8,+8,+1,+7,0,+1,-1,"Extra Attack,Opportunity Attack,Protection",,
Gratz,Balanced,1,6,10,0,+2,,,,,,,,,,,,,,,,10,10,10,10,10,10,0,0,0,0,0,0,Opportunity Attack,,
Gratz,Explorer,1,4,10,0,+4,,,,,,,,,,,,,,,,10,10,10,10,10,10,0,0,0,0,0,0,Opportunity Attack,,
Gratz,Tactician,1,8,10,0,+2,,,,,,,,,,,,,,,,10,10,10,10,10,10,0,0,0,0,0,0,Opportunity Attack,,
Gravedigger Karcen,Balanced,12,92,15,+1,+4,,,,,,,,,,,,,,,,20,13,15,11,14,13,+9,+1,+6,0,+2,+1,"Adaptable Skullduggery,Great Weapon Master: Bonus Attack,Improved Extra Attack,Opportunity Attack",,
Gravedigger Karcen,Tactician,12,120,15,+1,+4,,,,,,,,,,,,,,,,20,13,15,11,14,13,+9,+1,+6,0,+2,+1,"Adaptable Skullduggery,Great Weapon Master: Bonus Attack,Improved Extra Attack,Opportunity Attack",,
Greenfern,Balanced,1,20,13,+3,+2,,,,,,,,,,,,,,,,12,16,12,10,10,10,+1,+3,+1,0,0,0,"Opportunity Attack,Darkvision,Fey Ancestry",,
Greenfern,Explorer,1,14,13,+3,+4,,,,,,,,,,,,,,,,12,16,12,10,10,10,+1,+3,+1,0,0,0,"Opportunity Attack,Darkvision,Fey Ancestry",,
Greenfern,Tactician,1,26,13,+3,+2,,,,,,,,,,,,,,,,12,16,12,10,10,10,+1,+3,+1,0,0,0,"Opportunity Attack,Darkvision,Fey Ancestry",,
Warlock Greez,Balanced,2,13,11,+1,+2,,,,,,,,,,,,,,,,11,12,10,10,8,14,0,+1,0,0,-1,+2,"Darkvision,Opportunity Attack",,
Warlock Greez,Explorer,2,9,11,+1,+4,,,,,,,,,,,,,,,,11,12,10,10,8,14,0,+1,0,0,-1,+2,"Darkvision,Opportunity Attack",,
Warlock Greez,Tactician,2,16,11,+1,+2,,,,,,,,,,,,,,,,11,12,10,10,8,14,0,+1,0,0,-1,+2,"Darkvision,Fury of the Small,Opportunity Attack",,
Warlock Greez,Honour,2,20,11,+1,+2,,,,,,,,,,,,,,,,11,12,10,10,8,14,0,+1,0,0,-1,+2,"Darkvision,Fury of the Small,Opportunity Attack",,
Gregory Bright,Balanced,1,8,10,0,+2,,,,,,,,,,,,,,,,10,10,10,10,10,10,0,0,0,0,0,0,"Opportunity Attack,Brave,Halfling Luck",,
Gregory Bright,Explorer,1,5,10,0,+2,,,,,,,,,,,,,,,,10,10,10,10,10,10,0,0,0,0,0,0,"Opportunity Attack,Brave,Halfling Luck",,
Gregory Bright,Tactician,1,10,10,0,+2,,,,,,,,,,,,,,,,10,10,10,10,10,10,0,0,0,0,0,0,"Opportunity Attack,Brave,Halfling Luck",,
Grent Grintly,Balanced,1,8,10,0,+2,,,,,,,,,,,,Full Resistance,,,,10,10,10,10,10,10,0,0,0,0,0,0,"Darkvision,Dwarven Resilience,Opportunity Attack",,
Grent Grintly,Explorer,1,5,10,0,+4,,,,,,,,,,,,Full Resistance,,,,10,10,10,10,10,10,0,0,0,0,0,0,"Darkvision,Dwarven Resilience,Opportunity Attack",,
Grent Grintly,Tactician,1,10,10,0,+2,,,,,,,,,,,,Full Resistance,,,,10,10,10,10,10,10,0,0,0,0,0,0,"Darkvision,Dwarven Resilience,Opportunity Attack",,
Harper Grenywald,Balanced,6,52,14,+3,+3,,,,,,,,,,,,,,,,12,16,12,12,14,10,+4,+6,+1,+1,+2,0,"Extra Attack,Opportunity Attack",,
Harper Grenywald,Explorer,6,36,14,+3,+5,,,,,,,,,,,,,,,,12,16,12,12,14,10,+6,+8,+1,+1,+2,0,"Extra Attack,Opportunity Attack",,
Harper Grenywald,Tactician,6,67,14,+3,+3,,,,,,,,,,,,,,,,12,16,12,12,14,10,+4,+6,+1,+1,+2,0,"Extra Attack,Opportunity Attack",,
Warrior Gresh,Balanced,2,15,13,+1,+2,,,,,,,,,,,,,,,,12,13,11,10,8,8,+1,+1,0,0,-1,-1,"Darkvision,Opportunity Attack",,
Warrior Gresh,Explorer,2,10,13,+1,+4,,,,,,,,,,,,,,,,12,13,11,10,8,8,+1,+1,0,0,-1,-1,"Darkvision,Opportunity Attack",,
Warrior Gresh,Tactician,2,19,13,+1,+2,,,,,,,,,,,,,,,,12,13,11,10,8,8,+1,+1,0,0,-1,-1,"Darkvision,Fury of the Small,Opportunity Attack",,
Warrior Gresh,Honour,2,23,13,+1,+2,,,,,,,,,,,,,,,,12,13,11,10,8,8,+1,+1,0,0,-1,-1,"Darkvision,Fury of the Small,Opportunity Attack",,
Fist Gretta,Balanced,6,48,16,+3,+3,,,,,,,,,,,,,,,,11,16,13,12,10,10,+3,+6,+1,+1,0,0,"Darkvision,Extra Attack,Gnome Cunning,Opportunity Attack,Shortened Stride",,
Fist Gretta,Explorer,6,33,16,+3,+5,,,,,,,,,,,,,,,,11,16,13,12,10,10,+5,+8,+1,+1,0,0,"Darkvision,Extra Attack,Gnome Cunning,Opportunity Attack,Shortened Stride",,
Fist Gretta,Tactician,6,62,16,+3,+3,,,,,,,,,,,,,,,,11,16,13,12,10,10,+3,+6,+1,+1,0,0,"Darkvision,Extra Attack,Gnome Cunning,Opportunity Attack,Shortened Stride",,
Sharran Novice Greymask,Balanced,4,38,13,+2,+2,,,,,,,,,,,,,,,,18,14,12,12,10,12,+6,+2,+3,+1,0,+1,"Opportunity Attack,Brave,Halfling Luck,Shadow Ambush,Born into Darkness",,
Sharran Novice Greymask,Explorer,4,26,13,+2,+4,,,,,,,,,,,,,,,,18,14,12,12,10,12,+8,+2,+5,+1,0,+1,"Opportunity Attack,Brave,Halfling Luck,Shadow Ambush,Born into Darkness",,
Sharran Novice Greymask,Tactician,4,49,13,+2,+2,,,,,,,,,,,,,,,,18,14,12,12,10,12,+6,+2,+3,+1,0,+1,"Opportunity Attack,Brave,Halfling Luck,Shadow Ambush,Born into Darkness",,
Corsair Greymon,Balanced,5,58,12,+1,+3,,,,,,,,,,,,Full Resistance,,,,19,12,16,10,12,14,+7,+1,+6,0,+1,+2,"Duergar Resilience,Dwarven Resilience,Extra Attack,Opportunity Attack,Sunlight Sensitivity,Superior Darkvision",,
Corsair Greymon,Explorer,5,40,12,+1,+5,,,,,,,,,,,,Full Resistance,,,,19,12,16,10,12,14,+9,+1,+8,0,+1,+2,"Duergar Resilience,Dwarven Resilience,Extra Attack,Opportunity Attack,Sunlight Sensitivity,Superior Darkvision",,
Corsair Greymon,Tactician,5,75,12,+1,+3,,,,,,,,,,,,Full Resistance,,,,19,12,16,10,12,14,+7,+1,+6,0,+1,+2,"Duergar Resilience,Dwarven Resilience,Extra Attack,Opportunity Attack,Sunlight Sensitivity,Superior Darkvision",,
Black Gauntlet Greyward,Balanced,12,82,18,0,+4,,,,,,,,,,,,Full Resistance,,,,18,11,18,12,15,20,+4,0,+5,+1,+6,+9,"Darkvision,Dwarven Resilience,Extra Attack,Infernal Weapon,Opportunity Attack,Tactical Discipline",,
Black Gauntlet Greyward,Explorer,12,57,18,0,+6,,,,,,,,,,,,Full Resistance,,,,18,11,18,12,15,20,+4,0,+5,+1,+8,+11,"Darkvision,Dwarven Resilience,Extra Attack,Infernal Weapon,Opportunity Attack,Tactical Discipline",,
Black Gauntlet Greyward,Tactician,12,106,18,0,+4,,,,,,,,,,,,Full Resistance,,,,18,11,18,12,15,20,+4,0,+5,+1,+6,+9,"Darkvision,Dwarven Resilience,Extra Attack,Infernal Weapon,Opportunity Attack,Tactical Discipline",,
Gribbo,Balanced,1,7,13,+2,+2,,,,,,,,,,,,,,,,10,14,10,10,8,8,0,+2,0,0,-1,-1,"Darkvision,Opportunity Attack",Slightly Drunk,
Gribbo,Explorer,1,4,13,+2,+4,,,,,,,,,,,,,,,,10,14,10,10,8,8,0,+2,0,0,-1,-1,"Darkvision,Opportunity Attack",Slightly Drunk,
Gribbo,Tactician,1,9,13,+2,+2,,,,,,,,,,,,,,,,10,14,10,10,8,8,0,+2,0,0,-1,-1,"Darkvision,Fury of the Small,Opportunity Attack",Slightly Drunk,
Gribbo,Honour,1,11,13,+2,+2,,,,,,,,,,,,,,,,10,14,10,10,8,8,0,+2,0,0,-1,-1,"Darkvision,Fury of the Small,Opportunity Attack",Slightly Drunk,
Invoker of Bhaal Grice,Balanced,9,56,10,+2,+4,,,,,,,,,,,,,,,,10,14,16,20,14,14,0,+2,+3,+9,+2,+2,"Darkvision,Opportunity Attack,Spell Sniper","Aura of Murder,Mage Armour",
Invoker of Bhaal Grice,Tactician,9,72,10,+2,+4,,,,,,,,,,,,,,,,10,14,16,20,14,14,0,+2,+3,+9,+2,+2,"Darkvision,Focused Conjuration,Opportunity Attack,Spell Sniper","Aura of Murder,Mage Armour",
Fist Griff,Balanced,8,55,16,+5,+3,,,,,,,,,,,,,,,,12,21,14,8,14,10,+4,+8,+2,-1,+2,0,"Archery,Crossbow Expert: Point-Blank,Extra Attack,Opportunity Attack",,
Fist Griff,Explorer,8,38,16,+5,+5,,,,,,,,,,,,,,,,12,21,14,8,14,10,+6,+10,+2,-1,+2,0,"Archery,Crossbow Expert: Point-Blank,Extra Attack,Opportunity Attack",,
Fist Griff,Tactician,8,71,16,+5,+3,,,,,,,,,,,,,,,,12,21,14,8,14,10,+4,+8,+2,-1,+2,0,"Archery,Crossbow Expert: Point-Blank,Extra Attack,Opportunity Attack",,
Tracker Grikka,Balanced,1,7,13,+2,+2,,,,,,,,,,,,,,,,10,14,10,10,8,8,0,+2,0,0,-1,-1,"Darkvision,Opportunity Attack",Slightly Drunk,
Tracker Grikka,Explorer,1,4,13,+2,+4,,,,,,,,,,,,,,,,10,14,10,10,8,8,0,+2,0,0,-1,-1,"Darkvision,Opportunity Attack",Slightly Drunk,
Tracker Grikka,Tactician,1,9,13,+2,+2,,,,,,,,,,,,,,,,10,14,10,10,8,8,0,+2,0,0,-1,-1,"Darkvision,Fury of the Small,Opportunity Attack",Slightly Drunk,
Tracker Grikka,Honour,1,11,13,+2,+2,,,,,,,,,,,,,,,,10,14,10,10,8,8,0,+2,0,0,-1,-1,"Darkvision,Fury of the Small,Opportunity Attack",Slightly Drunk,
Grimbus,Balanced,1,8,10,0,+2,,,,,,,,,,,,,,,,10,10,10,10,10,10,0,0,0,0,0,0,"Darkvision,Fey Ancestry,Opportunity Attack",,
Grimbus,Explorer,1,5,10,0,+4,,,,,,,,,,,,,,,,10,10,10,10,10,10,0,0,0,0,0,0,"Darkvision,Fey Ancestry,Opportunity Attack",,
Grimbus,Tactician,1,10,10,0,+2,,,,,,,,,,,,,,,,10,10,10,10,10,10,0,0,0,0,0,0,"Darkvision,Fey Ancestry,Opportunity Attack",,
Invoker of Bhaal Grimlark,Balanced,9,56,15,+2,+4,,,,,,,,,,,,,,,,10,14,16,20,14,14,0,+2,+3,+9,+2,+2,"Darkvision,Focused Conjuration,Opportunity Attack,Spell Sniper","Aura of Murder,Mage Armour",
Invoker of Bhaal Grimlark,Explorer,9,39,15,+2,+6,,,,,,,,,,,,,,,,10,14,16,20,14,14,0,+2,+3,+11,+2,+2,"Darkvision,Focused Conjuration,Opportunity Attack,Spell Sniper","Aura of Murder,Mage Armour",
Invoker of Bhaal Grimlark,Tactician,9,72,15,+2,+4,,,,,,,,,,,,,,,,10,14,16,20,14,14,0,+2,+3,+9,+2,+2,"Darkvision,Focused Conjuration,Opportunity Attack,Spell Sniper","Aura of Murder,Mage Armour",
Gondian Grindo Biggs,Balanced,8,67,13,+1,+3,,,,,,,,,,,,,,,,8,13,16,18,10,12,-1,+1,+3,+4,0,+1,"Darkvision,Gnome Cunning,Opportunity Attack,Shortened Stride",,
Gondian Grindo Biggs,Explorer,8,46,13,+1,+5,,,,,,,,,,,,,,,,8,13,16,18,10,12,-1,+1,+3,+4,0,+1,"Darkvision,Gnome Cunning,Opportunity Attack,Shortened Stride",,
Gondian Grindo Biggs,Tactician,8,87,13,+1,+3,,,,,,,,,,,,,,,,8,13,16,18,10,12,-1,+1,+3,+4,0,+1,"Darkvision,Gnome Cunning,Opportunity Attack,Shortened Stride",,
Traveller Griska,Balanced,1,8,10,0,+2,,,,,,,,Full Resistance,,,,,,,,10,10,10,10,10,10,0,0,0,0,0,0,"Darkvision,Hellish Resistance,Opportunity Attack",,
Traveller Griska,Explorer,1,5,10,0,+4,,,,,,,,Full Resistance,,,,,,,,10,10,10,10,10,10,0,0,0,0,0,0,"Darkvision,Hellish Resistance,Opportunity Attack",,
Traveller Griska,Tactician,1,10,10,0,+2,,,,,,,,Full Resistance,,,,,,,,10,10,10,10,10,10,0,0,0,0,0,0,"Darkvision,Hellish Resistance,Opportunity Attack",,
Grisselda Dibbs,Balanced,1,6,10,0,+2,,,,,,,,,,,,,,,,10,10,10,10,10,10,0,0,0,0,0,0,Opportunity Attack,,
Grisselda Dibbs,Explorer,1,4,10,0,+4,,,,,,,,,,,,,,,,10,10,10,10,10,10,0,0,0,0,0,0,Opportunity Attack,,
Grisselda Dibbs,Tactician,1,7,10,0,+2,,,,,,,,,,,,,,,,10,10,10,10,10,10,0,0,0,0,0,0,Opportunity Attack,,
Warrior Gronag,Balanced,3,15,13,+1,+2,,,,,,,,,,,,,,,,14,13,11,10,8,8,+2,+1,0,0,-1,-1,"Darkvision,Opportunity Attack",,
Warrior Gronag,Explorer,3,10,13,+1,+4,,,,,,,,,,,,,,,,14,13,11,10,8,8,+2,+1,0,0,-1,-1,"Darkvision,Opportunity Attack",,
Warrior Gronag,Tactician,3,19,13,+1,+2,,,,,,,,,,,,,,,,14,13,11,10,8,8,+2,+1,0,0,-1,-1,"Darkvision,Fury of the Small,Opportunity Attack",,
Warrior Gronag,Honour,3,31,13,+1,+2,,,,,,,,,,,,,,,,14,13,11,10,8,8,+2,+1,0,0,-1,-1,"Darkvision,Fury of the Small,Opportunity Attack",,
Gronch,Balanced,1,26,10,0,+2,,,,,,,,,,,,,,,,18,10,18,10,10,10,+6,0,+6,0,0,0,Opportunity Attack,,
Gronch,Explorer,1,18,10,0,+2,,,,,,,,,,,,,,,,18,10,18,10,10,10,+6,0,+6,0,0,0,Opportunity Attack,,
Gronch,Tactician,1,33,10,0,+2,,,,,,,,,,,,,,,,18,10,18,10,10,10,+6,0,+6,0,0,0,Opportunity Attack,,
Saer Grotpoll,Balanced,1,6,10,0,+2,,,,,,,,,,,,,,,,10,10,10,10,10,10,0,0,0,0,0,0,,,
Saer Grotpoll,Explorer,1,4,10,0,+4,,,,,,,,,,,,,,,,10,10,10,10,10,10,0,0,0,0,0,0,,,
Saer Grotpoll,Tactician,1,7,10,0,+2,,,,,,,,,,,,,,,,10,10,10,10,10,10,0,0,0,0,0,0,,,
Grout,Balanced,10,8,10,0,+4,,,,,,,,,,,,,,,,10,10,10,10,10,10,0,0,0,0,0,0,"Darkvision,Gnome Cunning,Opportunity Attack,Shortened Stride",,
Grout,Explorer,10,5,10,0,+6,,,,,,,,,,,,,,,,10,10,10,10,10,10,0,0,0,0,0,0,"Darkvision,Gnome Cunning,Opportunity Attack,Shortened Stride",,
Grout,Tactician,10,10,10,0,+4,,,,,,,,,,,,,,,,10,10,10,10,10,10,0,0,0,0,0,0,"Darkvision,Gnome Cunning,Opportunity Attack,Shortened Stride",,
Novice Grumm,Balanced,5,44,14,+2,+3,,,,,,,,,,,,Full Resistance,,,,12,15,12,10,12,12,+4,+5,+1,0,+1,+1,"Duergar Resilience,Dwarven Resilience,Extra Attack,Opportunity Attack,Sunlight Sensitivity,Superior Darkvision",,
Novice Grumm,Explorer,5,30,14,+2,+5,,,,,,,,,,,,Full Resistance,,,,12,15,12,10,12,12,+6,+7,+1,0,+1,+1,"Duergar Resilience,Dwarven Resilience,Extra Attack,Opportunity Attack,Sunlight Sensitivity,Superior Darkvision",,
Novice Grumm,Tactician,5,57,14,+2,+3,,,,,,,,,,,,Full Resistance,,,,12,15,12,10,12,12,+4,+5,+1,0,+1,+1,"Duergar Resilience,Dwarven Resilience,Extra Attack,Opportunity Attack,Sunlight Sensitivity,Superior Darkvision",,
Grundlgornn,Balanced,1,6,10,0,+2,,,,,,,,,,,,Full Resistance,,,,10,10,10,10,10,10,0,0,0,0,0,0,"Darkvision,Dwarven Resilience,Opportunity Attack",,
Grundlgornn,Explorer,1,4,10,0,+4,,,,,,,,,,,,Full Resistance,,,,10,10,10,10,10,10,0,0,0,0,0,0,"Darkvision,Dwarven Resilience,Opportunity Attack",,
Grundlgornn,Tactician,1,8,10,0,+2,,,,,,,,,,,,Full Resistance,,,,10,10,10,10,10,10,0,0,0,0,0,0,"Darkvision,Dwarven Resilience,Opportunity Attack",,
Grundril,Balanced,5,44,10,+2,+3,,,,,,,,,,,,Full Resistance,,,,12,15,12,10,12,12,+4,+2,+4,0,+1,+1,"Duergar Resilience,Dwarven Resilience,Extra Attack,Opportunity Attack,Sunlight Sensitivity,Superior Darkvision",,
Grundril,Tactician,5,57,10,+2,+3,,,,,,,,,,,,Full Resistance,,,,12,15,12,10,12,12,+4,+2,+4,0,+1,+1,"Duergar Resilience,Dwarven Resilience,Extra Attack,Opportunity Attack,Sunlight Sensitivity,Superior Darkvision",,
Reaper of Bhaal Gruntman,Balanced,5,45,10,+5,+3,,,,,,,,,,,,Full Resistance,,,,11,20,13,15,12,16,0,+5,+1,+2,+1,+3,"Darkvision,Dwarven Resilience,Extra Attack,Opportunity Attack,Prey Upon the Weak","Aura of Murder,Sanctuary",
Reaper of Bhaal Gruntman,Explorer,5,31,10,+5,+5,,,,,,,,,,,,Full Resistance,,,,11,20,13,15,12,16,0,+5,+1,+2,+1,+3,"Darkvision,Dwarven Resilience,Extra Attack,Opportunity Attack,Prey Upon the Weak","Aura of Murder,Sanctuary",
Reaper of Bhaal Gruntman,Tactician,5,58,10,+5,+3,,,,,,,,,,,,Full Resistance,,,,11,20,13,15,12,16,0,+5,+1,+2,+1,+3,"Darkvision,Dwarven Resilience,Evasion,Extra Attack,Opportunity Attack,Prey Upon the Weak","Aura of Murder,Sanctuary",
Lookout Grush,Balanced,2,15,13,+1,+2,,,,,,,,,,,,,,,,12,13,11,10,8,8,+1,+1,+1,0,-1,-1,"Darkvision,Opportunity Attack",,
Lookout Grush,Explorer,2,10,13,+1,+4,,,,,,,,,,,,,,,,12,13,11,10,8,8,+1,+1,+1,0,-1,-1,"Darkvision,Opportunity Attack",,
Lookout Grush,Tactician,2,19,13,+1,+2,,,,,,,,,,,,,,,,12,13,11,10,8,8,+1,+1,+1,0,-1,-1,"Darkvision,Fury of the Small,Opportunity Attack",,
Lookout Grush,Honour,2,23,13,+1,+2,,,,,,,,,,,,,,,,12,13,11,10,8,8,+1,+1,0,0,-1,-1,"Darkvision,Fury of the Small,Opportunity Attack",,
Sharp-Eye Gruz,Balanced,2,12,13,+2,+2,,,,,,,,,,,,,,,,10,14,10,10,8,8,0,+2,0,0,-1,-1,"Darkvision,Opportunity Attack",,
Sharp-Eye Gruz,Explorer,2,8,13,+2,+4,,,,,,,,,,,,,,,,10,14,10,10,8,8,0,+2,0,0,-1,-1,"Darkvision,Opportunity Attack",,
Sharp-Eye Gruz,Tactician,2,15,13,+2,+2,,,,,,,,,,,,,,,,10,14,10,10,8,8,0,+2,0,0,-1,-1,"Darkvision,Fury of the Small,Opportunity Attack",,
Sharp-Eye Gruz,Honour,2,19,13,+2,+2,,,,,,,,,,,,,,,,10,14,10,10,8,8,0,+2,0,0,-1,-1,"Darkvision,Fury of the Small,Opportunity Attack",,
Fist of Bane Gudrun,Balanced,10,62,18,0,+4,,,,,,,,,,,,,,,,19,11,13,10,12,11,+4,0,+1,0,+1,0,"Extra Attack,Opportunity Attack,Tactical Discipline",,
Fist of Bane Gudrun,Explorer,10,43,18,0,+6,,,,,,,,,,,,,,,,19,11,13,10,12,11,+4,0,+1,0,+1,0,"Extra Attack,Opportunity Attack,Tactical Discipline",,
Fist of Bane Gudrun,Tactician,10,80,18,0,+4,,,,,,,,,,,,,,,,19,11,13,10,12,11,+4,0,+1,0,+1,0,"Extra Attack,Opportunity Attack,Tactical Discipline",,
Guex,Balanced,3,26,15,+1,+2,,,,,,,,Full Resistance,,,,,,,,16,12,15,10,10,12,+5,+1,+4,0,0,+1,"Darkvision,Hellish Resistance,Opportunity Attack",,
Guex,Explorer,3,18,15,+1,+4,,,,,,,,Full Resistance,,,,,,,,16,12,15,10,10,12,+7,+1,+6,0,0,+1,"Darkvision,Hellish Resistance,Opportunity Attack",,
Guex,Tactician,3,33,15,+1,+2,,,,,,,,Full Resistance,,,,,,,,16,12,15,10,10,12,+5,+1,+4,0,0,+1,"Darkvision,Hellish Resistance,Opportunity Attack",,
Gulster Boyes,Balanced,1,6,10,0,+2,,,,,,,,,,,,,,,,10,10,10,10,10,10,0,0,0,0,0,0,Opportunity Attack,Unconscious,
Gulster Boyes,Explorer,1,4,10,0,+4,,,,,,,,,,,,,,,,10,10,10,10,10,10,0,0,0,0,0,0,Opportunity Attack,Unconscious,
Gulster Boyes,Tactician,1,7,10,0,+2,,,,,,,,,,,,,,,,10,10,10,10,10,10,0,0,0,0,0,0,Opportunity Attack,Unconscious,
Fist Gummidge,Balanced,8,55,10,+5,+3,,,,,,,,,,,,,,,,12,21,14,8,14,10,+1,+5,+2,-1,+2,0,"Archery,Crossbow Expert: Point-Blank,Extra Attack,Opportunity Attack",,
Gur Hunter Sharpshooter,Balanced,10,45,15,+4,+4,,,,,,,,,,,,,,,,12,18,12,12,14,10,+5,+8,+1,+1,+2,0,"Opportunity Attack,Extra Attack,Land's Stride: Difficult Terrain,Scar of the Dunes","Elixir of Viciousness,Longstrider",
Gur Hunter Sharpshooter,Explorer,10,31,15,+4,+6,,,,,,,,,,,,,,,,12,18,12,12,14,10,+7,+10,+1,+1,+2,0,"Opportunity Attack,Extra Attack,Land's Stride: Difficult Terrain,Scar of the Dunes","Elixir of Viciousness,Longstrider",
Gur Hunter Sharpshooter,Tactician,10,58,15,+4,+4,,,,,,,,,,,,,,,,12,18,12,12,14,10,+5,+8,+1,+1,+2,0,"Opportunity Attack,Extra Attack,Land's Stride: Difficult Terrain,Scar of the Dunes","Elixir of Viciousness,Longstrider",
Gur Hunter Warrior (Handaxe),Balanced,10,64,17,0,+4,,,,,,,,,,,,,,,,18,11,14,12,12,14,+8,0,+6,+1,+1,+2,"Extra Attack,Opportunity Attack,Scar of Dark Thirst","Elixir of Viciousness,Longstrider",
Gur Hunter Warrior (Handaxe),Explorer,10,44,17,0,+6,,,,,,,,,,,,,,,,18,11,14,12,12,14,+10,0,+8,+1,+1,+2,"Extra Attack,Opportunity Attack,Scar of Dark Thirst","Elixir of Viciousness,Longstrider",
Gur Hunter Warrior (Handaxe),Tactician,10,83,17,0,+4,,,,,,,,,,,,,,,,18,11,14,12,12,14,+8,0,+6,+1,+1,+2,"Extra Attack,Opportunity Attack,Scar of Dark Thirst","Elixir of Viciousness,Longstrider",
Gur Hunter Warrior (Scimitar),Balanced,10,64,17,0,+4,,,,,,,,,,,,,,,,19,11,14,12,12,14,+8,0,+6,+1,+1,+2,"Extra Attack,Opportunity Attack,Scar of Mirages,Superior Material (-1)","Elixir of Viciousness,Longstrider",
Gur Hunter Warrior (Scimitar),Explorer,10,44,17,0,+6,,,,,,,,,,,,,,,,19,11,14,12,12,14,+10,0,+8,+1,+1,+2,"Extra Attack,Opportunity Attack,Scar of Mirages,Superior Material (-1)","Elixir of Viciousness,Longstrider",
Gur Hunter Warrior (Scimitar),Tactician,10,83,17,0,+4,,,,,,,,,,,,,,,,19,11,14,12,12,14,+8,0,+6,+1,+1,+2,"Extra Attack,Opportunity Attack,Scar of Mirages,Superior Material (-1)","Elixir of Viciousness,Longstrider",
Brawler Gurd,Balanced,1,9,13,+1,+2,,,,,,,,,,,,,,,,10,13,10,10,8,8,0,+1,0,0,-1,-1,"Darkvision,Opportunity Attack",Slightly Drunk,
Brawler Gurd,Explorer,1,4,13,+1,+4,,,,,,,,,,,,,,,,10,13,10,10,8,8,0,+1,0,0,-1,-1,"Darkvision,Opportunity Attack",Slightly Drunk,
Brawler Gurd,Tactician,1,11,13,+1,+2,,,,,,,,,,,,,,,,10,13,10,10,8,8,0,+1,0,0,-1,-1,"Darkvision,Fury of the Small,Opportunity Attack",Slightly Drunk,
Brawler Gurd,Honour,1,14,13,+1,+2,,,,,,,,,,,,,,,,10,13,10,10,8,8,0,+1,0,0,-1,-1,"Darkvision,Fury of the Small,Opportunity Attack",Slightly Drunk,
Cashguard Gurira,Balanced,9,76,19,+4,+4,,,,,,,,,,,,,,,,14,18,13,10,10,10,+6,+8,+2,0,0,0,"Extra Attack,Mobile: Evade Difficult Terrain,Mobile: Evade Opportunity Attack,Mobile,Opportunity Attack",,
Cashguard Gurira,Explorer,9,53,19,+4,+6,,,,,,,,,,,,,,,,14,18,13,10,10,10,+8,+10,+2,0,0,0,"Extra Attack,Mobile: Evade Difficult Terrain,Mobile: Evade Opportunity Attack,Mobile,Opportunity Attack",,
Cashguard Gurira,Tactician,9,98,19,+4,+4,,,,,,,,,,,,,,,,14,18,13,10,10,10,+6,+8,+2,0,0,0,"Extra Attack,Mobile: Evade Difficult Terrain,Mobile: Evade Opportunity Attack,Mobile,Opportunity Attack",,
Warlock Gurk,Balanced,2,13,11,+1,+2,,,,,,,,,,,,,,,,11,12,10,10,8,14,0,+1,0,0,-1,+2,"Darkvision,Opportunity Attack",Slightly Drunk,
Warlock Gurk,Explorer,2,9,11,+1,+4,,,,,,,,,,,,,,,,11,12,10,10,8,14,0,+1,0,0,-1,+2,"Darkvision,Opportunity Attack",Slightly Drunk,
Warlock Gurk,Tactician,2,16,11,+1,+2,,,,,,,,,,,,,,,,11,12,10,10,8,14,0,+1,0,0,-1,+2,"Darkvision,Fury of the Small,Opportunity Attack",Slightly Drunk,
Warlock Gurk,Honour,2,20,11,+1,+2,,,,,,,,,,,,,,,,11,12,10,10,8,14,0,+1,0,0,-1,+2,"Darkvision,Fury of the Small,Opportunity Attack",Slightly Drunk,
Sharp-Eye Gurza,Balanced,2,12,13,+2,+2,,,,,,,,,,,,,,,,8,14,10,10,8,8,-1,+2,0,0,-1,-1,"Darkvision,Opportunity Attack",,
Sharp-Eye Gurza,Explorer,2,8,13,+2,+4,,,,,,,,,,,,,,,,8,14,10,10,8,8,-1,+2,0,0,-1,-1,"Darkvision,Opportunity Attack",,
Sharp-Eye Gurza,Tactician,2,15,13,+2,+2,,,,,,,,,,,,,,,,8,14,10,10,8,8,-1,+2,0,0,-1,-1,"Darkvision,Fury of the Small,Opportunity Attack",,
Sharp-Eye Gurza,Honour,2,19,13,+2,+2,,,,,,,,,,,,,,,,8,14,10,10,8,8,-1,+2,0,0,-1,-1,"Darkvision,Fury of the Small,Opportunity Attack",,
Sharran Fidelian Gydd,Balanced,7,74,10,0,+3,,,,,,,,,,,,,,,,12,10,10,18,12,10,+1,0,0,+7,+4,0,"Opportunity Attack,Shadow Ambush,Born into Darkness",,
Sharran Fidelian Gydd,Explorer,7,51,10,0,+5,,,,,,,,,,,,,,,,12,10,10,18,12,10,+1,0,0,+9,+6,0,"Opportunity Attack,Shadow Ambush,Born into Darkness",,
Sharran Fidelian Gydd,Tactician,7,96,10,0,+3,,,,,,,,,,,,,,,,12,10,10,18,12,10,+1,0,0,+7,+4,0,"Opportunity Attack,Shadow Ambush,Born into Darkness",,
Gyldro Angleiron the Smith,Balanced,9,36,12,+1,+4,,,,,,,,,,,,,,,,18,12,14,12,12,14,+8,+1,+6,+1,+1,+2,"Extra Attack,Opportunity Attack",,
Watchman Gyordi,Balanced,10,84,18,+2,+4,,,,,,,,,,,,,,,,18,14,15,11,10,12,+8,+2,+6,0,0,+1,"Great Weapon Master: All In,Great Weapon Master: Bonus Attack,Extra Attack,Great Weapon Fighting,Opportunity Attack",,
Watchman Gyordi,Explorer,10,58,18,+2,+6,,,,,,,,,,,,,,,,18,14,15,11,10,12,+10,+2,+8,0,0,+1,"Great Weapon Master: All In,Great Weapon Master: Bonus Attack,Extra Attack,Great Weapon Fighting,Opportunity Attack",,
Watchman Gyordi,Tactician,10,109,18,+2,+4,,,,,,,,,,,,,,,,18,14,15,11,10,12,+8,+2,+6,0,0,+1,"Great Weapon Master: All In,Great Weapon Master: Bonus Attack,Extra Attack,Great Weapon Fighting,Opportunity Attack",,
Ha-yoon Kim,Balanced,,6,10,0,,,,,,,,,,,,,,,,,10,10,10,10,10,10,0,0,0,0,0,0,Opportunity Attack,,
Ha-yoon Kim,Explorer,,4,10,0,,,,,,,,,,,,,,,,,10,10,10,10,10,10,0,0,0,0,0,0,Opportunity Attack,,
Ha-yoon Kim,Tactician,,8,10,0,,,,,,,,,,,,,,,,,10,10,10,10,10,10,0,0,0,0,0,0,Opportunity Attack,,
Fist Koltz,Balanced,8,64,18,+1,+3,,,,,,,,,,,,,,,,21,13,17,10,12,8,+8,+1,+7,0,+1,-1,"Extra Attack,Opportunity Attack,Protection",,
Fist Koltz,Explorer,8,59,18,+1,+5,,,,,,,,,,,,,,,,21,13,17,10,12,8,+10,+1,+9,0,+1,-1,"Extra Attack,Opportunity Attack,Protection",,
Fist Koltz,Tactician,8,68,18,+1,+3,,,,,,,,,,,,,,,,21,13,17,10,12,8,+8,+1,+7,0,+1,-1,"Extra Attack,Opportunity Attack,Protection",,
Fist Hadenwell,Balanced,4,60,14,0,+2,,,,,,,,,,,,,,,,16,11,14,12,12,14,+5,0,+4,+1,+1,+2,"Extra Attack,Opportunity Attack",,
Fist Hadenwell,Explorer,4,42,14,0,+4,,,,,,,,,,,,,,,,16,11,14,12,12,14,+7,0,+6,+1,+1,+2,"Extra Attack,Opportunity Attack",,
Fist Hadenwell,Tactician,4,78,14,0,+2,,,,,,,,,,,,,,,,16,11,14,12,12,14,+5,0,+4,+1,+1,+2,"Extra Attack,Opportunity Attack",,
Haeril Birch,Balanced,1,8,10,0,+2,,,,,,,,,,,,,,,,10,10,10,10,10,10,0,0,0,0,0,0,"Darkvision,Fey Ancestry,Opportunity Attack",,
Fist Hagedorrn,Balanced,8,62,16,+5,+3,,,,,,,,,,,,,,,,12,21,14,8,14,10,+4,+8,+2,-1,+2,0,"Archery,Crossbow Expert: Point-Blank,Extra Attack,Opportunity Attack",,
Fist Hagedorrn,Explorer,8,59,16,+5,+5,,,,,,,,,,,,,,,,12,21,14,8,14,10,+6,+10,+2,-1,+2,0,"Archery,Crossbow Expert: Point-Blank,Extra Attack,Opportunity Attack",,
Fist Hagedorrn,Tactician,8,64,16,+5,+3,,,,,,,,,,,,,,,,12,21,14,8,14,10,+4,+8,+2,-1,+2,0,"Archery,Crossbow Expert: Point-Blank,Extra Attack,Opportunity Attack",,
Black Gauntlet Hahns Rives,Balanced,12,106,18,0,+4,,,,,,,,,,,,,,,,18,11,18,12,15,20,+4,0,+5,+1,+6,+9,"Extra Attack,Infernal Weapon,Opportunity Attack,Tactical Discipline",,
Black Gauntlet Hahns Rives,Explorer,12,57,18,0,+6,,,,,,,,,,,,,,,,18,11,18,12,15,20,+4,0,+5,+1,+8,+11,"Extra Attack,Infernal Weapon,Opportunity Attack,Tactical Discipline",,
Black Gauntlet Hahns Rives,Tactician,12,106,18,0,+4,,,,,,,,,,,,,,,,18,11,18,12,15,20,+4,0,+5,+1,+6,+9,"Extra Attack,Infernal Weapon,Opportunity Attack,Tactical Discipline",,
Hairy Henry,Balanced,3,44,14,+2,+2,,,,,,,,,,,,,,,,15,14,13,8,11,9,+2,+2,+1,-1,+2,-1,"Extra Attack,Opportunity Attack,Tenacity",,
Hairy Henry,Explorer,3,30,14,+2,+4,,,,,,,,,,,,,,,,15,14,13,8,11,9,+2,+2,+1,-1,+4,-1,"Extra Attack,Opportunity Attack,Tenacity",,
Hairy Henry,Tactician,3,57,14,+2,+2,,,,,,,,,,,,,,,,15,14,13,8,11,9,+2,+2,+1,-1,+2,-1,"Extra Attack,Opportunity Attack,Savage Attacker,Tenacity",,
Hakeem,Balanced,1,8,10,0,+2,,,,,,,,,,,,Full Resistance,,,,10,10,10,10,10,10,0,0,0,0,0,0,"Darkvision,Dwarven Resilience,Opportunity Attack",,
Hakeem,Explorer,1,5,10,0,+4,,,,,,,,,,,,Full Resistance,,,,10,10,10,10,10,10,0,0,0,0,0,0,"Darkvision,Dwarven Resilience,Opportunity Attack",,
Hakeem,Tactician,1,10,10,0,+2,,,,,,,,,,,,Full Resistance,,,,10,10,10,10,10,10,0,0,0,0,0,0,"Darkvision,Dwarven Resilience,Opportunity Attack",,
Fist Halantow,Balanced,8,64,8,+1,+3,,,,,,,,,,,,,,,,21,13,17,10,12,8,+8,+1,+7,0,+1,-1,"Extra Attack,Opportunity Attack,Protection",,
Fist Halantow,Explorer,8,59,8,+1,+5,,,,,,,,,,,,,,,,21,13,17,10,12,8,+10,+1,+9,0,+1,-1,"Extra Attack,Opportunity Attack,Protection",,
Fist Halantow,Tactician,8,68,8,+1,+3,,,,,,,,,,,,,,,,21,13,17,10,12,8,+8,+1,+7,0,+1,-1,"Extra Attack,Opportunity Attack,Protection",,
Dead Flaming Fist,Balanced,8,62,16,+1,+3,,,,,,,,,,,,,,,,21,13,17,10,12,8,+8,+1,+6,0,+1,-1,"Extra Attack,Great Weapon Fighting,Opportunity Attack,Phalanx Formation,Riposte",Dead,
Dead Flaming Fist,Explorer,8,58,16,+1,+5,,,,,,,,,,,,,,,,21,13,17,10,12,8,+10,+1,+8,0,+1,-1,"Extra Attack,Great Weapon Fighting,Opportunity Attack,Phalanx Formation,Riposte",Dead,
Dead Flaming Fist,Tactician,8,65,16,+1,+3,,,,,,,,,,,,,,,,21,13,17,10,12,8,+8,+1,+6,0,+1,-1,"Extra Attack,Great Weapon Fighting,Opportunity Attack,Phalanx Formation,Riposte",Dead,
Halsin,Balanced,1,1,1,+2,+2,,,,,,,,,,,,,,,,10,14,14,8,17,12,0,+2,+2,+1,+5,+1,"Darkvision,Elven Weapon Training,Fey Ancestry,Opportunity Attack",,
Harper Hangfar,Balanced,6,56,15,+1,+3,,,,,,,,,,,,Full Resistance,,,,18,12,14,10,12,12,+7,+1,+5,0,+1,+1,"Darkvision,Dwarven Resilience,Extra Attack,Opportunity Attack",,
Harper Hangfar,Explorer,6,39,15,+1,+5,,,,,,,,,,,,Full Resistance,,,,18,12,14,10,12,12,+9,+1,+7,0,+1,+1,"Darkvision,Dwarven Resilience,Extra Attack,Opportunity Attack",,
Harper Hangfar,Tactician,6,72,15,+1,+3,,,,,,,,,,,,Full Resistance,,,,18,12,14,10,12,12,+7,+1,+5,0,+1,+1,"Darkvision,Dwarven Resilience,Extra Attack,Opportunity Attack",,
Hannaah Befling,Balanced,1,6,10,0,+2,,,,,,,,,,,,,,,,10,10,10,10,10,10,0,0,0,0,0,0,Opportunity Attack,,
Hannaah Befling,Explorer,1,3,10,0,+4,,,,,,,,,,,,,,,,10,10,10,10,10,10,0,0,0,0,0,0,Opportunity Attack,,
Hannaah Befling,Tactician,1,8,10,0,+2,,,,,,,,,,,,,,,,10,10,10,10,10,10,0,0,0,0,0,0,Opportunity Attack,,
Hans Feather,Balanced,3,8,10,0,+2,,,,,,,,,,,,,,,,10,10,10,10,10,10,0,0,0,0,0,0,"Darkvision,Fey Ancestry,Opportunity Attack",,
Happy Hands,Balanced,1,5,10,0,+2,,,,,,,,,,,,,,,,10,10,10,10,10,10,0,0,0,0,0,0,Opportunity Attack,,
Happy Hands,Explorer,1,4,10,0,+4,,,,,,,,,,,,,,,,10,10,10,10,10,10,0,0,0,0,0,0,Opportunity Attack,,
Happy Hands,Tactician,1,7,10,0,+2,,,,,,,,,,,,,,,,10,10,10,10,10,10,0,0,0,0,0,0,Opportunity Attack,,
Happy Hoarson,Balanced,1,20,12,+2,+2,,,,,,,,,,,,,,,,15,14,12,12,10,12,+2,+2,+1,+1,0,+1,"Brave,Halfling Luck",,
Ch'r'ai Har'rak,Balanced,11,146,18,+2,+4,CHA,17,,,,,,,,,,,,,,18,14,20,12,14,20,+4,+2,+5,+1,+6,+9,"Defence,Extra Attack,Flying Strike,Githborn Psionic Weapon,Opportunity Attack,Supreme Githyanki Parry","Aura of Conquest,Ready to Parry",
Ch'r'ai Har'rak,Explorer,11,102,18,+2,+6,CHA,19,,,,,,,,,,,,,,18,14,20,12,14,20,+4,+2,+5,+1,+8,+11,"Defence,Extra Attack,Flying Strike,Githborn Psionic Weapon,Opportunity Attack,Supreme Githyanki Parry","Aura of Conquest,Ready to Parry",
Ch'r'ai Har'rak,Tactician,11,189,18,+2,+4,CHA,19,,,,,,,,,,,,,,18,14,20,12,14,20,+4,+2,+5,+1,+6,+9,"Defence,Extra Attack,Flying Strike,Githborn Psionic Weapon,Opportunity Attack,Psionic Empowerment,Supreme Githyanki Parry","Aura of Conquest,Legendary Resistance,Ready to Parry",
Ch'r'ai Har'rak,Honour,11,189,18,+2,+4,CHA,19,,,,,,,,,,,,,,18,14,20,12,14,20,+4,+2,+5,+1,+6,+9,"Defence,Extra Attack,Flying Strike,Githborn Psionic Weapon,Legendary Action: Tu'narath's Embrace,Opportunity Attack,Psionic Empowerment,Supreme Githyanki Parry","Aura of Conquest,Legendary Resistance,Ready to Parry","Legendary Action: Tu'narath's Embrace,Tu'narath's Embrace"
Courier Hara,Balanced,1,6,10,0,+2,,,,,,,,,,,,,,,,10,10,10,10,10,10,0,0,0,0,0,0,Opportunity Attack,,
Courier Hara,Explorer,1,4,10,0,+4,,,,,,,,,,,,,,,,10,10,10,10,10,10,0,0,0,0,0,0,Opportunity Attack,,
Courier Hara,Tactician,1,7,10,0,+2,,,,,,,,,,,,,,,,10,10,10,10,10,10,0,0,0,0,0,0,Opportunity Attack,,
Harfang,Balanced,1,8,10,0,+2,,,,,,,,,,,,,,,,10,10,10,10,10,10,0,0,0,0,0,0,"Darkvision,Opportunity Attack",Dead,
Harfang,Explorer,1,5,10,0,+4,,,,,,,,,,,,,,,,10,10,10,10,10,10,0,0,0,0,0,0,"Darkvision,Opportunity Attack",Dead,
Harfang,Tactician,1,10,10,0,+2,,,,,,,,,,,,,,,,10,10,10,10,10,10,0,0,0,0,0,0,"Darkvision,Opportunity Attack",Dead,
Hargin Jooli,Balanced,1,8,10,0,+2,,,,,,,,,,,,Full Resistance,,,,10,10,10,10,10,10,0,0,0,0,0,0,"Darkvision,Dwarven Resilience,Opportunity Attack",,
Hari Nodles,Balanced,1,5,10,0,+2,,,,,,,,,,,,,,,,10,10,10,10,10,10,0,0,0,0,0,0,Opportunity Attack,,
Hari Nodles,Explorer,1,3,10,0,+4,,,,,,,,,,,,,,,,10,10,10,10,10,10,0,0,0,0,0,0,Opportunity Attack,,
Hari Nodles,Tactician,1,6,10,0,+2,,,,,,,,,,,,,,,,10,10,10,10,10,10,0,0,0,0,0,0,Opportunity Attack,,
Harissa Chopeta,Balanced,1,6,10,0,+2,,,,,,,,,,,,,,,,10,10,10,10,10,10,0,0,0,0,0,0,Opportunity Attack,,
Harissa Chopeta,Explorer,1,4,10,0,+4,,,,,,,,,,,,,,,,10,10,10,10,10,10,0,0,0,0,0,0,Opportunity Attack,,
Harissa Chopeta,Tactician,1,8,10,0,+2,,,,,,,,,,,,,,,,10,10,10,10,10,10,0,0,0,0,0,0,Opportunity Attack,,
Harper Archer,Balanced,9,65,14,+3,+4,,,,,,,,,,,,,,,,12,16,12,14,10,12,+5,+7,+1,+2,0,+1,"Archery,Darkvision,Extra Attack,Fey Ancestry,Land's Stride: Difficult Terrain,Opportunity Attack",,
Harper Archer,Explorer,9,45,14,+3,+6,,,,,,,,,,,,,,,,12,16,12,14,10,12,+7,+9,+1,+2,0,+1,"Archery,Darkvision,Extra Attack,Fey Ancestry,Land's Stride: Difficult Terrain,Opportunity Attack",,
Harper Archer,Tactician,9,84,14,+3,+4,,,,,,,,,,,,,,,,12,16,12,14,10,12,+5,+7,+1,+2,0,+1,"Archery,Darkvision,Extra Attack,Fey Ancestry,Land's Stride: Difficult Terrain,Opportunity Attack",,
Fist Wizard Hartlebury,Balanced,10,43,14,+1,+4,,,,,,,,,,,,Full Resistance,,,,8,13,16,20,10,12,-1,+1,+3,+9,+4,+1,"Darkvision,Dwarven Resilience,Opportunity Attack",Mage Armour,
Fist Wizard Hartlebury,Explorer,10,40,14,+1,+6,,,,,,,,,,,,Full Resistance,,,,8,13,16,20,10,12,-1,+1,+3,+11,+6,+1,"Darkvision,Dwarven Resilience,Opportunity Attack",Mage Armour,
Fist Wizard Hartlebury,Tactician,10,45,14,+1,+4,,,,,,,,,,,,Full Resistance,,,,8,13,16,20,10,12,-1,+1,+3,+9,+4,+1,"Darkvision,Dwarven Resilience,Opportunity Attack",Mage Armour,
Harvard Willoughby,Balanced,3,33,10,0,+2,,,,,,,,,,,,,,,,12,10,10,18,12,10,+1,0,0,+6,+3,0,Opportunity Attack,,
Haseid,Balanced,2,25,13,0,+2,,,,,,,,,,,,,,,,14,11,16,10,10,12,+4,0,+5,0,0,+1,"Danger Sense,Tenacity,Unarmoured Defence (Barbarian)",,
Haseid,Explorer,2,17,13,0,+4,,,,,,,,,,,,,,,,14,11,16,10,10,12,+6,0,+7,0,0,+1,"Danger Sense,Tenacity,Unarmoured Defence (Barbarian)",,
Haseid,Tactician,2,32,13,0,+2,,,,,,,,,,,,,,,,14,11,16,10,10,12,+4,0,+5,0,0,+1,"Danger Sense,Tenacity,Unarmoured Defence (Barbarian)",,
Hasmet Hudd,Balanced,1,8,10,0,+2,,,,,,,,,,,,Full Resistance,,,,10,10,10,10,10,10,0,0,0,0,0,0,"Darkvision,Dwarven Resilience,Opportunity Attack",,
Hasmet Hudd,Explorer,1,5,10,0,+4,,,,,,,,,,,,Full Resistance,,,,10,10,10,10,10,10,0,0,0,0,0,0,"Darkvision,Dwarven Resilience,Opportunity Attack",,
Hasmet Hudd,Tactician,1,10,10,0,+2,,,,,,,,,,,,Full Resistance,,,,10,10,10,10,10,10,0,0,0,0,0,0,"Darkvision,Dwarven Resilience,Opportunity Attack",,
Hastar Biggs,Balanced,1,18,11,0,+2,,,,,,,,,,,,,,,,10,10,10,10,10,10,0,0,0,0,0,0,"Darkvision,Gnome Cunning,Opportunity Attack,Shortened Stride",,
Hastar Biggs,Explorer,1,27,11,0,+4,,,,,,,,,,,,,,,,10,10,10,10,10,10,0,0,0,0,0,0,"Darkvision,Gnome Cunning,Opportunity Attack,Shortened Stride",,
Fist Havard,Balanced,8,55,16,+5,+3,,,,,,,,,,,,,,,,12,21,14,8,14,10,+4,+8,+2,-1,+2,0,"Archery,Crossbow Expert: Point-Blank,Extra Attack,Opportunity Attack",,
Fist Havard,Explorer,8,51,16,+5,+5,,,,,,,,,,,,,,,,12,21,14,8,14,10,+6,+10,+2,-1,+2,0,"Archery,Crossbow Expert: Point-Blank,Extra Attack,Opportunity Attack",,
Fist Havard,Tactician,8,58,16,+5,+3,,,,,,,,,,,,,,,,12,21,14,8,14,10,+4,+8,+2,-1,+2,0,"Archery,Crossbow Expert: Point-Blank,Extra Attack,Opportunity Attack",,
Havkelaag,Balanced,10,90,15,+2,+4,,,,,,,,,,,,Full Resistance,,,,11,14,13,18,13,11,0,+2,+1,+4,+1,0,"Draconic Ancestry: Silver (Cold),Draconic Resilience,Duergar Resilience,Dwarven Resilience,Elemental Affinity: Damage,Opportunity Attack,Sunlight Sensitivity,Superior Darkvision",,
Havkelaag,Explorer,10,63,15,+2,+6,,,,,,,,,,,,Full Resistance,,,,11,14,13,18,13,11,0,+2,+1,+4,+1,0,"Draconic Ancestry: Silver (Cold),Draconic Resilience,Duergar Resilience,Dwarven Resilience,Elemental Affinity: Damage,Opportunity Attack,Sunlight Sensitivity,Superior Darkvision",,
Havkelaag,Tactician,10,117,15,+2,+4,,,,,,,,,,,,Full Resistance,,,,11,14,13,18,13,11,0,+2,+1,+4,+1,0,"Draconic Ancestry: Silver (Cold),Draconic Resilience,Duergar Resilience,Dwarven Resilience,Elemental Affinity: Damage,Opportunity Attack,Sunlight Sensitivity,Superior Darkvision",,
Hazelnut,Balanced,1,5,10,0,+2,,,,,,,,,,,,,,,,10,10,10,10,10,10,0,0,0,0,0,0,Opportunity Attack,,
Hazelnut,Explorer,1,3,10,0,+4,,,,,,,,,,,,,,,,10,10,10,10,10,10,0,0,0,0,0,0,Opportunity Attack,,
Hazelnut,Tactician,1,6,10,0,+2,,,,,,,,,,,,,,,,10,10,10,10,10,10,0,0,0,0,0,0,Opportunity Attack,,
Hector Roba,Balanced,1,8,10,0,+2,,,,,,,,,,,,,,,,10,10,10,10,10,10,0,0,0,0,0,0,"Brave,Halfling Luck,Opportunity Attack",,
Hector Roba,Explorer,1,5,10,0,+4,,,,,,,,,,,,,,,,10,10,10,10,10,10,0,0,0,0,0,0,"Brave,Halfling Luck,Opportunity Attack",,
Hector Roba,Tactician,1,10,10,0,+2,,,,,,,,,,,,,,,,10,10,10,10,10,10,0,0,0,0,0,0,"Brave,Halfling Luck,Opportunity Attack",,
Heder Cross,Balanced,1,6,10,0,+2,,,,,,,,,,,,,,,,10,10,10,10,10,10,0,0,0,0,0,0,Opportunity Attack,,
Heder Cross,Explorer,1,6,10,0,+4,,,,,,,,,,,,,,,,10,10,10,10,10,10,0,0,0,0,0,0,Opportunity Attack,,
Heder Cross,Tactician,1,6,10,0,+2,,,,,,,,,,,,,,,,10,10,10,10,10,10,0,0,0,0,0,0,Opportunity Attack,,
Cashguard Artillerist Heen,Balanced,9,76,19,+4,+4,,,,,,,,,,,,,,,,14,18,13,10,10,10,+6,+8,+2,0,0,0,"Mobile: Evade Difficult Terrain,Mobile: Evade Opportunity Attack,Extra Attack,Mobile,Opportunity Attack",,
Cashguard Artillerist Heen,Explorer,9,53,19,+4,+6,,,,,,,,,,,,,,,,14,18,13,10,10,10,+8,+10,+2,0,0,0,"Mobile: Evade Difficult Terrain,Mobile: Evade Opportunity Attack,Extra Attack,Mobile,Opportunity Attack",,
Cashguard Artillerist Heen,Tactician,9,98,19,+4,+4,,,,,,,,,,,,,,,,14,18,13,10,10,10,+6,+8,+2,0,0,0,"Mobile: Evade Difficult Terrain,Mobile: Evade Opportunity Attack,Extra Attack,Mobile,Opportunity Attack",,
Sister Hegira,Balanced,1,6,10,0,+2,,,,,,,,,,,,,,,,10,10,10,10,10,10,0,0,0,0,0,0,Opportunity Attack,,
Sister Hegira,Explorer,1,4,10,0,+4,,,,,,,,,,,,,,,,10,10,10,10,10,10,0,0,0,0,0,0,Opportunity Attack,,
Sister Hegira,Tactician,1,7,10,0,+2,,,,,,,,,,,,,,,,10,10,10,10,10,10,0,0,0,0,0,0,Opportunity Attack,,
Raider Helag,Balanced,5,32,15,+3,+3,,,,,,,,,,,,,,,,10,17,14,10,12,10,+3,+3,+5,0,+1,0,"Opportunity Attack,Extra Attack,Crossbow Expert: Point-Blank,Crossbow Expert: Wounding",,
Raider Helag,Explorer,5,22,15,+3,+5,,,,,,,,,,,,,,,,10,17,14,10,12,10,+5,+3,+7,0,+1,0,"Opportunity Attack,Extra Attack,Crossbow Expert: Point-Blank,Crossbow Expert: Wounding",,
Raider Helag,Tactician,5,41,15,+3,+3,,,,,,,,,,,,,,,,10,17,14,10,12,10,+3,+3,+5,0,+1,0,"Opportunity Attack,Extra Attack,Crossbow Expert: Point-Blank,Crossbow Expert: Wounding,Psionic Empowerment,Archery",,
Fist Helena,Balanced,7,60,16,+2,+3,,,,,,,,,,,,,,,,14,15,15,12,12,13,+5,+2,+5,+1,+1,+1,"Darkvision,Extra Attack,Gnome Cunning,Shortened Stride,Opportunity Attack",,
Fist Helena,Explorer,7,42,16,+2,+5,,,,,,,,,,,,,,,,14,15,15,12,12,13,+7,+2,+7,+1,+1,+1,"Darkvision,Extra Attack,Gnome Cunning,Shortened Stride,Opportunity Attack",,
Fist Helena,Tactician,7,78,16,+2,+3,,,,,,,,,,,,,,,,14,15,15,12,12,13,+5,+2,+5,+1,+1,+1,"Darkvision,Extra Attack,Gnome Cunning,Shortened Stride,Opportunity Attack",,
Cashguard Helenia,Balanced,9,76,19,+4,+4,,,,,,,,,,,,,,,,14,18,13,10,10,10,+6,+8,+2,0,0,0,"Mobile: Evade Difficult Terrain,Mobile: Evade Opportunity Attack,Extra Attack,Mobile,Opportunity Attack",,
Cashguard Helenia,Explorer,9,53,19,+4,+6,,,,,,,,,,,,,,,,14,18,13,10,10,10,+8,+10,+2,0,0,0,"Mobile: Evade Difficult Terrain,Mobile: Evade Opportunity Attack,Extra Attack,Mobile,Opportunity Attack",,
Cashguard Helenia,Tactician,9,98,19,+4,+4,,,,,,,,,,,,,,,,14,18,13,10,10,10,+6,+8,+2,0,0,0,"Mobile: Evade Difficult Terrain,Mobile: Evade Opportunity Attack,Extra Attack,Mobile,Opportunity Attack",,
Hellrider Cleric,Balanced,10,79,21,+2,+4,,,,,,,,Full Resistance,,,,,,,,12,14,15,10,18,12,+1,+2,+2,0,+8,+5,"Darkvision,Hellish Resistance,Superior Plate (-1),Opportunity Attack",Freedom of Movement,
Hellrider Cleric,Explorer,10,55,21,+2,+6,,,,,,,,Full Resistance,,,,,,,,12,14,15,10,18,12,+1,+2,+2,0,+10,+7,"Darkvision,Hellish Resistance,Superior Plate (-1),Opportunity Attack",Freedom of Movement,
Hellrider Cleric,Tactician,10,102,21,+2,+4,,,,,,,,Full Resistance,,,,,,,,12,14,15,10,18,12,+1,+2,+2,0,+8,+5,"Darkvision,Hellish Resistance,Superior Plate (-1),Opportunity Attack",Freedom of Movement,
Hellrider Paladin,Balanced,10,92,19,+1,+4,,,,,,,,Full Resistance,,,,,,,,18,12,16,10,10,16,+7,+4,+6,+3,+7,+10,"Darkvision,Extra Attack,Hellish Resistance,Divine Health,Opportunity Attack,Superior Plate (-1),Tenacity","Aura of Protection,Aura of Courage,Aura of Devotion",
Hellrider Paladin,Explorer,10,65,19,+1,+6,,,,,,,,Full Resistance,,,,,,,,18,12,16,10,10,16,+7,+4,+6,+3,+9,+12,"Darkvision,Extra Attack,Hellish Resistance,Divine Health,Opportunity Attack,Superior Plate (-1),Tenacity","Aura of Protection,Aura of Courage,Aura of Devotion",
Hellrider Paladin,Tactician,10,119,19,+1,+4,,,,,,,,Full Resistance,,,,,,,,18,12,16,10,10,16,+7,+4,+6,+3,+7,+10,"Darkvision,Extra Attack,Hellish Resistance,Divine Health,Opportunity Attack,Superior Plate (-1),Tenacity","Aura of Protection,Aura of Courage,Aura of Devotion",
Helsik,Balanced,12,96,12,+2,+4,,,,,,,,,,,,Full Resistance,,Full Resistance,,14,14,16,16,16,18,2,+2,+3,+7,+7,+8,,,
Helsik,Explorer,12,67,12,+2,+6,,,,,,,,,,,,Full Resistance,,Full Resistance,,14,14,16,16,16,18,2,+2,+3,+9,+9,+10,,,
Helsik,Tactician,12,124,12,+2,+4,,,,,,,,,,,,Full Resistance,,Full Resistance,,14,14,16,16,16,18,2,+2,+3,+7,+7,+8,,,
Sharran Sentry Hendly,Balanced,4,48,16,+1,+2,,,,,,,,,,,,,,,,18,12,14,12,12,14,+6,+1,+4,+1,+1,+2,"Opportunity Attack,Shadow Ambush,Born into Darkness",,
Sharran Sentry Hendly,Explorer,4,33,16,+1,+2,,,,,,,,,,,,,,,,18,12,14,12,12,14,+6,+1,+4,+1,+1,+2,"Opportunity Attack,Shadow Ambush,Born into Darkness",,
Sharran Sentry Hendly,Tactician,4,62,16,+1,+2,,,,,,,,,,,,,,,,18,12,14,12,12,14,+6,+1,+4,+1,+1,+2,"Opportunity Attack,Shadow Ambush,Born into Darkness",,
Tender Henk,Balanced,1,8,10,0,+2,,,,,,,,,,,,,,,,10,10,10,10,10,10,0,0,0,0,0,0,Opportunity Attack,,
Tender Henk,Explorer,1,5,10,0,+4,,,,,,,,,,,,,,,,10,10,10,10,10,10,0,0,0,0,0,0,Opportunity Attack,,
Tender Henk,Tactician,1,10,10,0,+2,,,,,,,,,,,,,,,,10,10,10,10,10,10,0,0,0,0,0,0,Opportunity Attack,,
Guard Hertvor Dremble,Balanced,11,93,18,0,+4,,,,,,,,,,,,,,,,20,11,16,10,15,16,+5,0,+3,0,+6,+3,"Extra Attack,Opportunity Attack,Tactical Discipline",,
Guard Hertvor Dremble,Explorer,11,65,18,0,+6,,,,,,,,,,,,,,,,20,11,16,10,15,16,+5,0,+3,0,+8,+3,"Extra Attack,Opportunity Attack,Tactical Discipline",,
Guard Hertvor Dremble,Tactician,11,120,18,0,+4,,,,,,,,,,,,,,,,20,11,16,10,15,16,+5,0,+3,0,+6,+3,"Extra Attack,Opportunity Attack,Tactical Discipline",,
Night Blade Hervyl,Balanced,3,28,12,+2,+2,,,,,,,,,,,,,,,,11,15,12,10,11,14,0,+2,+1,0,0,+2,"Darkvision,Opportunity Attack",Aura of Murder,
Night Blade Hervyl,Explorer,3,19,12,+2,+4,,,,,,,,,,,,,,,,11,15,12,10,11,14,0,+2,+1,0,0,+2,"Darkvision,Opportunity Attack",Aura of Murder,
Night Blade Hervyl,Tactician,3,36,12,+2,+2,,,,,,,,,,,,,,,,11,15,12,10,11,14,0,+2,+1,0,0,+2,"Darkvision,Opportunity Attack",Aura of Murder,
Fist Hextra,Balanced,8,62,16,+1,+3,,,,,,,,,,,,,,,,21,13,17,10,12,8,+8,+1,+7,0,+1,-1,"Extra Attack,Great Weapon Fighting,Opportunity Attack,Phalanx Formation,Riposte",,
Fist Hextra,Explorer,8,58,16,+1,+5,,,,,,,,,,,,,,,,21,13,17,10,12,8,+10,+1,+9,0,+1,-1,"Extra Attack,Great Weapon Fighting,Opportunity Attack,Phalanx Formation,Riposte",,
Fist Hextra,Tactician,8,65,16,+1,+3,,,,,,,,,,,,,,,,21,13,17,10,12,8,+8,+1,+7,0,+1,-1,"Extra Attack,Great Weapon Fighting,Opportunity Attack,Phalanx Formation,Riposte",,
Hiero Lue,Balanced,8,60,18,+1,+3,,,,,,,,,,,,Full Resistance,,,,10,12,12,16,12,18,0,+4,+1,+3,+1,+7,"Bardic Inspiration,Darkvision,Dwarven Resilience,Extra Attack,Font of Inspiration,Opportunity Attack",,
Hiero Lue,Explorer,8,42,18,+1,+5,,,,,,,,,,,,Full Resistance,,,,10,12,12,16,12,18,0,+6,+1,+3,+1,+9,"Bardic Inspiration,Darkvision,Dwarven Resilience,Extra Attack,Font of Inspiration,Opportunity Attack",,
Hiero Lue,Tactician,8,78,18,+1,+3,,,,,,,,,,,,Full Resistance,,,,10,12,12,16,12,18,0,+4,+1,+3,+1,+7,"Bardic Inspiration,Darkvision,Dwarven Resilience,Extra Attack,Font of Inspiration,Opportunity Attack",,
Reaper of Bhaal Hiila,Balanced,5,45,10,+5,+3,,,,,,,,,,,,,,,,11,20,13,15,12,16,0,+5,+1,+2,+1,+3,"Darkvision,Extra Attack,Opportunity Attack,Prey Upon the Weak","Aura of Murder,Sanctuary",
Reaper of Bhaal Hiila,Explorer,5,31,10,+5,+5,,,,,,,,,,,,,,,,11,20,13,15,12,16,0,+5,+1,+2,+1,+3,"Darkvision,Extra Attack,Opportunity Attack,Prey Upon the Weak","Aura of Murder,Sanctuary",
Reaper of Bhaal Hiila,Tactician,5,58,10,+5,+3,,,,,,,,,,,,,,,,11,20,13,15,12,16,0,+5,+1,+2,+1,+3,"Darkvision,Evasion,Extra Attack,Opportunity Attack,Prey Upon the Weak","Aura of Murder,Sanctuary",
Hilario Varota,Balanced,1,8,10,0,+2,,,,,,,,,,,,,,,,10,10,10,10,10,10,0,0,0,0,0,0,"Darkvision,Gnome Cunning,Opportunity Attack,Shortened Stride",,
Hilario Varota,Explorer,1,5,10,0,+4,,,,,,,,,,,,,,,,10,10,10,10,10,10,0,0,0,0,0,0,"Darkvision,Gnome Cunning,Opportunity Attack,Shortened Stride",,
Hilario Varota,Tactician,1,10,10,0,+2,,,,,,,,,,,,,,,,10,10,10,10,10,10,0,0,0,0,0,0,"Darkvision,Gnome Cunning,Opportunity Attack,Shortened Stride",,
Invoker of Bhaal Hivune,Balanced,9,56,15,+2,+4,,,,,,,,,,,,,,,,10,14,16,20,14,14,0,+2,+3,+9,+2,+2,"Darkvision,Focused Conjuration,Opportunity Attack,Spell Sniper","Aura of Murder,Mage Armour",
Invoker of Bhaal Hivune,Explorer,9,39,15,+2,+6,,,,,,,,,,,,,,,,10,14,16,20,14,14,0,+2,+3,+11,+2,+2,"Darkvision,Focused Conjuration,Opportunity Attack,Spell Sniper","Aura of Murder,Mage Armour",
Invoker of Bhaal Hivune,Tactician,9,72,15,+2,+4,,,,,,,,,,,,,,,,10,14,16,20,14,14,0,+2,+3,+9,+2,+2,"Darkvision,Focused Conjuration,Opportunity Attack,Spell Sniper","Aura of Murder,Mage Armour",
Hogi Nuners,Balanced,9,68,14,+2,+4,,,,,,,,,,,,,,,,18,14,15,12,10,10,+4,+2,+2,+1,0,0,"Gnome Cunning,Opportunity Attack,Shortened Stride,Stone Camouflage,Superior Darkvision",,
Hogi Nuners,Explorer,9,47,14,+2,+6,,,,,,,,,,,,,,,,18,14,15,12,10,10,+4,+2,+2,+1,0,0,"Gnome Cunning,Opportunity Attack,Shortened Stride,Stone Camouflage,Superior Darkvision",,
Hogi Nuners,Tactician,9,88,14,+2,+4,,,,,,,,,,,,,,,,18,14,15,12,10,10,+4,+2,+2,+1,0,0,"Gnome Cunning,Opportunity Attack,Shortened Stride,Stone Camouflage,Superior Darkvision",,
Holli Dylford,Balanced,10,54,13,+3,+4,,,,,,,,,,Full Resistance,,,,,,12,16,12,16,15,12,+1,+3,+1,+7,+6,+1,"Opportunity Attack,Riposte,Savage Attacker",Dead,
Holli Dylford,Explorer,10,37,13,+3,+6,,,,,,,,,,Full Resistance,,,,,,12,16,12,16,15,12,+1,+3,+1,+9,+8,+1,"Opportunity Attack,Riposte,Savage Attacker",Dead,
Holli Dylford,Tactician,10,70,13,+3,+4,,,,,,,,,,Full Resistance,,,,,,12,16,12,16,15,12,+1,+3,+1,+7,+6,+1,"Opportunity Attack,Riposte,Savage Attacker",Dead,
Holvik,Balanced,5,35,13,+2,+3,,,,,,,,,,,,Full Resistance,,,,12,15,12,10,12,12,+4,+5,+1,0,+1,+1,"Duergar Resilience,Dwarven Resilience,Extra Attack,Opportunity Attack,Sunlight Sensitivity,Superior Darkvision",,
Holvik,Explorer,5,24,13,+2,+5,,,,,,,,,,,,Full Resistance,,,,12,15,12,10,12,12,+6,+7,+1,0,+1,+1,"Duergar Resilience,Dwarven Resilience,Extra Attack,Opportunity Attack,Sunlight Sensitivity,Superior Darkvision",,
Holvik,Tactician,5,45,13,+2,+3,,,,,,,,,,,,Full Resistance,,,,12,15,12,10,12,12,+4,+5,+1,0,+1,+1,"Duergar Resilience,Dwarven Resilience,Extra Attack,Opportunity Attack,Sunlight Sensitivity,Superior Darkvision",,
Honest Vendor,Balanced,1,8,10,0,+2,,,,,,,,Full Resistance,,,,,,,,10,10,10,10,10,10,0,0,0,0,0,0,"Darkvision,Hellish Resistance,Opportunity Attack",,
Honest Vendor,Explorer,1,5,10,0,+4,,,,,,,,Full Resistance,,,,,,,,10,10,10,10,10,10,0,0,0,0,0,0,"Darkvision,Hellish Resistance,Opportunity Attack",,
Honest Vendor,Tactician,1,10,10,0,+2,,,,,,,,Full Resistance,,,,,,,,10,10,10,10,10,10,0,0,0,0,0,0,"Darkvision,Hellish Resistance,Opportunity Attack",,
Tender Honk,Balanced,1,8,10,0,+2,,,,,,,,,,,,,,,,10,10,10,10,10,10,0,0,0,0,0,0,Opportunity Attack,,
Tender Honk,Explorer,1,5,10,0,+4,,,,,,,,,,,,,,,,10,10,10,10,10,10,0,0,0,0,0,0,Opportunity Attack,,
Tender Honk,Tactician,1,10,10,0,+2,,,,,,,,,,,,,,,,10,10,10,10,10,10,0,0,0,0,0,0,Opportunity Attack,,
Hoots Hooligan,Balanced,5,52,11,0,+3,,,,,,,,,,,,,,,,18,11,14,12,12,14,+7,0,+5,+1,+1,+2,"Extra Attack,Opportunity Attack",,
Hoots Hooligan,Explorer,5,36,11,0,+5,,,,,,,,,,,,,,,,18,11,14,12,12,14,+9,0,+7,+1,+1,+2,"Extra Attack,Opportunity Attack",,
Hoots Hooligan,Tactician,5,67,11,0,+3,,,,,,,,,,,,,,,,18,11,14,12,12,14,+7,0,+5,+1,+1,+2,"Extra Attack,Opportunity Attack",,
Hope,Balanced,10,94,20,0,+4,,,,,,,,,,,,Full Resistance,,,,16,10,14,13,18,11,+3,0,+2,+1,+8,+4,"Blessed Healer,Darkvision,Disciple of Life,Dwarven Resilience,Last Hope,Opportunity Attack",Infernal Binding,
Invoker of Bhaal Horriss,Balanced,9,56,15,+2,+4,,,,,,,,,,,,,,,,10,14,16,20,14,14,0,+2,+3,+9,+2,+2,"Darkvision,Focused Conjuration,Opportunity Attack,Spell Sniper","Aura of Murder,Mage Armour",
Invoker of Bhaal Horriss,Explorer,9,39,15,+2,+6,,,,,,,,,,,,,,,,10,14,16,20,14,14,0,+2,+3,+11,+2,+2,"Darkvision,Focused Conjuration,Opportunity Attack,Spell Sniper","Aura of Murder,Mage Armour",
Invoker of Bhaal Horriss,Tactician,9,72,15,+2,+4,,,,,,,,,,,,,,,,10,14,16,20,14,14,0,+2,+3,+9,+2,+2,"Darkvision,Focused Conjuration,Opportunity Attack,Spell Sniper","Aura of Murder,Mage Armour",
Stylin' Horst,Balanced,1,6,10,0,+2,,,,,,,,,,,,,,,,10,10,10,10,10,10,0,0,0,0,0,0,Opportunity Attack,,
Stylin' Horst,Explorer,1,4,10,0,+4,,,,,,,,,,,,,,,,10,10,10,10,10,10,0,0,0,0,0,0,Opportunity Attack,,
Stylin' Horst,Tactician,1,7,10,0,+2,,,,,,,,,,,,,,,,10,10,10,10,10,10,0,0,0,0,0,0,Opportunity Attack,,
Horus Crysst,Balanced,,8,10,0,,,,,,,,,,,,,,,,,10,10,10,10,10,10,0,0,0,0,0,0,Opportunity Attack,,
Horus Crysst,Explorer,,5,10,0,,,,,,,,,,,,,,,,,10,10,10,10,10,10,0,0,0,0,0,0,Opportunity Attack,,
Horus Crysst,Tactician,,10,10,0,,,,,,,,,,,,,,,,,10,10,10,10,10,10,0,0,0,0,0,0,Opportunity Attack,,
Zephyr Gish'ra Hr'ack'la,Balanced,9,68,17,+3,+4,,,,,,,,,,,,,,,,12,17,16,17,19,13,+5,+7,+3,+3,+4,+1,"Advanced Unarmoured Movement,Deflect Missiles,Evasion,Extra Attack,Ki-Empowered Strikes,Martial Arts: Bonus Unarmed Strike,Martial Arts: Deft Strikes,Martial Arts: Dextrous Attacks,Opportunity Attack,Psionic Empowerment,Slow Fall,Stillness of Mind,Unarmoured Defence (Monk),Unarmoured Movement",,
Zephyr Gish'ra Hr'ack'la,Explorer,9,47,17,+3,+6,,,,,,,,,,,,,,,,12,17,16,17,19,13,+7,+9,+3,+3,+4,+1,"Advanced Unarmoured Movement,Deflect Missiles,Evasion,Extra Attack,Ki-Empowered Strikes,Martial Arts: Bonus Unarmed Strike,Martial Arts: Deft Strikes,Martial Arts: Dextrous Attacks,Opportunity Attack,Psionic Empowerment,Slow Fall,Stillness of Mind,Unarmoured Defence (Monk),Unarmoured Movement",,
Zephyr Gish'ra Hr'ack'la,Tactician,9,88,17,+3,+4,,,,,,,,,,,,,,,,12,17,16,17,19,13,+5,+7,+3,+3,+4,+1,"Advanced Unarmoured Movement,Deflect Missiles,Evasion,Extra Attack,Ki-Empowered Strikes,Martial Arts: Bonus Unarmed Strike,Martial Arts: Deft Strikes,Martial Arts: Dextrous Attacks,Opportunity Attack,Psionic Empowerment,Slow Fall,Stillness of Mind,Unarmoured Defence (Monk),Unarmoured Movement",,
Hucinda,Balanced,1,6,10,0,+2,,,,,,,,,,,,,,,,10,10,10,10,10,10,0,0,0,0,0,0,Opportunity Attack,,
Hucinda,Explorer,1,3,10,0,+4,,,,,,,,,,,,,,,,10,10,10,10,10,10,0,0,0,0,0,0,Opportunity Attack,,
Hucinda,Tactician,1,7,10,0,+2,,,,,,,,,,,,,,,,10,10,10,10,10,10,0,0,0,0,0,0,Opportunity Attack,,
Big Huido,Balanced,5,25,13,+3,+3,,,,,,,,,,,,,,,,12,16,12,12,12,12,+1,+6,+1,+4,+1,+1,"Brave,Halfling Luck,Opportunity Attack,Uncanny Dodge",,
Big Huido,Explorer,5,17,13,+3,+5,,,,,,,,,,,,,,,,12,16,12,12,12,12,+1,+8,+1,+6,+1,+1,"Brave,Halfling Luck,Opportunity Attack,Uncanny Dodge",,
Big Huido,Tactician,5,32,13,+3,+3,,,,,,,,,,,,,,,,12,16,12,12,12,12,+1,+6,+1,+4,+1,+1,"Brave,Halfling Luck,Opportunity Attack,Uncanny Dodge",,
Warrior Huk,Balanced,2,15,13,+1,+2,,,,,,,,,,,,,,,,12,13,11,10,8,8,+1,+1,+1,0,-1,-1,"Darkvision,Opportunity Attack",,
Warrior Huk,Explorer,2,10,13,+1,+4,,,,,,,,,,,,,,,,12,13,11,10,8,8,+1,+1,+1,0,-1,-1,"Darkvision,Opportunity Attack",,
Warrior Huk,Tactician,2,19,13,+1,+2,,,,,,,,,,,,,,,,12,13,11,10,8,8,+1,+1,+1,0,-1,-1,"Darkvision,Fury of the Small,Opportunity Attack",,
Warrior Huk,Honour,2,23,13,+1,+2,,,,,,,,,,,,,,,,12,13,11,10,8,8,+1,+1,0,0,-1,-1,"Darkvision,Fury of the Small,Opportunity Attack",,
Vicar Humbletoes,Balanced,7,18,11,+1,+3,,,,,,,,,,,,,,,,10,12,15,12,16,13,0,+1,+2,+1,+6,+4,"Darkvision,Gnome Cunning,Opportunity Attack,Shortened Stride",Bless,
Vicar Humbletoes,Tactician,7,26,11,+1,+3,,,,,,,,,,,,,,,,10,12,15,12,16,13,0,+1,+2,+1,+6,+4,"Darkvision,Gnome Cunning,Opportunity Attack,Shortened Stride",Bless,
Sharran Novice Humboldt,Balanced,4,38,12,+1,+2,,,,,,,,,,,,Full Resistance,,,,18,12,14,10,12,12,+6,+1,+4,0,+1,+1,"Born into Darkness,Darkvision,Dwarven Resilience,Opportunity Attack,Shadow Ambush",,
Sharran Novice Humboldt,Explorer,4,26,12,+1,+2,,,,,,,,,,,,Full Resistance,,,,18,12,14,10,12,12,+6,+1,+4,0,+1,+1,"Born into Darkness,Darkvision,Dwarven Resilience,Opportunity Attack,Shadow Ambush",,
Sharran Novice Humboldt,Tactician,4,49,12,+1,+2,,,,,,,,,,,,Full Resistance,,,,18,12,14,10,12,12,+6,+1,+4,0,+1,+1,"Born into Darkness,Darkvision,Dwarven Resilience,Opportunity Attack,Shadow Ambush",,
Cashguard Basher Humgoole,Balanced,9,85,18,+1,+4,,,,,,,,,,,,,,,,18,12,14,10,12,15,+6,+3,+5,+2,+7,+8,"Charger,Divine Health,Extra Attack,Opportunity Attack,Tenacity",Aura of Protection,
Cashguard Basher Humgoole,Explorer,9,59,18,+1,+6,,,,,,,,,,,,,,,,18,12,14,10,12,15,+6,+3,+5,+2,+9,+10,"Charger,Divine Health,Extra Attack,Opportunity Attack,Tenacity",Aura of Protection,
Cashguard Basher Humgoole,Tactician,9,110,18,+1,+4,,,,,,,,,,,,,,,,18,12,14,10,12,15,+6,+3,+5,+2,+7,+8,"Charger,Divine Health,Extra Attack,Opportunity Attack,Tenacity",Aura of Protection,
Hunkers Boolean,Balanced,1,6,10,0,+2,,,,,,,,,,,,,,,,10,10,10,10,10,10,0,0,0,0,0,0,Opportunity Attack,,
Hunkers Boolean,Explorer,1,4,10,0,+4,,,,,,,,,,,,,,,,10,10,10,10,10,10,0,0,0,0,0,0,Opportunity Attack,,
Hunkers Boolean,Tactician,1,7,10,0,+2,,,,,,,,,,,,,,,,10,10,10,10,10,10,0,0,0,0,0,0,Opportunity Attack,,
Hurk,Balanced,5,44,11,+2,+3,,,,,,,,,,,,Full Resistance,,,,12,15,12,10,12,12,+4,+5,+1,0,+1,+1,"Duergar Resilience,Dwarven Resilience,Extra Attack,Opportunity Attack,Sunlight Sensitivity,Superior Darkvision",,
Hurk,Explorer,5,30,11,+2,+5,,,,,,,,,,,,Full Resistance,,,,12,15,12,10,12,12,+6,+7,+1,0,+1,+1,"Duergar Resilience,Dwarven Resilience,Extra Attack,Opportunity Attack,Sunlight Sensitivity,Superior Darkvision",,
Hurk,Tactician,5,57,11,+2,+3,,,,,,,,,,,,Full Resistance,,,,12,15,12,10,12,12,+4,+5,+1,0,+1,+1,"Duergar Resilience,Dwarven Resilience,Extra Attack,Opportunity Attack,Sunlight Sensitivity,Superior Darkvision",,
Sharran Fidelian Hyrald,Balanced,7,74,10,0,+3,,,,,,,,,,,,,,,,12,10,10,18,12,10,+1,0,0,+7,+4,0,"Opportunity Attack,Shadow Ambush,Born into Darkness",,
Sharran Fidelian Hyrald,Explorer,7,51,10,0,+5,,,,,,,,,,,,,,,,12,10,10,18,12,10,+1,0,0,+9,+6,0,"Opportunity Attack,Shadow Ambush,Born into Darkness",,
Sharran Fidelian Hyrald,Tactician,7,96,10,0,+3,,,,,,,,,,,,,,,,12,10,10,18,12,10,+1,0,0,+7,+4,0,"Opportunity Attack,Shadow Ambush,Born into Darkness",,
Hyrla Sname,Balanced,1,6,10,0,+2,,,,,,,,,,,,,,,,10,10,10,10,10,10,0,0,0,0,0,0,Opportunity Attack,,
Hyrla Sname,Explorer,1,4,10,0,+4,,,,,,,,,,,,,,,,10,10,10,10,10,10,0,0,0,0,0,0,Opportunity Attack,,
Hyrla Sname,Tactician,1,7,10,0,+2,,,,,,,,,,,,,,,,10,10,10,10,10,10,0,0,0,0,0,0,Opportunity Attack,,
Fist of Bane Hyrriet,Balanced,10,62,18,0,+4,,,,,,,,,,,,,,,,19,11,13,10,12,11,+4,0,+1,0,+1,0,"Extra Attack,Infernal Weapon,Opportunity Attack,Tactical Discipline",,
Fist of Bane Hyrriet,Explorer,10,43,18,0,+6,,,,,,,,,,,,,,,,19,11,13,10,12,11,+4,0,+1,0,+1,0,"Extra Attack,Infernal Weapon,Opportunity Attack,Tactical Discipline",,
Fist of Bane Hyrriet,Tactician,10,80,18,0,+4,,,,,,,,,,,,,,,,19,11,13,10,12,11,+4,0,+1,0,+1,0,"Extra Attack,Infernal Weapon,Opportunity Attack,Tactical Discipline",,
Iados Kallista,Balanced,,5,10,0,,,,,,,,,Full Resistance,,,,,,,,10,10,10,10,10,10,0,0,0,0,0,0,"Darkvision,Hellish Resistance,Opportunity Attack",,
Iados Kallista,Explorer,,3,10,0,,,,,,,,,Full Resistance,,,,,,,,10,10,10,10,10,10,0,0,0,0,0,0,"Darkvision,Hellish Resistance,Opportunity Attack",,
Iados Kallista,Tactician,,6,10,0,,,,,,,,,Full Resistance,,,,,,,,10,10,10,10,10,10,0,0,0,0,0,0,"Darkvision,Hellish Resistance,Opportunity Attack",,
Ide,Balanced,1,5,10,0,+2,,,,,,,,Full Resistance,,,,,,,,10,10,10,10,10,10,0,0,0,0,0,0,"Darkvision,Hellish Resistance",,
Ide,Explorer,1,3,10,0,+4,,,,,,,,Full Resistance,,,,,,,,10,10,10,10,10,10,0,0,0,0,0,0,"Darkvision,Hellish Resistance",,
Ide,Tactician,1,6,10,0,+2,,,,,,,,Full Resistance,,,,,,,,10,10,10,10,10,10,0,0,0,0,0,0,"Darkvision,Hellish Resistance",,
Black Gauntlet Ifran,Balanced,12,82,18,0,+4,,,,,,,,,,,,,,,,18,11,18,12,15,20,+4,0,+5,+1,+6,+9,"Extra Attack,Infernal Weapon,Opportunity Attack,Tactical Discipline",,
Black Gauntlet Ifran,Explorer,12,57,18,0,+4,,,,,,,,,,,,,,,,18,11,18,12,15,20,+4,0,+5,+1,+6,+9,"Extra Attack,Infernal Weapon,Opportunity Attack,Tactical Discipline",,
Black Gauntlet Ifran,Tactician,12,106,18,0,+4,,,,,,,,,,,,,,,,18,11,18,12,15,20,+4,0,+5,+1,+6,+9,"Extra Attack,Infernal Weapon,Opportunity Attack,Tactical Discipline",,
Black Gauntlet Ignur,Balanced,12,82,18,0,+4,,,,,,,,,,,,,,,,18,11,18,12,15,20,+4,0,+5,+1,+6,+9,"Extra Attack,Infernal Weapon,Opportunity Attack,Tactical Discipline",,
Black Gauntlet Ignur,Explorer,12,57,18,0,+4,,,,,,,,,,,,,,,,18,11,18,12,15,20,+4,0,+5,+1,+6,+9,"Extra Attack,Infernal Weapon,Opportunity Attack,Tactical Discipline",,
Black Gauntlet Ignur,Tactician,12,106,18,0,+4,,,,,,,,,,,,,,,,18,11,18,12,15,20,+4,0,+5,+1,+6,+9,"Extra Attack,Infernal Weapon,Opportunity Attack,Tactical Discipline",,
Ikaron,Balanced,3,24,15,+1,+2,,,,,,,,Full Resistance,,,,,,,,16,12,15,10,10,12,+5,+1,+4,0,0,+1,"Darkvision,Hellish Resistance,Opportunity Attack",,
Ikaron,Explorer,3,16,15,+1,+4,,,,,,,,Full Resistance,,,,,,,,16,12,15,10,10,12,+7,+1,+6,0,0,+1,"Darkvision,Hellish Resistance,Opportunity Attack",,
Ikaron,Tactician,3,31,15,+1,+2,,,,,,,,Full Resistance,,,,,,,,16,12,15,10,10,12,+5,+1,+4,0,0,+1,"Darkvision,Hellish Resistance,Opportunity Attack",,
Immortal Eternal Debtor,Balanced,1,12,10,0,+2,,,,,,,,Resistance to Magical,,,,Full Resistance,,,,10,10,10,8,8,8,0,0,0,-1,-1,-1,"Opportunity Attack,Darkvision,Dwarven Resilience,Forever Indebted",,
Immortal Eternal Debtor,Explorer,1,8,10,0,+2,,,,,,,,Resistance to Magical,,,,Full Resistance,,,,10,10,10,8,8,8,0,0,0,-1,-1,-1,"Opportunity Attack,Darkvision,Dwarven Resilience,Forever Indebted",,
Immortal Eternal Debtor,Tactician,1,15,10,0,+2,,,,,,,,Resistance to Magical,,,,Full Resistance,,,,10,10,10,8,8,8,0,0,0,-1,-1,-1,"Opportunity Attack,Darkvision,Dwarven Resilience,Forever Indebted",,
Imprudence,Balanced,8,76,16,0,+3,,,,,,,,,,,,,,,,18,11,14,12,12,14,+7,0,+6,+1,+1,+2,"Extra Attack,Opportunity Attack,Tenacity",,
Imprudence,Explorer,8,53,16,0,+5,,,,,,,,,,,,,,,,18,11,14,12,12,14,+9,0,+8,+1,+1,+2,"Extra Attack,Opportunity Attack,Tenacity",,
Imprudence,Tactician,8,98,16,0,+3,,,,,,,,,,,,,,,,18,11,14,12,12,14,+7,0,+6,+1,+1,+2,"Extra Attack,Opportunity Attack,Tenacity",,
Impurto Nexim,Balanced,3,8,10,0,+2,,,,,,,,,,,,,,,,10,10,10,10,10,10,0,0,0,0,0,0,"Brave,Halfling Luck,Opportunity Attack",,
Sharran Sentry Imwise,Balanced,4,48,16,+1,+2,,,,,,,,,,,,,,,,18,12,14,12,12,14,+6,+1,+4,+1,+1,+2,"Opportunity Attack,Shadow Ambush,Born into Darkness",,
Sharran Sentry Imwise,Explorer,4,33,16,+1,+2,,,,,,,,,,,,,,,,18,12,14,12,12,14,+6,+1,+4,+1,+1,+2,"Opportunity Attack,Shadow Ambush,Born into Darkness",,
Sharran Sentry Imwise,Tactician,4,62,16,+1,+2,,,,,,,,,,,,,,,,18,12,14,12,12,14,+6,+1,+4,+1,+1,+2,"Opportunity Attack,Shadow Ambush,Born into Darkness",,
Incontinentia Figgin,Balanced,1,8,10,0,+2,,,,,,,,,,,,,,,,10,10,10,10,10,10,0,0,0,0,0,0,"Darkvision,Fey Ancestry,Opportunity Attack,Sunlight Sensitivity",,
Incontinentia Figgin,Explorer,1,4,10,0,+4,,,,,,,,,,,,,,,,10,10,10,10,10,10,0,0,0,0,0,0,"Darkvision,Fey Ancestry,Opportunity Attack,Sunlight Sensitivity",,
Incontinentia Figgin,Tactician,1,7,10,0,+2,,,,,,,,,,,,,,,,10,10,10,10,10,10,0,0,0,0,0,0,"Darkvision,Fey Ancestry,Opportunity Attack,Sunlight Sensitivity",,
Indora Ralston,Balanced,12,82,18,0,+4,,,,,,,,,,,,,,,,18,11,18,12,15,20,+4,0,+5,+1,+6,+9,"Extra Attack,Infernal Weapon,Opportunity Attack,Tactical Discipline",,
Indora Ralston,Explorer,12,57,18,0,+6,,,,,,,,,,,,,,,,18,11,18,12,15,20,+4,0,+5,+1,+8,+11,"Extra Attack,Infernal Weapon,Opportunity Attack,Tactical Discipline",,
Indora Ralston,Tactician,12,106,18,0,+4,,,,,,,,,,,,,,,,18,11,18,12,15,20,+4,0,+5,+1,+6,+9,"Extra Attack,Infernal Weapon,Opportunity Attack,Tactical Discipline",,
Fist Ingram,Balanced,8,64,18,+1,+3,,,,,,,,,,,,,,,,21,13,17,10,12,8,+8,+1,+7,0,+1,-1,"Extra Attack,Opportunity Attack,Protection",,
Fist Ingram,Explorer,8,59,18,+1,+5,,,,,,,,,,,,,,,,21,13,17,10,12,8,+10,+1,+9,0,+1,-1,"Extra Attack,Opportunity Attack,Protection",,
Fist Ingram,Tactician,8,68,18,+1,+3,,,,,,,,,,,,,,,,21,13,17,10,12,8,+8,+1,+7,0,+1,-1,"Extra Attack,Opportunity Attack,Protection",,
Inku Neza,Balanced,8,70,14,+1,+3,,,,,,,,,,,,,,,,18,12,14,10,12,12,+7,+1,+5,0,+1,+1,"Danger Sense,Extra Attack,Fast Movement,Feral Instinct,Opportunity Attack,Unarmoured Defence (Barbarian)",,
Inku Neza,Explorer,8,49,14,+1,+5,,,,,,,,,,,,,,,,18,12,14,10,12,12,+9,+1,+7,0,+1,+1,"Danger Sense,Extra Attack,Fast Movement,Feral Instinct,Opportunity Attack,Unarmoured Defence (Barbarian)",,
Inku Neza,Tactician,8,91,14,+1,+3,,,,,,,,,,,,,,,,18,12,14,10,12,12,+7,+1,+5,0,+1,+1,"Danger Sense,Extra Attack,Fast Movement,Feral Instinct,Opportunity Attack,Unarmoured Defence (Barbarian)",,
Guard Inocente Bramm,Balanced,10,62,18,0,+4,,,,,,,,,,,,,,,,19,11,13,10,12,11,+4,0,+1,0,+1,0,"Extra Attack,Opportunity Attack,Tactical Discipline",,
Guard Inocente Bramm,Explorer,10,43,18,0,+6,,,,,,,,,,,,,,,,19,11,13,10,12,11,+4,0,+1,0,+1,0,"Extra Attack,Opportunity Attack,Tactical Discipline",,
Guard Inocente Bramm,Tactician,10,80,18,0,+4,,,,,,,,,,,,,,,,19,11,13,10,12,11,+4,0,+1,0,+1,0,"Extra Attack,Opportunity Attack,Tactical Discipline",,
Inquisitor of the Absolute,Balanced,9,95,17,+4,+4,,,,,,,,,,,,,,,,12,18,16,10,14,10,+5,+8,+3,0,+2,0,"Extra Attack,Land's Stride: Difficult Terrain,Opportunity Attack,Superior Padding (-1)",See Invisibility,
Inquisitor of the Absolute,Explorer,9,66,17,+4,+6,,,,,,,,,,,,,,,,12,18,16,10,14,10,+7,+10,+3,0,+2,0,"Extra Attack,Land's Stride: Difficult Terrain,Opportunity Attack,Superior Padding (-1)",See Invisibility,
Inquisitor of the Absolute,Tactician,9,123,17,+4,+4,,,,,,,,,,,,,,,,12,18,16,10,14,10,+5,+8,+3,0,+2,0,"Extra Attack,Land's Stride: Difficult Terrain,Opportunity Attack,Superior Padding (-1)",See Invisibility,
Invoker of Bhaal,Balanced,9,56,10,+2,+4,,,,,,,,,,,,,,,,10,14,16,20,14,14,0,+2,+3,+9,+2,+2,"Darkvision,Focused Conjuration,Opportunity Attack,Spell Sniper","Aura of Murder,Mage Armour",
Invoker of Bhaal,Tactician,9,72,10,+2,+4,,,,,,,,,,,,,,,,10,14,16,20,14,14,0,+2,+3,+9,+2,+2,"Darkvision,Focused Conjuration,Opportunity Attack,Spell Sniper","Aura of Murder,Mage Armour",
Inwe,Balanced,3,22,11,0,+2,,,,,,,,,,,,,,,,11,10,12,10,16,12,0,0,+1,+2,+5,+1,"Darkvision,Fey Ancestry,Opportunity Attack",,
Inwe,Explorer,3,15,11,0,+4,,,,,,,,,,,,,,,,11,10,12,10,16,12,0,0,+1,+4,+7,+1,"Darkvision,Fey Ancestry,Opportunity Attack",,
Inwe,Tactician,3,28,11,0,+2,,,,,,,,,,,,,,,,11,10,12,10,16,12,0,0,+1,+2,+5,+1,"Darkvision,Fey Ancestry,Opportunity Attack",,
Zealot Iogar,Balanced,8,70,18,0,+3,,,,,,,,,,,,,,,,18,10,16,9,11,16,+7,+3,+6,+2,+6,+9,"Divine Health,Extra Attack,Great Weapon Fighting,Opportunity Attack",Aura of Protection,
Zealot Iogar,Explorer,8,49,18,0,+5,,,,,,,,,,,,,,,,18,10,16,9,11,16,+7,+3,+6,+2,+8,+11,"Divine Health,Extra Attack,Great Weapon Fighting,Opportunity Attack",Aura of Protection,
Zealot Iogar,Tactician,8,91,18,0,+3,,,,,,,,,,,,,,,,18,10,16,9,11,16,+7,+3,+6,+2,+6,+9,"Divine Health,Extra Attack,Great Weapon Fighting,Opportunity Attack",Aura of Protection,
Pilgrim Iong,Balanced,1,6,10,0,+2,,,,,,,,,,,,,,,,10,10,10,10,10,10,0,0,0,0,0,0,Opportunity Attack,,
Pilgrim Iong,Explorer,1,4,10,0,+2,,,,,,,,,,,,,,,,10,10,10,10,10,10,0,0,0,0,0,0,Opportunity Attack,,
Pilgrim Iong,Tactician,1,7,10,0,+2,,,,,,,,,,,,,,,,10,10,10,10,10,10,0,0,0,0,0,0,Opportunity Attack,,
Irenya,Balanced,1,8,10,0,+2,,,,,,,,,,,,,,,,10,10,10,10,10,10,0,0,0,0,0,0,"Darkvision,Fey Ancestry,Opportunity Attack",,
Irenya,Explorer,1,5,10,0,+4,,,,,,,,,,,,,,,,10,10,10,10,10,10,0,0,0,0,0,0,"Darkvision,Fey Ancestry,Opportunity Attack",,
Irenya,Tactician,1,10,10,0,+2,,,,,,,,,,,,,,,,10,10,10,10,10,10,0,0,0,0,0,0,"Darkvision,Fey Ancestry,Opportunity Attack",,
Ironfinger,Balanced,8,8,11,+1,+3,,,,,,,,,,,,,,,,12,12,10,16,12,12,+1,+1,0,+6,+4,+1,"Brave,Extra Attack,Halfling Luck,Opportunity Attack,Tenacity",,
Ironfinger,Tactician,8,67,11,+1,+3,,,,,,,,,,,,,,,,12,12,10,16,12,12,+1,+1,0,+6,+4,+1,"Brave,Extra Attack,Halfling Luck,Opportunity Attack,Tenacity",,
Ironhand Grenadier,Balanced,10,72,16,+3,+4,,,,,,,,,,,,,,,,15,16,13,13,10,10,+2,+7,+1,+5,0,0,"Darkvision,Evasion,Gnome Cunning,Opportunity Attack,Shortened Stride,Superior Padding (-1),Uncanny Dodge",,
Ironhand Grenadier,Explorer,10,50,16,+3,+6,,,,,,,,,,,,,,,,15,16,13,13,10,10,+2,+9,+1,+7,0,0,"Darkvision,Evasion,Gnome Cunning,Opportunity Attack,Shortened Stride,Superior Padding (-1),Uncanny Dodge",,
Ironhand Grenadier,Tactician,10,93,16,+3,+4,,,,,,,,,,,,,,,,15,16,13,13,10,10,+2,+7,+1,+5,0,0,"Darkvision,Evasion,Gnome Cunning,Opportunity Attack,Shortened Stride,Superior Padding (-1),Uncanny Dodge",,
Isobel,Balanced,5,52,11,+1,+3,WIS,14,,,,,,,,,,,,,,12,12,14,10,16,12,+1,+1,+2,0,+3,+1,"Darkvision,Defy Villainy,Fey Ancestry,Opportunity Attack,Potent Spellcasting,Selûne's Protection",,
Isobel,Tactician,5,58,11,+1,+3,WIS,16,,,,,,,,,,,,,,12,12,14,10,16,12,+1,+1,+2,0,+3,+1,"Darkvision,Defy Villainy,Fey Ancestry,Opportunity Attack,Potent Spellcasting,Selûne's Protection",,
Warrior Ith’dul,Balanced,5,41,17,+2,+3,,,,,,,,,,,,,,,,17,14,15,10,12,10,+6,+2,+5,0,+1,0,"Extra Attack,Githyanki Parry,Opportunity Attack",,
Warrior Ith’dul,Explorer,5,28,17,+2,+5,,,,,,,,,,,,,,,,17,14,15,10,12,10,+8,+2,+7,0,+1,0,"Extra Attack,Githyanki Parry,Opportunity Attack",,
Warrior Ith’dul,Tactician,5,53,17,+2,+3,,,,,,,,,,,,,,,,17,14,15,10,12,10,+6,+2,+5,0,+1,0,"Extra Attack,Githyanki Parry,Great Weapon Fighting,Opportunity Attack,Psionic Empowerment",,
Fist Recruit Ito,Balanced,4,31,15,+4,+2,,,,,,,,,,,,,,,,12,18,13,8,14,10,+3,+6,+1,-1,+2,0,Opportunity Attack,,
Fist Recruit Ito,Explorer,4,27,15,+4,+4,,,,,,,,,,,,,,,,12,18,13,8,14,10,+5,+8,+1,-1,+2,0,Opportunity Attack,,
Fist Recruit Ito,Tactician,4,34,15,+4,+2,,,,,,,,,,,,,,,,12,18,13,8,14,10,+3,+6,+1,-1,+2,0,Opportunity Attack,,
Fist Ivarus,Balanced,10,43,14,+1,+4,,,,,,,,,,,,,,,,8,13,16,20,10,12,-1,+1,+3,+5,0,+1,Opportunity Attack,Mage Armour,
Fist Ivarus,Explorer,10,40,14,+1,+6,,,,,,,,,,,,,,,,8,13,16,20,10,12,-1,+1,+3,+5,0,+1,Opportunity Attack,Mage Armour,
Fist Ivarus,Tactician,10,45,14,+1,+4,,,,,,,,,,,,,,,,8,13,16,20,10,12,-1,+1,+3,+5,0,+1,Opportunity Attack,Mage Armour,
Iwan,Balanced,,6,10,0,,,,,,,,,,,,,,,,,10,10,10,10,10,10,0,0,0,0,0,0,Opportunity Attack,,
Iwan,Explorer,,4,10,0,,,,,,,,,,,,,,,,,10,10,10,10,10,10,0,0,0,0,0,0,Opportunity Attack,,
Iwan,Tactician,,7,10,0,,,,,,,,,,,,,,,,,10,10,10,10,10,10,0,0,0,0,0,0,Opportunity Attack,,
Iza Blouin,Balanced,1,8,10,0,+2,,,,,,,,,,,,,,,,10,10,10,10,10,10,0,0,0,0,0,0,"Darkvision,Fey Ancestry,Opportunity Attack",,
Iza Blouin,Explorer,1,5,10,0,+4,,,,,,,,,,,,,,,,10,10,10,10,10,10,0,0,0,0,0,0,"Darkvision,Fey Ancestry,Opportunity Attack",,
Iza Blouin,Tactician,1,10,10,0,+2,,,,,,,,,,,,,,,,10,10,10,10,10,10,0,0,0,0,0,0,"Darkvision,Fey Ancestry,Opportunity Attack",,
Izwae,Balanced,4,32,14,+3,+2,,,,,,,,,,,,,,,,10,16,12,10,14,10,0,+3,+1,0,+2,0,"Darkvision,Fey Ancestry,Opportunity Attack,Sunlight Sensitivity",,
Izwae,Explorer,4,22,14,+3,+4,,,,,,,,,,,,,,,,10,16,12,10,14,10,0,+3,+1,0,+2,0,"Darkvision,Fey Ancestry,Opportunity Attack,Sunlight Sensitivity",,
Izwae,Tactician,4,41,14,+3,+2,,,,,,,,,,,,,,,,10,16,12,10,14,10,0,+3,+1,0,+2,0,"Darkvision,Fey Ancestry,Opportunity Attack,Sunlight Sensitivity",,
Izzy,Balanced,,5,10,0,,,,,,,,,,,,,,,,,10,10,10,10,10,10,0,0,0,0,0,0,Opportunity Attack,,
Izzy,Explorer,,3,10,0,,,,,,,,,,,,,,,,,10,10,10,10,10,10,0,0,0,0,0,0,Opportunity Attack,,
Izzy,Tactician,,6,10,0,,,,,,,,,,,,,,,,,10,10,10,10,10,10,0,0,0,0,0,0,Opportunity Attack,,
Fist J'ehlar,Balanced,6,52,16,0,+3,,,,,,,,,,,,,,,,14,11,14,12,16,14,+2,0,+2,+1,+6,+5,Opportunity Attack,,
Fist J'ehlar,Explorer,6,36,16,0,+5,,,,,,,,,,,,,,,,14,11,14,12,16,14,+2,0,+2,+1,+8,+7,Opportunity Attack,,
Fist J'ehlar,Tactician,6,67,16,0,+3,,,,,,,,,,,,,,,,14,11,14,12,16,14,+2,0,+2,+1,+6,+5,Opportunity Attack,,
Flaming Fist Jacek,Balanced,4,32,12,+2,+2,,,,,,,,,,,,,,,,12,15,12,12,10,10,+3,+4,+1,+1,0,0,Opportunity Attack,Dead,
Flaming Fist Jacek,Explorer,4,22,12,+2,+4,,,,,,,,,,,,,,,,12,15,12,12,10,10,+5,+6,+1,+1,0,0,Opportunity Attack,Dead,
Flaming Fist Jacek,Tactician,4,41,12,+2,+2,,,,,,,,,,,,,,,,12,15,12,12,10,10,+3,+4,+1,+1,0,0,Opportunity Attack,Dead,
Jacelyn,Balanced,1,10,1,+1,+2,,,,,,,,,,,,,,,,8,13,15,12,10,17,-1,+1,+4,+1,0,+5,"Civil Militia,Darkvision,Fey Ancestry,Opportunity Attack,Tides of Chaos,Wild Magic",,
Cashguard Artillerist Jacko,Balanced,9,76,19,+4,+4,,,,,,,,,,,,,,,,14,18,13,10,10,10,+6,+8,+2,0,0,0,"Mobile: Evade Difficult Terrain,Mobile: Evade Opportunity Attack,Extra Attack,Mobile,Opportunity Attack",,
Cashguard Artillerist Jacko,Explorer,9,53,19,+4,+6,,,,,,,,,,,,,,,,14,18,13,10,10,10,+8,+10,+2,0,0,0,"Mobile: Evade Difficult Terrain,Mobile: Evade Opportunity Attack,Extra Attack,Mobile,Opportunity Attack",,
Cashguard Artillerist Jacko,Tactician,9,98,19,+4,+4,,,,,,,,,,,,,,,,14,18,13,10,10,10,+6,+8,+2,0,0,0,"Mobile: Evade Difficult Terrain,Mobile: Evade Opportunity Attack,Extra Attack,Mobile,Opportunity Attack",,
Fist Jagic,Balanced,8,64,18,+1,+3,,,,,,,,,,,,,,,,21,13,17,10,12,8,+8,+1,+7,0,+1,-1,"Extra Attack,Opportunity Attack,Protection",,
Fist Jagic,Tactician,8,68,18,+1,+3,,,,,,,,,,,,,,,,21,13,17,10,12,8,+8,+1,+7,0,+1,-1,"Extra Attack,Opportunity Attack,Protection",,
Fist Jara,Balanced,10,43,11,+1,+4,,,,,,,,,,,,,,,,8,13,16,20,10,12,-1,+1,+3,+5,0,+1,Opportunity Attack,,
Fist Jara,Explorer,10,40,11,+1,+6,,,,,,,,,,,,,,,,8,13,16,20,10,12,-1,+1,+3,+5,0,+1,Opportunity Attack,,
Fist Jara,Tactician,10,45,11,+1,+4,,,,,,,,,,,,,,,,8,13,16,20,10,12,-1,+1,+3,+5,0,+1,Opportunity Attack,,
Jarg,Balanced,4,28,14,+3,+2,,,,,,,,,,,,,,,,12,16,12,12,14,10,+3,+5,+1,+1,+2,0,Opportunity Attack,,
Jarg,Explorer,4,19,14,+3,+4,,,,,,,,,,,,,,,,12,16,12,12,14,10,+5,+7,+1,+1,+2,0,Opportunity Attack,,
Jarg,Tactician,4,36,14,+3,+2,,,,,,,,,,,,,,,,12,16,12,12,14,10,+3,+5,+1,+1,+2,0,Opportunity Attack,,
Jarlath,Balanced,1,6,10,0,+2,,,,,,,,,,,,Full Resistance,,,,10,10,10,10,10,10,0,0,0,0,0,0,"Darkvision,Dwarven Resilience,Opportunity Attack",,
Jarlath,Explorer,1,4,10,0,+4,,,,,,,,,,,,Full Resistance,,,,10,10,10,10,10,10,0,0,0,0,0,0,"Darkvision,Dwarven Resilience,Opportunity Attack",,
Jarlath,Tactician,1,7,10,0,+2,,,,,,,,,,,,Full Resistance,,,,10,10,10,10,10,10,0,0,0,0,0,0,"Darkvision,Dwarven Resilience,Opportunity Attack",,
Jaryd,Balanced,11,82,16,+2,+4,,,,,,,,,,,,,,,,15,14,12,12,10,12,+6,+2,+5,+1,0,+1,"Brave,Halfling Luck,Improved Extra Attack,Opportunity Attack,Tenacity",Charmed,
Jaryd,Explorer,11,57,16,+2,+6,,,,,,,,,,,,,,,,15,14,12,12,10,12,+8,+2,+7,+1,0,+1,"Brave,Halfling Luck,Improved Extra Attack,Opportunity Attack,Tenacity",Charmed,
Jaryd,Tactician,11,106,16,+2,+4,,,,,,,,,,,,,,,,15,14,12,12,10,12,+6,+2,+5,+1,0,+1,"Brave,Halfling Luck,Improved Extra Attack,Opportunity Attack,Tenacity",Charmed,
Questioner Jasin,Balanced,8,59,13,+2,+3,,,,,,,,,,,,,,,,10,14,15,12,11,18,0,+2,+2,+4,+3,+4,"Darkvision,Dreadful Word,Gnome Cunning,Opportunity Attack,Repelling Blast,Shortened Stride",,
Questioner Jasin,Explorer,8,41,13,+2,+5,,,,,,,,,,,,,,,,10,14,15,12,11,18,0,+2,+2,+6,+5,+4,"Darkvision,Dreadful Word,Gnome Cunning,Opportunity Attack,Repelling Blast,Shortened Stride",,
Questioner Jasin,Tactician,8,76,13,+2,+3,,,,,,,,,,,,,,,,10,14,15,12,11,18,0,+2,+2,+4,+3,+4,"Darkvision,Dreadful Word,Gnome Cunning,Opportunity Attack,Repelling Blast,Shortened Stride",,
News Hawker Jason,Balanced,1,5,10,0,+2,,,,,,,,,,,,,,,,10,10,10,10,10,10,0,0,0,0,0,0,Opportunity Attack,,
News Hawker Jason,Explorer,1,3,10,0,+4,,,,,,,,,,,,,,,,10,10,10,10,10,10,0,0,0,0,0,0,Opportunity Attack,,
News Hawker Jason,Tactician,1,6,10,0,+2,,,,,,,,,,,,,,,,10,10,10,10,10,10,0,0,0,0,0,0,Opportunity Attack,,
Warrior Jawn,Balanced,2,15,13,+1,+2,,,,,,,,,,,,,,,,12,13,11,10,8,8,+1,+1,0,0,-1,-1,"Darkvision,Opportunity Attack",,
Warrior Jawn,Explorer,2,10,13,+1,+4,,,,,,,,,,,,,,,,12,13,11,10,8,8,+1,+1,0,0,-1,-1,"Darkvision,Opportunity Attack",,
Warrior Jawn,Tactician,2,19,13,+1,+2,,,,,,,,,,,,,,,,12,13,11,10,8,8,+1,+1,0,0,-1,-1,"Darkvision,Fury of the Small,Opportunity Attack",,
Warrior Jawn,Honour,2,23,13,+1,+2,,,,,,,,,,,,,,,,12,13,11,10,8,8,+1,+1,0,0,-1,-1,"Darkvision,Fury of the Small,Opportunity Attack",,
Iron Consul Jaxbock,Balanced,11,93,18,0,+4,,,,,,,,,,,,,,,,20,11,16,10,15,16,+5,0,+3,0,+6,+3,"Extra Attack,Opportunity Attack,Tactical Discipline",,
Iron Consul Jaxbock,Explorer,11,65,18,0,+6,,,,,,,,,,,,,,,,20,11,16,10,15,16,+5,0,+3,0,+8,+3,"Extra Attack,Opportunity Attack,Tactical Discipline",,
Iron Consul Jaxbock,Tactician,11,120,18,0,+4,,,,,,,,,,,,,,,,20,11,16,10,15,16,+5,0,+3,0,+6,+3,"Extra Attack,Opportunity Attack,Tactical Discipline",,
Jaycen Borgu,Balanced,1,8,10,0,+2,,,,,,,,,,,,,,,,10,10,10,10,10,10,0,0,0,0,0,0,Opportunity Attack,,
Jaycen Borgu,Explorer,1,5,10,0,+4,,,,,,,,,,,,,,,,10,10,10,10,10,10,0,0,0,0,0,0,Opportunity Attack,,
Jaycen Borgu,Tactician,1,10,10,0,+2,,,,,,,,,,,,,,,,10,10,10,10,10,10,0,0,0,0,0,0,Opportunity Attack,,
Waiter Jaymes,Balanced,3,8,10,0,+2,,,,,,,,,,,,,,,,10,10,10,10,10,10,0,0,0,0,0,0,"Darkvision,Fey Ancestry,Opportunity Attack",,
A'jak'nir Jeera,Balanced,5,53,16,+1,+3,,,,,,,,,,,,,,,,15,12,16,16,15,16,+2,+1,+6,+3,+2,+3,"Githyanki War Magic,Opportunity Attack",,
A'jak'nir Jeera,Tactician,5,53,16,+1,+3,,,,,,,,,,,,,,,,15,12,16,16,15,16,+2,+1,+6,+3,+2,+3,"Githyanki War Magic,Opportunity Attack,Psionic Empowerment,War Caster: Concentration,War Caster: Opportunity Spell",,
Jeffers Morston,Balanced,1,6,10,0,+2,,,,,,,,,,,,,,,,10,10,10,10,10,10,0,0,0,0,0,0,Opportunity Attack,,
Jeffers Morston,Explorer,1,4,10,0,+4,,,,,,,,,,,,,,,,10,10,10,10,10,10,0,0,0,0,0,0,Opportunity Attack,,
Jeffers Morston,Tactician,1,7,10,0,+2,,,,,,,,,,,,,,,,10,10,10,10,10,10,0,0,0,0,0,0,Opportunity Attack,,
Jenniver Antilles,Balanced,1,6,10,0,+2,,,,,,,,,,,,,,,,10,10,10,10,10,10,0,0,0,0,0,0,Opportunity Attack,,
Jenniver Antilles,Explorer,1,4,10,0,+4,,,,,,,,,,,,,,,,10,10,10,10,10,10,0,0,0,0,0,0,Opportunity Attack,,
Jenniver Antilles,Tactician,1,7,10,0,+2,,,,,,,,,,,,,,,,10,10,10,10,10,10,0,0,0,0,0,0,Opportunity Attack,,
Jeorna,Balanced,3,22,11,0,+2,,,,,,,,,,,,,,,,11,10,12,10,16,12,0,0,+1,+2,+5,+1,"Darkvision,Fey Ancestry,Opportunity Attack",,
Jeorna,Explorer,3,15,11,0,+4,,,,,,,,,,,,,,,,11,10,12,10,16,12,0,0,+1,+4,+7,+1,"Darkvision,Fey Ancestry,Opportunity Attack",,
Jeorna,Tactician,3,28,11,0,+2,,,,,,,,,,,,,,,,11,10,12,10,16,12,0,0,+1,+2,+5,+1,"Darkvision,Fey Ancestry,Opportunity Attack",,
Fist Jepsen,Balanced,8,64,18,+1,+3,,,,,,,,,,,,,,,,21,13,17,10,12,8,+8,+1,+7,0,+1,-1,"Extra Attack,Opportunity Attack,Protection",,
Fist Jepsen,Explorer,8,59,18,+1,+5,,,,,,,,,,,,,,,,21,13,17,10,12,8,+10,+1,+9,0,+1,-1,"Extra Attack,Opportunity Attack,Protection",,
Fist Jepsen,Tactician,8,68,18,+1,+3,,,,,,,,,,,,,,,,21,13,17,10,12,8,+8,+1,+7,0,+1,-1,"Extra Attack,Opportunity Attack,Protection",,
Jerbold,Balanced,8,62,16,+1,+3,,,,,,,,,,,,,,,,21,13,17,10,12,8,+8,+1,+6,0,+1,-1,"Extra Attack,Great Weapon Fighting,Opportunity Attack,Phalanx Formation,Riposte",,
Jerbold,Explorer,8,58,16,+1,+5,,,,,,,,,,,,,,,,21,13,17,10,12,8,+10,+1,+8,0,+1,-1,"Extra Attack,Great Weapon Fighting,Opportunity Attack,Phalanx Formation,Riposte",,
Jerbold,Tactician,8,65,16,+1,+3,,,,,,,,,,,,,,,,21,13,17,10,12,8,+8,+1,+6,0,+1,-1,"Extra Attack,Great Weapon Fighting,Opportunity Attack,Phalanx Formation,Riposte",,
Jerris,Balanced,5,44,11,+2,+3,,,,,,,,,,,,Full Resistance,,,,12,15,12,10,12,12,+4,+5,+1,0,+1,+1,"Duergar Resilience,Dwarven Resilience,Extra Attack,Opportunity Attack,Sunlight Sensitivity,Superior Darkvision",,
Jerris,Explorer,5,30,11,+2,+5,,,,,,,,,,,,Full Resistance,,,,12,15,12,10,12,12,+6,+7,+1,0,+1,+1,"Duergar Resilience,Dwarven Resilience,Extra Attack,Opportunity Attack,Sunlight Sensitivity,Superior Darkvision",,
Jerris,Tactician,5,57,11,+2,+3,,,,,,,,,,,,Full Resistance,,,,12,15,12,10,12,12,+4,+5,+1,0,+1,+1,"Duergar Resilience,Dwarven Resilience,Extra Attack,Opportunity Attack,Sunlight Sensitivity,Superior Darkvision",,
Jezzy Topps,Balanced,5,32,10,0,+3,,,,,,,,,,,,,,,,16,11,14,12,12,14,+6,0,+5,+1,+1,+2,"Extra Attack,Opportunity Attack,Tenacity",,
Jezzy Topps,Explorer,5,22,10,0,+5,,,,,,,,,,,,,,,,16,11,14,12,12,14,+8,0,+7,+1,+1,+2,"Extra Attack,Opportunity Attack,Tenacity",,
Jezzy Topps,Tactician,5,41,10,0,+3,,,,,,,,,,,,,,,,16,11,14,12,12,14,+6,0,+5,+1,+1,+2,"Extra Attack,Opportunity Attack,Tenacity",,
Ardent Jhe'rezath,Balanced,5,28,12,+2,+3,,,,,,,,,,,,,,,,10,14,16,16,14,10,0,+2,+6,+6,+5,0,"Extra Attack,Opportunity Attack,Synergetic Moments",,
Ardent Jhe'rezath,Explorer,5,19,12,+2,+5,,,,,,,,,,,,,,,,10,14,16,16,14,10,0,+2,+8,+8,+7,0,"Extra Attack,Opportunity Attack,Synergetic Moments",,
Ardent Jhe'rezath,Tactician,5,36,12,+2,+3,,,,,,,,,,,,,,,,10,14,16,16,14,10,0,+2,+6,+6,+5,0,"Extra Attack,Opportunity Attack,Potent Cantrip,Psionic Empowerment,Synergetic Moments",,
Jheruth,Balanced,1,5,10,0,+2,,,,,,,,,,,,,,,,10,10,10,10,10,10,0,0,0,0,0,0,Opportunity Attack,,
Jhessem,Balanced,,5,10,0,,,,,,,,,,,,,,,,,10,10,10,10,10,10,0,0,0,0,0,0,Opportunity Attack,,
Jhessem,Explorer,,3,10,0,,,,,,,,,,,,,,,,,10,10,10,10,10,10,0,0,0,0,0,0,Opportunity Attack,,
Jhessem,Tactician,,6,10,0,,,,,,,,,,,,,,,,,10,10,10,10,10,10,0,0,0,0,0,0,Opportunity Attack,,
Fist Jimi Borleas,Balanced,8,62,16,+1,+3,,,,,,,,,,,,Full Resistance,,,,21,13,17,10,12,8,+8,+1,+6,0,+1,-1,"Darkvision,Dwarven Resilience,Extra Attack,Great Weapon Fighting,Opportunity Attack,Phalanx Formation,Riposte",,
Fist Jimi Borleas,Explorer,8,58,16,+1,+5,,,,,,,,,,,,Full Resistance,,,,21,13,17,10,12,8,+10,+1,+8,0,+1,-1,"Darkvision,Dwarven Resilience,Extra Attack,Great Weapon Fighting,Opportunity Attack,Phalanx Formation,Riposte",,
Fist Jimi Borleas,Tactician,8,65,16,+1,+3,,,,,,,,,,,,Full Resistance,,,,21,13,17,10,12,8,+8,+1,+6,0,+1,-1,"Darkvision,Dwarven Resilience,Extra Attack,Great Weapon Fighting,Opportunity Attack,Phalanx Formation,Riposte",,
Jitters Corbwell,Balanced,1,8,10,0,+2,,,,,,,,,,,,,,,,10,10,10,10,10,10,0,0,0,0,0,0,"Darkvision,Gnome Cunning,Opportunity Attack,Shortened Stride",,
Jitters Corbwell,Explorer,1,5,10,0,+4,,,,,,,,,,,,,,,,10,10,10,10,10,10,0,0,0,0,0,0,"Darkvision,Gnome Cunning,Opportunity Attack,Shortened Stride",,
Jitters Corbwell,Tactician,1,10,10,0,+2,,,,,,,,,,,,,,,,10,10,10,10,10,10,0,0,0,0,0,0,"Darkvision,Gnome Cunning,Opportunity Attack,Shortened Stride",,
Jivin Mizzrym,Balanced,8,56,10,+1,+3,,,,,,,,,,,,,,,,10,12,12,18,14,12,0,+1,+1,+7,+5,+1,"Darkvision,Opportunity Attack,Gnome Cunning,Shortened Stride",,
Jivin Mizzrym,Explorer,8,39,10,+1,+5,,,,,,,,,,,,,,,,10,12,12,18,14,12,0,+1,+1,+9,+7,+1,"Darkvision,Opportunity Attack,Gnome Cunning,Shortened Stride",,
Jivin Mizzrym,Tactician,8,72,10,+1,+3,,,,,,,,,,,,,,,,10,12,12,18,14,12,0,+1,+1,+7,+5,+1,"Darkvision,Opportunity Attack,Gnome Cunning,Shortened Stride",,
Johl,Balanced,9,9,10,0,+4,,,,,,,,,,,,,,,,12,11,10,9,10,9,+1,0,0,-1,0,-1,Opportunity Attack,,
Johl,Explorer,9,6,10,0,+6,,,,,,,,,,,,,,,,12,11,10,9,10,9,+1,0,0,-1,0,-1,Opportunity Attack,,
Johl,Tactician,9,11,10,0,+4,,,,,,,,,,,,,,,,12,11,10,9,10,9,+1,0,0,-1,0,-1,Opportunity Attack,,
News Hawker Jonah,Balanced,1,5,10,0,+2,,,,,,,,,,,,,,,,10,10,10,10,10,10,0,0,0,0,0,0,Opportunity Attack,,
News Hawker Jonah,Explorer,1,3,10,0,+4,,,,,,,,,,,,,,,,10,10,10,10,10,10,0,0,0,0,0,0,Opportunity Attack,,
News Hawker Jonah,Tactician,1,6,10,0,+2,,,,,,,,,,,,,,,,10,10,10,10,10,10,0,0,0,0,0,0,Opportunity Attack,,
Jord,Balanced,11,96,14,+1,+4,,,,,,,,,,,,,,,,20,12,18,9,12,8,+5,+1,+4,+3,+5,-1,"Improved Wild Strike,Nature's Ward,Opportunity Attack,Primal Strike,Wild Strike",,
Jord,Explorer,11,67,14,+1,+6,,,,,,,,,,,,,,,,20,12,18,9,12,8,+5,+1,+4,+5,+7,-1,"Improved Wild Strike,Nature's Ward,Opportunity Attack,Primal Strike,Wild Strike",,
Jord,Tactician,11,124,14,+1,+4,,,,,,,,,,,,,,,,20,12,18,9,12,8,+5,+1,+4,+3,+5,-1,"Improved Wild Strike,Nature's Ward,Opportunity Attack,Primal Strike,Wild Strike",,
Jorkens,Balanced,1,6,10,0,+2,,,,,,,,,,,,,,,,10,10,10,10,10,10,0,0,0,0,0,0,Opportunity Attack,Dead,
Jorkens,Explorer,1,5,10,0,+4,,,,,,,,,,,,,,,,10,10,10,10,10,10,0,0,0,0,0,0,Opportunity Attack,Dead,
Jorkens,Tactician,1,10,10,0,+2,,,,,,,,,,,,,,,,10,10,10,10,10,10,0,0,0,0,0,0,Opportunity Attack,Dead,
Justiciar Crusader (Archetype),Balanced,7,150,14,+2,+3,,,,,,,,,,,,,,,,18,14,13,12,12,14,+4,+2,+1,+1,+1,+2,"Born into Darkness,Dark Vengeance,Darkvision,Extra Attack,Fey Ancestry,Opportunity Attack,Shadow Ambush",,
Justiciar Crusader (Archetype),Explorer,7,105,14,+2,+5,,,,,,,,,,,,,,,,18,14,13,12,12,14,+4,+2,+1,+1,+1,+2,"Born into Darkness,Dark Vengeance,Darkvision,Extra Attack,Fey Ancestry,Opportunity Attack,Shadow Ambush",,
Justiciar Crusader (Archetype),Tactician,7,195,14,+2,+3,,,,,,,,,,,,,,,,18,14,13,12,12,14,+4,+2,+1,+1,+1,+2,"Born into Darkness,Dark Vengeance,Darkvision,Extra Attack,Fey Ancestry,Opportunity Attack,Shadow Ambush",,
Porter Juxon,Balanced,1,6,10,0,+2,,,,,,,,,,,,,,,,10,10,10,10,10,10,0,0,0,0,0,0,Opportunity Attack,,
Porter Juxon,Explorer,1,4,10,0,+4,,,,,,,,,,,,,,,,10,10,10,10,10,10,0,0,0,0,0,0,Opportunity Attack,,
Porter Juxon,Tactician,1,8,10,0,+2,,,,,,,,,,,,,,,,10,10,10,10,10,10,0,0,0,0,0,0,Opportunity Attack,,
Raider Jy'ir,Balanced,5,32,15,+3,+3,,,,,,,,,,,,,,,,10,17,14,10,12,10,+3,+3,+5,0,+1,0,"Crossbow Expert: Point-Blank,Crossbow Expert: Wounding,Extra Attack,Opportunity Attack",,
Raider Jy'ir,Explorer,5,22,15,+3,+5,,,,,,,,,,,,,,,,10,17,14,10,12,10,+5,+3,+7,0,+1,0,"Crossbow Expert: Point-Blank,Crossbow Expert: Wounding,Extra Attack,Opportunity Attack",,
Raider Jy'ir,Tactician,5,41,15,+3,+3,,,,,,,,,,,,,,,,10,17,14,10,12,10,+3,+3,+5,0,+1,0,"Archery,Crossbow Expert: Point-Blank,Crossbow Expert: Wounding,Extra Attack,Opportunity Attack,Psionic Empowerment",,
Zephyr Gish'ra Jyd'i',Balanced,9,68,17,+3,+4,,,,,,,,,,,,,,,,12,17,16,17,19,13,+5,+7,+3,+3,+4,+1,"Advanced Unarmoured Movement,Deflect Missiles,Evasion,Extra Attack,Ki-Empowered Strikes,Martial Arts: Bonus Unarmed Strike,Martial Arts: Dextrous Attacks,Martial Arts: Deft Strikes,Opportunity Attack,Psionic Empowerment,Slow Fall,Stillness of Mind,Unarmoured Defence (Monk),Unarmoured Movement",Astral Gravity,
Zephyr Gish'ra Jyd'i',Explorer,9,40,17,+3,+6,,,,,,,,,,,,,,,,12,17,16,17,19,13,+7,+9,+3,+3,+4,+1,"Advanced Unarmoured Movement,Deflect Missiles,Evasion,Extra Attack,Ki-Empowered Strikes,Martial Arts: Bonus Unarmed Strike,Martial Arts: Dextrous Attacks,Martial Arts: Deft Strikes,Opportunity Attack,Psionic Empowerment,Slow Fall,Stillness of Mind,Unarmoured Defence (Monk),Unarmoured Movement",Astral Gravity,
Zephyr Gish'ra Jyd'i',Tactician,9,88,17,+3,+4,,,,,,,,,,,,,,,,12,17,16,17,19,13,+5,+7,+3,+3,+4,+1,"Advanced Unarmoured Movement,Deflect Missiles,Evasion,Extra Attack,Ki-Empowered Strikes,Martial Arts: Bonus Unarmed Strike,Martial Arts: Dextrous Attacks,Martial Arts: Deft Strikes,Opportunity Attack,Psionic Empowerment,Slow Fall,Stillness of Mind,Unarmoured Defence (Monk),Unarmoured Movement",Astral Gravity,
High Gish'ra K'i'lar,Balanced,9,76,17,+4,+4,,,,,,,,,,,,,,,,14,19,16,15,17,13,+6,+8,+3,+2,+3,+1,"Advanced Unarmoured Movement,Deflect Missiles,Evasion,Extra Attack,Ki-Empowered Strikes,Martial Arts: Bonus Unarmed Strike,Martial Arts: Dextrous Attacks,Martial Arts: Deft Strikes,Opportunity Attack,Psionic Empowerment,Slow Fall,Stillness of Mind,Unarmoured Defence (Monk),Unarmoured Movement",Astral Gravity,
High Gish'ra K'i'lar,Explorer,9,53,17,+4,+6,,,,,,,,,,,,,,,,14,19,16,15,17,13,+8,+10,+3,+2,+3,+1,"Advanced Unarmoured Movement,Deflect Missiles,Evasion,Extra Attack,Ki-Empowered Strikes,Martial Arts: Bonus Unarmed Strike,Martial Arts: Dextrous Attacks,Martial Arts: Deft Strikes,Opportunity Attack,Psionic Empowerment,Slow Fall,Stillness of Mind,Unarmoured Defence (Monk),Unarmoured Movement",Astral Gravity,
High Gish'ra K'i'lar,Tactician,9,98,17,+4,+4,,,,,,,,,,,,,,,,14,19,16,15,17,13,+6,+8,+3,+2,+3,+1,"Advanced Unarmoured Movement,Deflect Missiles,Evasion,Extra Attack,Ki-Empowered Strikes,Martial Arts: Bonus Unarmed Strike,Martial Arts: Dextrous Attacks,Martial Arts: Deft Strikes,Opportunity Attack,Psionic Empowerment,Slow Fall,Stillness of Mind,Unarmoured Defence (Monk),Unarmoured Movement",Astral Gravity,
Kadugan,Balanced,1,8,1,0,+2,,,,,,,,,,,,,,,,10,10,10,10,10,10,0,0,0,0,0,0,"Darkvision,Fey Ancestry,Opportunity Attack",,
Kadugan,Explorer,1,5,1,0,+4,,,,,,,,,,,,,,,,10,10,10,10,10,10,0,0,0,0,0,0,"Darkvision,Fey Ancestry,Opportunity Attack",,
Kadugan,Tactician,1,10,1,0,+2,,,,,,,,,,,,,,,,10,10,10,10,10,10,0,0,0,0,0,0,"Darkvision,Fey Ancestry,Opportunity Attack",,
Kaet Ling,Balanced,1,6,10,0,+2,,,,,,,,,,,,,,,,10,10,10,10,10,10,0,0,0,0,0,0,Opportunity Attack,,
Kaet Ling,Explorer,1,4,10,0,+4,,,,,,,,,,,,,,,,10,10,10,10,10,10,0,0,0,0,0,0,Opportunity Attack,,
Kaet Ling,Tactician,1,7,10,0,+2,,,,,,,,,,,,,,,,10,10,10,10,10,10,0,0,0,0,0,0,Opportunity Attack,,
Kagha,Balanced,5,65,14,+3,+3,,,,,,,,,,,,Full Resistance,,,,16,16,14,14,16,14,+3,+3,+2,+5,+6,+2,"Darkvision,Fey Ancestry,Opportunity Attack,Venomous Revenge",,
Kagha,Explorer,5,45,14,+3,+5,,,,,,,,,,,,Full Resistance,,,,16,16,14,14,16,14,+3,+3,+2,+7,+8,+2,"Darkvision,Fey Ancestry,Opportunity Attack,Venomous Revenge",,
Kagha,Tactician,5,84,14,+3,+3,,,,,,,,,,,,Full Resistance,,,,16,16,14,14,16,14,+3,+3,+2,+5,+6,+2,"Darkvision,Fey Ancestry,Opportunity Attack,Venomous Revenge",,
Kagran,Balanced,1,8,10,0,+2,,,,,,,,,,,,,,,,10,10,10,10,10,10,0,0,0,0,0,0,Opportunity Attack,,
Kaldani,Balanced,3,23,18,+2,+2,,,,,,,,Full Resistance,,,,,,,,12,15,12,10,14,12,+3,+4,+1,0,+2,+1,"Darkvision,Hellish Resistance,Opportunity Attack",,
Kaldani,Explorer,3,15,18,+2,+4,,,,,,,,Full Resistance,,,,,,,,12,15,12,10,14,12,+5,+6,+1,0,+2,+1,"Darkvision,Hellish Resistance,Opportunity Attack",,
Kaldani,Tactician,3,28,18,+2,+2,,,,,,,,Full Resistance,,,,,,,,12,15,12,10,14,12,+3,+4,+1,0,+2,+1,"Darkvision,Hellish Resistance,Opportunity Attack",,
Kale Dorriacks,Balanced,1,8,10,0,+2,,,,,,,,,,,,Full Resistance,,,,10,10,10,10,10,10,0,0,0,0,0,0,"Darkvision,Dwarven Resilience,Opportunity Attack",,
Kale Dorriacks,Explorer,1,5,10,0,+4,,,,,,,,,,,,Full Resistance,,,,10,10,10,10,10,10,0,0,0,0,0,0,"Darkvision,Dwarven Resilience,Opportunity Attack",,
Kale Dorriacks,Tactician,1,10,10,0,+2,,,,,,,,,,,,Full Resistance,,,,10,10,10,10,10,10,0,0,0,0,0,0,"Darkvision,Dwarven Resilience,Opportunity Attack",,
Kali Hammerhand,Balanced,1,8,10,0,+2,,,,,,,,,,,,Full Resistance,,,,10,10,10,10,10,10,0,0,0,0,0,0,"Darkvision,Dwarven Resilience,Opportunity Attack",,
Kali Hammerhand,Explorer,1,5,10,0,+4,,,,,,,,,,,,Full Resistance,,,,10,10,10,10,10,10,0,0,0,0,0,0,"Darkvision,Dwarven Resilience,Opportunity Attack",,
Kali Hammerhand,Tactician,1,10,10,0,+2,,,,,,,,,,,,Full Resistance,,,,10,10,10,10,10,10,0,0,0,0,0,0,"Darkvision,Dwarven Resilience,Opportunity Attack",,
Cook Kameros,Balanced,1,8,10,0,+2,,,,,,,,,,,,,,,,10,10,10,10,10,10,0,0,0,0,0,0,"Darkvision,Hellish Resistance,Opportunity Attack",,
Cook Kameros,Explorer,1,5,10,0,+4,,,,,,,,,,,,,,,,10,10,10,10,10,10,0,0,0,0,0,0,"Darkvision,Hellish Resistance,Opportunity Attack",,
Cook Kameros,Tactician,1,10,10,0,+2,,,,,,,,,,,,,,,,10,10,10,10,10,10,0,0,0,0,0,0,"Darkvision,Hellish Resistance,Opportunity Attack",,
Kanon,Balanced,3,20,12,+2,+2,,,,,,,,Full Resistance,,,,,,,,12,15,12,10,14,12,+3,+4,+1,0,+2,+1,"Darkvision,Hellish Resistance,Opportunity Attack",Dead,
Kanon,Explorer,3,14,12,+2,+4,,,,,,,,Full Resistance,,,,,,,,12,15,12,10,14,12,+5,+6,+1,0,+2,+1,"Darkvision,Hellish Resistance,Opportunity Attack",Dead,
Kanon,Tactician,3,26,12,+2,+2,,,,,,,,Full Resistance,,,,,,,,12,15,12,10,14,12,+3,+4,+1,0,+2,+1,"Darkvision,Hellish Resistance,Opportunity Attack",Dead,
Kansif,Balanced,5,44,10,0,+3,,,,,,,,,,,,,,,,18,10,12,16,10,10,+4,0,+1,+6,+3,0,"Arcane Ashes,Dark Devotion,Opportunity Attack,Sculpt Spells",,
Kansif,Explorer,5,30,10,0,+5,,,,,,,,,,,,,,,,18,10,12,16,10,10,+4,0,+1,+8,+5,0,"Arcane Ashes,Dark Devotion,Opportunity Attack,Sculpt Spells",,
Kansif,Tactician,5,57,10,0,+3,,,,,,,,,,,,,,,,18,10,12,16,10,10,+4,0,+1,+6,+3,0,"Arcane Ashes,Dark Devotion,Opportunity Attack,Sculpt Spells",,
Karad,Balanced,4,28,14,+3,+2,,,,,,,,,,,,,,,,12,16,12,12,14,10,+3,+5,+1,+1,+2,0,Opportunity Attack,,
Karad,Explorer,4,19,14,+3,+4,,,,,,,,,,,,,,,,12,16,12,12,14,10,+5,+7,+1,+1,+2,0,Opportunity Attack,,
Karad,Tactician,4,36,14,+3,+2,,,,,,,,,,,,,,,,12,16,12,12,14,10,+3,+5,+1,+1,+2,0,Opportunity Attack,,
Karlach,Balanced,1,14,13,+1,+2,,,,,,,,Resistance to Magical,,,,,,,,17,13,15,8,12,10,+5,+1,+4,-1,+1,0,"Darkvision,Hellish Resistance,Opportunity Attack",Infernal Fury,
Cashguard Basher Karol,Balanced,9,85,19,+1,+4,,,,,,,,,,,,,,,,18,12,14,10,12,15,+6,+3,+5,+2,+7,+8,"Charger,Divine Health,Extra Attack,Opportunity Attack,Tenacity",Aura of Protection,
Cashguard Basher Karol,Explorer,9,59,19,+1,+6,,,,,,,,,,,,,,,,18,12,14,10,12,15,+6,+3,+5,+2,+9,+10,"Charger,Divine Health,Extra Attack,Opportunity Attack,Tenacity",Aura of Protection,
Cashguard Basher Karol,Tactician,9,110,19,+1,+4,,,,,,,,,,,,,,,,18,12,14,10,12,15,+6,+3,+5,+2,+7,+8,"Charger,Divine Health,Extra Attack,Opportunity Attack,Tenacity",Aura of Protection,
Fist Karoline,Balanced,8,62,8,+1,+3,,,,,,,,,,,,,,,,21,13,17,10,12,8,+8,+1,+6,0,+1,-1,"Extra Attack,Great Weapon Fighting,Opportunity Attack,Phalanx Formation,Riposte",,
Fist Karoline,Explorer,8,58,8,+1,+5,,,,,,,,,,,,,,,,21,13,17,10,12,8,+10,+1,+8,0,+1,-1,"Extra Attack,Great Weapon Fighting,Opportunity Attack,Phalanx Formation,Riposte",,
Fist Karoline,Tactician,8,65,8,+1,+3,,,,,,,,,,,,,,,,21,13,17,10,12,8,+8,+1,+6,0,+1,-1,"Extra Attack,Great Weapon Fighting,Opportunity Attack,Phalanx Formation,Riposte",,
Karrik,Balanced,3,22,11,0,+2,,,,,,,,,,,,,,,,12,10,10,12,16,10,+1,0,0,+3,+5,0,Opportunity Attack,,
Karrik,Explorer,3,15,11,0,+4,,,,,,,,,,,,,,,,12,10,10,12,16,10,+1,0,0,+5,+7,0,Opportunity Attack,,
Karrik,Tactician,3,28,11,0,+2,,,,,,,,,,,,,,,,12,10,10,12,16,10,+1,0,0,+3,+5,0,Opportunity Attack,,
Harper Karrow,Balanced,5,52,13,+2,+3,,,,,,,,,,,,Full Resistance,,,,12,15,12,12,10,12,+4,+2,+4,+1,0,+1,"Darkvision,Dwarven Resilience,Extra Attack,Opportunity Attack",,
Harper Karrow,Explorer,5,36,13,+2,+5,,,,,,,,,,,,Full Resistance,,,,12,15,12,12,10,12,+6,+2,+6,+1,0,+1,"Darkvision,Dwarven Resilience,Extra Attack,Opportunity Attack",,
Harper Karrow,Tactician,5,67,13,+2,+3,,,,,,,,,,,,Full Resistance,,,,12,15,12,12,10,12,+4,+2,+4,+1,0,+1,"Darkvision,Dwarven Resilience,Extra Attack,Opportunity Attack",,
Katelyn Lerskin,Balanced,9,54,11,0,+4,,,,,,,,,,,,,,,,14,11,14,12,18,14,+2,0,+2,+1,+8,+6,"Opportunity Attack,Scar of the Agave",,
Katelyn Lerskin,Explorer,9,37,11,0,+6,,,,,,,,,,,,,,,,14,11,14,12,18,14,+2,0,+2,+1,+10,+8,"Opportunity Attack,Scar of the Agave",,
Katelyn Lerskin,Tactician,9,70,11,0,+4,,,,,,,,,,,,,,,,14,11,14,12,18,14,+2,0,+2,+1,+8,+6,"Opportunity Attack,Scar of the Agave",,
Kavil,Balanced,1,8,10,0,+2,,,,,,,,Full Resistance,,,,,,,,10,10,10,10,10,10,0,0,0,0,0,0,"Darkvision,Hellish Resistance,Opportunity Attack",,
Kavil,Explorer,1,5,10,0,+4,,,,,,,,Full Resistance,,,,,,,,10,10,10,10,10,10,0,0,0,0,0,0,"Darkvision,Hellish Resistance,Opportunity Attack",,
Kavil,Tactician,1,10,10,0,+2,,,,,,,,Full Resistance,,,,,,,,10,10,10,10,10,10,0,0,0,0,0,0,"Darkvision,Hellish Resistance,Opportunity Attack",,
Kepli,Balanced,1,8,10,0,+2,,,,,,,,,,,,,,,,10,10,10,10,10,10,0,0,0,0,0,0,"Darkvision,Gnome Cunning,Opportunity Attack,Shortened Stride",,
Kepli,Explorer,1,5,10,0,+4,,,,,,,,,,,,,,,,10,10,10,10,10,10,0,0,0,0,0,0,"Darkvision,Gnome Cunning,Opportunity Attack,Shortened Stride",,
Kepli,Tactician,1,10,10,0,+2,,,,,,,,,,,,,,,,10,10,10,10,10,10,0,0,0,0,0,0,"Darkvision,Gnome Cunning,Opportunity Attack,Shortened Stride",,
Kepso,Balanced,8,62,16,+1,+3,,,,,,,,,,,,,,,,21,13,17,10,12,8,+8,+1,+7,0,+1,-1,"Extra Attack,Great Weapon Fighting,Opportunity Attack,Phalanx Formation,Riposte",,
Kepso,Explorer,8,59,16,+1,+5,,,,,,,,,,,,,,,,21,13,17,10,12,8,+10,+1,+9,0,+1,-1,"Extra Attack,Great Weapon Fighting,Opportunity Attack,Phalanx Formation,Riposte",,
Kepso,Tactician,8,64,16,+1,+3,,,,,,,,,,,,,,,,21,13,17,10,12,8,+8,+1,+7,0,+1,-1,"Extra Attack,Great Weapon Fighting,Opportunity Attack,Phalanx Formation,Riposte",,
Adept Keris,Balanced,8,58,15,+1,+3,,,,,,,,,,,,,Full Resistance,,,13,12,16,10,18,10,+1,+1,+3,0,+7,+3,"Darkvision,Fey Ancestry,Opportunity Attack,Sunlight Sensitivity",Death Ward,
Adept Keris,Explorer,8,40,15,+1,+5,,,,,,,,,,,,,Full Resistance,,,13,12,16,10,18,10,+1,+1,+3,0,+9,+5,"Darkvision,Fey Ancestry,Opportunity Attack,Sunlight Sensitivity",Death Ward,
Adept Keris,Tactician,8,75,15,+1,+3,,,,,,,,,,,,,Full Resistance,,,13,12,16,10,18,10,+1,+1,+3,0,+7,+3,"Channel Divinity: War God's Blessing,Darkvision,Fey Ancestry,Opportunity Attack,Sunlight Sensitivity",Death Ward,
Kerz,Balanced,1,11,1,+1,+2,,,,,,,,,,,,,,,,17,12,13,8,10,15,+3,+1,+1,-1,+2,+4,"Darkvision,Opportunity Attack,Relentless Endurance,Savage Attacks",,
Sa'varsh Kethk,Balanced,5,73,17,+3,+3,,,,,,,,,,,,,,,,12,17,14,10,12,12,+4,+3,+5,0,+1,+1,"Crossbow Expert: Point-Blank,Crossbow Expert: Wounding,Extra Attack,Opportunity Attack",,
Sa'varsh Kethk,Explorer,5,51,17,+3,+5,,,,,,,,,,,,,,,,12,17,14,10,12,12,+6,+3,+7,0,+1,+1,"Crossbow Expert: Point-Blank,Crossbow Expert: Wounding,Extra Attack,Opportunity Attack",,
Sa'varsh Kethk,Tactician,5,94,17,+3,+3,,,,,,,,,,,,,,,,12,17,14,10,12,12,+4,+3,+5,0,+1,+1,"Archery,Crossbow Expert: Point-Blank,Crossbow Expert: Wounding,Extra Attack,Opportunity Attack,Psionic Empowerment",,
Mind Master Kettel,Balanced,5,38,12,+1,+3,,,,,,,,,,,,Full Resistance,,,,10,12,12,16,12,10,0,+1,+1,+6,+4,0,"Duergar Resilience,Dwarven Resilience,Opportunity Attack,Sunlight Sensitivity,Superior Darkvision",,
Mind Master Kettel,Explorer,5,26,12,+1,+5,,,,,,,,,,,,Full Resistance,,,,10,12,12,16,12,10,0,+1,+1,+8,+6,0,"Duergar Resilience,Dwarven Resilience,Opportunity Attack,Sunlight Sensitivity,Superior Darkvision",,
Mind Master Kettel,Tactician,5,49,12,+1,+3,,,,,,,,,,,,Full Resistance,,,,10,12,12,16,12,10,0,+1,+1,+6,+4,0,"Duergar Resilience,Dwarven Resilience,Opportunity Attack,Sunlight Sensitivity,Superior Darkvision",,
Kevo Phogge,Balanced,8,76,16,+5,+3,,,,,,,,,,,,,,,,20,20,20,14,16,13,+5,+5,+5,+2,+3,+1,"Darkvision,Extra Attack,Land's Stride: Difficult Terrain,Magic Resistance,Murder Hungry,Opportunity Attack",Aura of Murder,
Kevo Phogge,Explorer,8,53,16,+5,+5,,,,,,,,,,,,,,,,20,20,20,14,16,13,+5,+5,+5,+2,+3,+1,"Darkvision,Extra Attack,Land's Stride: Difficult Terrain,Magic Resistance,Murder Hungry,Opportunity Attack",Aura of Murder,
Kevo Phogge,Tactician,8,98,16,+5,+3,,,,,,,,,,,,,,,,20,20,20,14,16,13,+5,+5,+5,+2,+3,+1,"Darkvision,Extra Attack,Land's Stride: Difficult Terrain,Magic Resistance,Murder Hungry,Opportunity Attack,Sentinel: Opportunity Advantage,Sentinel: Snare,Sentinel: Vengeance","Aura of Murder,Unstoppable",
Raider Kharyk,Balanced,5,32,15,+3,+3,,,,,,,,,,,,,,,,10,17,14,10,12,10,+3,+3,+5,0,+1,0,"Opportunity Attack,Extra Attack,Crossbow Expert: Point-Blank,Crossbow Expert: Wounding",,
Raider Kharyk,Explorer,5,22,15,+3,+5,,,,,,,,,,,,,,,,10,17,14,10,12,10,+5,+3,+7,0,+1,0,"Opportunity Attack,Extra Attack,Crossbow Expert: Point-Blank,Crossbow Expert: Wounding",,
Raider Kharyk,Tactician,5,41,15,+3,+3,,,,,,,,,,,,,,,,10,17,14,10,12,10,+3,+3,+5,0,+1,0,"Psionic Empowerment,Archery,Opportunity Attack,Extra Attack,Crossbow Expert: Point-Blank,Crossbow Expert: Wounding",,
Refugee Khathi,Balanced,1,8,10,0,+2,,,,,,,,,,,,,,,,10,10,10,10,10,10,0,0,0,0,0,0,"Brave,Halfling Luck,Opportunity Attack",,
Refugee Khathi,Explorer,1,5,10,0,+4,,,,,,,,,,,,,,,,10,10,10,10,10,10,0,0,0,0,0,0,"Brave,Halfling Luck,Opportunity Attack",,
Refugee Khathi,Tactician,1,10,10,0,+2,,,,,,,,,,,,,,,,10,10,10,10,10,10,0,0,0,0,0,0,"Brave,Halfling Luck,Opportunity Attack",,
Warrior Khunaruth,Balanced,5,41,17,+2,+3,,,,,,,,,,,,,,,,17,14,15,10,12,10,+6,+2,+5,0,+1,0,"Extra Attack,Githyanki Parry,Opportunity Attack",,
Warrior Khunaruth,Explorer,5,28,17,+2,+5,,,,,,,,,,,,,,,,17,14,15,10,12,10,+8,+2,+7,0,+1,0,"Extra Attack,Githyanki Parry,Opportunity Attack",,
Warrior Khunaruth,Tactician,5,53,17,+2,+3,,,,,,,,,,,,,,,,17,14,15,10,12,10,+6,+2,+5,0,+1,0,"Extra Attack,Githyanki Parry,Great Weapon Fighting,Opportunity Attack,Psionic Empowerment",,
Acolyte Kimmeral,Balanced,4,27,11,0,+2,,,,,,,,,,,,,,,,11,10,12,8,14,9,0,0,+1,-1,+4,+1,"Darkvision,Fey Ancestry,Opportunity Attack",,
Acolyte Kimmeral,Explorer,4,18,11,0,+2,,,,,,,,,,,,,,,,11,10,12,8,14,9,0,0,+1,-1,+4,+1,"Darkvision,Fey Ancestry,Opportunity Attack",,
Acolyte Kimmeral,Tactician,4,35,11,0,+2,,,,,,,,,,,,,,,,11,10,12,8,14,9,0,0,+1,-1,+4,+1,"Darkvision,Fey Ancestry,Opportunity Attack",,
Kimmy,Balanced,,5,10,0,,,,,,,,,,,,,,,,,10,10,10,10,10,10,0,0,0,0,0,0,Opportunity Attack,,
Kimmy,Explorer,,3,10,0,,,,,,,,,,,,,,,,,10,10,10,10,10,10,0,0,0,0,0,0,Opportunity Attack,,
Kimmy,Tactician,,6,10,0,,,,,,,,,,,,,,,,,10,10,10,10,10,10,0,0,0,0,0,0,Opportunity Attack,,
Kirgrath,Balanced,5,44,14,+2,+3,,,,,,,,,,,,Full Resistance,,,,12,15,12,10,12,12,+4,+5,+1,0,+1,+1,"Duergar Resilience,Dwarven Resilience,Extra Attack,Opportunity Attack,Sunlight Sensitivity,Superior Darkvision",,
Kirgrath,Explorer,5,30,14,+2,+5,,,,,,,,,,,,Full Resistance,,,,12,15,12,10,12,12,+6,+7,+1,0,+1,+1,"Duergar Resilience,Dwarven Resilience,Extra Attack,Opportunity Attack,Sunlight Sensitivity,Superior Darkvision",,
Kirgrath,Tactician,5,57,14,+2,+3,,,,,,,,,,,,Full Resistance,,,,12,15,12,10,12,12,+4,+5,+1,0,+1,+1,"Duergar Resilience,Dwarven Resilience,Extra Attack,Opportunity Attack,Sunlight Sensitivity,Superior Darkvision",,
Tracker Kirz,Balanced,1,7,13,+2,+2,,,,,,,,,,,,,,,,10,14,10,10,8,8,0,+2,0,0,-1,-1,"Darkvision,Opportunity Attack",Slightly Drunk,
Tracker Kirz,Explorer,1,4,13,+2,+4,,,,,,,,,,,,,,,,10,14,10,10,8,8,0,+2,0,0,-1,-1,"Darkvision,Opportunity Attack",Slightly Drunk,
Tracker Kirz,Tactician,1,9,13,+2,+2,,,,,,,,,,,,,,,,10,14,10,10,8,8,0,+2,0,0,-1,-1,"Darkvision,Fury of the Small,Opportunity Attack",Slightly Drunk,
Tracker Kirz,Honour,1,11,13,+2,+2,,,,,,,,,,,,,,,,10,14,10,10,8,8,0,+2,0,0,-1,-1,"Darkvision,Fury of the Small,Opportunity Attack",Slightly Drunk,
Stonemason Kith,Balanced,5,70,12,+1,+3,,,,,,,,,,,,Full Resistance,,,,18,12,14,10,12,12,+7,+1,+5,0,+1,+1,"Duergar Resilience,Dwarven Resilience,Extra Attack,Opportunity Attack,Sunlight Sensitivity,Superior Darkvision",,
Stonemason Kith,Explorer,5,49,12,+1,+5,,,,,,,,,,,,Full Resistance,,,,18,12,14,10,12,12,+9,+1,+7,0,+1,+1,"Duergar Resilience,Dwarven Resilience,Extra Attack,Opportunity Attack,Sunlight Sensitivity,Superior Darkvision",,
Stonemason Kith,Tactician,5,91,12,+1,+3,,,,,,,,,,,,Full Resistance,,,,18,12,14,10,12,12,+7,+1,+5,0,+1,+1,"Duergar Resilience,Dwarven Resilience,Extra Attack,Opportunity Attack,Sunlight Sensitivity,Superior Darkvision",,
Kivak,Balanced,1,8,10,0,+2,,,,,,,,Full Resistance,,,,,,,,10,10,10,10,10,10,0,0,0,0,0,0,"Darkvision,Hellish Resistance,Opportunity Attack",,
Kivak,Explorer,1,5,10,0,+4,,,,,,,,Full Resistance,,,,,,,,10,10,10,10,10,10,0,0,0,0,0,0,"Darkvision,Hellish Resistance,Opportunity Attack",,
Kivak,Tactician,1,10,10,0,+2,,,,,,,,Full Resistance,,,,,,,,10,10,10,10,10,10,0,0,0,0,0,0,"Darkvision,Hellish Resistance,Opportunity Attack",,
Fist Klaas,Balanced,8,62,16,+1,+3,,,,,,,,,,,,,,,,21,13,17,10,12,8,+8,+1,+7,0,+1,-1,"Opportunity Attack,Extra Attack,Great Weapon Fighting,Riposte,Phalanx Formation",,
Fist Klaas,Explorer,8,43,16,+1,+5,,,,,,,,,,,,,,,,21,13,17,10,12,8,+10,+1,+9,0,+1,-1,"Opportunity Attack,Extra Attack,Great Weapon Fighting,Riposte,Phalanx Formation",,
Fist Klaas,Tactician,8,80,16,+1,+3,,,,,,,,,,,,,,,,21,13,17,10,12,8,+8,+1,+7,0,+1,-1,"Opportunity Attack,Extra Attack,Great Weapon Fighting,Riposte,Phalanx Formation",,
Tracker Klagga,Balanced,1,7,13,+2,+2,,,,,,,,,,,,,,,,10,14,10,10,8,8,0,+2,0,0,-1,-1,"Darkvision,Opportunity Attack",,
Tracker Klagga,Explorer,1,4,13,+2,+4,,,,,,,,,,,,,,,,10,14,10,10,8,8,0,+2,0,0,-1,-1,"Darkvision,Opportunity Attack",,
Tracker Klagga,Tactician,1,9,13,+2,+2,,,,,,,,,,,,,,,,10,14,10,10,8,8,0,+2,0,0,-1,-1,"Darkvision,Fury of the Small,Opportunity Attack",,
Tracker Klagga,Honour,1,11,13,+2,+2,,,,,,,,,,,,,,,,10,14,10,10,8,8,0,+2,0,0,-1,-1,"Darkvision,Fury of the Small,Opportunity Attack",,
Druid Klarrvox,Balanced,1,8,10,0,+2,,,,,,,,,,,,,,,,10,10,10,10,10,10,0,0,0,0,0,0,"Opportunity Attack,Toggle Non-Lethal Attacks",,
Druid Klarrvox,Explorer,1,16,10,0,+4,,,,,,,,,,,,,,,,10,10,10,10,10,10,0,0,0,0,0,0,"Opportunity Attack,Toggle Non-Lethal Attacks",,
Druid Klarrvox,Tactician,1,8,10,0,+2,,,,,,,,,,,,,,,,10,10,10,10,10,10,0,0,0,0,0,0,"Opportunity Attack,Toggle Non-Lethal Attacks",,
Night Blade Klarv,Balanced,3,28,12,+2,+2,,,,,,,,,,,,,,,,11,15,12,10,11,14,0,+2,+1,0,0,+2,"Darkvision,Opportunity Attack",Aura of Murder,
Night Blade Klarv,Explorer,3,19,12,+2,+4,,,,,,,,,,,,,,,,11,15,12,10,11,14,0,+2,+1,0,0,+2,"Darkvision,Opportunity Attack",Aura of Murder,
Night Blade Klarv,Tactician,3,36,12,+2,+2,,,,,,,,,,,,,,,,11,15,12,10,11,14,0,+2,+1,0,0,+2,"Darkvision,Opportunity Attack",Aura of Murder,
Klaus,Balanced,8,52,11,+1,+3,,,,,,,,,,,,,,,,10,12,10,18,12,14,0,+1,0,+7,+4,+2,"Darkvision,Draconic Ancestry: Green (Poison),Draconic Resilience,Elemental Affinity: Damage,Fey Ancestry,Metamagic: Distant Spell,Opportunity Attack",,
Klaus,Explorer,8,36,11,+1,+5,,,,,,,,,,,,,,,,10,12,10,18,12,14,0,+1,0,+9,+6,+2,"Darkvision,Draconic Ancestry: Green (Poison),Draconic Resilience,Elemental Affinity: Damage,Fey Ancestry,Metamagic: Distant Spell,Opportunity Attack",,
Klaus,Tactician,8,67,11,+1,+3,,,,,,,,,,,,,,,,10,12,10,18,12,14,0,+1,0,+7,+4,+2,"Darkvision,Draconic Ancestry: Green (Poison),Draconic Resilience,Elemental Affinity: Damage,Fey Ancestry,Metamagic: Distant Spell,Opportunity Attack",,
Zealot Klen,Balanced,8,70,18,0,+3,,,,,,,,,,,,,,,,18,10,16,9,11,16,+7,+3,+6,+2,+6,+9,"Divine Health,Extra Attack,Great Weapon Fighting,Opportunity Attack",Aura of Protection,
Zealot Klen,Explorer,8,49,18,0,+5,,,,,,,,,,,,,,,,18,10,16,9,11,16,+7,+3,+6,+2,+8,+11,"Divine Health,Extra Attack,Great Weapon Fighting,Opportunity Attack",Aura of Protection,
Zealot Klen,Tactician,8,91,18,0,+3,,,,,,,,,,,,,,,,18,10,16,9,11,16,+7,+3,+6,+2,+6,+9,"Divine Health,Extra Attack,Great Weapon Fighting,Opportunity Attack,Relentless Avenger",Aura of Protection,
Klorrvank,Balanced,1,8,1,0,+2,,,,,,,,,,,,,,,,10,10,10,10,10,10,0,0,0,0,0,0,Opportunity Attack,,
Klorrvank,Explorer,1,16,1,0,+4,,,,,,,,,,,,,,,,10,10,10,10,10,10,+4,+4,+4,+4,+4,+4,Opportunity Attack,,
Varsh Ko'kuu,Balanced,5,64,13,+3,+3,,,,,,Full Resistance,,,,,,,,,,14,17,16,16,15,10,+2,+3,+6,+6,+5,0,"Caretaker's Care,Githyanki War Magic,Opportunity Attack",,
Varsh Ko'kuu,Explorer,5,44,13,+3,+5,,,,,,Full Resistance,,,,,,,,,,14,17,16,16,15,10,+2,+3,+8,+8,+7,0,"Caretaker's Care,Githyanki War Magic,Opportunity Attack",,
Varsh Ko'kuu,Tactician,5,83,13,+3,+3,,,,,,Full Resistance,,,,,,,,,,14,17,16,16,15,10,+2,+3,+6,+6,+5,0,"Caretaker's Care,Crossbow Expert: Wounding,Githyanki War Magic,Opportunity Attack,Psionic Empowerment,Crossbow Expert: Point-Blank",Mage Armour,
Kolobeg,Balanced,1,6,10,0,+2,,,,,,,,,,,,,,,,10,10,10,10,10,10,0,0,0,0,0,0,Opportunity Attack,,
Kolobeg,Explorer,1,4,10,0,+4,,,,,,,,,,,,,,,,10,10,10,10,10,10,0,0,0,0,0,0,Opportunity Attack,,
Kolobeg,Tactician,1,7,10,0,+2,,,,,,,,,,,,,,,,10,10,10,10,10,10,0,0,0,0,0,0,Opportunity Attack,,
Komira,Balanced,1,8,10,0,+2,,,,,,,,,,,,,,,,10,10,10,10,10,10,0,0,0,0,0,0,"Darkvision,Hellish Resistance,Opportunity Attack",,
Komira,Explorer,1,5,10,0,+4,,,,,,,,,,,,,,,,10,10,10,10,10,10,0,0,0,0,0,0,"Darkvision,Hellish Resistance,Opportunity Attack",,
Komira,Tactician,1,10,10,0,+2,,,,,,,,,,,,,,,,10,10,10,10,10,10,0,0,0,0,0,0,"Darkvision,Hellish Resistance,Opportunity Attack",,
True Soul Korliss,Balanced,5,22,12,+2,+3,,,,,,,,,,,,,,,,15,14,14,10,10,12,+5,+2,+5,0,0,+1,"Darkvision,Extra Attack,Fey Ancestry,Opportunity Attack",,
True Soul Korliss,Explorer,5,15,12,+2,+5,,,,,,,,,,,,,,,,15,14,14,10,10,12,+7,+2,+7,0,0,+1,"Darkvision,Extra Attack,Fey Ancestry,Opportunity Attack",,
True Soul Korliss,Tactician,5,28,12,+2,+3,,,,,,,,,,,,,,,,15,14,14,10,10,12,+5,+2,+5,0,0,+1,"Darkvision,Extra Attack,Fey Ancestry,Opportunity Attack",,
Korrilla,Balanced,5,24,12,+2,+3,,,,,,,,,,,,Full Resistance,,,,14,14,16,18,16,18,+2,+2,+3,+4,+3,+4,"Darkvision,Dwarven Resilience,Opportunity Attack",,
Korrilla,Tactician,5,31,12,+2,+3,,,,,,,,,,,,Full Resistance,,,,14,14,16,18,16,18,+2,+2,+3,+4,+3,+4,"Darkvision,Dwarven Resilience,Opportunity Attack",,
Korrinna Koreena,Balanced,1,8,10,0,+2,,,,,,,,,,,,,,,,10,10,10,10,10,10,0,0,0,0,0,0,"Brave,Halfling Luck,Opportunity Attack",,
Korrinna Koreena,Explorer,1,5,10,0,+4,,,,,,,,,,,,,,,,10,10,10,10,10,10,0,0,0,0,0,0,"Brave,Halfling Luck,Opportunity Attack",,
Korrinna Koreena,Tactician,1,10,10,0,+2,,,,,,,,,,,,,,,,10,10,10,10,10,10,0,0,0,0,0,0,"Brave,Halfling Luck,Opportunity Attack",,
Warrior Kramp,Balanced,2,15,13,+1,+2,,,,,,,,,,,,,,,,12,13,11,10,8,8,+1,+1,0,0,-1,-1,"Darkvision,Opportunity Attack",,
Warrior Kramp,Explorer,2,10,13,+1,+4,,,,,,,,,,,,,,,,12,13,11,10,8,8,+1,+1,0,0,-1,-1,"Darkvision,Opportunity Attack",,
Warrior Kramp,Tactician,2,19,13,+1,+2,,,,,,,,,,,,,,,,12,13,11,10,8,8,+1,+1,0,0,-1,-1,"Darkvision,Fury of the Small,Opportunity Attack",,
Warrior Kramp,Honour,2,23,13,+1,+2,,,,,,,,,,,,,,,,12,13,11,10,8,8,+1,+1,0,0,-1,-1,"Darkvision,Fury of the Small,Opportunity Attack",,
Kravatt,Balanced,1,8,10,0,+2,,,,,,,,,,,,,,,,10,10,10,10,10,10,0,0,0,0,0,0,"Darkvision,Gnome Cunning,Opportunity Attack,Shortened Stride",,
Kravatt,Explorer,1,5,10,0,+4,,,,,,,,,,,,,,,,10,10,10,10,10,10,0,0,0,0,0,0,"Darkvision,Gnome Cunning,Opportunity Attack,Shortened Stride",,
Kravatt,Tactician,1,10,10,0,+2,,,,,,,,,,,,,,,,10,10,10,10,10,10,0,0,0,0,0,0,"Darkvision,Gnome Cunning,Opportunity Attack,Shortened Stride",,
Kree Derryck,Balanced,1,10,1,+1,+2,,,,,,,,,,,,Full Resistance,,,,8,13,14,13,10,17,-1,+1,+2,+1,+2,+5,"Duergar Resilience,Dwarven Combat Training,Dwarven Resilience,Mortal Reminder,Opportunity Attack,Superior Darkvision",,
Kressa Bonedaughter,Balanced,8,65,15,+2,+3,,,,,,,,,,,,,,,,10,14,17,19,14,13,0,+2,+3,+7,+5,+1,"Extra Attack,Grave Magic,Opportunity Attack,Tenacity",Mage Armour,
Kressa Bonedaughter,Explorer,8,45,15,+2,+5,,,,,,,,,,,,,,,,10,14,17,19,14,13,0,+2,+3,+9,+7,+1,"Extra Attack,Grave Magic,Opportunity Attack,Tenacity",Mage Armour,
Kressa Bonedaughter,Tactician,8,84,15,+2,+3,,,,,,,,,,,,,,,,10,14,17,19,14,13,0,+2,+3,+7,+5,+1,"Extra Attack,Grave Magic,Opportunity Attack,Sculpt Spells,Tenacity",Mage Armour,
Kristeen Hazel,Balanced,1,8,10,0,+2,,,,,,,,,,,,Full Resistance,,,,10,10,10,10,10,10,0,0,0,0,0,0,"Darkvision,Dwarven Resilience,Opportunity Attack",,
Kristeen Hazel,Explorer,1,5,10,0,+2,,,,,,,,,,,,Full Resistance,,,,10,10,10,10,10,10,0,0,0,0,0,0,"Darkvision,Dwarven Resilience,Opportunity Attack",,
Kristeen Hazel,Tactician,1,10,10,0,+2,,,,,,,,,,,,Full Resistance,,,,10,10,10,10,10,10,0,0,0,0,0,0,"Darkvision,Dwarven Resilience,Opportunity Attack",,
Zealot Krizt,Balanced,8,70,18,0,+3,,,,,,,,,,,,,,,,18,10,16,9,11,16,+7,+3,+6,+2,+6,+9,"Divine Health,Extra Attack,Great Weapon Fighting,Opportunity Attack",Aura of Protection,
Zealot Krizt,Explorer,8,49,18,0,+5,,,,,,,,,,,,,,,,18,10,16,9,11,16,+7,+3,+6,+2,+8,+11,"Divine Health,Extra Attack,Great Weapon Fighting,Opportunity Attack",Aura of Protection,
Zealot Krizt,Tactician,8,91,18,0,+3,,,,,,,,,,,,,,,,18,10,16,9,11,16,+7,+3,+6,+2,+6,+9,"Divine Health,Extra Attack,Great Weapon Fighting,Opportunity Attack",Aura of Protection,
Krolla,Balanced,1,7,13,+2,+2,,,,,,,,,,,,,,,,8,14,10,10,8,8,-1,+2,0,0,-1,-1,"Darkvision,Opportunity Attack",,
Krolla,Explorer,1,4,13,+2,+4,,,,,,,,,,,,,,,,8,14,10,10,8,8,-1,+2,0,0,-1,-1,"Darkvision,Opportunity Attack",,
Krolla,Tactician,1,9,13,+2,+2,,,,,,,,,,,,,,,,8,14,10,10,8,8,-1,+2,0,0,-1,-1,"Darkvision,Fury of the Small,Opportunity Attack",,
Krolla,Honour,1,11,13,+2,+2,,,,,,,,,,,,,,,,8,14,10,10,8,8,-1,+2,0,0,-1,-1,"Darkvision,Fury of the Small,Opportunity Attack",,
Dead Goblin Raider,Balanced,2,13,11,+1,+2,,,,,,,,,,,,,,,,8,12,10,12,8,8,-1,+1,0,+1,-1,-1,"Darkvision,Opportunity Attack",Dead,
Dead Goblin Raider,Explorer,2,9,11,+1,+4,,,,,,,,,,,,,,,,8,12,10,12,8,8,-1,+1,0,+1,-1,-1,"Darkvision,Opportunity Attack",Dead,
Dead Goblin Raider,Tactician,2,16,11,+1,+2,,,,,,,,,,,,,,,,8,12,10,12,8,8,-1,+1,0,+1,-1,-1,"Darkvision,Fury of the Small,Opportunity Attack",Dead,
Night Blade Kryss,Balanced,3,28,12,+2,+2,,,,,,,,,,,,Full Resistance,,,,11,15,12,10,11,14,0,+2,+1,0,0,+2,"Darkvision,Dwarven Resilience,Opportunity Attack",Aura of Murder,
Night Blade Kryss,Explorer,3,19,12,+2,+4,,,,,,,,,,,,Full Resistance,,,,11,15,12,10,11,14,0,+2,+1,0,0,+2,"Darkvision,Dwarven Resilience,Opportunity Attack",Aura of Murder,
Night Blade Kryss,Tactician,3,36,12,+2,+2,,,,,,,,,,,,Full Resistance,,,,11,15,12,10,11,14,0,+2,+1,0,0,+2,"Darkvision,Dwarven Resilience,Opportunity Attack",Aura of Murder,
Stone Guard Kur,Balanced,5,52,16,+3,+3,,,,,,,,,,,,Full Resistance,,,,14,17,14,10,12,12,+5,+6,+2,0,+1,+1,"Duergar Resilience,Dwarven Resilience,Extra Attack,Opportunity Attack,Phalanx Formation,Sunlight Sensitivity,Superior Darkvision",,
Stone Guard Kur,Tactician,5,67,16,+3,+3,,,,,,,,,,,,Full Resistance,,,,14,17,14,10,12,12,+5,+6,+2,0,+1,+1,"Duergar Resilience,Dwarven Resilience,Extra Attack,Opportunity Attack,Phalanx Formation,Sunlight Sensitivity,Superior Darkvision",,
Ardent Kur'ashk,Balanced,5,28,12,+2,+3,INT,14,,,,,,,,,,,,,,10,14,16,16,14,10,0,+2,+6,+6,+5,0,"Extra Attack,Opportunity Attack",,
Ardent Kur'ashk,Explorer,5,19,12,+2,+5,INT,16,,,,,,,,,,,,,,10,14,16,16,14,10,0,+2,+8,+8,+7,0,"Extra Attack,Opportunity Attack",,
Ardent Kur'ashk,Tactician,5,36,12,+2,+3,INT,16,,,,,,,,,,,,,,10,14,16,16,14,10,0,+2,+6,+6,+5,0,"Extra Attack,Opportunity Attack,Potent Cantrip,Psionic Empowerment",,
Fist Kuthbert,Balanced,8,62,16,+1,+3,,,,,,,,,,,,,,,,21,13,17,10,12,8,+8,+1,+7,0,+1,-1,"Extra Attack,Great Weapon Fighting,Opportunity Attack,Phalanx Formation,Riposte",,
Fist Kuthbert,Explorer,8,58,16,+1,+5,,,,,,,,,,,,,,,,21,13,17,10,12,8,+10,+1,+9,0,+1,-1,"Extra Attack,Great Weapon Fighting,Opportunity Attack,Phalanx Formation,Riposte",,
Fist Kuthbert,Tactician,8,65,16,+1,+3,,,,,,,,,,,,,,,,21,13,17,10,12,8,+8,+1,+7,0,+1,-1,"Extra Attack,Great Weapon Fighting,Opportunity Attack,Phalanx Formation,Riposte",,
Fist Kyberos,Balanced,8,55,16,+5,+3,,,,,,,,,,,,,,,,12,21,14,8,14,10,+4,+8,+2,-1,+2,0,"Opportunity Attack,Extra Attack,Archery,Crossbow Expert: Point-Blank",,
Fist Kyberos,Explorer,8,38,16,+5,+5,,,,,,,,,,,,,,,,12,21,14,8,14,10,+6,+10,+2,-1,+2,0,"Opportunity Attack,Extra Attack,Archery,Crossbow Expert: Point-Blank",,
Fist Kyberos,Tactician,8,71,16,+5,+3,,,,,,,,,,,,,,,,12,21,14,8,14,10,+4,+8,+2,-1,+2,0,"Opportunity Attack,Extra Attack,Archery,Crossbow Expert: Point-Blank",,
Kydden,Balanced,1,8,10,0,+2,,,,,,,,,,,,Full Resistance,,,,10,10,10,10,10,10,0,0,0,0,0,0,"Darkvision,Dwarven Resilience,Opportunity Attack",,
Kydden,Explorer,1,5,10,0,+4,,,,,,,,,,,,Full Resistance,,,,10,10,10,10,10,10,0,0,0,0,0,0,"Darkvision,Dwarven Resilience,Opportunity Attack",,
Kydden,Tactician,1,10,10,0,+2,,,,,,,,,,,,Full Resistance,,,,10,10,10,10,10,10,0,0,0,0,0,0,"Darkvision,Dwarven Resilience,Opportunity Attack",,
Kyr’das,Balanced,1,1,1,0,+2,,,,,,,,,,,,,,,,10,10,10,10,10,10,0,0,0,0,0,0,Opportunity Attack,,
Kyr’das,Tactician,1,6,1,0,+2,,,,,,,,,,,,,,,,10,10,10,10,10,10,0,0,0,0,0,0,Opportunity Attack,,
Raider Kyrr'a'ath,Balanced,5,32,15,+3,+3,,,,,,,,,,,,,,,,10,17,14,10,12,10,+3,+3,+5,0,+1,0,"Crossbow Expert: Point-Blank,Crossbow Expert: Wounding,Extra Attack,Opportunity Attack",,
Raider Kyrr'a'ath,Explorer,5,22,15,+3,+5,,,,,,,,,,,,,,,,10,17,14,10,12,10,+5,+3,+7,0,+1,0,"Crossbow Expert: Point-Blank,Crossbow Expert: Wounding,Extra Attack,Opportunity Attack",,
Raider Kyrr'a'ath,Tactician,5,41,15,+3,+3,,,,,,,,,,,,,,,,10,17,14,10,12,10,+3,+3,+5,0,+1,0,"Archery,Crossbow Expert: Point-Blank,Crossbow Expert: Wounding,Extra Attack,Opportunity Attack,Psionic Empowerment",,
Lacy Dancer,Balanced,3,45,14,+3,+2,,,,,,,,,,,,,,,,10,16,12,12,10,14,0,+5,+1,+3,0,+2,"Darkvision,Fey Ancestry,Opportunity Attack",,
Lacy Dancer,Explorer,3,31,14,+3,+4,,,,,,,,,,,,,,,,10,16,12,12,10,14,0,+7,+1,+5,0,+2,"Darkvision,Fey Ancestry,Opportunity Attack",,
Lacy Dancer,Tactician,3,53,14,+3,+2,,,,,,,,,,,,,,,,10,16,12,12,10,14,0,+5,+1,+3,0,+2,"Darkvision,Fey Ancestry,Opportunity Attack",,
Lady Ague,Balanced,10,93,18,+4,+4,,,,,,,,,,,,,,,,16,18,17,12,12,14,+7,+4,+7,+1,+1,+2,"Great Weapon Master: Bonus Attack,Extra Attack,Fast Hands,Opportunity Attack,Protection,Savage Attacker,Sneaky Riposte",,
Lady Ague,Explorer,10,65,18,+4,+6,,,,,,,,,,,,,,,,16,18,17,12,12,14,+9,+4,+9,+1,+1,+2,"Great Weapon Master: Bonus Attack,Extra Attack,Fast Hands,Opportunity Attack,Protection,Savage Attacker,Sneaky Riposte",,
Lady Ague,Tactician,10,120,18,+4,+4,,,,,,,,,,,,,,,,16,18,17,12,12,14,+7,+4,+7,+1,+1,+2,"Great Weapon Master: Bonus Attack,Extra Attack,Fast Hands,Opportunity Attack,Protection,Savage Attacker,Sneaky Riposte",,
Lady Croup,Balanced,11,76,12,+1,+4,,,,,,,,,,,,,,,,10,12,14,16,12,18,0,+5,+2,+3,+1,+8,"Archery,Bardic Inspiration,Darkvision,Fast Hands,Fey Ancestry,Font of Inspiration,Improved Bardic Inspiration,Opportunity Attack",,
Lady Croup,Explorer,11,53,12,+1,+6,,,,,,,,,,,,,,,,10,12,14,16,12,18,0,+7,+2,+3,+1,+10,"Archery,Bardic Inspiration,Darkvision,Fast Hands,Fey Ancestry,Font of Inspiration,Improved Bardic Inspiration,Opportunity Attack",,
Lady Croup,Tactician,11,98,12,+1,+4,,,,,,,,,,,,,,,,10,12,14,16,12,18,0,+5,+2,+3,+1,+8,"Archery,Bardic Inspiration,Darkvision,Fast Hands,Fey Ancestry,Font of Inspiration,Improved Bardic Inspiration,Opportunity Attack",,
Lady Durinbold's Attendant,Balanced,10,77,18,+5,+4,,,,,,,,,,,,,,,,8,20,14,16,10,10,+3,+9,+2,+3,0,0,"Darkvision,Extra Attack,Fey Ancestry,Land's Stride: Difficult Terrain,Multiattack Defence,Opportunity Attack,Superior Padding (-1)",,
Lady Durinbold's Attendant,Explorer,10,53,18,+5,+6,,,,,,,,,,,,,,,,8,20,14,16,10,10,+5,+11,+2,+3,0,0,"Darkvision,Extra Attack,Fey Ancestry,Land's Stride: Difficult Terrain,Multiattack Defence,Opportunity Attack,Superior Padding (-1)",,
Lady Durinbold's Attendant,Tactician,10,100,18,+5,+4,,,,,,,,,,,,,,,,8,20,14,16,10,10,+3,+9,+2,+3,0,0,"Darkvision,Extra Attack,Fey Ancestry,Land's Stride: Difficult Terrain,Multiattack Defence,Opportunity Attack,Superior Padding (-1)",,
Lady Flux,Balanced,11,104,13,0,+4,,,,,,,,,,,,,,,,18,11,17,10,12,11,+8,0,+7,0,+1,0,"Adaptable Skullduggery,Brutal Critical,Danger Sense,Darkvision,Extra Attack,Fast Hands,Feral Instinct,Fey Ancestry,Great Weapon Master: All In,Opportunity Attack,Relentless Rage,Savage Attacker,Unarmoured Defence (Barbarian)",,
Lady Flux,Explorer,11,72,13,0,+6,,,,,,,,,,,,,,,,18,11,17,10,12,11,+10,0,+9,0,+1,0,"Adaptable Skullduggery,Brutal Critical,Danger Sense,Darkvision,Extra Attack,Fast Hands,Feral Instinct,Fey Ancestry,Great Weapon Master: All In,Opportunity Attack,Relentless Rage,Savage Attacker,Unarmoured Defence (Barbarian)",,
Lady Flux,Tactician,11,135,13,0,+4,,,,,,,,,,,,,,,,18,11,17,10,12,11,+8,0,+7,0,+1,0,"Adaptable Skullduggery,Brutal Critical,Danger Sense,Darkvision,Extra Attack,Fast Hands,Feral Instinct,Fey Ancestry,Great Weapon Master: All In,Opportunity Attack,Relentless Rage,Savage Attacker,Unarmoured Defence (Barbarian)",,
Lady Lockjaw,Balanced,11,82,16,+5,+4,,,,,,,,,,,,Full Resistance,,,,12,20,12,14,10,12,+1,+9,+1,+6,0,+1,"Darkvision,Dwarven Resilience,Evasion,Fast Hands,Opportunity Attack,Reliable Talent,Uncanny Dodge",,
Lady Lockjaw,Explorer,11,57,16,+5,+6,,,,,,,,,,,,Full Resistance,,,,12,20,12,14,10,12,+1,+11,+1,+8,0,+1,"Darkvision,Dwarven Resilience,Evasion,Fast Hands,Opportunity Attack,Reliable Talent,Uncanny Dodge",,
Lady Lockjaw,Tactician,11,106,16,+5,+4,,,,,,,,,,,,Full Resistance,,,,12,20,12,14,10,12,+1,+9,+1,+6,0,+1,"Darkvision,Dwarven Resilience,Evasion,Fast Hands,Opportunity Attack,Reliable Talent,Uncanny Dodge",,
Lady Oberon's Bodyguard,Balanced,10,86,18,0,+4,,,,,,,,,,,,,,,,20,10,14,10,12,12,+9,0,+6,0,+1,+1,"Extra Attack,Opportunity Attack",,
Lady Oberon's Bodyguard,Explorer,10,60,18,0,+6,,,,,,,,,,,,,,,,20,10,14,10,12,12,+11,0,+8,0,+1,+1,"Extra Attack,Opportunity Attack",,
Lady Oberon's Bodyguard,Tactician,10,110,18,0,+4,,,,,,,,,,,,,,,,20,10,14,10,12,12,+9,0,+6,0,+1,+1,"Extra Attack,Opportunity Attack",,
Lady Quinsy,Balanced,11,91,18,+4,+4,,,,,,,,,,,,,,,,18,18,16,12,12,14,+8,+4,+7,+1,+1,+2,"Great Weapon Master: Bonus Attack,Extra Attack,Fast Hands,Opportunity Attack,Protection,Savage Attacker,Sneaky Riposte",,
Lady Quinsy,Explorer,11,63,18,+4,+6,,,,,,,,,,,,,,,,18,18,16,12,12,14,+10,+4,+9,+1,+1,+2,"Great Weapon Master: Bonus Attack,Extra Attack,Fast Hands,Opportunity Attack,Protection,Savage Attacker,Sneaky Riposte",,
Lady Quinsy,Tactician,11,118,18,+4,+4,,,,,,,,,,,,,,,,18,18,16,12,12,14,+8,+4,+7,+1,+1,+2,"Great Weapon Master: Bonus Attack,Extra Attack,Fast Hands,Opportunity Attack,Protection,Savage Attacker,Sneaky Riposte",,
Lady Whitburn,Balanced,1,8,10,0,+2,,,,,,,,,,,,,,,,10,10,10,10,10,10,0,0,0,0,0,0,"Darkvision,Fey Ancestry,Opportunity Attack",,
Lady Whitburn,Explorer,1,5,10,0,+4,,,,,,,,,,,,,,,,10,10,10,10,10,10,0,0,0,0,0,0,"Darkvision,Fey Ancestry,Opportunity Attack",,
Lady Whitburn,Tactician,1,10,10,0,+2,,,,,,,,,,,,,,,,10,10,10,10,10,10,0,0,0,0,0,0,"Darkvision,Fey Ancestry,Opportunity Attack",,
Lae'zel,Balanced,1,16,16,+1,+2,,,,,,,,,,,,,,,,17,13,15,10,12,8,+5,+1,+4,0,+1,-1,"Great Weapon Fighting,Martial Prodigy,Opportunity Attack",,
Laila,Balanced,1,8,10,0,+2,,,,,,,,,,,,,,,,10,10,10,10,10,10,0,0,0,0,0,0,Opportunity Attack,,
Laila,Explorer,1,5,10,0,+4,,,,,,,,,,,,,,,,10,10,10,10,10,10,0,0,0,0,0,0,Opportunity Attack,,
Laila,Tactician,1,10,10,0,+2,,,,,,,,,,,,,,,,10,10,10,10,10,10,0,0,0,0,0,0,Opportunity Attack,,
Lakrissa,Balanced,3,23,13,+2,+2,,,,,,,,Full Resistance,,,,,,,,12,15,12,10,14,12,+3,+4,+1,0,+2,+1,"Darkvision,Hellish Resistance,Opportunity Attack",,
Lakrissa,Explorer,3,15,13,+2,+4,,,,,,,,Full Resistance,,,,,,,,12,15,12,10,14,12,+5,+6,+1,0,+2,+1,"Darkvision,Hellish Resistance,Opportunity Attack",,
Lakrissa,Tactician,3,28,13,+2,+2,,,,,,,,Full Resistance,,,,,,,,12,15,12,10,14,12,+3,+4,+1,0,+2,+1,"Darkvision,Hellish Resistance,Opportunity Attack",,
Sharran Fidelian Lamona,Balanced,7,78,11,+1,+3,,,,,,,,,,,,,,,,10,12,10,18,12,14,0,+1,0,+7,+4,+2,"Born into Darkness,Darkvision,Fey Ancestry,Opportunity Attack,Shadow Ambush",,
Sharran Fidelian Lamona,Explorer,7,54,11,+1,+5,,,,,,,,,,,,,,,,10,12,10,18,12,14,0,+1,0,+9,+6,+2,"Born into Darkness,Darkvision,Fey Ancestry,Opportunity Attack,Shadow Ambush",,
Sharran Fidelian Lamona,Tactician,7,101,11,+1,+3,,,,,,,,,,,,,,,,10,12,10,18,12,14,0,+1,0,+7,+4,+2,"Born into Darkness,Darkvision,Fey Ancestry,Opportunity Attack,Shadow Ambush",,
Harper Lanni,Balanced,6,52,14,+3,+3,,,,,,,,,,,,,,,,12,16,12,12,12,12,+4,+6,+1,+1,+1,+1,"Brave,Extra Attack,Halfling Luck,Opportunity Attack",,
Harper Lanni,Explorer,6,36,14,+3,+5,,,,,,,,,,,,,,,,12,16,12,12,12,12,+6,+8,+1,+1,+1,+1,"Brave,Extra Attack,Halfling Luck,Opportunity Attack",,
Harper Lanni,Tactician,6,67,14,+3,+3,,,,,,,,,,,,,,,,12,16,12,12,12,12,+4,+6,+1,+1,+1,+1,"Brave,Extra Attack,Halfling Luck,Opportunity Attack",,
Gondian Lanpos Biggs,Balanced,8,67,13,+1,+3,,,,,,,,,,,,,,,,8,13,16,18,10,12,-1,+1,+3,+4,0,+1,"Darkvision,Gnome Cunning,Opportunity Attack,Shortened Stride",,
Gondian Lanpos Biggs,Explorer,8,46,13,+1,+5,,,,,,,,,,,,,,,,8,13,16,18,10,12,-1,+1,+3,+4,0,+1,"Darkvision,Gnome Cunning,Opportunity Attack,Shortened Stride",,
Gondian Lanpos Biggs,Tactician,8,87,13,+1,+3,,,,,,,,,,,,,,,,8,13,16,18,10,12,-1,+1,+3,+4,0,+1,"Darkvision,Gnome Cunning,Opportunity Attack,Shortened Stride",,
Larca Mena,Balanced,1,8,1,0,+2,,,,,,,,,,,,,,,,10,10,10,10,10,10,0,0,0,0,0,0,"Darkvision,Fey Ancestry,Opportunity Attack",,
Larca Mena,Explorer,1,5,1,0,+4,,,,,,,,,,,,,,,,10,10,10,10,10,10,0,0,0,0,0,0,"Darkvision,Fey Ancestry,Opportunity Attack",,
Larca Mena,Tactician,1,10,1,0,+2,,,,,,,,,,,,,,,,10,10,10,10,10,10,0,0,0,0,0,0,"Darkvision,Fey Ancestry,Opportunity Attack",,
Fist Larche,Balanced,8,62,8,+5,+3,,,,,,,,,,,,Full Resistance,,,,12,21,14,8,14,10,+1,+5,+2,-1,+5,+3,"Archery,Crossbow Expert: Point-Blank,Darkvision,Dwarven Resilience,Extra Attack,Opportunity Attack",,
Fist Larche,Explorer,8,59,8,+5,+5,,,,,,,,,,,,Full Resistance,,,,12,21,14,8,14,10,+1,+5,+2,-1,+7,+5,"Archery,Crossbow Expert: Point-Blank,Darkvision,Dwarven Resilience,Extra Attack,Opportunity Attack",,
Fist Larche,Tactician,8,64,8,+5,+3,,,,,,,,,,,,Full Resistance,,,,12,21,14,8,14,10,+1,+5,+2,-1,+5,+3,"Archery,Crossbow Expert: Point-Blank,Darkvision,Dwarven Resilience,Extra Attack,Opportunity Attack",,
Apprentice Laridda,Balanced,3,20,10,0,+2,,,,,,,,,,,,,,,,10,10,10,10,10,10,0,0,0,0,0,0,"Gnome Cunning,Opportunity Attack,Shortened Stride,Stone Camouflage,Superior Darkvision",,
Apprentice Laridda,Explorer,3,20,10,0,+4,,,,,,,,,,,,,,,,10,10,10,10,10,10,0,0,0,0,0,0,"Gnome Cunning,Opportunity Attack,Shortened Stride,Stone Camouflage,Superior Darkvision",,
Apprentice Laridda,Tactician,3,26,10,0,+2,,,,,,,,,,,,,,,,10,10,10,10,10,10,0,0,0,0,0,0,"Gnome Cunning,Opportunity Attack,Shortened Stride,Stone Camouflage,Superior Darkvision",,
Fist Larys,Balanced,8,64,18,+1,+3,,,,,,,,,,,,,,,,21,13,17,10,12,8,+8,+1,+6,0,+1,-1,"Darkvision,Extra Attack,Hellish Resistance,Opportunity Attack,Protection",,
Fist Larys,Tactician,8,68,18,+1,+3,,,,,,,,,,,,,,,,21,13,17,10,12,8,+8,+1,+6,0,+1,-1,"Darkvision,Extra Attack,Hellish Resistance,Opportunity Attack,Protection",,
Harper Lassandra,Balanced,5,46,14,0,+3,,,,,,,,,,,,,,,,16,11,14,12,12,14,+6,0,+5,+1,+1,+2,"Extra Attack,Opportunity Attack",,
Harper Lassandra,Explorer,5,32,14,0,+5,,,,,,,,,,,,,,,,16,11,14,12,12,14,+8,0,+7,+1,+1,+2,"Extra Attack,Opportunity Attack",,
Harper Lassandra,Tactician,5,59,14,0,+3,,,,,,,,,,,,,,,,16,11,14,12,12,14,+6,0,+5,+1,+1,+2,"Extra Attack,Opportunity Attack",,
Captain Leafsong,Balanced,12,99,13,+2,+4,,,,,,,,,,,,,,,,12,15,16,11,19,14,+1,+2,+3,+4,+8,+2,"Darkvision,Fey Ancestry,Nature's Ward,Opportunity Attack",Freedom of Movement,
Captain Leafsong,Explorer,12,69,13,+2,+6,,,,,,,,,,,,,,,,12,15,16,11,19,14,+1,+2,+3,+6,+10,+2,"Darkvision,Fey Ancestry,Nature's Ward,Opportunity Attack",Freedom of Movement,
Captain Leafsong,Tactician,12,128,13,+2,+4,,,,,,,,,,,,,,,,12,15,16,11,19,14,+1,+2,+3,+4,+8,+2,"Darkvision,Fey Ancestry,Nature's Ward,Opportunity Attack",Freedom of Movement,
Leary Dowse,Balanced,1,6,10,0,+2,,,,,,,,,,,,,,,,10,10,10,10,10,10,0,0,0,0,0,0,Opportunity Attack,,
Leary Dowse,Explorer,1,4,10,0,+4,,,,,,,,,,,,,,,,10,10,10,10,10,10,0,0,0,0,0,0,Opportunity Attack,,
Leary Dowse,Tactician,1,8,10,0,+2,,,,,,,,,,,,,,,,10,10,10,10,10,10,0,0,0,0,0,0,Opportunity Attack,,
Leepak Brislen,Balanced,1,6,1,0,+2,,,,,,,,,,,,,,,,10,10,10,10,10,10,0,0,0,0,0,0,Opportunity Attack,,
Leepak Brislen,Explorer,1,4,1,0,+4,,,,,,,,,,,,,,,,10,10,10,10,10,10,0,0,0,0,0,0,Opportunity Attack,,
Leepak Brislen,Tactician,1,7,1,0,+2,,,,,,,,,,,,,,,,10,10,10,10,10,10,0,0,0,0,0,0,Opportunity Attack,,
Lens the Journalist,Balanced,1,8,10,0,+2,,,,,,,,Full Resistance,,,,,,,,10,10,10,10,10,10,0,0,0,0,0,0,"Darkvision,Hellish Resistance,Opportunity Attack",,
Lens the Journalist,Explorer,1,5,10,0,+4,,,,,,,,Full Resistance,,,,,,,,10,10,10,10,10,10,0,0,0,0,0,0,"Darkvision,Hellish Resistance,Opportunity Attack",,
Lens the Journalist,Tactician,1,10,10,0,+2,,,,,,,,Full Resistance,,,,,,,,10,10,10,10,10,10,0,0,0,0,0,0,"Darkvision,Hellish Resistance,Opportunity Attack",,
Lester Farrower,Balanced,1,8,10,0,+2,,,,,,,,,,,,Full Resistance,,,,10,10,10,10,10,10,0,0,0,0,0,0,"Darkvision,Dwarven Resilience,Opportunity Attack",,
Lester Farrower,Explorer,1,5,10,0,+4,,,,,,,,,,,,Full Resistance,,,,10,10,10,10,10,10,0,0,0,0,0,0,"Darkvision,Dwarven Resilience,Opportunity Attack",,
Lester Farrower,Tactician,1,10,10,0,+2,,,,,,,,,,,,Full Resistance,,,,10,10,10,10,10,10,0,0,0,0,0,0,"Darkvision,Dwarven Resilience,Opportunity Attack",,
Leucis Kallista,Balanced,,8,10,0,,,,,,,,,Full Resistance,,,,,,,,10,10,10,10,10,10,0,0,0,0,0,0,"Darkvision,Hellish Resistance,Opportunity Attack",,
Leucis Kallista,Explorer,,5,10,0,,,,,,,,,Full Resistance,,,,,,,,10,10,10,10,10,10,0,0,0,0,0,0,"Darkvision,Hellish Resistance,Opportunity Attack",,
Leucis Kallista,Tactician,,10,10,0,,,,,,,,,Full Resistance,,,,,,,,10,10,10,10,10,10,0,0,0,0,0,0,"Darkvision,Hellish Resistance,Opportunity Attack",,
Dead Cultist,Balanced,8,70,16,0,+3,,,,,,,,,,,,,,,,18,10,16,9,11,16,+4,0,+3,-1,+3,+6,"Divine Health,Extra Attack,Great Weapon Fighting,Opportunity Attack,Relentless Avenger",Dead,
Dead Cultist,Explorer,8,49,16,0,+5,,,,,,,,,,,,,,,,18,10,16,9,11,16,+4,0,+3,-1,+5,+8,"Divine Health,Extra Attack,Great Weapon Fighting,Opportunity Attack,Relentless Avenger",Dead,
Dead Cultist,Tactician,8,91,16,0,+3,,,,,,,,,,,,,,,,18,10,16,9,11,16,+4,0,+3,-1,+3,+6,"Divine Health,Extra Attack,Great Weapon Fighting,Opportunity Attack,Relentless Avenger",Dead,
Manip Leythim,Balanced,8,62,16,+1,+3,,,,,,,,,,,,,,,,21,13,17,10,12,8,+8,+1,+6,0,+1,-1,"Extra Attack,Great Weapon Fighting,Opportunity Attack,Phalanx Formation,Riposte",,
Manip Leythim,Explorer,8,59,16,+1,+5,,,,,,,,,,,,,,,,21,13,17,10,12,8,+10,+1,+8,0,+1,-1,"Extra Attack,Great Weapon Fighting,Opportunity Attack,Phalanx Formation,Riposte",,
Manip Leythim,Tactician,8,64,16,+1,+3,,,,,,,,,,,,,,,,21,13,17,10,12,8,+8,+1,+6,0,+1,-1,"Extra Attack,Great Weapon Fighting,Opportunity Attack,Phalanx Formation,Riposte",,
Li'l Fezmor,Balanced,1,5,10,0,+2,,,,,,,,,,,,,,,,10,10,10,10,10,10,0,0,0,0,0,0,Opportunity Attack,,
Lia,Balanced,3,24,12,+2,+2,,,,,,,,Full Resistance,,,,,,,,12,15,12,10,14,12,+3,+4,+1,0,+2,+1,"Darkvision,Hellish Resistance,Opportunity Attack",,
Lia,Explorer,3,16,12,+2,+4,,,,,,,,Full Resistance,,,,,,,,12,15,12,10,14,12,+5,+6,+1,0,+2,+1,"Darkvision,Hellish Resistance,Opportunity Attack",,
Lia,Tactician,3,31,12,+2,+2,,,,,,,,Full Resistance,,,,,,,,12,15,12,10,14,12,+3,+4,+1,0,+2,+1,"Darkvision,Hellish Resistance,Opportunity Attack",,
Feloguard Liadan,Balanced,11,65,18,0,+4,,,,,,,,,,,,,,,,20,11,16,10,15,16,+5,0,+3,0,+6,+3,"Extra Attack,Opportunity Attack,Tactical Discipline",,
Feloguard Liadan,Explorer,11,47,18,0,+6,,,,,,,,,,,,,,,,20,11,16,10,15,16,+5,0,+3,0,+8,+3,"Extra Attack,Opportunity Attack,Tactical Discipline",,
Liam,Balanced,1,6,10,0,+2,,,,,,,,,,,,,,,,10,10,10,10,10,10,0,0,0,0,0,0,Opportunity Attack,,
Liam,Explorer,1,4,10,0,+4,,,,,,,,,,,,,,,,10,10,10,10,10,10,0,0,0,0,0,0,Opportunity Attack,,
Liam,Tactician,1,7,10,0,+2,,,,,,,,,,,,,,,,10,10,10,10,10,10,0,0,0,0,0,0,Opportunity Attack,,
Blaze Liara Portyr,Balanced,11,164,16,+1,+4,,,,,,,,,,,,,,,,19,12,18,14,14,16,+8,+1,+8,+2,+2,+3,"Brave (Liara Portyr),Great Weapon Fighting,Improved Extra Attack,Opportunity Attack,Phalanx Formation,Riposte",,
Blaze Liara Portyr,Explorer,11,114,16,+1,+6,,,,,,,,,,,,,,,,19,12,18,14,14,16,+10,+1,+10,+2,+2,+3,"Brave (Liara Portyr),Great Weapon Fighting,Improved Extra Attack,Opportunity Attack,Phalanx Formation,Riposte",,
Blaze Liara Portyr,Tactician,11,213,16,+1,+4,,,,,,,,,,,,,,,,19,12,18,14,14,16,+8,+1,+8,+2,+2,+3,"Brave (Liara Portyr),Great Weapon Fighting,Improved Extra Attack,Opportunity Attack,Phalanx Formation,Riposte",,
Librarian Eternal Debtor,Balanced,1,6,11,-1,+2,,,Vulnerable,,,,,,,,,Immune,,,,10,8,15,6,8,5,0,-1,+2,-2,-1,-3,"Darkvision,Forever Indebted,Opportunity Attack",,
Harper Lilineth,Balanced,6,52,13,+2,+3,,,,,,,,,,,,Full Resistance,,,,12,15,12,10,12,12,+4,+5,+1,0,+1,+1,"Darkvision,Dwarven Resilience,Extra Attack,Opportunity Attack",,
Harper Lilineth,Explorer,6,36,13,+2,+5,,,,,,,,,,,,Full Resistance,,,,12,15,12,10,12,12,+6,+7,+1,0,+1,+1,"Darkvision,Dwarven Resilience,Extra Attack,Opportunity Attack",,
Harper Lilineth,Tactician,6,67,13,+2,+3,,,,,,,,,,,,Full Resistance,,,,12,15,12,10,12,12,+4,+5,+1,0,+1,+1,"Darkvision,Dwarven Resilience,Extra Attack,Opportunity Attack",,
Lilly Beanbottom,Balanced,,5,10,0,,,,,,,,,,,,,,,,,10,10,10,10,10,10,0,0,0,0,0,0,Opportunity Attack,,
Lilly Beanbottom,Explorer,,3,10,0,,,,,,,,,,,,,,,,,10,10,10,10,10,10,0,0,0,0,0,0,Opportunity Attack,,
Lilly Beanbottom,Tactician,,6,10,0,,,,,,,,,,,,,,,,,10,10,10,10,10,10,0,0,0,0,0,0,Opportunity Attack,,
Gondian Lilly Tilly,Balanced,8,67,10,+2,+3,,,,,,,,,,,,,,,,8,14,16,18,10,12,-1,+2,+3,+4,0,+1,"Darkvision,Gnome Cunning,Opportunity Attack,Shortened Stride",,
Gondian Lilly Tilly,Explorer,8,46,10,+2,+5,,,,,,,,,,,,,,,,8,14,16,18,10,12,-1,+2,+3,+4,0,+1,"Darkvision,Gnome Cunning,Opportunity Attack,Shortened Stride",,
Gondian Lilly Tilly,Tactician,8,87,10,+2,+3,,,,,,,,,,,,,,,,8,14,16,18,10,12,-1,+2,+3,+4,0,+1,"Darkvision,Gnome Cunning,Opportunity Attack,Shortened Stride",,
Limeburn Sphagwood,Balanced,6,43,10,0,+3,,,,,,,,,,,,,,,,8,10,13,18,14,12,-1,0,+1,+4,+2,+1,Opportunity Attack,,
Limeburn Sphagwood,Explorer,6,30,10,0,+5,,,,,,,,,,,,,,,,8,10,13,18,14,12,-1,0,+1,+4,+2,+1,Opportunity Attack,,
Professor Limeleech,Balanced,9,60,10,0,+4,,,,,,,,,,,,,,,,10,11,12,18,10,14,0,0,+1,+8,+4,+2,"Opportunity Attack,Darkvision,Fey Ancestry,Sunlight Sensitivity",,
Professor Limeleech,Explorer,9,42,10,0,+6,,,,,,,,,,,,,,,,10,11,12,18,10,14,0,0,+1,+10,+6,+2,"Opportunity Attack,Darkvision,Fey Ancestry,Sunlight Sensitivity",,
Professor Limeleech,Tactician,9,78,10,0,+4,,,,,,,,,,,,,,,,10,11,12,18,10,14,0,0,+1,+8,+4,+2,"Opportunity Attack,Darkvision,Fey Ancestry,Sunlight Sensitivity",,
Limmy,Balanced,1,8,10,0,+2,,,,,,,,,,,,,,,,10,10,10,10,10,10,0,0,0,0,0,0,Opportunity Attack,,
Limmy,Explorer,1,5,10,0,+4,,,,,,,,,,,,,,,,10,10,10,10,10,10,0,0,0,0,0,0,Opportunity Attack,,
Limmy,Tactician,1,10,10,0,+2,,,,,,,,,,,,,,,,10,10,10,10,10,10,0,0,0,0,0,0,Opportunity Attack,,
Ardent Lin'a'an,Balanced,5,28,12,+2,+3,,,,,,,,,,,,,,,,10,14,16,16,14,10,0,+2,+6,+6,+5,0,"Extra Attack,Opportunity Attack",,
Ardent Lin'a'an,Explorer,5,19,12,+2,+5,,,,,,,,,,,,,,,,10,14,16,16,14,10,0,+2,+8,+8,+7,0,"Extra Attack,Opportunity Attack",,
Ardent Lin'a'an,Tactician,5,36,12,+2,+3,,,,,,,,,,,,,,,,10,14,16,16,14,10,0,+2,+6,+6,+5,0,"Extra Attack,Opportunity Attack,Potent Cantrip,Psionic Empowerment",,
Linsella,Balanced,5,32,14,+3,+3,,,,,,,,,,,,,,,,12,16,12,10,14,10,+4,+6,+1,0,+2,0,"Brave,Extra Attack,Halfling Luck,Opportunity Attack",,
Linsella,Explorer,5,22,14,+3,+5,,,,,,,,,,,,,,,,12,16,12,10,14,10,+6,+8,+1,0,+2,0,"Brave,Extra Attack,Halfling Luck,Opportunity Attack",,
Linsella,Tactician,5,41,14,+3,+3,,,,,,,,,,,,,,,,12,16,12,10,14,10,+4,+6,+1,0,+2,0,"Brave,Extra Attack,Halfling Luck,Opportunity Attack",,
Fist Lionel,Balanced,8,55,16,+5,+3,,,,,,,,,,,,,,,,12,21,14,8,14,10,+4,+8,+2,-1,+2,0,"Archery,Crossbow Expert: Point-Blank,Extra Attack,Opportunity Attack",,
Fist Lionel,Explorer,8,51,16,+5,+5,,,,,,,,,,,,,,,,12,21,14,8,14,10,+6,+10,+2,-1,+2,0,"Archery,Crossbow Expert: Point-Blank,Extra Attack,Opportunity Attack",,
Fist Lionel,Tactician,8,58,16,+5,+3,,,,,,,,,,,,,,,,12,21,14,8,14,10,+4,+8,+2,-1,+2,0,"Archery,Crossbow Expert: Point-Blank,Extra Attack,Opportunity Attack",,
Prelate Lir'i'c,Balanced,9,136,19,+5,+4,,,,,,,,,,,,,Full Resistance,,,14,20,16,15,18,13,+6,+9,+3,+2,+4,+1,"Advanced Unarmoured Movement,Deflect Missiles,Evasion,Extra Attack,Ki-Empowered Strikes,Martial Arts: Bonus Unarmed Strike,Martial Arts: Deft Strikes,Martial Arts: Dextrous Attacks,Opportunity Attack,Psionic Empowerment,Slow Fall,Stillness of Mind,Unarmoured Defence (Monk),Unarmoured Movement,Experienced And Deadly",Astral Gravity,
Prelate Lir'i'c,Explorer,9,95,19,+5,+6,,,,,,,,,,,,,Full Resistance,,,14,20,16,15,18,13,+8,+11,+3,+2,+4,+1,"Advanced Unarmoured Movement,Deflect Missiles,Evasion,Extra Attack,Ki-Empowered Strikes,Martial Arts: Bonus Unarmed Strike,Martial Arts: Deft Strikes,Martial Arts: Dextrous Attacks,Opportunity Attack,Psionic Empowerment,Slow Fall,Stillness of Mind,Unarmoured Defence (Monk),Unarmoured Movement,Experienced And Deadly",Astral Gravity,
Prelate Lir'i'c,Tactician,9,176,19,+5,+4,,,,,,,,,,,,,Full Resistance,,,14,20,16,15,18,13,+6,+9,+3,+2,+4,+1,"Advanced Unarmoured Movement,Deflect Missiles,Evasion,Extra Attack,Ki-Empowered Strikes,Martial Arts: Bonus Unarmed Strike,Martial Arts: Deft Strikes,Martial Arts: Dextrous Attacks,Opportunity Attack,Psionic Empowerment,Slow Fall,Stillness of Mind,Unarmoured Defence (Monk),Unarmoured Movement,Experienced And Deadly",Astral Gravity,
Listelia Dryselis,Balanced,1,8,10,0,+2,,,,,,,,,,,,,,,,10,10,10,10,10,10,0,0,0,0,0,0,Opportunity Attack,,
Listelia Dryselis,Explorer,1,16,10,0,+4,,,,,,,,,,,,,,,,10,10,10,10,10,10,0,0,0,0,0,0,Opportunity Attack,,
Listelia Dryselis,Tactician,1,8,10,0,+2,,,,,,,,,,,,,,,,10,10,10,10,10,10,0,0,0,0,0,0,Opportunity Attack,,
Listless,Balanced,1,6,1,0,+2,,,,,,,,,,,,,,,,10,10,10,10,10,10,0,0,0,0,0,0,Opportunity Attack,,
Listless,Explorer,1,4,1,0,+4,,,,,,,,,,,,,,,,10,10,10,10,10,10,0,0,0,0,0,0,Opportunity Attack,,
Listless,Tactician,1,7,1,0,+2,,,,,,,,,,,,,,,,10,10,10,10,10,10,0,0,0,0,0,0,Opportunity Attack,,
Reaper of Bhaal Liya,Balanced,5,45,10,+5,+3,,,,,,,,,,,,,,,,11,20,13,15,12,16,0,+5,+1,+2,+1,+3,"Darkvision,Extra Attack,Opportunity Attack,Prey Upon the Weak","Aura of Murder,Sanctuary",
Reaper of Bhaal Liya,Explorer,5,31,10,+5,+5,,,,,,,,,,,,,,,,11,20,13,15,12,16,0,+5,+1,+2,+1,+3,"Darkvision,Extra Attack,Opportunity Attack,Prey Upon the Weak","Aura of Murder,Sanctuary",
Reaper of Bhaal Liya,Tactician,5,58,10,+5,+3,,,,,,,,,,,,,,,,11,20,13,15,12,16,0,+5,+1,+2,+1,+3,"Darkvision,Evasion,Extra Attack,Opportunity Attack,Prey Upon the Weak","Aura of Murder,Sanctuary",
Devastator Lizabett,Balanced,5,45,11,+1,+3,,,,,,,,,,,,,,,,13,12,14,16,13,11,+1,+1,+2,+6,+4,0,"Army Arcana,Darkvision,Martial Advantage,Opportunity Attack",,
Devastator Lizabett,Explorer,5,31,11,+1,+5,,,,,,,,,,,,,,,,13,12,14,16,13,11,+1,+1,+2,+8,+6,0,"Army Arcana,Darkvision,Martial Advantage,Opportunity Attack",,
Devastator Lizabett,Tactician,5,58,11,+1,+3,,,,,,,,,,,,,,,,13,12,14,16,13,11,+1,+1,+2,+6,+4,0,"Army Arcana,Darkvision,Martial Advantage,Opportunity Attack",,
Iron Consul Lo,Balanced,11,93,18,0,+4,,,,,,,,,,,,,,,,20,11,16,10,15,16,+5,0,+3,0,+6,+3,"Extra Attack,Opportunity Attack,Tactical Discipline",,
Iron Consul Lo,Tactician,11,120,18,0,+4,,,,,,,,,,,,,,,,20,11,16,10,15,16,+5,0,+3,0,+6,+3,"Extra Attack,Opportunity Attack,Tactical Discipline",,
Lo Blank,Balanced,5,28,13,+3,+3,,,,,,,,,,,,,,,,12,16,12,12,15,10,+4,+6,+1,+1,+2,0,"Extra Attack,Opportunity Attack",,
Lo Blank,Explorer,5,19,13,+3,+5,,,,,,,,,,,,,,,,12,16,12,12,15,10,+6,+8,+1,+1,+2,0,"Extra Attack,Opportunity Attack",,
Lo Blank,Tactician,5,36,13,+3,+3,,,,,,,,,,,,,,,,12,16,12,12,15,10,+4,+6,+1,+1,+2,0,"Extra Attack,Opportunity Attack",,
Lobo Denysse,Balanced,8,71,15,+2,+3,,,,,,,,,,,,,,,,18,15,17,12,13,13,+7,+2,+6,+1,+1,+1,"Brutal Critical,Danger Sense,Darkvision,Extra Attack,Fast Movement,Feral Instinct,Gnome Cunning,Opportunity Attack,Relentless Rage,Shortened Stride,Unarmoured Defence (Barbarian)",,
Lobo Denysse,Explorer,8,49,15,+2,+5,,,,,,,,,,,,,,,,18,15,17,12,13,13,+9,+2,+8,+1,+1,+1,"Brutal Critical,Danger Sense,Darkvision,Extra Attack,Fast Movement,Feral Instinct,Gnome Cunning,Opportunity Attack,Relentless Rage,Shortened Stride,Unarmoured Defence (Barbarian)",,
Lobo Denysse,Tactician,8,92,15,+2,+3,,,,,,,,,,,,,,,,18,15,17,12,13,13,+7,+2,+6,+1,+1,+1,"Brutal Critical,Danger Sense,Darkvision,Extra Attack,Fast Movement,Feral Instinct,Gnome Cunning,Opportunity Attack,Relentless Rage,Shortened Stride,Unarmoured Defence (Barbarian)",,
Lochan,Balanced,8,62,16,+1,+3,,,,,,,,,,,,,,,,21,13,17,10,12,8,+8,+1,+7,0,+1,-1,"Extra Attack,Great Weapon Fighting,Opportunity Attack,Phalanx Formation,Riposte",,
Lochan,Explorer,8,59,16,+1,+5,,,,,,,,,,,,,,,,21,13,17,10,12,8,+10,+1,+9,0,+1,-1,"Extra Attack,Great Weapon Fighting,Opportunity Attack,Phalanx Formation,Riposte",,
Lochan,Tactician,8,64,16,+1,+3,,,,,,,,,,,,,,,,21,13,17,10,12,8,+8,+1,+7,0,+1,-1,"Extra Attack,Great Weapon Fighting,Opportunity Attack,Phalanx Formation,Riposte",,
Locke,Balanced,1,8,10,0,+2,,,,,,,,Full Resistance,,,,,,,,10,10,10,10,10,10,0,0,0,0,0,0,"Darkvision,Hellish Resistance,Opportunity Attack",,
Locke,Explorer,1,5,10,0,+4,,,,,,,,Full Resistance,,,,,,,,10,10,10,10,10,10,0,0,0,0,0,0,"Darkvision,Hellish Resistance,Opportunity Attack",,
Locke,Tactician,1,10,10,0,+2,,,,,,,,Full Resistance,,,,,,,,10,10,10,10,10,10,0,0,0,0,0,0,"Darkvision,Hellish Resistance,Opportunity Attack",,
Lockhorn,Balanced,1,8,10,0,+2,,,,,,,,Full Resistance,,,,,,,,10,10,10,10,10,10,0,0,0,0,0,0,"Darkvision,Hellish Resistance,Opportunity Attack",,
Lockhorn,Explorer,1,5,10,0,+4,,,,,,,,Full Resistance,,,,,,,,10,10,10,10,10,10,0,0,0,0,0,0,"Darkvision,Hellish Resistance,Opportunity Attack",,
Lockhorn,Tactician,1,10,10,0,+2,,,,,,,,Full Resistance,,,,,,,,10,10,10,10,10,10,0,0,0,0,0,0,"Darkvision,Hellish Resistance,Opportunity Attack",,
Loic,Balanced,3,26,12,+2,+2,,,,,,,,,,,,,,,,15,14,12,12,10,12,+4,+2,+3,+1,0,+1,"Brave,Halfling Luck,Opportunity Attack",,
Loic,Explorer,3,18,12,+2,+4,,,,,,,,,,,,,,,,15,14,12,12,10,12,+6,+2,+5,+1,0,+1,"Brave,Halfling Luck,Opportunity Attack",,
Loic,Tactician,3,33,12,+2,+2,,,,,,,,,,,,,,,,15,14,12,12,10,12,+4,+2,+3,+1,0,+1,"Brave,Halfling Luck,Opportunity Attack",,
Lolo Fuzzletoes,Balanced,1,8,10,0,+2,,,,,,,,,,,,,,,,10,10,10,10,10,10,0,0,0,0,0,0,"Brave,Halfling Luck,Opportunity Attack",,
Lolo Fuzzletoes,Explorer,1,5,10,0,+4,,,,,,,,,,,,,,,,10,10,10,10,10,10,0,0,0,0,0,0,"Brave,Halfling Luck,Opportunity Attack",,
Lolo Fuzzletoes,Tactician,1,10,10,0,+2,,,,,,,,,,,,,,,,10,10,10,10,10,10,0,0,0,0,0,0,"Brave,Halfling Luck,Opportunity Attack",,
Sharp-Eye Lora,Balanced,3,12,14,+3,+2,,,,,,,,,,,,,,,,8,16,10,10,8,8,-1,+3,0,0,-1,-1,"Darkvision,Opportunity Attack",,
Sharp-Eye Lora,Explorer,3,8,14,+3,+4,,,,,,,,,,,,,,,,8,16,10,10,8,8,-1,+3,0,0,-1,-1,"Darkvision,Opportunity Attack",,
Sharp-Eye Lora,Tactician,3,15,14,+3,+2,,,,,,,,,,,,,,,,8,16,10,10,8,8,-1,+3,0,0,-1,-1,"Darkvision,Fury of the Small,Opportunity Attack",,
Sharp-Eye Lora,Honour,3,23,14,+3,+2,,,,,,,,,,,,,,,,8,16,10,10,8,8,-1,+3,0,0,-1,-1,"Darkvision,Fury of the Small,Opportunity Attack",,
Lora,Balanced,8,74,13,+3,+3,,,,,,,,,,,,,,,,14,16,14,12,18,14,+2,+3,+2,+1,+7,+5,"Opportunity Attack,Warding Flare",,
Lora,Explorer,8,51,13,+3,+5,,,,,,,,,,,,,,,,14,16,14,12,18,14,+2,+3,+2,+1,+9,+7,"Opportunity Attack,Warding Flare",,
Lora,Tactician,8,96,13,+3,+3,,,,,,,,,,,,,,,,14,16,14,12,18,14,+2,+3,+2,+1,+7,+5,"Opportunity Attack,Warding Flare",,
Lord Amber's Bodyguard,Balanced,10,56,16,+4,+4,,,,,,,,,,,,,,,,8,19,12,10,14,14,+3,+8,+1,0,+2,+2,"Advanced Unarmoured Movement,Darkvision,Deflect Missiles,Evasion,Extra Attack,Fey Ancestry,Ki-Empowered Strikes,Martial Arts: Bonus Unarmed Strike,Martial Arts: Deft Strikes,Martial Arts: Dextrous Attacks,Opportunity Attack,Purity of Body,Slow Fall,Stillness of Mind,Unarmoured Defence (Monk),Unarmoured Movement",,
Lord Amber's Bodyguard,Explorer,10,39,16,+4,+6,,,,,,,,,,,,,,,,8,19,12,10,14,14,+5,+10,+1,0,+2,+2,"Advanced Unarmoured Movement,Darkvision,Deflect Missiles,Evasion,Extra Attack,Fey Ancestry,Ki-Empowered Strikes,Martial Arts: Bonus Unarmed Strike,Martial Arts: Deft Strikes,Martial Arts: Dextrous Attacks,Opportunity Attack,Purity of Body,Slow Fall,Stillness of Mind,Unarmoured Defence (Monk),Unarmoured Movement",,
Lord Amber's Bodyguard,Tactician,10,72,16,+4,+4,,,,,,,,,,,,,,,,8,19,12,10,14,14,+3,+8,+1,0,+2,+2,"Advanced Unarmoured Movement,Darkvision,Deflect Missiles,Evasion,Extra Attack,Fey Ancestry,Ki-Empowered Strikes,Martial Arts: Bonus Unarmed Strike,Martial Arts: Deft Strikes,Martial Arts: Dextrous Attacks,Opportunity Attack,Purity of Body,Slow Fall,Stillness of Mind,Unarmoured Defence (Monk),Unarmoured Movement",,
Lord Jannath's Bodyguard,Balanced,10,85,14,0,+4,,,,,,,,,,,,,,,,20,10,16,8,10,6,+9,0,+7,-1,0,-2,"Brutal Critical,Danger Sense,Extra Attack,Fast Movement,Feral Instinct,Opportunity Attack,Superior Material (-1),Unarmoured Defence (Barbarian)",,
Lord Jannath's Bodyguard,Explorer,10,59,14,0,+6,,,,,,,,,,,,,,,,20,10,16,8,10,6,+11,0,+9,-1,0,-2,"Brutal Critical,Danger Sense,Extra Attack,Fast Movement,Feral Instinct,Opportunity Attack,Superior Material (-1),Unarmoured Defence (Barbarian)",,
Lord Jannath's Bodyguard,Tactician,10,110,14,0,+4,,,,,,,,,,,,,,,,20,10,16,8,10,6,+9,0,+7,-1,0,-2,"Brutal Critical,Danger Sense,Extra Attack,Fast Movement,Feral Instinct,Opportunity Attack,Superior Material (-1),Unarmoured Defence (Barbarian)",,
Lord Portyr's Attendant,Balanced,10,52,10,0,+4,,,,,,,,,,,,,,,,8,10,14,18,12,10,-1,0,+2,+8,+5,0,Opportunity Attack,,
Lord Portyr's Attendant,Explorer,10,36,10,0,+6,,,,,,,,,,,,,,,,8,10,14,18,12,10,-1,0,+2,+10,+7,0,Opportunity Attack,,
Lord Portyr's Attendant,Tactician,10,67,10,0,+4,,,,,,,,,,,,,,,,8,10,14,18,12,10,-1,0,+2,+8,+5,0,Opportunity Attack,,
Lord Portyr's Bodyguard,Balanced,10,75,17,+4,+4,,,,,,,,,,,,,,,,10,18,12,12,16,10,+4,+8,+1,+1,+3,0,"Darkvision,Extra Attack,Fey Ancestry,Land's Stride: Difficult Terrain,Opportunity Attack,Superior Padding (-1)",,
Lord Portyr's Bodyguard,Explorer,10,52,17,+4,+6,,,,,,,,,,,,,,,,10,18,12,12,16,10,+6,+10,+1,+1,+3,0,"Darkvision,Extra Attack,Fey Ancestry,Land's Stride: Difficult Terrain,Opportunity Attack,Superior Padding (-1)",,
Lord Portyr's Bodyguard,Tactician,10,97,17,+4,+4,,,,,,,,,,,,,,,,10,18,12,12,16,10,+4,+8,+1,+1,+3,0,"Darkvision,Extra Attack,Fey Ancestry,Land's Stride: Difficult Terrain,Opportunity Attack,Superior Padding (-1)",,
Lord Shattershield's Attendant,Balanced,10,74,10,+4,+4,,,,,,,,,,,,,,,,11,18,14,12,14,10,+4,+8,+2,+1,+2,0,"Crossbow Expert: Point-Blank,Darkvision,Extra Attack,Gnome Cunning,Land's Stride: Difficult Terrain,Opportunity Attack,Superior Plate (-1),Two-Weapon Fighting",,
Lord Shattershield's Attendant,Explorer,10,51,10,+4,+6,,,,,,,,,,,,,,,,11,18,14,12,14,10,+6,+10,+2,+1,+2,0,"Crossbow Expert: Point-Blank,Darkvision,Extra Attack,Gnome Cunning,Land's Stride: Difficult Terrain,Opportunity Attack,Superior Plate (-1),Two-Weapon Fighting",,
Lord Shattershield's Attendant,Tactician,10,96,10,+4,+4,,,,,,,,,,,,,,,,11,18,14,12,14,10,+4,+8,+2,+1,+2,0,"Crossbow Expert: Point-Blank,Darkvision,Extra Attack,Gnome Cunning,Land's Stride: Difficult Terrain,Opportunity Attack,Superior Plate (-1),Two-Weapon Fighting",,
Lord Shattershield's Bodyguard,Balanced,10,48,13,0,+4,,,,,,,,,,,,,,,,8,10,12,18,12,12,-1,0,+1,+8,+5,+1,"Brave,Halfling Luck,Opportunity Attack",,
Lord Shattershield's Bodyguard,Explorer,10,33,13,0,+6,,,,,,,,,,,,,,,,8,10,12,18,12,12,-1,0,+1,+10,+7,+1,"Brave,Halfling Luck,Opportunity Attack",,
Lord Shattershield's Bodyguard,Tactician,10,62,13,0,+4,,,,,,,,,,,,,,,,8,10,12,18,12,12,-1,0,+1,+8,+5,+1,"Brave,Halfling Luck,Opportunity Attack",,
Lord Whitburn,Balanced,1,6,10,0,+2,,,,,,,,,,,,,,,,10,10,10,10,10,10,0,0,0,0,0,0,Opportunity Attack,,
Lord Whitburn,Explorer,1,4,10,0,+4,,,,,,,,,,,,,,,,10,10,10,10,10,10,0,0,0,0,0,0,Opportunity Attack,,
Lord Whitburn,Tactician,1,7,10,0,+2,,,,,,,,,,,,,,,,10,10,10,10,10,10,0,0,0,0,0,0,Opportunity Attack,,
Cashguard Artillerist Morra,Balanced,9,76,19,+4,+4,,,,,,,,,,,,,,,,14,18,13,10,10,10,+6,+8,+2,0,0,0,"Mobile: Evade Difficult Terrain,Mobile: Evade Opportunity Attack,Extra Attack,Mobile,Opportunity Attack",,
Cashguard Artillerist Morra,Explorer,9,53,19,+4,+6,,,,,,,,,,,,,,,,14,18,13,10,10,10,+8,+10,+2,0,0,0,"Mobile: Evade Difficult Terrain,Mobile: Evade Opportunity Attack,Extra Attack,Mobile,Opportunity Attack",,
Cashguard Artillerist Morra,Tactician,9,98,19,+4,+4,,,,,,,,,,,,,,,,14,18,13,10,10,10,+6,+8,+2,0,0,0,"Mobile: Evade Difficult Terrain,Mobile: Evade Opportunity Attack,Extra Attack,Mobile,Opportunity Attack",,
Lorin,Balanced,1,12,11,+1,+2,,,,,,,,,,,,,,,,10,12,10,16,14,14,0,+1,0,+5,+4,+2,"Opportunity Attack, Additional Spell Slot Level 3",,
Lorin,Explorer,1,8,11,+1,+4,,,,,,,,,,,,,,,,10,12,10,16,14,14,0,+1,0,+7,+6,+2,"Opportunity Attack, Additional Spell Slot Level 3",,
Lorin,Tactician,1,15,11,+1,+2,,,,,,,,,,,,,,,,10,12,10,16,14,14,0,+1,0,+5,+4,+2,"Opportunity Attack, Additional Spell Slot Level 3",,
Lorlarrio,Balanced,9,79,11,+1,+4,,,,,,,,,,,,Full Resistance,,,,10,12,15,14,12,18,0,+5,+2,+2,+1,+8,"Bardic Inspiration,Duergar Resilience,Dwarven Resilience,Font of Inspiration,Jack of All Trades,Opportunity Attack,Sunlight Sensitivity,Superior Darkvision",,
Lorlarrio,Explorer,9,55,11,+1,+6,,,,,,,,,,,,Full Resistance,,,,10,12,15,14,12,18,0,+7,+2,+2,+1,+10,"Bardic Inspiration,Duergar Resilience,Dwarven Resilience,Font of Inspiration,Jack of All Trades,Opportunity Attack,Sunlight Sensitivity,Superior Darkvision",,
Lorlarrio,Tactician,9,102,11,+1,+4,,,,,,,,,,,,Full Resistance,,,,10,12,15,14,12,18,0,+5,+2,+2,+1,+8,"Bardic Inspiration,Duergar Resilience,Dwarven Resilience,Font of Inspiration,Jack of All Trades,Opportunity Attack,Sunlight Sensitivity,Superior Darkvision",,
Lorna Esthelian,Balanced,1,8,10,0,+2,,,,,,,,,,,,,,,,10,10,10,10,10,10,0,0,0,0,0,0,"Darkvision,Fey Ancestry,Opportunity Attack",,
Lorna Esthelian,Explorer,1,5,10,0,+4,,,,,,,,,,,,,,,,10,10,10,10,10,10,0,0,0,0,0,0,"Darkvision,Fey Ancestry,Opportunity Attack",,
Lorna Esthelian,Tactician,1,10,10,0,+2,,,,,,,,,,,,,,,,10,10,10,10,10,10,0,0,0,0,0,0,"Darkvision,Fey Ancestry,Opportunity Attack",,
Lorroakan,Balanced,10,98,12,+2,+4,,,,,,,,,,,,,,,,11,14,14,19,15,16,0,+2,+2,+4,+2,+3,"Elemental Retort,Elemental Siphon,Empowered Evocation,Potent Cantrip,Sculpt Spells,Spell Resistance, Arcane Enchantment (Despair of Athkatla)","Aquatic Siphon, Earthen Siphon, Scorching Siphon, Tempestuous Siphon",
Lorroakan,Explorer,10,68,12,+2,+6,,,,,,,,,,,,,,,,11,14,14,19,15,16,0,+2,+2,+4,+2,+3,"Elemental Retort,Elemental Siphon,Empowered Evocation,Potent Cantrip,Sculpt Spells,Spell Resistance, Arcane Enchantment (Despair of Athkatla)","Aquatic Siphon, Earthen Siphon, Scorching Siphon, Tempestuous Siphon",
Lorroakan,Tactician,10,127,12,+2,+4,,,,,,,,,,,,,,,,11,14,14,19,15,16,0,+2,+2,+4,+2,+3,"Elemental Retort,Elemental Siphon,Empowered Evocation,Potent Cantrip,Sculpt Spells,Spell Resistance, Arcane Enchantment (Despair of Athkatla)","Aquatic Siphon, Earthen Siphon, Scorching Siphon, Tempestuous Siphon",
Lorroakan's Projection,Balanced,1,74,10,0,+2,,,,,,,,,,,,,,,,12,10,10,16,12,10,+1,0,0,+3,+1,0,,Projected Image,
Lorroakan's Projection,Explorer,1,51,10,0,+4,,,,,,,,,,,,,,,,12,10,10,16,12,10,+1,0,0,+3,+1,0,,Projected Image,
Lorroakan's Projection,Tactician,1,96,10,0,+2,,,,,,,,,,,,,,,,12,10,10,16,12,10,+1,0,0,+3,+1,0,,Projected Image,
Geezer Loryss,Balanced,1,6,10,0,+2,,,,,,,,,,,,,,,,10,10,10,10,10,10,0,0,0,0,0,0,Opportunity Attack,,
Geezer Loryss,Explorer,1,4,10,0,+4,,,,,,,,,,,,,,,,10,10,10,10,10,10,0,0,0,0,0,0,Opportunity Attack,,
Geezer Loryss,Tactician,1,7,10,0,+2,,,,,,,,,,,,,,,,10,10,10,10,10,10,0,0,0,0,0,0,Opportunity Attack,,
Losiir,Balanced,1,12,17,+1,+2,,,,,,,,,,,,,,,,17,13,15,10,12,8,+5,+1,+4,0,+1,-1,"Defence,Martial Prodigy,Opportunity Attack",,
Losiir,Explorer,1,24,17,+1,+4,,,,,,,,,,,,,,,,17,13,15,10,12,8,+7,+1,+6,0,+1,-1,"Defence,Martial Prodigy,Opportunity Attack",,
Losiir,Tactician,1,12,17,+1,+2,,,,,,,,,,,,,,,,17,13,15,10,12,8,+5,+1,+4,0,+1,-1,"Defence,Martial Prodigy,Opportunity Attack",,
Fist Loudstone,Balanced,8,55,16,+5,+3,,,,,,,,,,,,Full Resistance,,,,12,21,14,8,14,10,+4,+8,+2,-1,+2,0,"Archery,Crossbow Expert: Point-Blank,Darkvision,Dwarven Resilience,Extra Attack,Opportunity Attack",,
Fist Loudstone,Explorer,8,38,16,+5,+5,,,,,,,,,,,,Full Resistance,,,,12,21,14,8,14,10,+6,+10,+2,-1,+2,0,"Archery,Crossbow Expert: Point-Blank,Darkvision,Dwarven Resilience,Extra Attack,Opportunity Attack",,
Fist Loudstone,Tactician,8,71,16,+5,+3,,,,,,,,,,,,Full Resistance,,,,12,21,14,8,14,10,+4,+8,+2,-1,+2,0,"Archery,Crossbow Expert: Point-Blank,Darkvision,Dwarven Resilience,Extra Attack,Opportunity Attack",,
Gondian Lowa,Balanced,8,67,13,+1,+3,,,,,,,,,,,,,,,,8,13,16,18,10,12,-1,+1,+3,+4,0,+1,"Darkvision,Gnome Cunning,Opportunity Attack,Shortened Stride",,
Gondian Lowa,Explorer,8,46,13,+1,+5,,,,,,,,,,,,,,,,8,13,16,18,10,12,-1,+1,+3,+4,0,+1,"Darkvision,Gnome Cunning,Opportunity Attack,Shortened Stride",,
Gondian Lowa,Tactician,8,87,13,+1,+3,,,,,,,,,,,,,,,,8,13,16,18,10,12,-1,+1,+3,+4,0,+1,"Darkvision,Gnome Cunning,Opportunity Attack,Shortened Stride",,
Loyal Eternal Debtor,Balanced,1,12,10,0,+2,,,,,,,,Resistance to Magical,,,,,,,,10,10,10,8,8,8,0,0,0,-1,-1,-1,"Opportunity Attack,Darkvision,Forever Indebted",,
Loyal Eternal Debtor,Explorer,1,8,10,0,+2,,,,,,,,Resistance to Magical,,,,,,,,10,10,10,8,8,8,0,0,0,-1,-1,-1,"Opportunity Attack,Darkvision,Forever Indebted",,
Loyal Eternal Debtor,Tactician,1,15,10,0,+2,,,,,,,,Resistance to Magical,,,,,,,,10,10,10,8,8,8,0,0,0,-1,-1,-1,"Opportunity Attack,Darkvision,Forever Indebted",,
Lu La Forza,Balanced,8,67,11,+1,+3,,,,,,,,,,,,,,,,8,13,16,18,10,12,-1,+1,+3,+4,0,+1,Opportunity Attack,,
Lu La Forza,Explorer,8,46,11,+1,+5,,,,,,,,,,,,,,,,8,13,16,18,10,12,-1,+1,+3,+4,0,+1,Opportunity Attack,,
Lu La Forza,Tactician,8,87,11,+1,+3,,,,,,,,,,,,,,,,8,13,16,18,10,12,-1,+1,+3,+4,0,+1,Opportunity Attack,,
News Hawker Luan,Balanced,1,1,10,0,+2,,,,,,,,,,,,,,,,10,10,10,10,10,10,0,0,0,0,0,0,Opportunity Attack,,
Lucretious,Balanced,9,53,14,+1,+4,,,,,,,,,,,,,,,,10,12,12,20,16,16,0,+1,+1,+9,+7,+3,"Darkvision,Fey Ancestry,Grim Harvest,Heightened Necromancy,Opportunity Attack",Mage Armour,
Lucretious,Explorer,9,37,14,+1,+6,,,,,,,,,,,,,,,,10,12,12,20,16,16,0,+1,+1,+11,+9,+3,"Darkvision,Fey Ancestry,Grim Harvest,Heightened Necromancy,Opportunity Attack",Mage Armour,
Lucretious,Tactician,9,68,14,+1,+4,,,,,,,,,,,,,,,,10,12,12,20,16,16,0,+1,+1,+9,+7,+3,"Darkvision,Fey Ancestry,Grim Harvest,Heightened Necromancy,Opportunity Attack",Mage Armour,
Lug,Balanced,1,8,10,0,+2,,,,,,,,,,,,,,,,10,10,10,10,10,10,0,0,0,0,0,0,"Darkvision,Fey Ancestry,Opportunity Attack",,
Lug,Explorer,1,5,10,0,+4,,,,,,,,,,,,,,,,10,10,10,10,10,10,0,0,0,0,0,0,"Darkvision,Fey Ancestry,Opportunity Attack",,
Lug,Tactician,1,10,10,0,+2,,,,,,,,,,,,,,,,10,10,10,10,10,10,0,0,0,0,0,0,"Darkvision,Fey Ancestry,Opportunity Attack",,
Lugarrio,Balanced,3,43,14,+3,+2,,,,,,,,,,,,,,,,12,16,12,12,12,12,+1,+5,+1,+3,+1,+1,"Brave,Halfling Luck,Opportunity Attack",,
Lugarrio,Explorer,3,30,14,+3,+4,,,,,,,,,,,,,,,,12,16,12,12,12,12,+1,+7,+1,+5,+1,+1,"Brave,Halfling Luck,Opportunity Attack",,
Lugarrio,Tactician,3,55,14,+3,+2,,,,,,,,,,,,,,,,12,16,12,12,12,12,+1,+5,+1,+3,+1,+1,"Brave,Halfling Luck,Opportunity Attack",,
Strangler Luke,Balanced,8,76,16,+5,+3,,,,,,,,,,,,,,,,20,20,20,14,13,16,+8,+8,+5,+2,+1,+3,"Darkvision,Deflect Missiles,Evasion,Extra Attack,Ki-Empowered Strikes,Magic Resistance,Martial Arts: Bonus Unarmed Strike,Martial Arts: Deft Strikes,Martial Arts: Dextrous Attacks,Murder Hungry,Opportunity Attack,Slow Fall,Stillness of Mind,Unarmoured Defence (Monk),Unarmoured Movement",Aura of Murder,
Strangler Luke,Tactician,8,98,16,+5,+3,,,,,,,,,,,,,,,,20,20,20,14,13,16,+8,+8,+5,+2,+1,+3,"Darkvision,Deflect Missiles,Evasion,Extra Attack,Ki-Empowered Strikes,Magic Resistance,Martial Arts: Bonus Unarmed Strike,Martial Arts: Deft Strikes,Martial Arts: Dextrous Attacks,Murder Hungry,Opportunity Attack,Sentinel: Opportunity Advantage,Sentinel: Snare,Sentinel: Vengeance,Slow Fall,Stillness of Mind,Unarmoured Defence (Monk),Unarmoured Movement","Aura of Murder,Unstoppable",
Lunkbug,Balanced,1,20,10,0,+2,,,,,,,,,,,,,,,,10,10,10,10,10,10,0,0,0,0,0,0,"Gnome Cunning,Opportunity Attack,Shortened Stride,Stone Camouflage,Superior Darkvision",,
Lunkbug,Tactician,1,26,10,0,+2,,,,,,,,,,,,,,,,10,10,10,10,10,10,0,0,0,0,0,0,"Gnome Cunning,Opportunity Attack,Shortened Stride,Stone Camouflage,Superior Darkvision",,
Lurgan,Balanced,5,30,18,0,+3,,,,,,,,,,,,Full Resistance,,,,13,10,12,9,16,12,+1,0,+1,-1,+6,+4,"Duergar Resilience,Dwarven Resilience,Opportunity Attack,Sunlight Sensitivity,Superior Darkvision",,
Lurgan,Explorer,5,21,18,0,+5,,,,,,,,,,,,Full Resistance,,,,13,10,12,9,16,12,+1,0,+1,-1,+8,+6,"Duergar Resilience,Dwarven Resilience,Opportunity Attack,Sunlight Sensitivity,Superior Darkvision",,
Lurgan,Tactician,5,39,18,0,+3,,,,,,,,,,,,Full Resistance,,,,13,10,12,9,16,12,+1,0,+1,-1,+6,+4,"Duergar Resilience,Dwarven Resilience,Opportunity Attack,Sunlight Sensitivity,Superior Darkvision",,
Veteran Raider Ly'iss,Balanced,9,39,16,+4,+4,,,,,,,,,,,,,,,,10,19,14,10,16,10,+4,+4,+6,0,+3,0,"Crossbow Expert: Point-Blank,Crossbow Expert: Wounding,Extra Attack,Opportunity Attack",,
Veteran Raider Ly'iss,Explorer,9,39,16,+4,+6,,,,,,,,,,,,,,,,10,19,14,10,16,10,+6,+4,+8,0,+3,0,"Crossbow Expert: Point-Blank,Crossbow Expert: Wounding,Extra Attack,Opportunity Attack",,
Veteran Raider Ly'iss,Tactician,9,39,16,+4,+4,,,,,,,,,,,,,,,,10,19,14,10,16,10,+4,+4,+6,0,+3,0,"Crossbow Expert: Point-Blank,Crossbow Expert: Wounding,Extra Attack,Opportunity Attack",,
Lyldara,Balanced,1,6,10,0,+2,,,,,,,,,,,,,,,,10,10,10,10,10,10,0,0,0,0,0,0,"Darkvision,Fey Ancestry,Opportunity Attack",,
Lyldara,Explorer,1,4,10,0,+4,,,,,,,,,,,,,,,,10,10,10,10,10,10,0,0,0,0,0,0,"Darkvision,Fey Ancestry,Opportunity Attack",,
Lyldara,Tactician,1,7,10,0,+2,,,,,,,,,,,,,,,,10,10,10,10,10,10,0,0,0,0,0,0,"Darkvision,Fey Ancestry,Opportunity Attack",,
Harper Lymn,Balanced,6,48,13,+2,+3,,,,,,,,Full Resistance,,,,,,,,12,15,12,10,14,12,+4,+5,+1,0,+2,+1,"Darkvision,Extra Attack,Hellish Resistance,Opportunity Attack",,
Harper Lymn,Explorer,6,33,13,+2,+5,,,,,,,,Full Resistance,,,,,,,,12,15,12,10,14,12,+6,+7,+1,0,+2,+1,"Darkvision,Extra Attack,Hellish Resistance,Opportunity Attack",,
Harper Lymn,Tactician,6,62,13,+2,+3,,,,,,,,Full Resistance,,,,,,,,12,15,12,10,14,12,+4,+5,+1,0,+2,+1,"Darkvision,Extra Attack,Hellish Resistance,Opportunity Attack",,
Lyrux Goldthroat,Balanced,1,8,10,0,+2,,,,,,,,,,,,Immune,,,,10,10,10,10,10,10,0,0,0,0,0,0,"Bardic Inspiration,Opportunity Attack",,
Lyrux Goldthroat,Tactician,1,10,10,0,+2,,,,,,,,,,,,Immune,,,,10,10,10,10,10,10,0,0,0,0,0,0,"Bardic Inspiration,Opportunity Attack",,
Death's Head of Bhaal M'alice,Balanced,8,76,15,+5,+3,,,,,,,,,,,,,,,,20,20,20,14,13,16,+5,+5,+5,+2,+1,+3,"Opportunity Attack,Darkvision,Magic Resistance,Extra Attack,Murder Hungry,Prey Upon the Weak","Aura of Murder,Unstoppable",
Death's Head of Bhaal M'alice,Explorer,8,53,15,+5,+5,,,,,,,,,,,,,,,,20,20,20,14,13,16,+5,+5,+5,+2,+1,+3,"Opportunity Attack,Darkvision,Magic Resistance,Extra Attack,Murder Hungry,Prey Upon the Weak","Aura of Murder,Unstoppable",
Death's Head of Bhaal M'alice,Tactician,8,98,15,+5,+3,,,,,,,,,,,,,,,,20,20,20,14,13,16,+5,+5,+5,+2,+1,+3,"Opportunity Attack,Darkvision,Magic Resistance,Extra Attack,Murder Hungry,Prey Upon the Weak,Sentinel: Opportunity Advantage,Sentinel: Snare,Sentinel: Vengeance","Aura of Murder,Unstoppable",
Ember Gish'ra M'i'hayk,Balanced,9,68,17,+3,+4,,,,,,,,,,,,,,,,12,17,16,17,19,13,+5,+7,+3,+3,+4,+1,"Advanced Unarmoured Movement,Deflect Missiles,Evasion,Extra Attack,Ki-Empowered Strikes,Martial Arts: Bonus Unarmed Strike,Martial Arts: Dextrous Attacks,Martial Arts: Deft Strikes,Opportunity Attack,Psionic Empowerment,Slow Fall,Stillness of Mind,Unarmoured Defence (Monk),Unarmoured Movement",Astral Gravity,
Ember Gish'ra M'i'hayk,Explorer,9,40,17,+3,+6,,,,,,,,,,,,,,,,12,17,16,17,19,13,+7,+9,+3,+3,+4,+1,"Advanced Unarmoured Movement,Deflect Missiles,Evasion,Extra Attack,Ki-Empowered Strikes,Martial Arts: Bonus Unarmed Strike,Martial Arts: Dextrous Attacks,Martial Arts: Deft Strikes,Opportunity Attack,Psionic Empowerment,Slow Fall,Stillness of Mind,Unarmoured Defence (Monk),Unarmoured Movement",Astral Gravity,
Ember Gish'ra M'i'hayk,Tactician,9,88,17,+3,+4,,,,,,,,,,,,,,,,12,17,16,17,19,13,+5,+7,+3,+3,+4,+1,"Advanced Unarmoured Movement,Deflect Missiles,Evasion,Extra Attack,Ki-Empowered Strikes,Martial Arts: Bonus Unarmed Strike,Martial Arts: Dextrous Attacks,Martial Arts: Deft Strikes,Opportunity Attack,Psionic Empowerment,Slow Fall,Stillness of Mind,Unarmoured Defence (Monk),Unarmoured Movement",Astral Gravity,
Ma Festina,Balanced,1,6,10,0,+2,,,,,,,,,,,,,,,,10,10,10,10,10,10,0,0,0,0,0,0,Opportunity Attack,,
Ma Festina,Explorer,1,4,10,0,+4,,,,,,,,,,,,,,,,10,10,10,10,10,10,0,0,0,0,0,0,Opportunity Attack,,
Ma Festina,Tactician,1,7,10,0,+2,,,,,,,,,,,,,,,,10,10,10,10,10,10,0,0,0,0,0,0,Opportunity Attack,,
Warrior Ni'ima,Balanced,5,41,17,+2,+3,,,,,,,,,,,,,,,,17,14,15,10,12,10,+6,+2,+5,0,+1,0,"Extra Attack,Githyanki Parry,Opportunity Attack",,
Warrior Ni'ima,Explorer,5,28,17,+2,+5,,,,,,,,,,,,,,,,17,14,15,10,12,10,+8,+2,+7,0,+1,0,"Extra Attack,Githyanki Parry,Opportunity Attack",,
Warrior Ni'ima,Tactician,5,53,17,+2,+3,,,,,,,,,,,,,,,,17,14,15,10,12,10,+6,+2,+5,0,+1,0,"Extra Attack,Githyanki Parry,Opportunity Attack,Psionic Empowerment,Great Weapon Fighting",,
Veteran Warrior Ma'athal,Balanced,9,73,17,+2,+4,,,,,,,,,,,,,,,,18,14,16,10,12,10,+4,+2,+3,0,+1,0,"Extra Attack,Githyanki Parry,Opportunity Attack,Githyanki Parry",,
Veteran Warrior Ma'athal,Explorer,9,51,17,+2,+6,,,,,,,,,,,,,,,,18,14,16,10,12,10,+4,+2,+3,0,+1,0,"Extra Attack,Githyanki Parry,Opportunity Attack,Githyanki Parry",,
Veteran Warrior Ma'athal,Tactician,9,94,17,+2,+4,,,,,,,,,,,,,,,,18,14,16,10,12,10,+4,+2,+3,0,+1,0,"Extra Attack,Opportunity Attack,Supreme Githyanki Parry,Psionic Empowerment,Great Weapon Fighting",,
Madalitso,Balanced,1,6,10,0,+2,,,,,,,,,,,,,,,,10,10,10,10,10,10,0,0,0,0,0,0,Opportunity Attack,,
Madalitso,Explorer,1,4,10,0,+4,,,,,,,,,,,,,,,,10,10,10,10,10,10,0,0,0,0,0,0,Opportunity Attack,,
Madalitso,Tactician,1,7,10,0,+2,,,,,,,,,,,,,,,,10,10,10,10,10,10,0,0,0,0,0,0,Opportunity Attack,,
Maddala Deadeye,Balanced,1,10,1,+3,+2,,,,,,,,,,,,,,,,8,17,14,13,13,10,-1,+5,+2,+3,+1,0,"Civil Militia,Human Versatility,Opportunity Attack",,
Madeline Whitburn,Balanced,1,8,10,0,+2,,,,,,,,,,,,,,,,10,10,10,10,10,10,0,0,0,0,0,0,"Darkvision,Fey Ancestry,Opportunity Attack",,
Fist Madigan,Balanced,8,62,16,+5,+3,,,,,,,,,,,,,,,,12,21,14,8,14,10,+4,+8,+2,-1,+2,0,"Archery,Crossbow Expert: Point-Blank,Extra Attack,Opportunity Attack",,
Fist Madigan,Explorer,8,59,16,+5,+5,,,,,,,,,,,,,,,,12,21,14,8,14,10,+6,+10,+2,-1,+2,0,"Archery,Crossbow Expert: Point-Blank,Extra Attack,Opportunity Attack",,
Fist Madigan,Tactician,8,64,16,+5,+3,,,,,,,,,,,,,,,,12,21,14,8,14,10,+4,+8,+2,-1,+2,0,"Archery,Crossbow Expert: Point-Blank,Extra Attack,Opportunity Attack",,
Fist Healer Madstene,Balanced,10,62,16,0,+4,,,,,,,,,,,,Full Resistance,,,,13,10,16,10,20,12,+1,0,+3,0,+9,+5,"Darkvision,Dwarven Resilience,Opportunity Attack,Protection",,
Fist Healer Madstene,Explorer,10,59,16,0,+6,,,,,,,,,,,,Full Resistance,,,,13,10,16,10,20,12,+1,0,+3,0,+11,+7,"Darkvision,Dwarven Resilience,Opportunity Attack,Protection",,
Fist Healer Madstene,Tactician,10,64,16,0,+4,,,,,,,,,,,,Full Resistance,,,,13,10,16,10,20,12,+1,0,+3,0,+9,+5,"Darkvision,Dwarven Resilience,Opportunity Attack,Protection",,
Feloguard Maeve,Balanced,11,65,18,0,+4,,,,,,,,,,,,,,,,20,11,16,10,15,16,+5,0,+3,0,+6,+3,"Darkvision,Extra Attack,Fey Ancestry,Opportunity Attack,Tactical Discipline",,
Feloguard Maeve,Explorer,11,47,18,0,+6,,,,,,,,,,,,,,,,20,11,16,10,15,16,+5,0,+3,0,+8,+3,"Darkvision,Extra Attack,Fey Ancestry,Opportunity Attack,Tactical Discipline",,
Maggie Ni Chuirc,Balanced,8,64,18,0,+3,,,,,,,,,,,,,,,,16,11,14,12,12,14,+6,0,+6,+1,+1,+2,"Extra Attack,Opportunity Attack",,
Maggie Ni Chuirc,Explorer,8,44,18,0,+5,,,,,,,,,,,,,,,,16,11,14,12,12,14,+8,0,+8,+1,+1,+2,"Extra Attack,Opportunity Attack",,
Maggie Ni Chuirc,Tactician,8,93,18,0,+3,,,,,,,,,,,,,,,,16,11,14,12,12,14,+6,0,+6,+1,+1,+2,"Extra Attack,Opportunity Attack",,
Maggran,Balanced,3,18,14,+1,+2,,,,,,,,,,,,,,,,10,12,12,16,10,15,0,+1,+1,+5,+2,+2,"Darkvision,Fey Ancestry,Opportunity Attack",,
Maggran,Explorer,3,12,14,+1,+4,,,,,,,,,,,,,,,,10,12,12,16,10,15,0,+1,+1,+7,+4,+2,"Darkvision,Fey Ancestry,Opportunity Attack",,
Maggran,Tactician,3,23,14,+1,+2,,,,,,,,,,,,,,,,10,12,12,16,10,15,0,+1,+1,+5,+2,+2,"Darkvision,Fey Ancestry,Opportunity Attack",,
Maghtew Budj,Balanced,8,52,10,0,+3,,,,,,,,,,,,,,,,12,10,10,16,12,10,+1,0,0,+6,+4,0,"Extra Attack,Opportunity Attack,Tenacity",,
Maghtew Budj,Explorer,8,36,10,0,+5,,,,,,,,,,,,,,,,12,10,10,16,12,10,+1,0,0,+8,+6,0,"Extra Attack,Opportunity Attack,Tenacity",,
Maghtew Budj,Tactician,8,67,10,0,+3,,,,,,,,,,,,,,,,12,10,10,16,12,10,+1,0,0,+6,+4,0,"Extra Attack,Opportunity Attack,Tenacity",,
Ward Magmar,Balanced,5,54,12,+1,+3,,,,,,,,,,,,Full Resistance,,,,18,12,14,10,12,12,+4,+1,+2,0,+1,+1,"Duergar Resilience,Dwarven Resilience,Extra Attack,Opportunity Attack,Sunlight Sensitivity,Superior Darkvision",,
Ward Magmar,Explorer,5,37,12,+1,+5,,,,,,,,,,,,Full Resistance,,,,18,12,14,10,12,12,+4,+1,+2,0,+1,+1,"Duergar Resilience,Dwarven Resilience,Extra Attack,Opportunity Attack,Sunlight Sensitivity,Superior Darkvision",,
Ward Magmar,Tactician,5,75,12,+1,+3,,,,,,,,,,,,Full Resistance,,,,18,12,14,10,12,12,+4,+1,+2,0,+1,+1,"Duergar Resilience,Dwarven Resilience,Extra Attack,Opportunity Attack,Sunlight Sensitivity,Superior Darkvision",,
Fist Magnolia,Balanced,8,55,16,+5,+3,,,,,,,,,,,,Full Resistance,,,,12,21,14,8,14,10,+4,+8,+2,-1,+2,0,"Archery,Crossbow Expert: Point-Blank,Darkvision,Dwarven Resilience,Extra Attack,Opportunity Attack",,
Fist Magnolia,Tactician,8,58,16,+5,+3,,,,,,,,,,,,Full Resistance,,,,12,21,14,8,14,10,+4,+8,+2,-1,+2,0,"Archery,Crossbow Expert: Point-Blank,Darkvision,Dwarven Resilience,Extra Attack,Opportunity Attack",,
Magron,Balanced,1,8,10,0,+2,,,,,,,,,,,,,,,,10,10,10,10,10,10,0,0,0,0,0,0,"Darkvision,Fey Ancestry,Opportunity Attack,Sunlight Sensitivity",Stasis,
Magron,Tactician,1,10,10,0,+2,,,,,,,,,,,,,,,,10,10,10,10,10,10,0,0,0,0,0,0,"Darkvision,Fey Ancestry,Opportunity Attack,Sunlight Sensitivity",Stasis,
Mahrin,Balanced,5,18,12,+1,+3,,,,,,,,,,,,,,,,10,12,10,16,12,12,0,+1,0,+3,+1,+1,"Brave,Halfling Luck,Opportunity Attack",,
Mahrin,Tactician,5,23,12,+1,+3,,,,,,,,,,,,,,,,10,12,10,16,12,12,0,+1,0,+3,+1,+1,"Brave,Halfling Luck,Opportunity Attack",,
Night Blade Maireadh,Balanced,3,28,12,+2,+2,,,,,,,,,,,,,,,,11,15,12,10,11,14,0,+2,+1,0,0,+2,"Darkvision,Opportunity Attack",Aura of Murder,
Night Blade Maireadh,Explorer,3,19,12,+2,+4,,,,,,,,,,,,,,,,11,15,12,10,11,14,0,+2,+1,0,0,+2,"Darkvision,Opportunity Attack",Aura of Murder,
Night Blade Maireadh,Tactician,3,36,12,+2,+2,,,,,,,,,,,,,,,,11,15,12,10,11,14,0,+2,+1,0,0,+2,"Darkvision,Opportunity Attack",Aura of Murder,
Night Blade Majjo,Balanced,3,28,12,+2,+2,,,,,,,,,,,,,,,,11,15,12,10,11,14,0,+2,+1,0,0,+2,"Darkvision,Opportunity Attack",Aura of Murder,
Night Blade Majjo,Explorer,3,19,12,+2,+4,,,,,,,,,,,,,,,,11,15,12,10,11,14,0,+2,+1,0,0,+2,"Darkvision,Opportunity Attack",Aura of Murder,
Night Blade Majjo,Tactician,3,36,12,+2,+2,,,,,,,,,,,,,,,,11,15,12,10,11,14,0,+2,+1,0,0,+2,"Darkvision,Opportunity Attack",Aura of Murder,
Fist Malayah,Balanced,8,64,8,+1,+3,,,,,,,,,,,,,,,,21,13,17,10,12,8,+8,+1,+7,0,+1,-1,"Extra Attack,Opportunity Attack,Protection",,
Fist Malayah,Explorer,8,59,8,+1,+5,,,,,,,,,,,,,,,,21,13,17,10,12,8,+10,+1,+9,0,+1,-1,"Extra Attack,Opportunity Attack,Protection",,
Fist Malayah,Tactician,8,68,8,+1,+3,,,,,,,,,,,,,,,,21,13,17,10,12,8,+8,+1,+7,0,+1,-1,"Extra Attack,Opportunity Attack,Protection",,
Malek Stones,Balanced,1,8,10,0,+2,,,,,,,,,,,,Full Resistance,,,,10,10,10,10,10,10,0,0,0,0,0,0,"Darkvision,Dwarven Resilience,Opportunity Attack",,
Iron Consul Malik the Cruel,Balanced,11,93,18,0,+4,,,,,,,,,,,,,,,,20,11,16,10,15,16,+5,0,+3,0,+6,+3,"Opportunity Attack,Extra Attack,Tactical Discipline",,
Iron Consul Malik the Cruel,Explorer,11,65,18,0,+6,,,,,,,,,,,,,,,,20,11,16,10,15,16,+5,0,+3,0,+8,+3,"Opportunity Attack,Extra Attack,Tactical Discipline",,
Iron Consul Malik the Cruel,Tactician,11,120,18,0,+4,,,,,,,,,,,,,,,,20,11,16,10,15,16,+5,0,+3,0,+6,+3,"Opportunity Attack,Extra Attack,Tactical Discipline,Improved Extra Attack",,
Zealot Malik,Balanced,8,70,18,0,+3,,,,,,,,,,,,,,,,18,10,16,9,11,16,+7,+3,+6,+2,+6,+9,"Divine Health,Extra Attack,Great Weapon Fighting,Opportunity Attack,Relentless Avenger",Aura of Protection,
Zealot Malik,Explorer,8,49,18,0,+5,,,,,,,,,,,,,,,,18,10,16,9,11,16,+7,+3,+6,+2,+8,+11,"Divine Health,Extra Attack,Great Weapon Fighting,Opportunity Attack,Relentless Avenger",Aura of Protection,
Zealot Malik,Tactician,8,91,18,0,+3,,,,,,,,,,,,,,,,18,10,16,9,11,16,+7,+3,+6,+2,+6,+9,"Divine Health,Extra Attack,Great Weapon Fighting,Opportunity Attack,Relentless Avenger",Aura of Protection,
Mama Falice,Balanced,1,6,10,0,+2,,,,,,,,,,,,,,,,10,10,10,10,10,10,0,0,0,0,0,0,Opportunity Attack,,
Mama Falice,Explorer,1,4,10,0,+4,,,,,,,,,,,,,,,,10,10,10,10,10,10,0,0,0,0,0,0,Opportunity Attack,,
Mama Falice,Tactician,1,7,10,0,+2,,,,,,,,,,,,,,,,10,10,10,10,10,10,0,0,0,0,0,0,Opportunity Attack,,
Mandii Harvestmoon,Balanced,1,6,10,0,+2,,,,,,,,,,,,,,,,10,10,10,10,10,10,0,0,0,0,0,0,Opportunity Attack,,
Mandii Harvestmoon,Explorer,1,4,10,0,+4,,,,,,,,,,,,,,,,10,10,10,10,10,10,0,0,0,0,0,0,Opportunity Attack,,
Mandii Harvestmoon,Tactician,1,7,10,0,+2,,,,,,,,,,,,,,,,10,10,10,10,10,10,0,0,0,0,0,0,Opportunity Attack,,
Mango,Balanced,1,6,10,0,+2,,,,,,,,,,,,,,,,10,10,10,10,10,10,0,0,0,0,0,0,"Darkvision,Fey Ancestry,Opportunity Attack",,
Mango,Explorer,1,4,10,0,+4,,,,,,,,,,,,,,,,10,10,10,10,10,10,0,0,0,0,0,0,"Darkvision,Fey Ancestry,Opportunity Attack",,
Mango,Tactician,1,7,10,0,+2,,,,,,,,,,,,,,,,10,10,10,10,10,10,0,0,0,0,0,0,"Darkvision,Fey Ancestry,Opportunity Attack",,
Gondian Manser Biggs,Balanced,8,67,13,+1,+3,,,,,,,,,,,,,,,,8,13,16,18,10,12,-1,+1,+3,+4,0,+1,"Darkvision,Gnome Cunning,Opportunity Attack,Shortened Stride",,
Gondian Manser Biggs,Explorer,8,46,13,+1,+5,,,,,,,,,,,,,,,,8,13,16,18,10,12,-1,+1,+3,+4,0,+1,"Darkvision,Gnome Cunning,Opportunity Attack,Shortened Stride",,
Gondian Manser Biggs,Tactician,8,87,13,+1,+3,,,,,,,,,,,,,,,,8,13,16,18,10,12,-1,+1,+3,+4,0,+1,"Darkvision,Gnome Cunning,Opportunity Attack,Shortened Stride",,
Harper Manus,Balanced,6,38,14,+3,+3,,,,,,,,,,,,,,,,12,16,12,12,14,10,+4,+6,+1,+1,+2,0,"Extra Attack,Opportunity Attack",,
Harper Manus,Explorer,6,26,14,+3,+5,,,,,,,,,,,,,,,,12,16,12,12,14,10,+6,+8,+1,+1,+2,0,"Extra Attack,Opportunity Attack",,
Harper Manus,Tactician,6,49,14,+3,+3,,,,,,,,,,,,,,,,12,16,12,12,14,10,+4,+6,+1,+1,+2,0,"Extra Attack,Opportunity Attack",,
Saer Manzarde,Balanced,1,8,10,0,+2,,,,,,,,,,,,,,,,10,10,10,10,10,10,0,0,0,0,0,0,"Darkvision,Fey Ancestry,Opportunity Attack",,
Saer Manzarde,Explorer,1,5,10,0,+4,,,,,,,,,,,,,,,,10,10,10,10,10,10,0,0,0,0,0,0,"Darkvision,Fey Ancestry,Opportunity Attack",,
Saer Manzarde,Tactician,1,10,10,0,+2,,,,,,,,,,,,,,,,10,10,10,10,10,10,0,0,0,0,0,0,"Darkvision,Fey Ancestry,Opportunity Attack",,
Angry Mar'hyah,Balanced,4,24,14,+4,+2,,,,,,,,,,,,,,,,12,18,12,12,14,10,+3,+6,+1,+1,+2,0,Opportunity Attack,,
Angry Mar'hyah,Tactician,4,31,14,+4,+2,,,,,,,,,,,,,,,,12,18,12,12,14,10,+3,+6,+1,+1,+2,0,Opportunity Attack,,
Marcoryl,Balanced,3,22,14,+1,+2,,,,,,,,,,,,,,,,10,12,10,12,16,14,0,+1,0,+3,+5,+2,"Darkvision,Fey Ancestry,Opportunity Attack",,
Marcoryl,Explorer,3,15,14,+1,+4,,,,,,,,,,,,,,,,10,12,10,12,16,14,0,+1,0,+5,+7,+2,"Darkvision,Fey Ancestry,Opportunity Attack",,
Marcoryl,Tactician,3,28,14,+1,+2,,,,,,,,,,,,,,,,10,12,10,12,16,14,0,+1,0,+3,+5,+2,"Darkvision,Fey Ancestry,Opportunity Attack",,
Dead Fisher,Balanced,1,6,10,0,+2,,,,,,,,,,,,,,,,10,10,10,10,10,10,0,0,0,0,0,0,Opportunity Attack,Dead,
Dead Fisher,Explorer,1,4,10,0,+4,,,,,,,,,,,,,,,,10,10,10,10,10,10,0,0,0,0,0,0,Opportunity Attack,Dead,
Dead Fisher,Tactician,1,7,10,0,+2,,,,,,,,,,,,,,,,10,10,10,10,10,10,0,0,0,0,0,0,Opportunity Attack,Dead,
Margolenn,Balanced,1,8,10,0,+2,,,,,,,,,,,,,,,,10,10,10,10,10,10,0,0,0,0,0,0,"Darkvision,Gnome Cunning,Opportunity Attack,Shortened Stride",,
Margolenn,Explorer,1,5,10,0,+4,,,,,,,,,,,,,,,,10,10,10,10,10,10,0,0,0,0,0,0,"Darkvision,Gnome Cunning,Opportunity Attack,Shortened Stride",,
Margolenn,Tactician,1,10,10,0,+2,,,,,,,,,,,,,,,,10,10,10,10,10,10,0,0,0,0,0,0,"Darkvision,Gnome Cunning,Opportunity Attack,Shortened Stride",,
Mari,Balanced,2,15,13,+2,+2,,,,,,,,,,,,,,,,10,15,10,11,10,10,0,+4,0,+2,0,0,,,
Mari,Explorer,2,10,13,+2,+4,,,,,,,,,,,,,,,,10,15,10,11,10,10,0,+6,0,+4,0,0,,,
Mari,Tactician,2,19,13,+2,+2,,,,,,,,,,,,,,,,10,15,10,11,10,10,0,+4,0,+2,0,0,,,
Marie Taylira,Balanced,8,6,10,0,+3,,,,,,,,,,,,,,,,10,10,10,10,10,10,0,0,0,0,0,0,"Darkvision,Fey Ancestry,Opportunity Attack",,
Marie Taylira,Explorer,8,4,10,0,+5,,,,,,,,,,,,,,,,10,10,10,10,10,10,0,0,0,0,0,0,"Darkvision,Fey Ancestry,Opportunity Attack",,
Marie Taylira,Tactician,8,8,10,0,+3,,,,,,,,,,,,,,,,10,10,10,10,10,10,0,0,0,0,0,0,"Darkvision,Fey Ancestry,Opportunity Attack",,
Flaming Fist Mercenary,Balanced,4,11,11,+1,+2,,,,,,,,,,,,,,,,13,12,12,10,11,10,+1,+1,+1,0,0,0,Opportunity Attack,Dead,
Flaming Fist Mercenary,Explorer,4,10,11,+1,+4,,,,,,,,,,,,,,,,13,12,12,10,11,10,+1,+1,+1,0,0,0,Opportunity Attack,Dead,
Flaming Fist Mercenary,Tactician,4,14,11,+1,+2,,,,,,,,,,,,,,,,13,12,12,10,11,10,+1,+1,+1,0,0,0,Opportunity Attack,Dead,
Chef Marjoram,Balanced,1,6,10,0,+2,,,,,,,,,,,,,,,,10,10,10,10,10,10,0,0,0,0,0,0,,,
Chef Marjoram,Explorer,1,4,10,0,+4,,,,,,,,,,,,,,,,10,10,10,10,10,10,0,0,0,0,0,0,,,
Chef Marjoram,Tactician,1,7,10,0,+2,,,,,,,,,,,,,,,,10,10,10,10,10,10,0,0,0,0,0,0,,,
Markiza,Balanced,1,5,10,0,+2,,,,,,,,,,,,,,,,10,10,10,10,10,10,0,0,0,0,0,0,Opportunity Attack,,
Markiza,Explorer,1,4,10,0,+4,,,,,,,,,,,,,,,,10,10,10,10,10,10,0,0,0,0,0,0,Opportunity Attack,,
Markiza,Tactician,1,6,10,0,+2,,,,,,,,,,,,,,,,10,10,10,10,10,10,0,0,0,0,0,0,Opportunity Attack,,
Marlono Rhandle,Balanced,1,16,10,0,+2,,,,,,,,,,,,,,,,10,10,10,10,10,10,0,0,0,0,0,0,Opportunity Attack,,
Marlono Rhandle,Explorer,1,24,10,0,+4,,,,,,,,,,,,,,,,10,10,10,10,10,10,0,0,0,0,0,0,Opportunity Attack,,
Acolyte Marls,Balanced,4,27,11,0,+2,,,,,,,,,,,,,,,,11,10,12,8,14,9,0,0,+1,-1,+4,+1,Opportunity Attack,,
Acolyte Marls,Explorer,4,18,11,0,+2,,,,,,,,,,,,,,,,11,10,12,8,14,9,0,0,+1,-1,+4,+1,Opportunity Attack,,
Acolyte Marls,Tactician,4,35,11,0,+2,,,,,,,,,,,,,,,,11,10,12,8,14,9,0,0,+1,-1,+4,+1,Opportunity Attack,,
Marpha Golewits,Balanced,1,6,10,0,+2,,,,,,,,,,,,,,,,10,10,10,10,10,10,0,0,0,0,0,0,,,
Marpha Golewits,Explorer,1,4,10,0,+4,,,,,,,,,,,,,,,,10,10,10,10,10,10,0,0,0,0,0,0,,,
Marpha Golewits,Tactician,1,7,10,0,+2,,,,,,,,,,,,,,,,10,10,10,10,10,10,0,0,0,0,0,0,,,
Dead Toll Collector,Balanced,1,1,10,0,+2,,,,,,,,,,,,,,,,10,10,10,10,10,10,0,0,0,0,0,0,Opportunity Attack,Dead,
Dead Toll Collector,Tactician,1,7,10,0,+2,,,,,,,,,,,,,,,,10,10,10,10,10,10,0,0,0,0,0,0,Opportunity Attack,Dead,
Iron Consul Marten the Hammer,Balanced,11,93,18,0,+4,,,,,,,,,,,,,,,,20,11,16,10,15,16,+5,0,+3,0,+6,+3,"Opportunity Attack,Extra Attack,Tactical Discipline",,
Iron Consul Marten the Hammer,Explorer,11,65,18,0,+6,,,,,,,,,,,,,,,,20,11,16,10,15,16,+5,0,+3,0,+8,+3,"Opportunity Attack,Extra Attack,Tactical Discipline",,
Iron Consul Marten the Hammer,Tactician,11,120,18,0,+4,,,,,,,,,,,,,,,,20,11,16,10,15,16,+5,0,+3,0,+6,+3,"Opportunity Attack,Extra Attack,Tactical Discipline,Improved Extra Attack",,
Martina,Balanced,1,6,10,0,+2,,,,,,,,,,,,,,,,10,10,10,10,10,10,0,0,0,0,0,0,Opportunity Attack,,
Martina,Explorer,1,4,10,0,+4,,,,,,,,,,,,,,,,10,10,10,10,10,10,0,0,0,0,0,0,Opportunity Attack,,
Martina,Tactician,1,7,10,0,+2,,,,,,,,,,,,,,,,10,10,10,10,10,10,0,0,0,0,0,0,Opportunity Attack,,
Mask of Regret,Balanced,4,24,14,+1,+2,,,,,,,,,,,,,,,,10,12,10,12,16,12,0,+1,0,+3,+5,+1,"Brave,Halfling Luck,Opportunity Attack,Part of the Flock",,
Mask of Regret,Explorer,4,16,14,+1,+4,,,,,,,,,,,,,,,,10,12,10,12,16,12,0,+1,0,+5,+7,+1,"Brave,Halfling Luck,Opportunity Attack,Part of the Flock",,
Mask of Regret,Tactician,4,31,14,+1,+2,,,,,,,,,,,,,,,,10,12,10,12,16,12,0,+1,0,+3,+5,+1,"Brave,Halfling Luck,Opportunity Attack,Part of the Flock",,
Mask of Servitude,Balanced,4,18,10,0,+2,,,,,,,,,,,,,,,,10,11,12,10,16,10,0,0,+1,+2,+5,0,"Hellish Resistance,Opportunity Attack,Part of the Flock",,
Mask of Servitude,Explorer,4,12,10,0,+4,,,,,,,,,,,,,,,,10,11,12,10,16,10,0,0,+1,+4,+7,0,"Hellish Resistance,Opportunity Attack,Part of the Flock",,
Mask of Servitude,Tactician,4,23,10,0,+2,,,,,,,,,,,,,,,,10,11,12,10,16,10,0,0,+1,+2,+5,0,"Hellish Resistance,Opportunity Attack,Part of the Flock",,
Mask of Servitude (The Blushing Mermaid),Balanced,8,75,11,0,+3,,,,,,,,,,,,,,,,12,10,10,16,12,18,+1,+3,0,+3,+1,+7,"Bardic Inspiration,Font of Inspiration,Improved Bardic Inspiration,Opportunity Attack,Part of the Flock",Ephemeral Whispers,
Mask of Terror (Overgrown Tunnel),Balanced,4,23,15,+3,+2,,,,,,,,,,,,,,,,12,16,12,10,14,10,+3,+5,+1,0,+2,0,"Opportunity Attack,Part of the Flock",,
Mask of Terror (Overgrown Tunnel),Explorer,4,16,15,+3,+4,,,,,,,,,,,,,,,,12,16,12,10,14,10,+5,+7,+1,0,+2,0,"Opportunity Attack,Part of the Flock",,
Mask of Terror (Overgrown Tunnel),Tactician,4,29,15,+3,+2,,,,,,,,,,,,,,,,12,16,12,10,14,10,+3,+5,+1,0,+2,0,"Opportunity Attack,Part of the Flock",,
Mask of Terror (The Blushing Mermaid),Balanced,8,68,16,+4,+3,,,,,,,,,,,,,,,,12,18,13,10,14,8,+4,+7,+1,0,+2,-1,"Darkvision,Deflect Missiles,Evasion,Extra Attack,Fey Ancestry,Ki-Empowered Strikes,Martial Arts: Bonus Unarmed Strike,Martial Arts: Deft Strikes,Martial Arts: Dextrous Attacks,Opportunity Attack,Part of the Flock,Slow Fall,Stillness of Mind,Unarmoured Defence (Monk),Unarmoured Movement",Ephemeral Whispers,
Mask of Terror (The Blushing Mermaid),Explorer,8,47,16,+4,+5,,,,,,,,,,,,,,,,12,18,13,10,14,8,+6,+9,+1,0,+2,-1,"Darkvision,Deflect Missiles,Evasion,Extra Attack,Fey Ancestry,Ki-Empowered Strikes,Martial Arts: Bonus Unarmed Strike,Martial Arts: Deft Strikes,Martial Arts: Dextrous Attacks,Opportunity Attack,Part of the Flock,Slow Fall,Stillness of Mind,Unarmoured Defence (Monk),Unarmoured Movement",Ephemeral Whispers,
Mask of Terror (The Blushing Mermaid),Tactician,8,88,16,+4,+3,,,,,,,,,,,,,,,,12,18,13,10,14,8,+4,+7,+1,0,+2,-1,"Darkvision,Deflect Missiles,Evasion,Extra Attack,Fey Ancestry,Ki-Empowered Strikes,Martial Arts: Bonus Unarmed Strike,Martial Arts: Deft Strikes,Martial Arts: Dextrous Attacks,Opportunity Attack,Part of the Flock,Slow Fall,Stillness of Mind,Unarmoured Defence (Monk),Unarmoured Movement",Ephemeral Whispers,
Mask of Vengeance (Overgrown Tunnel),Balanced,4,28,12,0,+2,,,,,,,,,,,,,,,,16,11,13,10,10,12,+3,0,+1,0,0,+1,"Opportunity Attack,Part of the Flock,Vengeful",,
Mask of Vengeance (Overgrown Tunnel),Tactician,4,36,12,0,+2,,,,,,,,,,,,,,,,16,11,13,10,10,12,+3,0,+1,0,0,+1,"Opportunity Attack,Part of the Flock,Vengeful",,
Mask of Vengeance (The Blushing Mermaid),Balanced,8,77,13,0,+3,,,,,,,,,,,,,,,,18,11,16,10,10,14,+7,0,+6,0,0,+2,"Danger Sense,Extra Attack,Fast Movement,Feral Instinct,Opportunity Attack,Part of the Flock,Unarmoured Defence (Barbarian),Vengeful",Ephemeral Whispers,
Mask of Vengeance (The Blushing Mermaid),Explorer,8,53,13,0,+5,,,,,,,,,,,,,,,,18,11,16,10,10,14,+9,0,+8,0,0,+2,"Danger Sense,Extra Attack,Fast Movement,Feral Instinct,Opportunity Attack,Part of the Flock,Unarmoured Defence (Barbarian),Vengeful",Ephemeral Whispers,
Mask of Vengeance (The Blushing Mermaid),Tactician,8,100,13,0,+3,,,,,,,,,,,,,,,,18,11,16,10,10,14,+7,0,+6,0,0,+2,"Danger Sense,Extra Attack,Fast Movement,Feral Instinct,Opportunity Attack,Part of the Flock,Unarmoured Defence (Barbarian),Vengeful",Ephemeral Whispers,
Matey Tallhamper,Balanced,1,8,10,0,+2,,,,,,,,,,,,,,,,10,10,10,10,10,10,0,0,0,0,0,0,"Darkvision,Fey Ancestry,Opportunity Attack",,
Matey Tallhamper,Explorer,1,5,10,0,+4,,,,,,,,,,,,,,,,10,10,10,10,10,10,0,0,0,0,0,0,"Darkvision,Fey Ancestry,Opportunity Attack",,
Matey Tallhamper,Tactician,1,10,10,0,+2,,,,,,,,,,,,,,,,10,10,10,10,10,10,0,0,0,0,0,0,"Darkvision,Fey Ancestry,Opportunity Attack",,
Matthurny,Balanced,1,8,10,0,+2,,,,,,,,,,,,Full Resistance,,,,10,10,10,10,10,10,0,0,0,0,0,0,"Darkvision,Dwarven Resilience,Opportunity Attack",,
Matthurny,Explorer,1,5,10,0,+4,,,,,,,,,,,,Full Resistance,,,,10,10,10,10,10,10,0,0,0,0,0,0,"Darkvision,Dwarven Resilience,Opportunity Attack",,
Matthurny,Tactician,1,10,10,0,+2,,,,,,,,,,,,Full Resistance,,,,10,10,10,10,10,10,0,0,0,0,0,0,"Darkvision,Dwarven Resilience,Opportunity Attack",,
Mattis,Balanced,1,5,12,+2,+2,,,,,,,,Full Resistance,,,,,,,,10,14,10,10,10,10,0,+2,0,0,0,0,"Darkvision,Hellish Resistance",,
Mattis,Explorer,1,3,12,+2,+4,,,,,,,,Full Resistance,,,,,,,,10,14,10,10,10,10,0,+2,0,0,0,0,"Darkvision,Hellish Resistance",,
Mattis,Tactician,1,6,12,+2,+2,,,,,,,,Full Resistance,,,,,,,,10,14,10,10,10,10,0,+2,0,0,0,0,"Darkvision,Hellish Resistance",,
Maude,Balanced,1,8,10,0,+2,,,,,,,,,,,,,,,,10,10,10,10,10,10,0,0,0,0,0,0,"Darkvision,Fey Ancestry,Opportunity Attack",,
Maude,Explorer,1,5,10,0,+4,,,,,,,,,,,,,,,,10,10,10,10,10,10,0,0,0,0,0,0,"Darkvision,Fey Ancestry,Opportunity Attack",,
Maude,Tactician,1,10,10,0,+2,,,,,,,,,,,,,,,,10,10,10,10,10,10,0,0,0,0,0,0,"Darkvision,Fey Ancestry,Opportunity Attack",,
Mavus,Balanced,,5,10,0,,,,,,,,,,,,,,,,,10,10,10,10,10,10,0,0,0,0,0,0,"Darkvision,Hellish Resistance,Opportunity Attack",,
Mavus,Explorer,,3,10,0,,,,,,,,,,,,,,,,,10,10,10,10,10,10,0,0,0,0,0,0,"Darkvision,Hellish Resistance,Opportunity Attack",,
Mavus,Tactician,,6,10,0,,,,,,,,,,,,,,,,,10,10,10,10,10,10,0,0,0,0,0,0,"Darkvision,Hellish Resistance,Opportunity Attack",,
Mayrina,Balanced,1,8,10,0,+2,,,,,,,,,,,,,,,,10,10,10,10,10,10,0,0,0,0,0,0,,,
Mayrina,Explorer,1,5,10,0,+4,,,,,,,,,,,,,,,,10,10,10,10,10,10,0,0,0,0,0,0,,,
Mayrina,Tactician,1,10,10,0,+2,,,,,,,,,,,,,,,,10,10,10,10,10,10,0,0,0,0,0,0,,,
Fist Meadows,Balanced,8,64,18,+1,+3,,,,,,,,,,,,Full Resistance,,,,21,13,17,10,12,8,+8,+1,+7,0,+1,-1,"Darkvision,Dwarven Resilience,Extra Attack,Opportunity Attack,Protection",,
Fist Meadows,Explorer,8,59,18,+1,+5,,,,,,,,,,,,Full Resistance,,,,21,13,17,10,12,8,+10,+1,+9,0,+1,-1,"Darkvision,Dwarven Resilience,Extra Attack,Opportunity Attack,Protection",,
Fist Meadows,Tactician,8,68,18,+1,+3,,,,,,,,,,,,Full Resistance,,,,21,13,17,10,12,8,+8,+1,+7,0,+1,-1,"Darkvision,Dwarven Resilience,Extra Attack,Opportunity Attack,Protection",,
Medrash,Balanced,1,8,10,0,+2,,,,,,,,Resistance to Magical,,,,,,,,10,10,10,10,10,10,0,+2,+2,0,0,0,"Bardic Inspiration,Opportunity Attack",,
Medrash,Explorer,1,5,10,0,+4,,,,,,,,Resistance to Magical,,,,,,,,10,10,10,10,10,10,0,+4,+4,0,0,0,"Bardic Inspiration,Opportunity Attack",,
Medrash,Tactician,1,10,10,0,+2,,,,,,,,Resistance to Magical,,,,,,,,10,10,10,10,10,10,0,+2,+2,0,0,0,"Bardic Inspiration,Opportunity Attack",,
Meem Grayling,Balanced,1,6,10,0,+2,,,,,,,,,,,,,,,,10,10,10,10,10,10,0,0,0,0,0,0,Opportunity Attack,,
Meem Grayling,Explorer,1,6,10,0,+4,,,,,,,,,,,,,,,,10,10,10,10,10,10,0,0,0,0,0,0,Opportunity Attack,,
Meem Grayling,Tactician,1,6,10,0,+2,,,,,,,,,,,,,,,,10,10,10,10,10,10,0,0,0,0,0,0,Opportunity Attack,,
Meerna,Balanced,1,20,10,0,+2,,,,,,,,,,,,,,,,10,10,10,10,10,10,0,0,0,0,0,0,"Gnome Cunning,Shortened Stride,Stone Camouflage,Superior Darkvision,Opportunity Attack",,
Meerna,Explorer,1,14,10,0,+4,,,,,,,,,,,,,,,,10,10,10,10,10,10,0,0,0,0,0,0,"Gnome Cunning,Shortened Stride,Stone Camouflage,Superior Darkvision,Opportunity Attack",,
Meerna,Tactician,1,26,10,0,+2,,,,,,,,,,,,,,,,10,10,10,10,10,10,0,0,0,0,0,0,"Gnome Cunning,Shortened Stride,Stone Camouflage,Superior Darkvision,Opportunity Attack",,
Megthanet,Balanced,1,8,1,0,+2,,,,,,,,,,,,Full Resistance,,,,10,10,10,10,10,10,0,0,0,0,0,0,"Darkvision,Dwarven Resilience,Opportunity Attack",,
Megthanet,Explorer,1,5,1,0,+4,,,,,,,,,,,,Full Resistance,,,,10,10,10,10,10,10,0,0,0,0,0,0,"Darkvision,Dwarven Resilience,Opportunity Attack",,
Megthanet,Tactician,1,10,1,0,+2,,,,,,,,,,,,Full Resistance,,,,10,10,10,10,10,10,0,0,0,0,0,0,"Darkvision,Dwarven Resilience,Opportunity Attack",,
Meli,Balanced,1,5,12,+2,+2,,,,,,,,Full Resistance,,,,,,,,10,14,10,10,10,10,0,+2,0,0,0,0,"Darkvision,Hellish Resistance",,
Meli,Explorer,1,3,12,+2,+4,,,,,,,,Full Resistance,,,,,,,,10,14,10,10,10,10,0,+2,0,0,0,0,"Darkvision,Hellish Resistance",,
Meli,Tactician,1,6,12,+2,+2,,,,,,,,Full Resistance,,,,,,,,10,14,10,10,10,10,0,+2,0,0,0,0,"Darkvision,Hellish Resistance",,
Memnos,Balanced,3,26,11,+1,+2,,,,,,,,Full Resistance,,,,,,,,16,12,15,10,10,12,+5,+1,+4,0,0,+1,"Darkvision,Hellish Resistance,Opportunity Attack",,
Memnos,Explorer,3,18,11,+1,+4,,,,,,,,Full Resistance,,,,,,,,16,12,15,10,10,12,+7,+1,+6,0,0,+1,"Darkvision,Hellish Resistance,Opportunity Attack",,
Memnos,Tactician,3,33,11,+1,+2,,,,,,,,Full Resistance,,,,,,,,16,12,15,10,10,12,+5,+1,+4,0,0,+1,"Darkvision,Hellish Resistance,Opportunity Attack",,
Gondian Menalda,Balanced,8,67,14,+2,+3,,,,,,,,,,,,,,,,8,14,10,18,10,12,-1,+2,0,+4,0,+1,"Darkvision,Gnome Cunning,Opportunity Attack,Shortened Stride",,
Chamberlain Mercer,Balanced,1,8,10,0,+2,,,,,,,,,,,,,,,,10,10,10,10,10,10,0,0,0,0,0,0,,,
Adept Merim,Balanced,8,58,15,+1,+3,,,,,,,,,,,,,Full Resistance,,,13,12,16,10,18,10,+1,+1,+3,0,+7,+3,"Channel Divinity: War God's Blessing,Opportunity Attack",Death Ward,
Adept Merim,Explorer,8,40,15,+1,+5,,,,,,,,,,,,,Full Resistance,,,13,12,16,10,18,10,+1,+1,+3,0,+9,+5,"Channel Divinity: War God's Blessing,Opportunity Attack",Death Ward,
Adept Merim,Tactician,8,75,15,+1,+3,,,,,,,,,,,,,Full Resistance,,,13,12,16,10,18,10,+1,+1,+3,0,+7,+3,"Channel Divinity: War God's Blessing,Opportunity Attack",Death Ward,
Merony,Balanced,11,76,14,+2,+4,,,,,,,,,,,,Full Resistance,,,,12,15,12,10,12,12,+5,+6,+1,0,+1,+1,"Darkvision,Dwarven Resilience,Extra Attack,Opportunity Attack,Land's Stride: Difficult Terrain",Charmed,
Merony,Explorer,11,54,14,+2,+6,,,,,,,,,,,,Full Resistance,,,,12,15,12,10,12,12,+7,+8,+1,0,+1,+1,"Darkvision,Dwarven Resilience,Extra Attack,Opportunity Attack,Land's Stride: Difficult Terrain",Charmed,
Merony,Tactician,11,98,14,+2,+4,,,,,,,,,,,,Full Resistance,,,,12,15,12,10,12,12,+5,+6,+1,0,+1,+1,"Darkvision,Dwarven Resilience,Extra Attack,Opportunity Attack,Land's Stride: Difficult Terrain",Charmed,
Merri Fairweather,Balanced,1,8,10,0,+2,,,,,,,,,,,,,,,,10,10,10,10,10,10,0,0,0,0,0,0,"Darkvision,Gnome Cunning,Opportunity Attack,Shortened Stride",,
Merri Fairweather,Explorer,1,5,10,0,+4,,,,,,,,,,,,,,,,10,10,10,10,10,10,0,0,0,0,0,0,"Darkvision,Gnome Cunning,Opportunity Attack,Shortened Stride",,
Merri Fairweather,Tactician,1,10,10,0,+2,,,,,,,,,,,,,,,,10,10,10,10,10,10,0,0,0,0,0,0,"Darkvision,Gnome Cunning,Opportunity Attack,Shortened Stride",,
Merriolle,Balanced,1,8,10,0,+2,,,,,,,,,,,,,,,,10,10,10,10,10,10,0,0,0,0,0,0,"Darkvision,Fey Ancestry,Opportunity Attack",,
Merriolle,Explorer,1,5,10,0,+4,,,,,,,,,,,,,,,,10,10,10,10,10,10,0,0,0,0,0,0,"Darkvision,Fey Ancestry,Opportunity Attack",,
Merriolle,Tactician,1,10,10,0,+2,,,,,,,,,,,,,,,,10,10,10,10,10,10,0,0,0,0,0,0,"Darkvision,Fey Ancestry,Opportunity Attack",,
Harper Meygan,Balanced,5,52,14,+3,+3,,,,,,,,,,,,,,,,12,16,12,12,14,10,+4,+3,+4,+1,+2,0,"Extra Attack,Opportunity Attack",,
Harper Meygan,Explorer,5,36,14,+3,+5,,,,,,,,,,,,,,,,12,16,12,12,14,10,+6,+3,+6,+1,+2,0,"Extra Attack,Opportunity Attack",,
Harper Meygan,Tactician,5,67,14,+3,+3,,,,,,,,,,,,,,,,12,16,12,12,14,10,+4,+3,+4,+1,+2,0,"Extra Attack,Opportunity Attack",,
Devout Mezzka,Balanced,2,14,14,0,+2,,,,,,,,,,,,,,,,11,11,10,10,14,8,0,0,0,0,+2,-1,"Darkvision,Opportunity Attack",Slightly Drunk,
Devout Mezzka,Explorer,2,9,14,0,+4,,,,,,,,,,,,,,,,11,11,10,10,14,8,0,0,0,0,+2,-1,"Darkvision,Opportunity Attack",Slightly Drunk,
Devout Mezzka,Tactician,2,18,14,0,+2,,,,,,,,,,,,,,,,11,11,10,10,14,8,0,0,0,0,+2,-1,"Darkvision,Fury of the Small,Opportunity Attack",Slightly Drunk,
Devout Mezzka,Honour,2,22,14,0,+2,,,,,,,,,,,,,,,,11,11,10,10,14,8,0,0,0,0,+2,-1,"Darkvision,Fury of the Small,Opportunity Attack",Slightly Drunk,
Iron Consul Mian,Balanced,11,93,18,0,+4,,,,,,,,,,,,,,,,20,11,16,10,15,16,+5,0,+3,0,+6,+3,"Opportunity Attack,Darkvision,Extra Attack,Fey Ancestry,Tactical Discipline,Infernal Weapon",,
Iron Consul Mian,Explorer,11,65,18,0,+6,,,,,,,,,,,,,,,,20,11,16,10,15,16,+5,0,+3,0,+8,+3,"Opportunity Attack,Darkvision,Extra Attack,Fey Ancestry,Tactical Discipline,Infernal Weapon",,
Iron Consul Mian,Tactician,11,120,18,0,+4,,,,,,,,,,,,,,,,20,11,16,10,15,16,+5,0,+3,0,+6,+3,"Opportunity Attack,Darkvision,Extra Attack,Fey Ancestry,Tactical Discipline,Infernal Weapon,Improved Extra Attack",,
Fist 'Deadeye' Mibbs,Balanced,8,55,16,+5,+3,,,,,,,,,,,,,,,,12,21,14,8,14,10,+4,+8,+2,-1,+2,0,"Archery,Crossbow Expert: Point-Blank,Extra Attack,Opportunity Attack",,
Fist 'Deadeye' Mibbs,Tactician,8,58,16,+5,+3,,,,,,,,,,,,,,,,12,21,14,8,14,10,+4,+8,+2,-1,+2,0,"Archery,Crossbow Expert: Point-Blank,Extra Attack,Opportunity Attack",,
Harper Mijah,Balanced,6,45,11,0,+3,,,,,,,,,,,,,,,,12,10,10,16,12,10,+1,0,0,+6,+4,0,Opportunity Attack,,
Harper Mijah,Explorer,6,29,11,0,+5,,,,,,,,,,,,,,,,12,10,10,16,12,10,+1,0,0,+8,+6,0,Opportunity Attack,,
Harper Mijah,Tactician,6,54,11,0,+3,,,,,,,,,,,,,,,,12,10,10,16,12,10,+1,0,0,+6,+4,0,Opportunity Attack,,
Dark Breaker Mikki Kori,Balanced,10,68,14,0,+4,,,,,,,,,,Full Resistance,,,,,,16,10,12,16,18,12,+3,0,+1,+7,+8,+1,Opportunity Attack,,
Dark Breaker Mikki Kori,Explorer,10,47,14,0,+6,,,,,,,,,,Full Resistance,,,,,,16,10,12,16,18,12,+3,0,+1,+9,+10,+1,Opportunity Attack,,
Dark Breaker Mikki Kori,Tactician,10,88,14,0,+4,,,,,,,,,,Full Resistance,,,,,,16,10,12,16,18,12,+3,0,+1,+7,+8,+1,Opportunity Attack,,
Miklaur,Balanced,3,8,10,0,+2,,,,,,,,,,,,,,,,10,10,10,10,10,10,0,0,0,0,0,0,"Brave,Halfling Luck,Opportunity Attack",,
Milil,Balanced,12,100,14,+4,+4,,,,,,,,,,,,,,,,14,18,15,16,13,20,+2,+8,+2,+3,+1,+9,"Bardic Inspiration,Font of Inspiration,Immutable Form,Improved Bardic Inspiration,Opportunity Attack",,
Milil,Tactician,12,130,14,+4,+4,,,,,,,,,,,,,,,,14,18,15,16,13,20,+2,+8,+2,+3,+1,+9,"Bardic Inspiration,Font of Inspiration,Immutable Form,Improved Bardic Inspiration,Opportunity Attack",,
Fist Miller,Balanced,8,62,16,+1,+3,,,,,,,,,,,,Full Resistance,,,,21,13,17,10,12,8,+8,+1,+7,0,+1,-1,"Darkvision,Dwarven Resilience,Extra Attack,Great Weapon Fighting,Opportunity Attack,Phalanx Formation,Riposte",,
Fist Miller,Explorer,8,58,16,+1,+5,,,,,,,,,,,,Full Resistance,,,,21,13,17,10,12,8,+10,+1,+9,0,+1,-1,"Darkvision,Dwarven Resilience,Extra Attack,Great Weapon Fighting,Opportunity Attack,Phalanx Formation,Riposte",,
Fist Miller,Tactician,8,65,16,+1,+3,,,,,,,,,,,,Full Resistance,,,,21,13,17,10,12,8,+8,+1,+7,0,+1,-1,"Darkvision,Dwarven Resilience,Extra Attack,Great Weapon Fighting,Opportunity Attack,Phalanx Formation,Riposte",,
Milon Tillerturn,Balanced,1,6,10,0,+2,,,,,,,,,,,,,,,,10,10,10,10,10,10,0,0,0,0,0,0,Opportunity Attack,,
Milon Tillerturn,Explorer,1,4,10,0,+4,,,,,,,,,,,,,,,,10,10,10,10,10,10,0,0,0,0,0,0,Opportunity Attack,,
Milon Tillerturn,Tactician,1,7,10,0,+2,,,,,,,,,,,,,,,,10,10,10,10,10,10,0,0,0,0,0,0,Opportunity Attack,,
Mino,Balanced,3,24,14,+3,+2,,,,,,,,,,,,,,,,11,16,13,10,12,10,+2,+5,+1,0,+1,0,"Darkvision,Gnome Cunning,Opportunity Attack,Shortened Stride",,
Mino,Explorer,3,16,14,+3,+4,,,,,,,,,,,,,,,,11,16,13,10,12,10,+4,+7,+1,0,+1,0,"Darkvision,Gnome Cunning,Opportunity Attack,Shortened Stride",,
Mino,Tactician,3,31,14,+3,+2,,,,,,,,,,,,,,,,11,16,13,10,12,10,+2,+5,+1,0,+1,0,"Darkvision,Gnome Cunning,Opportunity Attack,Shortened Stride",,
Minsc,Balanced,1,1,1,+3,+2,,,,,,,,,,,,,,,,12,17,13,8,15,10,+3,+5,+1,-1,+2,0,Opportunity Attack,,
Nightwarden Minthara,Balanced,1,11,11,+1,+2,,,,,,,,,,,,,,,,17,12,13,8,10,15,+3,+1,+1,-1,+2,+4,"Charm,Drow Weapon Training,Favourable Beginnings,Fey Ancestry,Opportunity Attack,Psionic Backlash,Superior Darkvision",,
Ember Gish'ra Mir'ic,Balanced,9,68,17,+3,+4,,,,,,,,,,,,,,,,12,17,16,17,19,13,+5,+7,+3,+3,+4,+1,"Advanced Unarmoured Movement,Deflect Missiles,Evasion,Extra Attack,Ki-Empowered Strikes,Martial Arts: Bonus Unarmed Strike,Martial Arts: Dextrous Attacks,Martial Arts: Deft Strikes,Opportunity Attack,Psionic Empowerment,Slow Fall,Stillness of Mind,Unarmoured Defence (Monk),Unarmoured Movement",Astral Gravity,
Ember Gish'ra Mir'ic,Explorer,9,40,17,+3,+6,,,,,,,,,,,,,,,,12,17,16,17,19,13,+7,+9,+3,+3,+4,+1,"Advanced Unarmoured Movement,Deflect Missiles,Evasion,Extra Attack,Ki-Empowered Strikes,Martial Arts: Bonus Unarmed Strike,Martial Arts: Dextrous Attacks,Martial Arts: Deft Strikes,Opportunity Attack,Psionic Empowerment,Slow Fall,Stillness of Mind,Unarmoured Defence (Monk),Unarmoured Movement",Astral Gravity,
Ember Gish'ra Mir'ic,Tactician,9,88,17,+3,+4,,,,,,,,,,,,,,,,12,17,16,17,19,13,+5,+7,+3,+3,+4,+1,"Advanced Unarmoured Movement,Deflect Missiles,Evasion,Extra Attack,Ki-Empowered Strikes,Martial Arts: Bonus Unarmed Strike,Martial Arts: Dextrous Attacks,Martial Arts: Deft Strikes,Opportunity Attack,Psionic Empowerment,Slow Fall,Stillness of Mind,Unarmoured Defence (Monk),Unarmoured Movement",Astral Gravity,
Sharp-Eye Mirg,Balanced,2,12,13,+2,+2,,,,,,,,,,,,,,,,10,14,10,10,8,8,0,+2,0,0,-1,-1,"Darkvision,Opportunity Attack",Slightly Drunk,
Sharp-Eye Mirg,Explorer,2,8,13,+2,+4,,,,,,,,,,,,,,,,10,14,10,10,8,8,0,+2,0,0,-1,-1,"Darkvision,Opportunity Attack",Slightly Drunk,
Sharp-Eye Mirg,Tactician,2,15,13,+2,+2,,,,,,,,,,,,,,,,10,14,10,10,8,8,0,+2,0,0,-1,-1,"Darkvision,Fury of the Small,Opportunity Attack",Slightly Drunk,
Sharp-Eye Mirg,Honour,2,19,13,+2,+2,,,,,,,,,,,,,,,,10,14,10,10,8,8,0,+2,0,0,-1,-1,"Darkvision,Fury of the Small,Opportunity Attack",Slightly Drunk,
Mirie,Balanced,7,74,10,0,+3,,,,,,,,,,,,,,,,14,10,10,14,12,10,+2,0,0,+5,+1,0,"Born into Darkness,Darkvision,Opportunity Attack",,
Mirie,Explorer,7,51,10,0,+5,,,,,,,,,,,,,,,,14,10,10,14,12,10,+2,0,0,+7,+1,0,"Born into Darkness,Darkvision,Opportunity Attack",,
Mirie,Tactician,7,96,10,0,+3,,,,,,,,,,,,,,,,14,10,10,14,12,10,+2,0,0,+5,+1,0,"Born into Darkness,Darkvision,Opportunity Attack",Radiant Retort,
Mirileth,Balanced,1,8,10,0,+2,,,,,,,,,,,,,,,,10,10,10,10,10,10,0,0,0,0,0,0,"Darkvision,Fey Ancestry,Opportunity Attack",Dead,
Mirileth,Explorer,1,5,10,0,+4,,,,,,,,,,,,,,,,10,10,10,10,10,10,0,0,0,0,0,0,"Darkvision,Fey Ancestry,Opportunity Attack",Dead,
Mirileth,Tactician,1,10,10,0,+2,,,,,,,,,,,,,,,,10,10,10,10,10,10,0,0,0,0,0,0,"Darkvision,Fey Ancestry,Opportunity Attack",Dead,
Mirkon,Balanced,1,5,10,0,+2,,,,,,,,Full Resistance,,,,,,,,10,10,10,10,10,10,0,0,0,0,0,0,"Darkvision,Hellish Resistance",,
Mirkon,Explorer,1,7,10,0,+4,,,,,,,,Full Resistance,,,,,,,,10,10,10,10,10,10,0,0,0,0,0,0,"Darkvision,Hellish Resistance",,
Mirkon,Tactician,1,5,10,0,+2,,,,,,,,Full Resistance,,,,,,,,10,10,10,10,10,10,0,0,0,0,0,0,"Darkvision,Hellish Resistance",,
Mirthis,Balanced,5,46,18,+2,+3,,,,,,,,,,,,Resistance to Magical,,,,12,15,12,10,12,12,+4,+5,+1,0,+1,+1,"Duergar Resilience,Dwarven Resilience,Extra Attack,Opportunity Attack,Sunlight Sensitivity,Superior Darkvision",,
Mirthis,Tactician,5,57,18,+2,+3,,,,,,,,,,,,Resistance to Magical,,,,12,15,12,10,12,12,+4,+5,+1,0,+1,+1,"Duergar Resilience,Dwarven Resilience,Extra Attack,Opportunity Attack,Sunlight Sensitivity,Superior Darkvision",,
Youth Mirya'al,Balanced,3,22,11,+1,+2,,,,,,,,,,,,,,,,14,12,12,10,8,8,+2,+1,+1,0,-1,-1,Opportunity Attack,,
Youth Mirya'al,Explorer,3,15,11,+1,+4,,,,,,,,,,,,,,,,14,12,12,10,8,8,+2,+1,+1,0,-1,-1,Opportunity Attack,,
Youth Mirya'al,Tactician,3,28,11,+1,+2,,,,,,,,,,,,,,,,14,12,12,10,8,8,+2,+1,+1,0,-1,-1,Opportunity Attack,,
Unholy Assassin Mitchia,Balanced,11,99,16,+5,+4,,,,,,,,,,,,,,,,20,20,20,14,16,16,+5,+5,+5,+2,+3,+3,"Darkvision,Magic Resistance,Murder Hungry,Opportunity Attack,Prey Upon the Weak","Aura of Murder,Sanctuary",
Unholy Assassin Mitchia,Explorer,11,69,16,+5,+6,,,,,,,,,,,,,,,,20,20,20,14,16,16,+5,+5,+5,+2,+3,+3,"Darkvision,Magic Resistance,Murder Hungry,Opportunity Attack,Prey Upon the Weak","Aura of Murder,Sanctuary",
Unholy Assassin Mitchia,Tactician,11,128,16,+5,+4,,,,,,,,,,,,,,,,20,20,20,14,16,16,+5,+5,+5,+2,+3,+3,"Darkvision,Magic Resistance,Murder Hungry,Opportunity Attack,Sentinel: Opportunity Advantage,Sentinel: Snare,Sentinel: Vengeance,Prey Upon the Weak","Aura of Murder,Unstoppable,Sanctuary",
Mocking Eternal Debtor,Balanced,1,12,10,0,+2,,,,,,,,Resistance to Magical,,,,,,,,10,10,10,8,8,8,0,0,0,-1,-1,-1,"Opportunity Attack,Darkvision,Forever Indebted",,
Mocking Eternal Debtor,Explorer,1,8,10,0,+2,,,,,,,,Resistance to Magical,,,,,,,,10,10,10,8,8,8,0,0,0,-1,-1,-1,"Opportunity Attack,Darkvision,Forever Indebted",,
Mocking Eternal Debtor,Tactician,1,15,10,0,+2,,,,,,,,Resistance to Magical,,,,,,,,10,10,10,8,8,8,0,0,0,-1,-1,-1,"Opportunity Attack,Darkvision,Forever Indebted",,
Cashguard Basher Mofty,Balanced,9,85,19,+1,+4,,,,,,,,,,,,,,,,18,12,14,10,12,15,+6,+3,+5,+2,+7,+8,"Charger,Divine Health,Extra Attack,Opportunity Attack,Tenacity",Aura of Protection,
Cashguard Basher Mofty,Explorer,9,59,19,+1,+6,,,,,,,,,,,,,,,,18,12,14,10,12,15,+6,+3,+5,+2,+9,+10,"Charger,Divine Health,Extra Attack,Opportunity Attack,Tenacity",Aura of Protection,
Cashguard Basher Mofty,Tactician,9,110,19,+1,+4,,,,,,,,,,,,,,,,18,12,14,10,12,15,+6,+3,+5,+2,+7,+8,"Charger,Divine Health,Extra Attack,Opportunity Attack,Tenacity",Aura of Protection,
Mohan,Balanced,1,8,10,0,+2,,,,,,,,,,,,,,,,10,10,10,10,10,10,0,0,0,0,0,0,"Darkvision,Gnome Cunning,Opportunity Attack,Shortened Stride",,
Mohan,Explorer,1,5,10,0,+4,,,,,,,,,,,,,,,,10,10,10,10,10,10,0,0,0,0,0,0,"Darkvision,Gnome Cunning,Opportunity Attack,Shortened Stride",,
Mohan,Tactician,1,10,10,0,+2,,,,,,,,,,,,,,,,10,10,10,10,10,10,0,0,0,0,0,0,"Darkvision,Gnome Cunning,Opportunity Attack,Shortened Stride",,
Mohlen,Balanced,12,82,18,0,+4,,,,,,,,,,,,,,,,18,11,18,12,15,20,+4,0,+5,+1,+6,+9,"Extra Attack,Opportunity Attack,Infernal Weapon,Tactical Discipline",,
Mohlen,Explorer,12,57,18,0,+4,,,,,,,,,,,,,,,,18,11,18,12,15,20,+4,0,+5,+1,+6,+9,"Extra Attack,Opportunity Attack,Infernal Weapon,Tactical Discipline",,
Mohlen,Tactician,12,106,18,0,+4,,,,,,,,,,,,,,,,18,11,18,12,15,20,+4,0,+5,+1,+6,+9,"Extra Attack,Opportunity Attack,Infernal Weapon,Tactical Discipline",,
Sapper Moke,Balanced,2,18,12,+2,+2,,,,,,,,,,,,,,,,10,14,12,8,8,8,0,+2,+1,-1,-1,-1,"Darkvision,Opportunity Attack",Death Wish,
Sapper Moke,Explorer,2,12,12,+2,+4,,,,,,,,,,,,,,,,10,14,12,8,8,8,0,+2,+1,-1,-1,-1,"Darkvision,Opportunity Attack",Death Wish,
Sapper Moke,Tactician,2,27,12,+2,+2,,,,,,,,,,,,,,,,10,14,12,8,8,8,0,+2,+1,-1,-1,-1,"Darkvision,Fury of the Small,Mobile: Evade Difficult Terrain,Opportunity Attack",Death Wish,
Mol,Balanced,1,5,12,+2,+2,,,,,,,,Full Resistance,,,,,,,,10,14,10,10,10,10,0,+2,0,0,0,0,"Darkvision,Hellish Resistance",,
Mol,Explorer,1,4,12,+2,+4,,,,,,,,Full Resistance,,,,,,,,10,14,10,10,10,10,0,+2,0,0,0,0,"Darkvision,Hellish Resistance",,
Mol,Tactician,1,6,12,+2,+2,,,,,,,,Full Resistance,,,,,,,,10,14,10,10,10,10,0,+2,0,0,0,0,"Darkvision,Hellish Resistance",,
Adept Mola,Balanced,8,58,15,+1,+3,,,,,,,,,,,,,Full Resistance,,,13,12,16,10,18,10,+1,+1,+3,0,+4,0,Opportunity Attack,Death Ward,
Adept Mola,Explorer,8,40,15,+1,+5,,,,,,,,,,,,,Full Resistance,,,13,12,16,10,18,10,+1,+1,+3,0,+4,0,Opportunity Attack,Death Ward,
Adept Mola,Tactician,8,75,15,+1,+3,,,,,,,,,,,,,Full Resistance,,,13,12,16,10,18,10,+1,+1,+3,0,+4,0,"Channel Divinity: War God's Blessing,Opportunity Attack",Death Ward,
Molly the Orphan,Balanced,1,5,10,0,+2,,,,,,,,,,,,,,,,10,10,10,10,10,10,0,0,0,0,0,0,Opportunity Attack,,
Molly the Orphan,Explorer,1,3,10,0,+4,,,,,,,,,,,,,,,,10,10,10,10,10,10,0,0,0,0,0,0,Opportunity Attack,,
Molly the Orphan,Tactician,1,6,10,0,+2,,,,,,,,,,,,,,,,10,10,10,10,10,10,0,0,0,0,0,0,Opportunity Attack,,
Monifa Diallo,Balanced,,6,10,0,,,,,,,,,,,,,,,,,10,10,10,10,10,10,0,0,0,0,0,0,Opportunity Attack,,
Monifa Diallo,Explorer,,4,10,0,,,,,,,,,,,,,,,,,10,10,10,10,10,10,0,0,0,0,0,0,Opportunity Attack,,
Monifa Diallo,Tactician,,8,10,0,,,,,,,,,,,,,,,,,10,10,10,10,10,10,0,0,0,0,0,0,Opportunity Attack,,
Monk's Manifestation,Balanced,1,6,10,0,+2,,,,,,,,,,,,,,,,10,10,10,10,10,10,0,0,0,0,0,0,Opportunity Attack,Projected Image,
Monk's Manifestation,Explorer,1,4,10,0,+4,,,,,,,,,,,,,,,,10,10,10,10,10,10,0,0,0,0,0,0,Opportunity Attack,Projected Image,
Monk's Manifestation,Tactician,1,7,10,0,+2,,,,,,,,,,,,,,,,10,10,10,10,10,10,0,0,0,0,0,0,Opportunity Attack,Projected Image,
Sharran Novice Monteith,Balanced,4,38,11,0,+2,,,,,,,,,,,,,,,,18,11,14,12,12,14,+6,0,+4,+1,+1,+2,"Born into Darkness,Opportunity Attack,Shadow Ambush",,
Sharran Novice Monteith,Explorer,4,26,11,0,+4,,,,,,,,,,,,,,,,18,11,14,12,12,14,+8,0,+6,+1,+1,+2,"Born into Darkness,Opportunity Attack,Shadow Ambush",,
Sharran Novice Monteith,Tactician,4,49,11,0,+2,,,,,,,,,,,,,,,,18,11,14,12,12,14,+6,0,+4,+1,+1,+2,"Born into Darkness,Opportunity Attack,Shadow Ambush",,
Montgomery,Balanced,,6,10,0,,,,,,,,,,,,,,,,,10,10,10,10,10,10,0,0,0,0,0,0,Opportunity Attack,,
Montgomery,Explorer,,4,10,0,,,,,,,,,,,,,,,,,10,10,10,10,10,10,0,0,0,0,0,0,Opportunity Attack,,
Montgomery,Tactician,,7,10,0,,,,,,,,,,,,,,,,,10,10,10,10,10,10,0,0,0,0,0,0,Opportunity Attack,,
Doctor Moorcombe,Balanced,9,58,11,+1,+4,,,,,,,,,,,,,,,,10,12,12,18,14,12,0,+1,+1,+8,+6,+1,"Opportunity Attack,Stone Camouflage,Gnome Cunning,Shortened Stride,Grim Harvest,Superior Darkvision",,
Doctor Moorcombe,Explorer,9,40,11,+1,+6,,,,,,,,,,,,,,,,10,12,12,18,14,12,0,+1,+1,+10,+8,+1,"Opportunity Attack,Stone Camouflage,Gnome Cunning,Shortened Stride,Grim Harvest,Superior Darkvision",,
Doctor Moorcombe,Tactician,9,75,11,+1,+4,,,,,,,,,,,,,,,,10,12,12,18,14,12,0,+1,+1,+8,+6,+1,"Opportunity Attack,Stone Camouflage,Gnome Cunning,Shortened Stride,Grim Harvest,Superior Darkvision",,
Moorino,Balanced,1,6,10,0,+2,,,,,,,,,,,,,,,,10,10,10,10,10,10,0,0,0,0,0,0,Opportunity Attack,,
Moorino,Explorer,1,4,10,0,+4,,,,,,,,,,,,,,,,10,10,10,10,10,10,0,0,0,0,0,0,Opportunity Attack,,
Moorino,Tactician,1,7,10,0,+2,,,,,,,,,,,,,,,,10,10,10,10,10,10,0,0,0,0,0,0,Opportunity Attack,,
Iron Consul Moosk,Balanced,11,93,18,0,+4,,,,,,,,,,,,Full Resistance,,,,20,11,16,10,15,16,+5,0,+3,0,+6,+3,"Opportunity Attack,Darkvision,Dwarven Resilience,Extra Attack,Tactical Discipline",,
Iron Consul Moosk,Explorer,11,65,18,0,+6,,,,,,,,,,,,Full Resistance,,,,20,11,16,10,15,16,+5,0,+3,0,+8,+3,"Opportunity Attack,Darkvision,Dwarven Resilience,Extra Attack,Tactical Discipline",,
Iron Consul Moosk,Tactician,11,120,18,0,+4,,,,,,,,,,,,Full Resistance,,,,20,11,16,10,15,16,+5,0,+3,0,+6,+3,"Opportunity Attack,Darkvision,Dwarven Resilience,Extra Attack,Tactical Discipline,Improved Extra Attack",,
Morann,Balanced,4,82,16,0,+2,,,,,,,,,,,,Full Resistance,,,,18,11,15,12,13,11,+6,0,+4,+1,+1,0,"Born into Darkness,Darkvision,Dwarven Resilience,Opportunity Attack,Shadow Ambush",,
Morann,Explorer,4,57,16,0,+4,,,,,,,,,,,,Full Resistance,,,,18,11,15,12,13,11,+8,0,+6,+1,+1,0,"Born into Darkness,Darkvision,Dwarven Resilience,Opportunity Attack,Shadow Ambush",,
Morann,Tactician,4,106,16,0,+2,,,,,,,,,,,,Full Resistance,,,,18,11,15,12,13,11,+6,0,+4,+1,+1,0,"Born into Darkness,Darkvision,Dwarven Resilience,Opportunity Attack,Shadow Ambush",,
Morgan,Balanced,1,8,10,0,+2,,,,,,,,,,,,,,,,10,10,10,10,10,10,0,0,0,0,0,0,"Brave,Halfling Luck,Opportunity Attack",,
Morgan,Explorer,1,5,10,0,+4,,,,,,,,,,,,,,,,10,10,10,10,10,10,0,0,0,0,0,0,"Brave,Halfling Luck,Opportunity Attack",,
Morgan,Tactician,1,10,10,0,+2,,,,,,,,,,,,,,,,10,10,10,10,10,10,0,0,0,0,0,0,"Brave,Halfling Luck,Opportunity Attack",,
Morghal,Balanced,5,46,18,0,+3,,,,,,,,,,,,Resistance to Magical,,,,13,10,12,10,16,12,+1,0,+1,0,+6,+4,"Duergar Resilience,Dwarven Resilience,Opportunity Attack,Sunlight Sensitivity,Superior Darkvision",,
Morghal,Tactician,5,59,18,0,+3,,,,,,,,,,,,Resistance to Magical,,,,13,10,12,10,16,12,+1,0,+1,0,+6,+4,"Duergar Resilience,Dwarven Resilience,Opportunity Attack,Sunlight Sensitivity,Superior Darkvision",,
Morgya,Balanced,4,62,14,+1,+2,,,,,,,,,,,,Full Resistance,,,,16,12,16,12,10,12,+5,+1,+5,+1,0,+1,"Danger Sense,Duergar Resilience,Dwarven Resilience,Extra Attack,Opportunity Attack,Sunlight Sensitivity,Superior Darkvision,Unarmoured Defence (Barbarian)",,
Morgya,Explorer,4,43,14,+1,+4,,,,,,,,,,,,Full Resistance,,,,16,12,16,12,10,12,+7,+1,+7,+1,0,+1,"Danger Sense,Duergar Resilience,Dwarven Resilience,Extra Attack,Opportunity Attack,Sunlight Sensitivity,Superior Darkvision,Unarmoured Defence (Barbarian)",,
Morgya,Tactician,4,80,14,+1,+2,,,,,,,,,,,,Full Resistance,,,,16,12,16,12,10,12,+5,+1,+5,+1,0,+1,"Danger Sense,Duergar Resilience,Dwarven Resilience,Extra Attack,Opportunity Attack,Sunlight Sensitivity,Superior Darkvision,Unarmoured Defence (Barbarian)",,
Morrus Pinfeather,Balanced,8,6,10,0,+3,,,,,,,,,,,,,,,,10,10,10,10,10,10,0,0,0,0,0,0,"Darkvision,Fey Ancestry,Opportunity Attack",,
Morrus Pinfeather,Explorer,8,4,10,0,+5,,,,,,,,,,,,,,,,10,10,10,10,10,10,0,0,0,0,0,0,"Darkvision,Fey Ancestry,Opportunity Attack",,
Morrus Pinfeather,Tactician,8,8,10,0,+3,,,,,,,,,,,,,,,,10,10,10,10,10,10,0,0,0,0,0,0,"Darkvision,Fey Ancestry,Opportunity Attack",,
Fist Moss,Balanced,10,43,18,+1,+4,,,,,,,,,,,,,,,,8,13,16,20,10,12,-1,+1,+3,+9,+4,+1,Opportunity Attack,Mage Armour,
Fist Moss,Explorer,10,40,18,+1,+6,,,,,,,,,,,,,,,,8,13,16,20,10,12,-1,+1,+3,+11,+6,+1,Opportunity Attack,Mage Armour,
Fist Moss,Tactician,10,45,18,+1,+4,,,,,,,,,,,,,,,,8,13,16,20,10,12,-1,+1,+3,+9,+4,+1,Opportunity Attack,Mage Armour,
Moy,Balanced,4,32,14,+3,+2,,,,,,,,,,,,,,,,10,16,12,10,14,10,+2,+5,+1,0,+2,0,"Darkvision,Fey Ancestry,Opportunity Attack,Sunlight Sensitivity",,
Moy,Explorer,4,22,14,+3,+4,,,,,,,,,,,,,,,,10,16,12,10,14,10,+4,+7,+1,0,+2,0,"Darkvision,Fey Ancestry,Opportunity Attack,Sunlight Sensitivity",,
Moy,Tactician,4,41,14,+3,+2,,,,,,,,,,,,,,,,10,16,12,10,14,10,+2,+5,+1,0,+2,0,"Darkvision,Fey Ancestry,Opportunity Attack,Sunlight Sensitivity",,
Devout Mrak,Balanced,2,14,14,0,+2,,,,,,,,,,,,,,,,11,11,10,10,14,8,0,0,0,0,+2,-1,"Darkvision,Opportunity Attack",Slightly Drunk,
Devout Mrak,Explorer,2,9,14,0,+4,,,,,,,,,,,,,,,,11,11,10,10,14,8,0,0,0,0,+2,-1,"Darkvision,Opportunity Attack",Slightly Drunk,
Devout Mrak,Tactician,2,18,14,0,+2,,,,,,,,,,,,,,,,11,11,10,10,14,8,0,0,0,0,+2,-1,"Darkvision,Fury of the Small,Opportunity Attack",Slightly Drunk,
Devout Mrak,Honour,2,22,14,0,+2,,,,,,,,,,,,,,,,11,11,10,10,14,8,0,0,0,0,+2,-1,"Darkvision,Fury of the Small,Opportunity Attack",Slightly Drunk,
Zealot Munish,Balanced,8,70,18,0,+3,,,,,,,,,,,,,,,,18,10,16,9,11,16,+7,+3,+6,+2,+6,+9,"Divine Health,Extra Attack,Great Weapon Fighting,Opportunity Attack",Aura of Protection,
Zealot Munish,Explorer,8,49,18,0,+5,,,,,,,,,,,,,,,,18,10,16,9,11,16,+7,+3,+6,+2,+8,+11,"Divine Health,Extra Attack,Great Weapon Fighting,Opportunity Attack",Aura of Protection,
Zealot Munish,Tactician,8,91,18,0,+3,,,,,,,,,,,,,,,,18,10,16,9,11,16,+7,+3,+6,+2,+6,+9,"Divine Health,Extra Attack,Great Weapon Fighting,Opportunity Attack,Relentless Avenger",Aura of Protection,
Murmath,Balanced,5,54,15,+4,+3,,,,,,,,,,,,Full Resistance,,,,14,18,16,10,16,12,+2,+4,+3,0,+3,+1,"Duergar Resilience,Dwarven Resilience,Extra Attack,Opportunity Attack,Sunlight Sensitivity,Superior Darkvision",,
Murmath,Tactician,5,70,15,+4,+3,,,,,,,,,,,,Full Resistance,,,,14,18,16,10,16,12,+2,+4,+3,0,+3,+1,"Duergar Resilience,Dwarven Resilience,Extra Attack,Opportunity Attack,Sunlight Sensitivity,Superior Darkvision",,
Fist Murphy,Balanced,8,64,18,+1,+3,,,,,,,,,,,,,,,,21,13,17,10,12,8,+8,+1,+7,0,+1,-1,"Extra Attack,Opportunity Attack,Protection",,
Fist Murphy,Explorer,8,59,18,+1,+5,,,,,,,,,,,,,,,,21,13,17,10,12,8,+10,+1,+9,0,+1,-1,"Extra Attack,Opportunity Attack,Protection",,
Fist Murphy,Tactician,8,68,18,+1,+3,,,,,,,,,,,,,,,,21,13,17,10,12,8,+8,+1,+7,0,+1,-1,"Extra Attack,Opportunity Attack,Protection",,
Muttonchops Dexon,Balanced,8,6,10,0,+3,,,,,,,,,,,,,,,,10,10,10,10,10,10,0,0,0,0,0,0,Opportunity Attack,,
Muttonchops Dexon,Explorer,8,4,10,0,+5,,,,,,,,,,,,,,,,10,10,10,10,10,10,0,0,0,0,0,0,Opportunity Attack,,
Muttonchops Dexon,Tactician,8,8,10,0,+3,,,,,,,,,,,,,,,,10,10,10,10,10,10,0,0,0,0,0,0,Opportunity Attack,,
Muttonchops Dorryss,Balanced,1,8,10,0,+2,,,,,,,,,,,,Full Resistance,,,,10,10,10,10,10,10,0,0,0,0,0,0,"Darkvision,Dwarven Resilience,Opportunity Attack",,
Muttonchops Dorryss,Explorer,1,5,10,0,+4,,,,,,,,,,,,Full Resistance,,,,10,10,10,10,10,10,0,0,0,0,0,0,"Darkvision,Dwarven Resilience,Opportunity Attack",,
Muttonchops Dorryss,Tactician,1,10,10,0,+2,,,,,,,,,,,,Full Resistance,,,,10,10,10,10,10,10,0,0,0,0,0,0,"Darkvision,Dwarven Resilience,Opportunity Attack",,
Muttonchops Oreelly,Balanced,1,8,10,0,+2,,,,,,,,,,,,,,,,10,10,10,10,10,10,0,0,0,0,0,0,Opportunity Attack,,
Muttonchops Oreelly,Explorer,1,5,10,0,+4,,,,,,,,,,,,,,,,10,10,10,10,10,10,0,0,0,0,0,0,Opportunity Attack,,
Muttonchops Oreelly,Tactician,1,10,10,0,+2,,,,,,,,,,,,,,,,10,10,10,10,10,10,0,0,0,0,0,0,Opportunity Attack,,
Devout Muzul,Balanced,2,14,14,0,+2,,,,,,,,,,,,,,,,11,11,10,10,14,8,0,0,0,0,+2,-1,"Darkvision,Opportunity Attack",Slightly Drunk,
Devout Muzul,Explorer,2,9,14,0,+4,,,,,,,,,,,,,,,,11,11,10,10,14,8,0,0,0,0,+2,-1,"Darkvision,Opportunity Attack",Slightly Drunk,
Devout Muzul,Tactician,2,18,14,0,+2,,,,,,,,,,,,,,,,11,11,10,10,14,8,0,0,0,0,+2,-1,"Darkvision,Fury of the Small,Opportunity Attack",Slightly Drunk,
Devout Muzul,Honour,2,22,14,0,+2,,,,,,,,,,,,,,,,11,11,10,10,14,8,0,0,0,0,+2,-1,"Darkvision,Fury of the Small,Opportunity Attack",Slightly Drunk,
Myer Ravenshade,Balanced,1,6,10,0,+2,,,,,,,,,,,,,,,,10,10,10,10,10,10,0,0,0,0,0,0,Opportunity Attack,,
Myer Ravenshade,Explorer,1,4,10,0,+4,,,,,,,,,,,,,,,,10,10,10,10,10,10,0,0,0,0,0,0,Opportunity Attack,,
Myer Ravenshade,Tactician,1,7,10,0,+2,,,,,,,,,,,,,,,,10,10,10,10,10,10,0,0,0,0,0,0,Opportunity Attack,,
Myrnath,Balanced,1,8,10,0,+2,,,,,,,,,,,,,,,,10,10,10,1,10,10,0,0,0,-5,0,0,"Darkvision,Fey Ancestry,Opportunity Attack",Under Operation,
Myrnath,Explorer,1,5,10,0,+4,,,,,,,,,,,,,,,,10,10,10,1,10,10,0,0,0,-5,0,0,"Darkvision,Fey Ancestry,Opportunity Attack",Under Operation,
Myrnath,Tactician,1,10,10,0,+2,,,,,,,,,,,,,,,,10,10,10,1,10,10,0,0,0,-5,0,0,"Darkvision,Fey Ancestry,Opportunity Attack",Under Operation,
Fist Mîran,Balanced,8,62,16,+5,+3,,,,,,,,,,,,,,,,12,21,14,8,14,10,+4,+8,+2,-1,+2,0,"Archery,Crossbow Expert: Point-Blank,Extra Attack,Opportunity Attack",,
Fist Mîran,Explorer,8,59,16,+5,+5,,,,,,,,,,,,,,,,12,21,14,8,14,10,+6,+10,+2,-1,+2,0,"Archery,Crossbow Expert: Point-Blank,Extra Attack,Opportunity Attack",,
Fist Mîran,Tactician,8,64,16,+5,+3,,,,,,,,,,,,,,,,12,21,14,8,14,10,+4,+8,+2,-1,+2,0,"Archery,Crossbow Expert: Point-Blank,Extra Attack,Opportunity Attack",,
Naaber,Balanced,1,6,10,0,+2,,,,,,,,,,,,,,,,10,10,10,10,10,10,0,0,0,0,0,0,Opportunity Attack,,
Zealot Nadi,Balanced,8,70,18,0,+3,,,,,,,,,,,,,,,,18,10,16,9,11,16,+7,+3,+6,+2,+6,+9,"Divine Health,Extra Attack,Great Weapon Fighting,Opportunity Attack",Aura of Protection,
Zealot Nadi,Tactician,8,70,18,0,+3,,,,,,,,,,,,,,,,18,10,16,9,11,16,+7,+3,+6,+2,+6,+9,"Divine Health,Extra Attack,Great Weapon Fighting,Opportunity Attack,Relentless Avenger",Aura of Protection,
Nadira,Balanced,1,12,9,-1,+2,,,,,,,,Full Resistance,,,,,,,,9,8,10,12,11,10,-1,-1,0,+1,0,0,"Darkvision,Hellish Resistance,Opportunity Attack",Fearful,
Nadira,Explorer,1,8,9,-1,+4,,,,,,,,Full Resistance,,,,,,,,9,8,10,12,11,10,-1,-1,0,+1,0,0,"Darkvision,Hellish Resistance,Opportunity Attack",Fearful,
Nadira,Tactician,1,15,9,-1,+2,,,,,,,,Full Resistance,,,,,,,,9,8,10,12,11,10,-1,-1,0,+1,0,0,"Darkvision,Hellish Resistance,Opportunity Attack",Fearful,
Nafula,Balanced,1,6,10,0,+2,,,,,,,,,,,,,,,,10,10,10,10,10,10,0,0,0,0,0,0,Opportunity Attack,,
Nafula,Explorer,1,4,10,0,+4,,,,,,,,,,,,,,,,10,10,10,10,10,10,0,0,0,0,0,0,Opportunity Attack,,
Nafula,Tactician,1,7,10,0,+2,,,,,,,,,,,,,,,,10,10,10,10,10,10,0,0,0,0,0,0,Opportunity Attack,,
Servant Naiske,Balanced,3,8,10,0,+2,,,,,,,,,,,,,,,,10,10,10,10,10,10,0,0,0,0,0,0,"Darkvision,Fey Ancestry,Opportunity Attack",,
Pilgrim Nalira,Balanced,1,8,10,0,+2,,,,,,,,,,,,Full Resistance,,,,10,10,10,10,10,10,0,0,0,0,0,0,"Darkvision,Dwarven Resilience,Opportunity Attack",,
Pilgrim Nalira,Explorer,1,5,10,0,+2,,,,,,,,,,,,Full Resistance,,,,10,10,10,10,10,10,0,0,0,0,0,0,"Darkvision,Dwarven Resilience,Opportunity Attack",,
Pilgrim Nalira,Tactician,1,10,10,0,+2,,,,,,,,,,,,Full Resistance,,,,10,10,10,10,10,10,0,0,0,0,0,0,"Darkvision,Dwarven Resilience,Opportunity Attack",,
Nansi Gretta,Balanced,1,6,10,0,+2,,,,,,,,,,,,,,,,10,10,10,10,10,10,0,0,0,0,0,0,Opportunity Attack,,
Nansi Gretta,Explorer,1,4,10,0,+4,,,,,,,,,,,,,,,,10,10,10,10,10,10,0,0,0,0,0,0,Opportunity Attack,,
Nansi Gretta,Tactician,1,7,10,0,+2,,,,,,,,,,,,,,,,10,10,10,10,10,10,0,0,0,0,0,0,Opportunity Attack,,
Naoise Nallinto,Balanced,1,8,10,0,+2,,,,,,,,,,,,,,,,10,10,10,10,10,10,0,0,0,0,0,0,"Darkvision,Fey Ancestry,Opportunity Attack",,
Narvass,Balanced,1,8,10,0,+2,,,,,,,,,,,,,,,,10,10,10,10,10,10,0,0,0,0,0,0,"Darkvision,Fey Ancestry,Opportunity Attack,Sunlight Sensitivity",,
Narvass,Tactician,1,10,10,0,+2,,,,,,,,,,,,,,,,10,10,10,10,10,10,0,0,0,0,0,0,"Darkvision,Fey Ancestry,Opportunity Attack,Sunlight Sensitivity",,
Sharp-Eye Nass,Balanced,2,12,13,+2,+2,,,,,,,,,,,,,,,,10,14,10,10,8,8,0,+2,0,0,-1,-1,"Darkvision,Opportunity Attack",Slightly Drunk,
Sharp-Eye Nass,Explorer,2,8,13,+2,+4,,,,,,,,,,,,,,,,10,14,10,10,8,8,0,+2,0,0,-1,-1,"Darkvision,Opportunity Attack",Slightly Drunk,
Sharp-Eye Nass,Tactician,2,15,13,+2,+2,,,,,,,,,,,,,,,,10,14,10,10,8,8,0,+2,0,0,-1,-1,"Darkvision,Fury of the Small,Opportunity Attack",Slightly Drunk,
Sharp-Eye Nass,Honour,2,19,13,+2,+2,,,,,,,,,,,,,,,,10,14,10,10,8,8,0,+2,0,0,-1,-1,"Darkvision,Fury of the Small,Opportunity Attack",Slightly Drunk,
Fist Nateen,Balanced,8,62,16,+1,+3,,,,,,,,,,,,,,,,21,13,17,10,12,8,+8,+1,+7,0,+1,-1,"Extra Attack,Great Weapon Fighting,Opportunity Attack,Phalanx Formation,Riposte",,
Fist Nateen,Explorer,8,43,16,+1,+5,,,,,,,,,,,,,,,,21,13,17,10,12,8,+10,+1,+9,0,+1,-1,"Extra Attack,Great Weapon Fighting,Opportunity Attack,Phalanx Formation,Riposte",,
Fist Nateen,Tactician,8,80,16,+1,+3,,,,,,,,,,,,,,,,21,13,17,10,12,8,+8,+1,+7,0,+1,-1,"Extra Attack,Great Weapon Fighting,Opportunity Attack,Phalanx Formation,Riposte",,
Harper Naysa,Balanced,6,48,14,+2,+3,,,,,,,,Full Resistance,,,,,,,,12,15,12,10,14,12,+4,+5,+1,0,+2,+1,"Darkvision,Extra Attack,Hellish Resistance,Opportunity Attack",,
Harper Naysa,Explorer,6,33,14,+2,+5,,,,,,,,Full Resistance,,,,,,,,12,15,12,10,14,12,+6,+7,+1,0,+2,+1,"Darkvision,Extra Attack,Hellish Resistance,Opportunity Attack",,
Harper Naysa,Tactician,6,62,14,+2,+3,,,,,,,,Full Resistance,,,,,,,,12,15,12,10,14,12,+4,+5,+1,0,+2,+1,"Darkvision,Extra Attack,Hellish Resistance,Opportunity Attack",,
Tinker Nayzeem,Balanced,1,6,10,0,+2,,,,,,,,,,,,,,,,10,10,10,10,10,10,0,0,0,0,0,0,Opportunity Attack,,
Tinker Nayzeem,Explorer,1,4,10,0,+4,,,,,,,,,,,,,,,,10,10,10,10,10,10,0,0,0,0,0,0,Opportunity Attack,,
Tinker Nayzeem,Tactician,1,7,10,0,+2,,,,,,,,,,,,,,,,10,10,10,10,10,10,0,0,0,0,0,0,Opportunity Attack,,
Nealos Bright,Balanced,1,8,10,0,+2,,,,,,,,,,,,,,,,10,10,10,10,10,10,0,0,0,0,0,0,"Opportunity Attack,Brave,Halfling Luck",,
Nealos Bright,Explorer,1,5,10,0,+2,,,,,,,,,,,,,,,,10,10,10,10,10,10,0,0,0,0,0,0,"Opportunity Attack,Brave,Halfling Luck",,
Nealos Bright,Tactician,1,10,10,0,+2,,,,,,,,,,,,,,,,10,10,10,10,10,10,0,0,0,0,0,0,"Opportunity Attack,Brave,Halfling Luck",,
Dissected Drow,Balanced,2,20,13,+3,+2,,,,,,,,,,,,,,,,10,16,12,10,14,10,+2,+5,+1,0,+2,0,"Darkvision,Fey Ancestry,Opportunity Attack,Sunlight Sensitivity",Dead,
Dissected Drow,Explorer,2,14,13,+3,+4,,,,,,,,,,,,,,,,10,16,12,10,14,10,+4,+7,+1,0,+2,0,"Darkvision,Fey Ancestry,Opportunity Attack,Sunlight Sensitivity",Dead,
Dissected Drow,Tactician,2,26,13,+3,+2,,,,,,,,,,,,,,,,10,16,12,10,14,10,+2,+5,+1,0,+2,0,"Darkvision,Fey Ancestry,Opportunity Attack,Sunlight Sensitivity",Dead,
Fast Neddio,Balanced,1,6,10,0,+2,,,,,,,,,,,,,,,,10,10,10,10,10,10,0,0,0,0,0,0,Opportunity Attack,,
Fast Neddio,Explorer,1,4,10,0,+4,,,,,,,,,,,,,,,,10,10,10,10,10,10,0,0,0,0,0,0,Opportunity Attack,,
Fast Neddio,Tactician,1,7,10,0,+2,,,,,,,,,,,,,,,,10,10,10,10,10,10,0,0,0,0,0,0,Opportunity Attack,,
Sharp-Eye Neem,Balanced,2,12,13,+2,+2,,,,,,,,,,,,,,,,10,14,10,10,8,8,0,+2,0,0,-1,-1,"Darkvision,Opportunity Attack",Slightly Drunk,
Sharp-Eye Neem,Explorer,2,8,13,+2,+4,,,,,,,,,,,,,,,,10,14,10,10,8,8,0,+2,0,0,-1,-1,"Darkvision,Opportunity Attack",Slightly Drunk,
Sharp-Eye Neem,Tactician,2,15,13,+2,+2,,,,,,,,,,,,,,,,10,14,10,10,8,8,0,+2,0,0,-1,-1,"Darkvision,Fury of the Small,Opportunity Attack",Slightly Drunk,
Sharp-Eye Neem,Honour,2,19,13,+2,+2,,,,,,,,,,,,,,,,10,14,10,10,8,8,0,+2,0,0,-1,-1,"Darkvision,Fury of the Small,Opportunity Attack",Slightly Drunk,
Nelburn Frust,Balanced,1,8,10,0,+2,,,,,,,,,,,,Full Resistance,,,,10,10,10,10,10,10,0,0,0,0,0,0,"Darkvision,Dwarven Resilience,Opportunity Attack",,
Nelburn Frust,Explorer,1,5,10,0,+4,,,,,,,,,,,,Full Resistance,,,,10,10,10,10,10,10,0,0,0,0,0,0,"Darkvision,Dwarven Resilience,Opportunity Attack",,
Nelburn Frust,Tactician,1,10,10,0,+2,,,,,,,,,,,,Full Resistance,,,,10,10,10,10,10,10,0,0,0,0,0,0,"Darkvision,Dwarven Resilience,Opportunity Attack",,
Nemi Kallista,Balanced,,5,10,0,,,,,,,,,Full Resistance,,,,,,,,10,10,10,10,10,10,0,0,0,0,0,0,"Darkvision,Hellish Resistance,Opportunity Attack",,
Nemi Kallista,Explorer,,3,10,0,,,,,,,,,Full Resistance,,,,,,,,10,10,10,10,10,10,0,0,0,0,0,0,"Darkvision,Hellish Resistance,Opportunity Attack",,
Nemi Kallista,Tactician,,6,10,0,,,,,,,,,Full Resistance,,,,,,,,10,10,10,10,10,10,0,0,0,0,0,0,"Darkvision,Hellish Resistance,Opportunity Attack",,
Neno Quilltop,Balanced,1,8,10,0,+2,,,,,,,,,,,,,,,,10,10,10,10,10,10,0,0,0,0,0,0,"Darkvision,Gnome Cunning,Opportunity Attack,Shortened Stride",,
Neno Quilltop,Explorer,1,5,10,0,+4,,,,,,,,,,,,,,,,10,10,10,10,10,10,0,0,0,0,0,0,"Darkvision,Gnome Cunning,Opportunity Attack,Shortened Stride",,
Neno Quilltop,Tactician,1,10,10,0,+2,,,,,,,,,,,,,,,,10,10,10,10,10,10,0,0,0,0,0,0,"Darkvision,Gnome Cunning,Opportunity Attack,Shortened Stride",,
Fist Nephel,Balanced,8,62,16,+1,+3,,,,,,,,,,,,,,,,21,13,17,10,12,8,+8,+1,+7,0,+1,-1,"Extra Attack,Great Weapon Fighting,Opportunity Attack,Phalanx Formation,Riposte",,
Fist Nephel,Explorer,8,58,16,+1,+5,,,,,,,,,,,,,,,,21,13,17,10,12,8,+10,+1,+9,0,+1,-1,"Extra Attack,Great Weapon Fighting,Opportunity Attack,Phalanx Formation,Riposte",,
Fist Nephel,Tactician,8,65,16,+1,+3,,,,,,,,,,,,,,,,21,13,17,10,12,8,+8,+1,+7,0,+1,-1,"Extra Attack,Great Weapon Fighting,Opportunity Attack,Phalanx Formation,Riposte",,
Nere,Balanced,5,78,12,+2,+3,INT,15,,,,,,,,,,,Full Resistance,,,17,15,15,18,13,18,+6,+2,+5,+4,+1,+4,"Darkvision,Extra Attack,Fey Ancestry,Muscular,Opportunity Attack,Sunlight Sensitivity",,
Nere,Explorer,5,54,12,+2,+5,INT,17,,,,,,,,,,,Full Resistance,,,17,15,15,18,13,18,+8,+2,+7,+4,+1,+4,"Darkvision,Extra Attack,Fey Ancestry,Muscular,Opportunity Attack,Sunlight Sensitivity",,
Nere,Tactician,5,101,12,+2,+3,INT,17,,,,,,,,,,,Full Resistance,,,17,15,15,18,13,18,+6,+2,+5,+4,+1,+4,"Darkvision,Extra Attack,Fey Ancestry,Muscular,Opportunity Attack,Sunlight Sensitivity",,
Nere,Honour,5,101,12,+2,+3,INT,17,,,,,,,,,,,Full Resistance,,,17,15,15,18,13,18,+6,+2,+5,+4,+1,+4,"Darkvision,Extra Attack,Fey Ancestry,Legendary Action: Psionic Visage,Muscular,Opportunity Attack,Sunlight Sensitivity",Legendary Action: Psionic Visage,"Psionic Visage,Shatter Visage"
Nesha Leesha,Balanced,1,4,10,0,+2,,,,,,,,,,,,,,,,10,10,10,10,10,10,0,0,0,0,0,0,Opportunity Attack,,
Manip Nestor,Balanced,10,76,16,+1,+4,,,,,,,,,,,,Full Resistance,,,,21,13,19,10,14,8,+5,+1,+4,0,+2,-1,"Darkvision,Dwarven Resilience,Extra Attack,Great Weapon Fighting,Opportunity Attack,Phalanx Formation,Riposte",,
Manip Nestor,Explorer,10,53,16,+1,+6,,,,,,,,,,,,Full Resistance,,,,21,13,19,10,14,8,+5,+1,+4,0,+2,-1,"Darkvision,Dwarven Resilience,Extra Attack,Great Weapon Fighting,Opportunity Attack,Phalanx Formation,Riposte",,
Manip Nestor,Tactician,10,98,16,+1,+4,,,,,,,,,,,,Full Resistance,,,,21,13,19,10,14,8,+5,+1,+4,0,+2,-1,"Darkvision,Dwarven Resilience,Extra Attack,Great Weapon Fighting,Opportunity Attack,Phalanx Formation,Riposte",,
Nets Blandorf,Balanced,1,8,1,0,+2,,,,,,,,,,,,Full Resistance,,,,10,10,10,10,10,10,0,0,0,0,0,0,Opportunity Attack,,
Nets Blandorf,Explorer,1,5,1,0,+4,,,,,,,,,,,,Full Resistance,,,,10,10,10,10,10,10,0,0,0,0,0,0,Opportunity Attack,,
Nets Blandorf,Tactician,1,10,1,0,+2,,,,,,,,,,,,Full Resistance,,,,10,10,10,10,10,10,0,0,0,0,0,0,Opportunity Attack,,
Nettie,Balanced,3,24,11,+1,+2,,,,,,,,,,,,Full Resistance,,,,10,12,13,12,15,11,0,+1,+1,+3,+4,0,"Darkvision,Dwarven Resilience,Opportunity Attack",,
Nettie,Explorer,3,16,11,+1,+4,,,,,,,,,,,,Full Resistance,,,,10,12,13,12,15,11,0,+1,+1,+5,+6,0,"Darkvision,Dwarven Resilience,Opportunity Attack",,
Nettie,Tactician,3,31,11,+1,+2,,,,,,,,,,,,Full Resistance,,,,10,12,13,12,15,11,0,+1,+1,+3,+4,0,"Darkvision,Dwarven Resilience,Opportunity Attack",,
Cashguard Basher Nickelow,Balanced,9,85,19,+1,+4,,,,,,,,,,,,,,,,18,12,14,10,12,15,+6,+3,+5,+2,+7,+8,"Charger,Divine Health,Extra Attack,Opportunity Attack,Tenacity",Aura of Protection,
Cashguard Basher Nickelow,Explorer,9,59,19,+1,+6,,,,,,,,,,,,,,,,18,12,14,10,12,15,+6,+3,+5,+2,+9,+10,"Charger,Divine Health,Extra Attack,Opportunity Attack,Tenacity",Aura of Protection,
Cashguard Basher Nickelow,Tactician,9,110,19,+1,+4,,,,,,,,,,,,,,,,18,12,14,10,12,15,+6,+3,+5,+2,+7,+8,"Charger,Divine Health,Extra Attack,Opportunity Attack,Tenacity",Aura of Protection,
Nickels,Balanced,3,35,12,+1,+2,,,,,,,,,,,,,,,,16,12,15,12,13,10,+5,+3,+2,+1,+1,0,"Darkvision,Gnome Cunning,Opportunity Attack,Shortened Stride",,
Nickels,Explorer,3,24,12,+1,+4,,,,,,,,,,,,,,,,16,12,15,12,13,10,+7,+5,+2,+1,+1,0,"Darkvision,Gnome Cunning,Opportunity Attack,Shortened Stride",,
Nickels,Tactician,3,41,12,+1,+2,,,,,,,,,,,,,,,,16,12,15,12,13,10,+5,+3,+2,+1,+1,0,"Darkvision,Gnome Cunning,Opportunity Attack,Shortened Stride",,
Justiciar Crusader Nightmist,Balanced,7,150,14,+2,+3,,,,,,,,,,,,,,,,18,14,13,12,12,14,+7,+2,+4,+1,+1,+2,"Born into Darkness,Dark Vengeance,Darkvision,Extra Attack,Fey Ancestry,Opportunity Attack,Shadow Ambush",,
Justiciar Crusader Nightmist,Explorer,7,105,14,+2,+5,,,,,,,,,,,,,,,,18,14,13,12,12,14,+9,+2,+6,+1,+1,+2,"Born into Darkness,Dark Vengeance,Darkvision,Extra Attack,Fey Ancestry,Opportunity Attack,Shadow Ambush",,
Justiciar Crusader Nightmist,Tactician,7,195,14,+2,+3,,,,,,,,,,,,,,,,18,14,13,12,12,14,+7,+2,+4,+1,+1,+2,"Born into Darkness,Dark Vengeance,Darkvision,Extra Attack,Fey Ancestry,Opportunity Attack,Shadow Ambush",,
Tracker Nik-Nuk,Balanced,1,7,13,+2,+2,,,,,,,,,,,,,,,,8,14,10,10,8,8,-1,+2,0,0,-1,-1,"Darkvision,Opportunity Attack",,
Tracker Nik-Nuk,Explorer,1,4,13,+2,+4,,,,,,,,,,,,,,,,8,14,10,10,8,8,-1,+2,0,0,-1,-1,"Darkvision,Opportunity Attack",,
Tracker Nik-Nuk,Tactician,1,9,13,+2,+2,,,,,,,,,,,,,,,,8,14,10,10,8,8,-1,+2,0,0,-1,-1,"Darkvision,Fury of the Small,Opportunity Attack",,
Tracker Nik-Nuk,Honour,1,11,13,+2,+2,,,,,,,,,,,,,,,,8,14,10,10,8,8,-1,+2,0,0,-1,-1,"Darkvision,Fury of the Small,Opportunity Attack",,
Veteran Raider Nimba'as,Balanced,9,57,17,+4,+4,,,,,,,,,,,,,,,,10,19,14,10,16,10,0,+4,+2,0,+3,0,"Opportunity Attack,Extra Attack,Crossbow Expert: Point-Blank,Crossbow Expert: Wounding",,
Veteran Raider Nimba'as,Explorer,9,39,17,+4,+6,,,,,,,,,,,,,,,,10,19,14,10,16,10,0,+4,+2,0,+3,0,"Opportunity Attack,Extra Attack,Crossbow Expert: Point-Blank,Crossbow Expert: Wounding",,
Veteran Raider Nimba'as,Tactician,9,74,17,+4,+4,,,,,,,,,,,,,,,,10,19,14,10,16,10,0,+4,+2,0,+3,0,"Opportunity Attack,Extra Attack,Crossbow Expert: Point-Blank,Crossbow Expert: Wounding,Psionic Empowerment,Archery",,
Nimble,Balanced,3,35,18,+1,+2,,,,,,,,,,,,,,,,16,12,15,12,13,10,+5,+1,+4,+1,+1,0,"Darkvision,Gnome Cunning,Opportunity Attack,Shortened Stride",,
Nimble,Explorer,3,24,18,+1,+4,,,,,,,,,,,,,,,,16,12,15,12,13,10,+7,+1,+6,+1,+1,0,"Darkvision,Gnome Cunning,Opportunity Attack,Shortened Stride",,
Nimble,Tactician,3,45,18,+1,+2,,,,,,,,,,,,,,,,16,12,15,12,13,10,+5,+1,+4,+1,+1,0,"Darkvision,Gnome Cunning,Opportunity Attack,Shortened Stride",,
Nina Dortmell,Balanced,,5,10,0,,,,,,,,,,,,,,,,,10,10,10,10,10,10,0,0,0,0,0,0,Opportunity Attack,,
Nine-Fingers Keene,Balanced,12,118,18,+10,+4,,,,,,,,,,,,,,,,12,20,14,13,17,14,+1,+9,+2,+5,+3,+2,"Alert,Balance,Dagger Specialist,Dagger Thrower,Evasion,Fast Hands,Isolated Prey,Opportunity Attack,Reliable Talent,Stealthy,Uncanny Dodge",,
Nine-Fingers Keene,Explorer,12,82,18,+10,+6,,,,,,,,,,,,,,,,12,20,14,13,17,14,+1,+11,+2,+7,+3,+2,"Alert,Balance,Dagger Specialist,Dagger Thrower,Evasion,Fast Hands,Isolated Prey,Opportunity Attack,Reliable Talent,Stealthy,Uncanny Dodge",,
Nine-Fingers Keene,Tactician,12,153,18,+10,+4,,,,,,,,,,,,,,,,12,20,14,13,17,14,+1,+9,+2,+5,+3,+2,"Alert,Balance,Dagger Specialist,Dagger Thrower,Evasion,Fast Hands,Isolated Prey,Opportunity Attack,Reliable Talent,Stealthy,Uncanny Dodge",,
Fist Nipawa,Balanced,7,60,14,0,+3,,,,,,,,,,,,,,,,16,11,14,12,12,14,+6,0,+5,+1,+1,+2,"Extra Attack,Opportunity Attack",,
Fist Nipawa,Explorer,7,42,14,0,+5,,,,,,,,,,,,,,,,16,11,14,12,12,14,+8,0,+7,+1,+1,+2,"Extra Attack,Opportunity Attack",,
Fist Nipawa,Tactician,7,78,14,0,+3,,,,,,,,,,,,,,,,16,11,14,12,12,14,+6,0,+5,+1,+1,+2,"Extra Attack,Opportunity Attack",,
Zealot Niram,Balanced,8,70,18,0,+3,,,,,,,,,,,,,,,,18,10,16,9,11,16,+7,+3,+6,+2,+6,+9,"Darkvision,Divine Health,Extra Attack,Fey Ancestry,Great Weapon Fighting,Opportunity Attack,Sunlight Sensitivity",Aura of Protection,
Zealot Niram,Explorer,8,49,18,0,+5,,,,,,,,,,,,,,,,18,10,16,9,11,16,+7,+3,+6,+2,+8,+11,"Darkvision,Divine Health,Extra Attack,Fey Ancestry,Great Weapon Fighting,Opportunity Attack,Sunlight Sensitivity",Aura of Protection,
Zealot Niram,Tactician,8,91,18,0,+3,,,,,,,,,,,,,,,,18,10,16,9,11,16,+7,+3,+6,+2,+6,+9,"Darkvision,Divine Health,Extra Attack,Fey Ancestry,Great Weapon Fighting,Opportunity Attack,Relentless Avenger,Sunlight Sensitivity",Aura of Protection,
Nisvan,Balanced,1,5,10,0,+2,,,,,,,,,,,,Resistance to Magical,,,,10,10,10,10,10,10,0,0,0,0,0,0,"Darkvision,Dwarven Resilience,Opportunity Attack",,
Nisvan,Explorer,1,5,10,0,+4,,,,,,,,,,,,Resistance to Magical,,,,10,10,10,10,10,10,0,0,0,0,0,0,"Darkvision,Dwarven Resilience,Opportunity Attack",,
Nisvan,Tactician,1,5,10,0,+2,,,,,,,,,,,,Resistance to Magical,,,,10,10,10,10,10,10,0,0,0,0,0,0,"Darkvision,Dwarven Resilience,Opportunity Attack",,
Nobster,Balanced,8,68,16,+4,+3,,,,,,,,,,,,Full Resistance,,,,12,18,12,10,12,12,+4,+8,+1,0,+1,+1,"Crossbow Expert: Point-Blank,Darkvision,Dwarven Resilience,Extra Attack,Opportunity Attack",,
Nobster,Explorer,8,47,16,+4,+5,,,,,,,,,,,,Full Resistance,,,,12,18,12,10,12,12,+6,+10,+1,0,+1,+1,"Crossbow Expert: Point-Blank,Darkvision,Dwarven Resilience,Extra Attack,Opportunity Attack",,
Nobster,Tactician,8,88,16,+4,+3,,,,,,,,,,,,Full Resistance,,,,12,18,12,10,12,12,+4,+8,+1,0,+1,+1,"Crossbow Expert: Point-Blank,Darkvision,Dwarven Resilience,Extra Attack,Opportunity Attack",,
Nocturne,Balanced,1,72,10,0,+2,,,,,,,,Full Resistance,,,,,,,,12,10,12,16,12,12,+1,0,+1,+5,+3,+1,"Darkvision,Hellish Resistance,Opportunity Attack",,
Nocturne,Explorer,1,50,10,0,+4,,,,,,,,Full Resistance,,,,,,,,12,10,12,16,12,12,+1,0,+1,+7,+5,+1,"Darkvision,Hellish Resistance,Opportunity Attack",,
Nocturne,Tactician,1,93,10,0,+2,,,,,,,,Full Resistance,,,,,,,,12,10,12,16,12,12,+1,0,+1,+5,+3,+1,"Darkvision,Hellish Resistance,Opportunity Attack",,
Noira Crysst,Balanced,,8,10,0,,,,,,,,,,,,,,,,,10,10,10,10,10,10,0,0,0,0,0,0,Opportunity Attack,,
Noira Crysst,Explorer,,5,10,0,,,,,,,,,,,,,,,,,10,10,10,10,10,10,0,0,0,0,0,0,Opportunity Attack,,
Noira Crysst,Tactician,,10,10,0,,,,,,,,,,,,,,,,,10,10,10,10,10,10,0,0,0,0,0,0,Opportunity Attack,,
Adept Nola,Balanced,8,58,15,+1,+3,,,,,,,,,,,,,Full Resistance,,,13,12,16,10,18,10,+1,+1,+3,0,+7,+3,Opportunity Attack,Death Ward,
Adept Nola,Explorer,8,40,15,+1,+5,,,,,,,,,,,,,Full Resistance,,,13,12,16,10,18,10,+1,+1,+3,0,+9,+5,Opportunity Attack,Death Ward,
Adept Nola,Tactician,8,75,15,+1,+3,,,,,,,,,,,,,Full Resistance,,,13,12,16,10,18,10,+1,+1,+3,0,+7,+3,"Channel Divinity: War God's Blessing,Opportunity Attack",Death Ward,
Nonabune,Balanced,,8,10,0,,,,,,,,,,,,,,,,,10,10,10,10,10,10,0,0,0,0,0,0,"Brave,Halfling Luck,Opportunity Attack",,
Nonabune,Tactician,,10,10,0,,,,,,,,,,,,,,,,,10,10,10,10,10,10,0,0,0,0,0,0,"Brave,Halfling Luck,Opportunity Attack",,
Nonah Baragezian,Balanced,1,4,10,0,+2,,,,,,,,,,,,,,,,10,10,10,10,10,10,0,0,0,0,0,0,Opportunity Attack,,
Nonah Baragezian,Explorer,1,3,10,0,+4,,,,,,,,,,,,,,,,10,10,10,10,10,10,0,0,0,0,0,0,Opportunity Attack,,
Nonah Baragezian,Tactician,1,3,10,0,+2,,,,,,,,,,,,,,,,10,10,10,10,10,10,0,0,0,0,0,0,Opportunity Attack,,
Chymist Norffe,Balanced,6,43,10,0,+3,,,,,,,,,,,,,,,,8,10,13,18,14,12,-1,0,+1,+4,+2,+1,Opportunity Attack,,
Chymist Norffe,Explorer,6,30,10,0,+5,,,,,,,,,,,,,,,,8,10,13,18,14,12,-1,0,+1,+4,+2,+1,Opportunity Attack,,
Dark Breaker Norya Baker,Balanced,10,68,14,0,+4,,,,,,,,,,Full Resistance,,,,,,16,10,12,16,18,12,+3,0,+1,+7,+8,+1,Opportunity Attack,,
Dark Breaker Norya Baker,Explorer,10,47,14,0,+6,,,,,,,,,,Full Resistance,,,,,,16,10,12,16,18,12,+3,0,+1,+9,+10,+1,Opportunity Attack,,
Dark Breaker Norya Baker,Tactician,10,88,14,0,+4,,,,,,,,,,Full Resistance,,,,,,16,10,12,16,18,12,+3,0,+1,+7,+8,+1,Opportunity Attack,,
Fist Norys,Balanced,8,64,8,+1,+3,,,,,,,,,,,,,,,,21,13,17,10,12,8,+8,+1,+7,0,+1,-1,"Extra Attack,Opportunity Attack,Protection",,
Fist Norys,Explorer,8,59,8,+1,+5,,,,,,,,,,,,,,,,21,13,17,10,12,8,+10,+1,+9,0,+1,-1,"Extra Attack,Opportunity Attack,Protection",,
Fist Norys,Tactician,8,68,8,+1,+3,,,,,,,,,,,,,,,,21,13,17,10,12,8,+8,+1,+7,0,+1,-1,"Extra Attack,Opportunity Attack,Protection",,
Invoker of Bhaal Notar Esojac,Balanced,9,56,10,+2,+4,,,,,,,,,,,,,,,,10,14,16,20,14,14,0,+2,+3,+9,+2,+2,"Darkvision,Opportunity Attack,Spell Sniper","Aura of Murder,Mage Armour",
Invoker of Bhaal Notar Esojac,Tactician,9,72,10,+2,+4,,,,,,,,,,,,,,,,10,14,16,20,14,14,0,+2,+3,+9,+2,+2,"Darkvision,Focused Conjuration,Opportunity Attack,Spell Sniper","Aura of Murder,Mage Armour",
Death's Head of Bhaal Nov Shmoz,Balanced,8,76,15,+5,+3,,,,,,,,,,,,,,,,20,20,20,14,13,16,+5,+5,+5,+2,+1,+3,"Darkvision,Extra Attack,Magic Resistance,Murder Hungry,Opportunity Attack,Prey Upon the Weak","Aura of Murder,Unstoppable",
Death's Head of Bhaal Nov Shmoz,Explorer,8,53,15,+5,+5,,,,,,,,,,,,,,,,20,20,20,14,13,16,+5,+5,+5,+2,+1,+3,"Darkvision,Extra Attack,Magic Resistance,Murder Hungry,Opportunity Attack,Prey Upon the Weak","Aura of Murder,Unstoppable",
Death's Head of Bhaal Nov Shmoz,Tactician,8,98,15,+5,+3,,,,,,,,,,,,,,,,20,20,20,14,13,16,+5,+5,+5,+2,+1,+3,"Darkvision,Extra Attack,Magic Resistance,Murder Hungry,Opportunity Attack,Prey Upon the Weak,Sentinel: Opportunity Advantage,Sentinel: Snare,Sentinel: Vengeance","Aura of Murder,Unstoppable",
Sharp-Eye Nozk,Balanced,2,12,13,+2,+2,,,,,,,,,,,,,,,,10,14,10,10,8,8,0,+2,0,0,-1,-1,"Darkvision,Opportunity Attack",,
Sharp-Eye Nozk,Explorer,2,8,13,+2,+4,,,,,,,,,,,,,,,,10,14,10,10,8,8,0,+2,0,0,-1,-1,"Darkvision,Opportunity Attack",,
Sharp-Eye Nozk,Tactician,2,15,13,+2,+2,,,,,,,,,,,,,,,,10,14,10,10,8,8,0,+2,0,0,-1,-1,"Darkvision,Fury of the Small,Opportunity Attack",,
Sharp-Eye Nozk,Honour,2,19,13,+2,+2,,,,,,,,,,,,,,,,10,14,10,10,8,8,0,+2,0,0,-1,-1,"Darkvision,Fury of the Small,Opportunity Attack",,
Warrior Nrog,Balanced,2,15,13,+1,+2,,,,,,,,,,,,,,,,12,13,11,10,8,8,+1,+1,0,0,-1,-1,"Darkvision,Opportunity Attack",,
Warrior Nrog,Explorer,2,10,13,+1,+4,,,,,,,,,,,,,,,,12,13,11,10,8,8,+1,+1,0,0,-1,-1,"Darkvision,Opportunity Attack",,
Warrior Nrog,Tactician,2,19,13,+1,+2,,,,,,,,,,,,,,,,12,13,11,10,8,8,+1,+1,0,0,-1,-1,"Darkvision,Fury of the Small,Opportunity Attack",,
Warrior Nrog,Honour,2,23,13,+1,+2,,,,,,,,,,,,,,,,12,13,11,10,8,8,+1,+1,0,0,-1,-1,"Darkvision,Fury of the Small,Opportunity Attack",,
Nubaldin,Balanced,12,26,12,+2,+4,,,,,,,,,,,,,,,,14,15,15,12,13,13,+2,+2,+2,+1,+1,+1,"Darkvision,Gnome Cunning,Improved Extra Attack,Opportunity Attack,Shortened Stride",,
Fist Nudelmann,Balanced,8,64,18,+1,+3,,,,,,,,,,,,,,,,21,13,17,10,12,8,+8,+1,+7,0,+1,-1,"Extra Attack,Opportunity Attack,Protection",,
Fist Nudelmann,Explorer,8,59,18,+1,+5,,,,,,,,,,,,,,,,21,13,17,10,12,8,+10,+1,+9,0,+1,-1,"Extra Attack,Opportunity Attack,Protection",,
Fist Nudelmann,Tactician,8,68,18,+1,+3,,,,,,,,,,,,,,,,21,13,17,10,12,8,+8,+1,+7,0,+1,-1,"Extra Attack,Opportunity Attack,Protection",,
Iron Consul Nuff,Balanced,11,93,18,0,+4,,,,,,,,,,,,,,,,20,11,16,10,15,16,+5,0,+3,0,+6,+3,"Opportunity Attack,Extra Attack,Tactical Discipline,Infernal Weapon",,
Iron Consul Nuff,Explorer,11,65,18,0,+6,,,,,,,,,,,,,,,,20,11,16,10,15,16,+5,0,+3,0,+8,+3,"Opportunity Attack,Extra Attack,Tactical Discipline,Infernal Weapon",,
Iron Consul Nuff,Tactician,11,120,18,0,+4,,,,,,,,,,,,,,,,20,11,16,10,15,16,+5,0,+3,0,+6,+3,"Opportunity Attack,Extra Attack,Tactical Discipline,Infernal Weapon,Improved Extra Attack",,
Black Gauntlet Numia,Balanced,12,82,18,0,+4,,,,,,,,,,,,,,,,18,11,18,12,15,20,+4,0,+4,+1,+6,+9,"Extra Attack,Opportunity Attack,Tactical Discipline",,
Black Gauntlet Numia,Tactician,12,106,18,0,+4,,,,,,,,,,,,,,,,18,11,18,12,15,20,+4,0,+4,+1,+6,+9,"Extra Attack,Opportunity Attack,Tactical Discipline",,
High Gish'ra Nyk,Balanced,9,76,17,+4,+4,,,,,,,,,,,,,,,,14,19,16,15,17,13,+6,+8,+3,+2,+3,+1,"Advanced Unarmoured Movement,Deflect Missiles,Evasion,Extra Attack,Ki-Empowered Strikes,Martial Arts: Bonus Unarmed Strike,Martial Arts: Dextrous Attacks,Martial Arts: Deft Strikes,Opportunity Attack,Psionic Empowerment,Slow Fall,Stillness of Mind,Unarmoured Defence (Monk),Unarmoured Movement",,
High Gish'ra Nyk,Explorer,9,53,17,+4,+6,,,,,,,,,,,,,,,,14,19,16,15,17,13,+8,+10,+3,+2,+3,+1,"Advanced Unarmoured Movement,Deflect Missiles,Evasion,Extra Attack,Ki-Empowered Strikes,Martial Arts: Bonus Unarmed Strike,Martial Arts: Dextrous Attacks,Martial Arts: Deft Strikes,Opportunity Attack,Psionic Empowerment,Slow Fall,Stillness of Mind,Unarmoured Defence (Monk),Unarmoured Movement",,
High Gish'ra Nyk,Tactician,9,98,17,+4,+4,,,,,,,,,,,,,,,,14,19,16,15,17,13,+6,+8,+3,+2,+3,+1,"Advanced Unarmoured Movement,Deflect Missiles,Evasion,Extra Attack,Ki-Empowered Strikes,Martial Arts: Bonus Unarmed Strike,Martial Arts: Dextrous Attacks,Martial Arts: Deft Strikes,Opportunity Attack,Psionic Empowerment,Slow Fall,Stillness of Mind,Unarmoured Defence (Monk),Unarmoured Movement",,
Nym Orlith,Balanced,6,8,10,0,+3,,,,,,,,,,,,,,,,10,10,10,10,10,10,0,0,0,+3,+3,0,"Darkvision,Fey Ancestry,Opportunity Attack,Sunlight Sensitivity",,
Nym Orlith,Explorer,6,5,10,0,+5,,,,,,,,,,,,,,,,10,10,10,10,10,10,0,0,0,+5,+5,0,"Darkvision,Fey Ancestry,Opportunity Attack,Sunlight Sensitivity",,
Nym Orlith,Tactician,6,10,10,0,+3,,,,,,,,,,,,,,,,10,10,10,10,10,10,0,0,0,+3,+3,0,"Darkvision,Fey Ancestry,Opportunity Attack,Sunlight Sensitivity",,
Nymessa,Balanced,2,18,13,+2,+2,,,,,,,,Full Resistance,,,,,,,,11,15,9,10,11,10,+2,+4,-1,0,0,0,"Hellish Resistance,Opportunity Attack",,
Nymessa,Explorer,2,12,13,+2,+2,,,,,,,,Full Resistance,,,,,,,,11,15,9,10,11,10,+2,+4,-1,0,0,0,Hellish Resistance,,
Nymessa,Tactician,2,23,13,+2,+2,,,,,,,,Full Resistance,,,,,,,,11,15,9,10,11,10,+2,+4,-1,0,0,0,"Hellish Resistance,Opportunity Attack",,
Oaknuzzle,Balanced,1,8,1,0,+2,,,,,,,,,,,,,,,,10,10,10,10,10,10,0,0,0,0,0,0,"Darkvision,Fey Ancestry,Opportunity Attack",,
Oaknuzzle,Explorer,1,5,1,0,+4,,,,,,,,,,,,,,,,10,10,10,10,10,10,0,0,0,0,0,0,"Darkvision,Fey Ancestry,Opportunity Attack",,
Oaknuzzle,Tactician,1,10,1,0,+2,,,,,,,,,,,,,,,,10,10,10,10,10,10,0,0,0,0,0,0,"Darkvision,Fey Ancestry,Opportunity Attack",,
Obelia Toobin,Balanced,1,18,11,0,+2,,,,,,,,,,,,,,,,10,10,10,10,10,10,0,0,0,0,0,0,"Darkvision,Gnome Cunning,Opportunity Attack,Shortened Stride",,
Obelia Toobin,Explorer,1,27,11,0,+4,,,,,,,,,,,,,,,,10,10,10,10,10,10,0,0,0,0,0,0,"Darkvision,Gnome Cunning,Opportunity Attack,Shortened Stride",,
Reaper of Bhaal Ogga,Balanced,5,45,10,+5,+3,,,,,,,,,,,,,,,,11,20,13,15,12,16,0,+5,+1,+2,+1,+3,"Darkvision,Extra Attack,Opportunity Attack,Prey Upon the Weak","Aura of Murder,Sanctuary",
Reaper of Bhaal Ogga,Explorer,5,31,10,+5,+5,,,,,,,,,,,,,,,,11,20,13,15,12,16,0,+5,+1,+2,+1,+3,"Darkvision,Extra Attack,Opportunity Attack,Prey Upon the Weak","Aura of Murder,Sanctuary",
Reaper of Bhaal Ogga,Tactician,5,58,10,+5,+3,,,,,,,,,,,,,,,,11,20,13,15,12,16,0,+5,+1,+2,+1,+3,"Darkvision,Evasion,Extra Attack,Opportunity Attack,Prey Upon the Weak","Aura of Murder,Sanctuary",
Ogro Nettles,Balanced,1,18,11,0,+2,,,,,,,,,,,,,,,,10,10,10,10,10,10,0,0,0,0,0,0,"Darkvision,Gnome Cunning,Opportunity Attack,Shortened Stride",,
Ogro Nettles,Explorer,1,27,11,0,+4,,,,,,,,,,,,,,,,10,10,10,10,10,10,0,0,0,0,0,0,"Darkvision,Gnome Cunning,Opportunity Attack,Shortened Stride",,
Dark Breaker Ohara Ohira,Balanced,10,68,14,0,+4,,,,,,,,,,Full Resistance,,,,,,16,10,12,16,18,12,+3,0,+1,+7,+8,+1,Opportunity Attack,,
Dark Breaker Ohara Ohira,Explorer,10,47,14,0,+6,,,,,,,,,,Full Resistance,,,,,,16,10,12,16,18,12,+3,0,+1,+9,+10,+1,Opportunity Attack,,
Dark Breaker Ohara Ohira,Tactician,10,88,14,0,+4,,,,,,,,,,Full Resistance,,,,,,16,10,12,16,18,12,+3,0,+1,+7,+8,+1,Opportunity Attack,,
Fist Okralope,Balanced,8,64,8,+1,+3,,,,,,,,,,,,,,,,21,13,17,10,12,8,+8,+1,+7,0,+1,-1,"Extra Attack,Opportunity Attack,Protection",,
Fist Okralope,Explorer,8,59,8,+1,+5,,,,,,,,,,,,,,,,21,13,17,10,12,8,+10,+1,+9,0,+1,-1,"Extra Attack,Opportunity Attack,Protection",,
Fist Okralope,Tactician,8,68,8,+1,+3,,,,,,,,,,,,,,,,21,13,17,10,12,8,+8,+1,+7,0,+1,-1,"Extra Attack,Opportunity Attack,Protection",,
Okta,Balanced,1,8,10,0,+2,,,,,,,,Full Resistance,,,,,,,,10,10,10,10,10,10,0,0,0,0,0,0,"Darkvision,Hellish Resistance,Opportunity Attack",,
Okta,Explorer,1,5,10,0,+4,,,,,,,,Full Resistance,,,,,,,,10,10,10,10,10,10,0,0,0,0,0,0,"Darkvision,Hellish Resistance,Opportunity Attack",,
Okta,Tactician,1,10,10,0,+2,,,,,,,,Full Resistance,,,,,,,,10,10,10,10,10,10,0,0,0,0,0,0,"Darkvision,Hellish Resistance,Opportunity Attack",,
Sentinel Olak,Balanced,2,15,15,+1,+2,,,,,,,,,,,,,,,,12,13,11,10,8,8,+1,+1,0,0,-1,-1,"Darkvision,Opportunity Attack",,
Sentinel Olak,Explorer,2,10,15,+1,+4,,,,,,,,,,,,,,,,12,13,11,10,8,8,+1,+1,0,0,-1,-1,"Darkvision,Opportunity Attack",,
Sentinel Olak,Tactician,2,19,15,+1,+2,,,,,,,,,,,,,,,,12,13,11,10,8,8,+1,+1,0,0,-1,-1,"Darkvision,Fury of the Small,Opportunity Attack",,
Sentinel Olak,Honour,2,23,15,+1,+2,,,,,,,,,,,,,,,,12,13,11,10,8,8,+1,+1,0,0,-1,-1,"Darkvision,Fury of the Small,Opportunity Attack",,
Old Flake-Eyes,Balanced,8,60,15,+4,+3,,,,,,,,,,,,Full Resistance,,,,16,18,12,12,14,10,+6,+7,+1,+1,+2,0,"Colossus Slayer,Draconic Ancestry: Copper (Acid),Elemental Affinity: Damage,Escape the Horde,Extra Attack,Mage Breaker,Land's Stride: Difficult Terrain,Multiattack Defence,Opportunity Attack,Steel Will,Wasteland Wanderer: Poison",,
Old Flake-Eyes,Explorer,8,42,15,+4,+5,,,,,,,,,,,,Full Resistance,,,,16,18,12,12,14,10,+8,+9,+1,+1,+2,0,"Colossus Slayer,Draconic Ancestry: Copper (Acid),Elemental Affinity: Damage,Escape the Horde,Extra Attack,Mage Breaker,Land's Stride: Difficult Terrain,Multiattack Defence,Opportunity Attack,Steel Will,Wasteland Wanderer: Poison",,
Old Flake-Eyes,Tactician,8,78,15,+4,+3,,,,,,,,,,,,Full Resistance,,,,16,18,12,12,14,10,+6,+7,+1,+1,+2,0,"Colossus Slayer,Draconic Ancestry: Copper (Acid),Elemental Affinity: Damage,Escape the Horde,Extra Attack,Mage Breaker,Land's Stride: Difficult Terrain,Multiattack Defence,Opportunity Attack,Steel Will,Wasteland Wanderer: Poison",,
Old Troutman,Balanced,1,8,10,0,+2,,,,,,,,,,,,Full Resistance,,,,10,10,10,10,10,10,0,0,0,0,0,0,"Darkvision,Dwarven Resilience,Opportunity Attack",,
Old Troutman,Explorer,1,5,10,0,+4,,,,,,,,,,,,Full Resistance,,,,10,10,10,10,10,10,0,0,0,0,0,0,"Darkvision,Dwarven Resilience,Opportunity Attack",,
Old Troutman,Tactician,1,10,10,0,+2,,,,,,,,,,,,Full Resistance,,,,10,10,10,10,10,10,0,0,0,0,0,0,"Darkvision,Dwarven Resilience,Opportunity Attack",,
Oliver,Balanced,1,24,13,+3,+2,,,Resistance to Non-Magical,Resistance to Non-Magical,Resistance to Non-Magical,Full Resistance,Full Resistance,Full Resistance,,Full Resistance,Immune,Immune,,Vulnerable,Full Resistance,6,16,13,6,10,8,-2,+3,+1,-2,0,-1,"Darkvision,Opportunity Attack,Perfect Sentry,Sunlight Weakness",,
Oliver,Explorer,1,16,13,+3,+4,,,Resistance to Non-Magical,Resistance to Non-Magical,Resistance to Non-Magical,Full Resistance,Full Resistance,Full Resistance,,Full Resistance,Immune,Immune,,Vulnerable,Full Resistance,6,16,13,6,10,8,-2,+3,+1,-2,0,-1,"Darkvision,Opportunity Attack,Perfect Sentry,Sunlight Weakness",,
Oliver,Tactician,1,31,13,+3,+2,,,Resistance to Non-Magical,Resistance to Non-Magical,Resistance to Non-Magical,Full Resistance,Full Resistance,Full Resistance,,Full Resistance,Immune,Immune,,Vulnerable,Full Resistance,6,16,13,6,10,8,-2,+3,+1,-2,0,-1,"Darkvision,Opportunity Attack,Perfect Sentry,Sunlight Weakness",,
Oliver,Honour,1,31,13,+3,+2,,,Resistance to Non-Magical,Resistance to Non-Magical,Resistance to Non-Magical,Full Resistance,Full Resistance,Full Resistance,,Full Resistance,Immune,Immune,,Vulnerable,Full Resistance,6,16,13,6,10,8,-2,+3,+1,-2,0,-1,"Darkvision,Legendary Action: Vengeful Playmate,Opportunity Attack,Perfect Sentry,Sunlight Weakness",,
Oliver Quarlic,Balanced,9,45,17,+4,+4,,,,,,,,,,,,,,,,12,18,12,12,14,10,+5,+8,+1,+1,+2,0,"Extra Attack,Land's Stride: Difficult Terrain,Opportunity Attack,Scar of the Dunes,Superior Padding (-1)",,
Oliver Quarlic,Explorer,9,31,17,+4,+6,,,,,,,,,,,,,,,,12,18,12,12,14,10,+7,+10,+1,+1,+2,0,"Extra Attack,Land's Stride: Difficult Terrain,Opportunity Attack,Scar of the Dunes,Superior Padding (-1)",,
Oliver Quarlic,Tactician,9,58,17,+4,+4,,,,,,,,,,,,,,,,12,18,12,12,14,10,+5,+8,+1,+1,+2,0,"Extra Attack,Land's Stride: Difficult Terrain,Opportunity Attack,Scar of the Dunes,Superior Padding (-1)",,
Oliver Tefoco,Balanced,1,6,10,0,+2,,,,,,,,,,,,,,,,10,10,10,10,10,10,0,0,0,0,0,0,Opportunity Attack,,
Oliver Tefoco,Explorer,1,4,10,0,+4,,,,,,,,,,,,,,,,10,10,10,10,10,10,0,0,0,0,0,0,Opportunity Attack,,
Oliver Tefoco,Tactician,1,7,10,0,+2,,,,,,,,,,,,,,,,10,10,10,10,10,10,0,0,0,0,0,0,Opportunity Attack,,
Fist Olloa,Balanced,8,55,10,+5,+3,,,,,,,,,,,,,,,,12,21,14,8,14,10,+1,+5,+2,-1,+2,0,"Archery,Crossbow Expert: Point-Blank,Extra Attack,Opportunity Attack",,
Olly,Balanced,4,12,13,+2,+2,,,,,,,,,,,,,,,,12,14,12,12,14,10,+3,+4,+1,+1,+2,0,Opportunity Attack,,
Olly,Explorer,4,8,13,+2,+4,,,,,,,,,,,,,,,,12,14,12,12,14,10,+5,+6,+1,+1,+2,0,Opportunity Attack,,
Olly,Tactician,4,15,13,+2,+2,,,,,,,,,,,,,,,,12,14,12,12,14,10,+3,+4,+1,+1,+2,0,Opportunity Attack,,
Olodan,Balanced,5,30,15,+4,+3,,,,,,,,,,,,,,,,12,18,14,10,18,18,+1,+4,+2,+3,+7,+4,"Brave,Halfling Luck,Opportunity Attack",,
Olodan,Tactician,5,39,15,+4,+3,,,,,,,,,,,,,,,,12,18,14,10,18,18,+1,+4,+2,+3,+7,+4,"Brave,Halfling Luck,Opportunity Attack",,
Harper Olys,Balanced,6,52,13,+2,+3,,,,,,,,Full Resistance,,,,,,,,12,15,12,10,14,12,+4,+5,+1,0,+2,+1,"Darkvision,Extra Attack,Hellish Resistance,Opportunity Attack",,
Harper Olys,Explorer,6,36,13,+2,+5,,,,,,,,Full Resistance,,,,,,,,12,15,12,10,14,12,+6,+7,+1,0,+2,+1,"Darkvision,Extra Attack,Hellish Resistance,Opportunity Attack",,
Harper Olys,Tactician,6,67,13,+2,+3,,,,,,,,Full Resistance,,,,,,,,12,15,12,10,14,12,+4,+5,+1,0,+2,+1,"Darkvision,Extra Attack,Hellish Resistance,Opportunity Attack",,
Omotola,Balanced,1,6,10,0,+2,,,,,,,,,,,,,,,,10,10,10,10,10,10,0,0,0,0,0,0,Opportunity Attack,,
Omotola,Explorer,1,4,10,0,+4,,,,,,,,,,,,,,,,10,10,10,10,10,10,0,0,0,0,0,0,Opportunity Attack,,
Omotola,Tactician,1,7,10,0,+2,,,,,,,,,,,,,,,,10,10,10,10,10,10,0,0,0,0,0,0,Opportunity Attack,,
One,Balanced,1,6,15,+2,+2,,,,,,,,,,,,,,,,6,14,10,10,6,8,-2,+2,0,0,-2,-1,"Darkvision,Opportunity Attack",,
One,Explorer,1,4,15,+2,+4,,,,,,,,,,,,,,,,6,14,10,10,6,8,-2,+2,0,0,-2,-1,"Darkvision,Opportunity Attack",,
One,Tactician,1,7,15,+2,+2,,,,,,,,,,,,,,,,6,14,10,10,6,8,-2,+2,0,0,-2,-1,"Darkvision,Fury of the Small,Opportunity Attack",,
Reaper of Bhaal Onilla,Balanced,5,45,10,+5,+3,,,,,,,,,,,,,,,,11,20,13,15,12,16,0,+5,+1,+2,+1,+3,"Darkvision,Extra Attack,Opportunity Attack,Prey Upon the Weak","Aura of Murder,Invisible,Sanctuary",
Reaper of Bhaal Onilla,Explorer,5,31,10,+5,+5,,,,,,,,,,,,,,,,11,20,13,15,12,16,0,+5,+1,+2,+1,+3,"Darkvision,Extra Attack,Opportunity Attack,Prey Upon the Weak","Aura of Murder,Invisible,Sanctuary",
Reaper of Bhaal Onilla,Tactician,5,58,10,+5,+3,,,,,,,,,,,,,,,,11,20,13,15,12,16,0,+5,+1,+2,+1,+3,"Darkvision,Evasion,Extra Attack,Opportunity Attack,Prey Upon the Weak","Aura of Murder,Invisible,Sanctuary",
Ontur,Balanced,1,8,10,0,+2,,,,,,,,,,,,Full Resistance,,,,10,10,10,10,10,10,0,0,0,0,0,0,"Darkvision,Dwarven Resilience,Opportunity Attack",,
Ontur,Explorer,1,5,10,0,+4,,,,,,,,,,,,Full Resistance,,,,10,10,10,10,10,10,0,0,0,0,0,0,"Darkvision,Dwarven Resilience,Opportunity Attack",,
Ontur,Tactician,1,10,10,0,+2,,,,,,,,,,,,Full Resistance,,,,10,10,10,10,10,10,0,0,0,0,0,0,"Darkvision,Dwarven Resilience,Opportunity Attack",,
Ooltheg,Balanced,1,8,10,0,+2,,,,,,,,,,,,,,,,10,10,10,10,10,10,0,0,0,0,0,0,"Brave,Halfling Luck,Opportunity Attack",,
Ooltheg,Explorer,1,5,10,0,+4,,,,,,,,,,,,,,,,10,10,10,10,10,10,0,0,0,0,0,0,"Brave,Halfling Luck,Opportunity Attack",,
Ooltheg,Tactician,1,10,10,0,+2,,,,,,,,,,,,,,,,10,10,10,10,10,10,0,0,0,0,0,0,"Brave,Halfling Luck,Opportunity Attack",,
Stone Guard Orgarth,Balanced,5,60,14,+1,+3,,,,,,,,,,,,Full Resistance,,,,19,12,16,10,12,14,+7,+1,+6,0,+1,+2,"Duergar Resilience,Dwarven Resilience,Extra Attack,Opportunity Attack,Phalanx Formation,Sunlight Sensitivity,Superior Darkvision",,
Stone Guard Orgarth,Tactician,5,78,14,+1,+3,,,,,,,,,,,,Full Resistance,,,,19,12,16,10,12,14,+7,+1,+6,0,+1,+2,"Duergar Resilience,Dwarven Resilience,Extra Attack,Opportunity Attack,Phalanx Formation,Sunlight Sensitivity,Superior Darkvision",,
Brawler Orik,Balanced,2,9,13,+1,+2,,,,,,,,,,,,,,,,12,13,10,10,8,8,+1,+1,0,0,-1,-1,"Darkvision,Opportunity Attack",,
Brawler Orik,Tactician,2,11,13,+1,+2,,,,,,,,,,,,,,,,12,13,10,10,8,8,+1,+1,0,0,-1,-1,"Darkvision,Fury of the Small,Opportunity Attack",,
Brawler Orik,Honour,2,14,13,+1,+2,,,,,,,,,,,,,,,,12,13,10,10,8,8,+1,+1,0,0,-1,-1,"Darkvision,Fury of the Small,Opportunity Attack",,
Fist Oriona,Balanced,8,62,11,+1,+3,,,,,,,,,,,,,,,,21,13,17,10,12,8,+8,+1,+6,0,+1,-1,"Opportunity Attack,Extra Attack,Great Weapon Fighting,Riposte,Phalanx Formation",,
Fist Oriona,Explorer,8,43,11,+1,+5,,,,,,,,,,,,,,,,21,13,17,10,12,8,+10,+1,+8,0,+1,-1,"Opportunity Attack,Extra Attack,Great Weapon Fighting,Riposte,Phalanx Formation",,
Fist Oriona,Tactician,8,80,11,+1,+3,,,,,,,,,,,,,,,,21,13,17,10,12,8,+8,+1,+6,0,+1,-1,"Opportunity Attack,Extra Attack,Great Weapon Fighting,Riposte,Phalanx Formation",,
Ruffian Ormo,Balanced,8,70,16,0,+3,,,,,,,,,,,,,,,,18,11,14,12,12,14,+7,0,+6,+1,+1,+2,"Extra Attack,Opportunity Attack,Riposte",,
Ruffian Ormo,Explorer,8,49,16,0,+5,,,,,,,,,,,,,,,,18,11,14,12,12,14,+9,0,+8,+1,+1,+2,"Extra Attack,Opportunity Attack,Riposte",,
Ruffian Ormo,Tactician,8,91,16,0,+3,,,,,,,,,,,,,,,,18,11,14,12,12,14,+7,0,+6,+1,+1,+2,"Extra Attack,Opportunity Attack,Riposte",,
Ormont,Balanced,1,6,1,0,+2,,,,,,,,,,,,,,,,10,10,10,10,10,10,0,0,0,0,0,0,Opportunity Attack,,
Ormont,Explorer,1,4,1,0,+4,,,,,,,,,,,,,,,,10,10,10,10,10,10,0,0,0,0,0,0,Opportunity Attack,,
Ormont,Tactician,1,7,1,0,+2,,,,,,,,,,,,,,,,10,10,10,10,10,10,0,0,0,0,0,0,Opportunity Attack,,
Fist Orvil,Balanced,11,11,10,0,+4,,,,,,,,,,,,,,,,10,10,10,10,10,10,0,0,0,0,0,0,Opportunity Attack,Dead,
Oskar Fevras,Balanced,5,28,10,0,+3,,,,,,,,,,,,,,,,12,10,10,16,12,18,+1,+3,0,+3,+1,+7,"Font of Inspiration,Opportunity Attack",,
Oskar Fevras,Explorer,5,42,10,0,+5,,,,,,,,,,,,,,,,12,10,10,16,12,18,+1,+5,0,+3,+1,+9,"Font of Inspiration,Opportunity Attack",,
Oskar Fevras,Tactician,5,28,10,0,+3,,,,,,,,,,,,,,,,12,10,10,16,12,18,+1,+3,0,+3,+1,+7,"Font of Inspiration,Opportunity Attack",,
Fist Osmund,Balanced,8,64,18,+1,+3,,,,,,,,,,,,,,,,21,13,17,10,12,8,+8,+1,+7,0,+1,-1,"Extra Attack,Opportunity Attack,Protection",,
Fist Osmund,Explorer,8,59,18,+1,+5,,,,,,,,,,,,,,,,21,13,17,10,12,8,+10,+1,+9,0,+1,-1,"Extra Attack,Opportunity Attack,Protection",,
Fist Osmund,Tactician,8,68,18,+1,+3,,,,,,,,,,,,,,,,21,13,17,10,12,8,+8,+1,+7,0,+1,-1,"Extra Attack,Opportunity Attack,Protection",,
Otterdance Fenton,Balanced,,8,10,0,,,,,,,,,,,,,,,,,10,10,10,10,10,10,0,0,0,0,0,0,"Darkvision,Gnome Cunning,Opportunity Attack,Shortened Stride",,
Otterdance Fenton,Explorer,,5,10,0,,,,,,,,,,,,,,,,,10,10,10,10,10,10,0,0,0,0,0,0,"Darkvision,Gnome Cunning,Opportunity Attack,Shortened Stride",,
Otterdance Fenton,Tactician,,10,10,0,,,,,,,,,,,,,,,,,10,10,10,10,10,10,0,0,0,0,0,0,"Darkvision,Gnome Cunning,Opportunity Attack,Shortened Stride",,
Otto Ott,Balanced,,8,10,0,,,,,,,,,,,,,,,,,10,10,10,10,10,10,0,0,0,0,0,0,Opportunity Attack,,
Porter Oveer,Balanced,1,8,10,0,+2,,,,,,,,,,,,Full Resistance,,,,10,10,10,10,10,10,0,0,0,0,0,0,"Darkvision,Dwarven Resilience,Opportunity Attack",,
Porter Oveer,Explorer,1,5,10,0,+4,,,,,,,,,,,,Full Resistance,,,,10,10,10,10,10,10,0,0,0,0,0,0,"Darkvision,Dwarven Resilience,Opportunity Attack",,
Porter Oveer,Tactician,1,10,10,0,+2,,,,,,,,,,,,Full Resistance,,,,10,10,10,10,10,10,0,0,0,0,0,0,"Darkvision,Dwarven Resilience,Opportunity Attack",,
Justiciar Crusader Owltalon,Balanced,7,150,14,+2,+3,,,,,,,,,,,,,,,,18,14,13,12,12,14,+4,+2,+1,+1,+1,+2,"Born into Darkness,Dark Vengeance,Darkvision,Extra Attack,Fey Ancestry,Opportunity Attack,Shadow Ambush",,
Justiciar Crusader Owltalon,Explorer,7,105,14,+2,+5,,,,,,,,,,,,,,,,18,14,13,12,12,14,+4,+2,+1,+1,+1,+2,"Born into Darkness,Dark Vengeance,Darkvision,Extra Attack,Fey Ancestry,Opportunity Attack,Shadow Ambush",,
Justiciar Crusader Owltalon,Tactician,7,195,14,+2,+3,,,,,,,,,,,,,,,,18,14,13,12,12,14,+4,+2,+1,+1,+1,+2,"Born into Darkness,Dark Vengeance,Darkvision,Extra Attack,Fey Ancestry,Opportunity Attack,Shadow Ambush",,
Paddo Garrard,Balanced,1,6,10,0,+2,,,,,,,,,,,,,,,,10,10,10,10,10,10,0,0,0,0,0,0,Opportunity Attack,,
Paddo Garrard,Explorer,1,4,10,0,+4,,,,,,,,,,,,,,,,10,10,10,10,10,10,0,0,0,0,0,0,Opportunity Attack,,
Paddo Garrard,Tactician,1,7,10,0,+2,,,,,,,,,,,,,,,,10,10,10,10,10,10,0,0,0,0,0,0,Opportunity Attack,,
Untaken Padulla,Balanced,10,46,10,0,+4,,,,,,,,,,Full Resistance,,,,,,12,10,10,16,12,10,+1,0,0,+7,+5,0,Opportunity Attack,,
Untaken Padulla,Explorer,10,32,10,0,+6,,,,,,,,,,Full Resistance,,,,,,12,10,10,16,12,10,+1,0,0,+9,+7,0,Opportunity Attack,,
Untaken Padulla,Tactician,10,59,10,0,+4,,,,,,,,,,Full Resistance,,,,,,12,10,10,16,12,10,+1,0,0,+7,+5,0,Opportunity Attack,,
Fist Healer Pagnola,Balanced,10,62,10,0,+4,,,,,,,,,,,,Full Resistance,,,,13,10,16,10,20,12,+1,0,+3,0,+9,+5,"Darkvision,Dwarven Resilience,Opportunity Attack,Protection",,
Fist Healer Pagnola,Explorer,10,59,10,0,+6,,,,,,,,,,,,Full Resistance,,,,13,10,16,10,20,12,+1,0,+3,0,+11,+7,"Darkvision,Dwarven Resilience,Opportunity Attack,Protection",,
Fist Healer Pagnola,Tactician,10,16,10,0,+4,,,,,,,,,,,,Full Resistance,,,,13,10,16,10,20,12,+1,0,+3,0,+9,+5,"Darkvision,Dwarven Resilience,Opportunity Attack,Protection",,
Pammella Nortale,Balanced,1,8,10,0,+2,,,,,,,,,,,,,,,,10,10,10,10,10,10,0,0,0,0,0,0,"Brave,Halfling Luck,Opportunity Attack",,
Pandirna,Balanced,1,24,12,+1,+2,,,,,,,,Full Resistance,,,,,,,,16,12,15,10,10,12,+5,+1,+4,0,0,+1,"Darkvision,Hellish Resistance,Opportunity Attack",Paralysed,
Pandirna,Explorer,1,16,12,+1,+4,,,,,,,,Full Resistance,,,,,,,,16,12,15,10,10,12,+7,+1,+6,0,0,+1,"Darkvision,Hellish Resistance,Opportunity Attack",Paralysed,
Pandirna,Tactician,1,31,12,+1,+2,,,,,,,,Full Resistance,,,,,,,,16,12,15,10,10,12,+5,+1,+4,0,0,+1,"Darkvision,Hellish Resistance,Opportunity Attack",Paralysed,
Fist Pantella,Balanced,8,62,16,+1,+3,,,,,,,,,,,,,,,,21,13,17,10,12,8,+8,+1,+6,0,+1,-1,"Extra Attack,Great Weapon Fighting,Opportunity Attack,Phalanx Formation,Riposte",,
Fist Pantella,Explorer,8,58,16,+1,+5,,,,,,,,,,,,,,,,21,13,17,10,12,8,+10,+1,+8,0,+1,-1,"Extra Attack,Great Weapon Fighting,Opportunity Attack,Phalanx Formation,Riposte",,
Fist Pantella,Tactician,8,65,16,+1,+3,,,,,,,,,,,,,,,,21,13,17,10,12,8,+8,+1,+6,0,+1,-1,"Extra Attack,Great Weapon Fighting,Opportunity Attack,Phalanx Formation,Riposte",,
Fist Pard,Balanced,8,62,16,+5,+3,,,,,,,,,,,,,,,,12,21,14,8,14,10,+4,+8,+2,-1,+2,0,"Archery,Crossbow Expert: Point-Blank,Extra Attack,Opportunity Attack",,
Fist Pard,Explorer,8,59,16,+5,+5,,,,,,,,,,,,,,,,12,21,14,8,14,10,+6,+10,+2,-1,+2,0,"Archery,Crossbow Expert: Point-Blank,Extra Attack,Opportunity Attack",,
Fist Pard,Tactician,8,64,16,+5,+3,,,,,,,,,,,,,,,,12,21,14,8,14,10,+4,+8,+2,-1,+2,0,"Archery,Crossbow Expert: Point-Blank,Extra Attack,Opportunity Attack",,
Fist Patrick,Balanced,8,62,16,+1,+3,,,,,,,,,,,,,,,,21,13,17,10,12,8,+8,+1,+7,0,+1,-1,"Opportunity Attack,Extra Attack,Great Weapon Fighting,Riposte,Phalanx Formation",,
Fist Patrick,Explorer,8,43,16,+1,+5,,,,,,,,,,,,,,,,21,13,17,10,12,8,+10,+1,+9,0,+1,-1,"Opportunity Attack,Extra Attack,Great Weapon Fighting,Riposte,Phalanx Formation",,
Fist Patrick,Tactician,8,80,16,+1,+3,,,,,,,,,,,,,,,,21,13,17,10,12,8,+8,+1,+7,0,+1,-1,"Opportunity Attack,Extra Attack,Great Weapon Fighting,Riposte,Phalanx Formation",,
Patty,Balanced,1,8,10,0,+2,,,,,,,,,,,,,,,,10,10,10,10,10,10,0,0,0,0,0,0,"Darkvision,Fey Ancestry",,
Patty,Explorer,1,5,10,0,+4,,,,,,,,,,,,,,,,10,10,10,10,10,10,0,0,0,0,0,0,"Darkvision,Fey Ancestry",,
Patty,Tactician,1,10,10,0,+2,,,,,,,,,,,,,,,,10,10,10,10,10,10,0,0,0,0,0,0,"Darkvision,Fey Ancestry",,
Fist Recruit Pavel,Balanced,4,31,15,+4,+2,,,,,,,,,,,,,,,,12,18,13,8,14,10,+3,+6,+1,-1,+2,0,Opportunity Attack,,
Fist Recruit Pavel,Explorer,4,27,15,+4,+4,,,,,,,,,,,,,,,,12,18,13,8,14,10,+5,+8,+1,-1,+2,0,Opportunity Attack,,
Fist Recruit Pavel,Tactician,4,34,15,+4,+2,,,,,,,,,,,,,,,,12,18,13,8,14,10,+3,+6,+1,-1,+2,0,Opportunity Attack,,
Sailor Peete,Balanced,1,8,10,0,+2,,,,,,,,,,,,,,,,10,10,10,10,10,10,0,0,0,0,0,0,Opportunity Attack,,
Sailor Peete,Explorer,1,6,10,0,+4,,,,,,,,,,,,,,,,10,10,10,10,10,10,0,0,0,0,0,0,Opportunity Attack,,
Sailor Peete,Tactician,1,10,10,0,+2,,,,,,,,,,,,,,,,10,10,10,10,10,10,0,0,0,0,0,0,Opportunity Attack,,
Peetri Sname,Balanced,1,6,10,0,+2,,,,,,,,,,,,,,,,10,10,10,10,10,10,0,0,0,0,0,0,Opportunity Attack,,
Peetri Sname,Explorer,1,4,10,0,+4,,,,,,,,,,,,,,,,10,10,10,10,10,10,0,0,0,0,0,0,Opportunity Attack,,
Peetri Sname,Tactician,1,7,10,0,+2,,,,,,,,,,,,,,,,10,10,10,10,10,10,0,0,0,0,0,0,Opportunity Attack,,
Peil Hullhollyn,Balanced,1,6,10,0,+2,,,,,,,,,,,,,,,,10,10,10,10,10,10,0,0,0,0,0,0,Opportunity Attack,,
Peil Hullhollyn,Explorer,1,4,10,0,+4,,,,,,,,,,,,,,,,10,10,10,10,10,10,0,0,0,0,0,0,Opportunity Attack,,
Peil Hullhollyn,Tactician,1,7,10,0,+2,,,,,,,,,,,,,,,,10,10,10,10,10,10,0,0,0,0,0,0,Opportunity Attack,,
Penela Lumpensicks,Balanced,1,6,10,0,+2,,,,,,,,,,,,,,,,10,10,10,10,10,10,0,0,0,0,0,0,"Darkvision,Fey Ancestry,Opportunity Attack",,
Penela Lumpensicks,Explorer,1,4,10,0,+4,,,,,,,,,,,,,,,,10,10,10,10,10,10,0,0,0,0,0,0,"Darkvision,Fey Ancestry,Opportunity Attack",,
Penela Lumpensicks,Tactician,1,7,10,0,+2,,,,,,,,,,,,,,,,10,10,10,10,10,10,0,0,0,0,0,0,"Darkvision,Fey Ancestry,Opportunity Attack",,
Penita,Balanced,1,8,10,0,+2,,,,,,,,,,,,,,,,10,10,10,10,10,10,0,0,0,0,0,0,"Darkvision,Gnome Cunning,Opportunity Attack,Shortened Stride",Dead,
Penita,Explorer,1,5,10,0,+4,,,,,,,,,,,,,,,,10,10,10,10,10,10,0,0,0,0,0,0,"Darkvision,Gnome Cunning,Opportunity Attack,Shortened Stride",Dead,
Penita,Tactician,1,10,10,0,+2,,,,,,,,,,,,,,,,10,10,10,10,10,10,0,0,0,0,0,0,"Darkvision,Gnome Cunning,Opportunity Attack,Shortened Stride",Dead,
Perfect Eternal Debtor,Balanced,1,12,10,0,+2,,,,,,,,Resistance to Magical,,,,,,,,10,10,10,8,8,8,0,0,0,-1,-1,-1,"Opportunity Attack,Darkvision,Fey Ancestry,Forever Indebted",,
Perfect Eternal Debtor,Explorer,1,8,10,0,+2,,,,,,,,Resistance to Magical,,,,,,,,10,10,10,8,8,8,0,0,0,-1,-1,-1,"Opportunity Attack,Darkvision,Fey Ancestry,Forever Indebted",,
Perfect Eternal Debtor,Tactician,1,15,10,0,+2,,,,,,,,Resistance to Magical,,,,,,,,10,10,10,8,8,8,0,0,0,-1,-1,-1,"Opportunity Attack,Darkvision,Fey Ancestry,Forever Indebted",,
Petric Amber,Balanced,1,8,10,0,+2,,,,,,,,,,,,,,,,10,10,10,10,10,10,0,0,0,0,0,0,"Darkvision,Fey Ancestry,Opportunity Attack",,
Fist Healer Phanellis,Balanced,10,62,16,0,+4,,,,,,,,,,,,Full Resistance,,,,13,10,16,10,20,12,+1,0,+3,0,+9,+5,"Darkvision,Dwarven Resilience,Opportunity Attack,Protection",,
Fist Healer Phanellis,Explorer,10,59,16,0,+6,,,,,,,,,,,,Full Resistance,,,,13,10,16,10,20,12,+1,0,+3,0,+11,+7,"Darkvision,Dwarven Resilience,Opportunity Attack,Protection",,
Fist Healer Phanellis,Tactician,10,64,16,0,+4,,,,,,,,,,,,Full Resistance,,,,13,10,16,10,20,12,+1,0,+3,0,+9,+5,"Darkvision,Dwarven Resilience,Opportunity Attack,Protection",,
Phantaizha,Balanced,1,6,10,0,+2,,,,,,,,,,,,,,,,10,10,10,10,10,10,0,0,0,0,0,0,Opportunity Attack,,
Phantaizha,Explorer,1,4,10,0,+4,,,,,,,,,,,,,,,,10,10,10,10,10,10,0,0,0,0,0,0,Opportunity Attack,,
Phantaizha,Tactician,1,7,10,0,+2,,,,,,,,,,,,,,,,10,10,10,10,10,10,0,0,0,0,0,0,Opportunity Attack,,
Refugee Pharbz,Balanced,1,8,10,0,+2,,,,,,,,,,,,,,,,10,10,10,10,10,10,0,0,0,0,0,0,"Brave,Halfling Luck,Opportunity Attack",,
Refugee Pharbz,Explorer,1,5,10,0,+4,,,,,,,,,,,,,,,,10,10,10,10,10,10,0,0,0,0,0,0,"Brave,Halfling Luck,Opportunity Attack",,
Refugee Pharbz,Tactician,1,10,10,0,+2,,,,,,,,,,,,,,,,10,10,10,10,10,10,0,0,0,0,0,0,"Brave,Halfling Luck,Opportunity Attack",,
Pharnilla,Balanced,1,5,10,0,+2,,,,,,,,,,,,,,,,10,10,10,10,10,10,0,0,0,0,0,0,Opportunity Attack,,
Pharnilla,Explorer,1,3,10,0,+4,,,,,,,,,,,,,,,,10,10,10,10,10,10,0,0,0,0,0,0,Opportunity Attack,,
Pharnilla,Tactician,1,6,10,0,+2,,,,,,,,,,,,,,,,10,10,10,10,10,10,0,0,0,0,0,0,Opportunity Attack,,
Phase,Balanced,12,97,16,+4,+4,,,,,,,,,,,,Immune,,,,8,18,13,10,14,12,+3,+8,+1,0,+2,+1,"Advanced Unarmoured Movement,Darkvision,Deflect Missiles,Evasion,Extra Attack,Fast Hands,Gnome Cunning,Ki-Empowered Strikes,Martial Arts: Bonus Unarmed Strike,Martial Arts: Deft Strikes,Martial Arts: Dextrous Attacks,Opportunity Attack,Purity of Body,Shortened Stride,Slow Fall,Stillness of Mind,Unarmoured Defence (Monk),Unarmoured Movement",,
Phase,Explorer,12,67,16,+4,+6,,,,,,,,,,,,Immune,,,,8,18,13,10,14,12,+5,+10,+1,0,+2,+1,"Advanced Unarmoured Movement,Darkvision,Deflect Missiles,Evasion,Extra Attack,Fast Hands,Gnome Cunning,Ki-Empowered Strikes,Martial Arts: Bonus Unarmed Strike,Martial Arts: Deft Strikes,Martial Arts: Dextrous Attacks,Opportunity Attack,Purity of Body,Shortened Stride,Slow Fall,Stillness of Mind,Unarmoured Defence (Monk),Unarmoured Movement",,
Phase,Tactician,12,126,16,+4,+4,,,,,,,,,,,,Immune,,,,8,18,13,10,14,12,+3,+8,+1,0,+2,+1,"Advanced Unarmoured Movement,Darkvision,Deflect Missiles,Evasion,Extra Attack,Fast Hands,Gnome Cunning,Ki-Empowered Strikes,Martial Arts: Bonus Unarmed Strike,Martial Arts: Deft Strikes,Martial Arts: Dextrous Attacks,Opportunity Attack,Purity of Body,Shortened Stride,Slow Fall,Stillness of Mind,Unarmoured Defence (Monk),Unarmoured Movement",,
Phelgro Dorph,Balanced,1,8,10,0,+2,,,,,,,,,,,,,,,,10,10,10,10,10,10,0,0,0,0,0,0,Opportunity Attack,,
Phelgro Dorph,Explorer,1,6,10,0,+4,,,,,,,,,,,,,,,,10,10,10,10,10,10,0,0,0,0,0,0,Opportunity Attack,,
Phelgro Dorph,Tactician,1,10,10,0,+2,,,,,,,,,,,,,,,,10,10,10,10,10,10,0,0,0,0,0,0,Opportunity Attack,,
Phibs Brogan,Balanced,1,6,10,0,+2,,,,,,,,,,,,,,,,10,10,10,10,10,10,0,0,0,0,0,0,Opportunity Attack,,
Phibs Brogan,Explorer,1,4,10,0,+4,,,,,,,,,,,,,,,,10,10,10,10,10,10,0,0,0,0,0,0,Opportunity Attack,,
Phibs Brogan,Tactician,1,7,10,0,+2,,,,,,,,,,,,,,,,10,10,10,10,10,10,0,0,0,0,0,0,Opportunity Attack,,
Philomeen,Balanced,3,22,11,+1,+2,,,,,,,,,,,,,,,,10,12,12,18,14,12,0,+1,+1,+4,+2,+1,"Gnome Cunning,Opportunity Attack,Shortened Stride,Stone Camouflage,Superior Darkvision",,
Phinn Truscott,Balanced,1,6,10,0,+2,,,,,,,,,,,,,,,,10,10,10,10,10,10,0,0,0,0,0,0,Opportunity Attack,,
Phinn Truscott,Explorer,1,4,10,0,+4,,,,,,,,,,,,,,,,10,10,10,10,10,10,0,0,0,0,0,0,Opportunity Attack,,
Phinn Truscott,Tactician,1,7,10,0,+2,,,,,,,,,,,,,,,,10,10,10,10,10,10,0,0,0,0,0,0,Opportunity Attack,,
Phlanders Hort,Balanced,1,6,10,0,+2,,,,,,,,,,,,,,,,10,10,10,10,10,10,0,0,0,0,0,0,Opportunity Attack,,
Phlanders Hort,Explorer,1,4,10,0,+4,,,,,,,,,,,,,,,,10,10,10,10,10,10,0,0,0,0,0,0,Opportunity Attack,,
Phlanders Hort,Tactician,1,7,10,0,+2,,,,,,,,,,,,,,,,10,10,10,10,10,10,0,0,0,0,0,0,Opportunity Attack,,
Phoebelia,Balanced,1,8,1,0,+2,,,,,,,,,,,,,,,,10,10,10,10,10,10,0,0,0,0,0,0,"Darkvision,Gnome Cunning,Opportunity Attack,Shortened Stride",,
Phoebelia,Explorer,1,5,1,0,+4,,,,,,,,,,,,,,,,10,10,10,10,10,10,0,0,0,0,0,0,"Darkvision,Gnome Cunning,Opportunity Attack,Shortened Stride",,
Phoebelia,Tactician,1,10,1,0,+2,,,,,,,,,,,,,,,,10,10,10,10,10,10,0,0,0,0,0,0,"Darkvision,Gnome Cunning,Opportunity Attack,Shortened Stride",,
Phoenix Lubbins,Balanced,1,18,14,0,+2,,,,,,,,,,,,,,,,10,10,10,10,10,10,0,0,0,0,0,0,"Darkvision,Gnome Cunning,Opportunity Attack,Shortened Stride",,
Phoenix Lubbins,Explorer,1,27,14,0,+4,,,,,,,,,,,,,,,,10,10,10,10,10,10,0,0,0,0,0,0,"Darkvision,Gnome Cunning,Opportunity Attack,Shortened Stride",,
Phoskyx,Balanced,8,6,10,0,+3,,,,,,,,,,,,,,,,10,10,10,10,10,10,0,0,0,0,0,0,"Darkvision,Fey Ancestry,Opportunity Attack,Sunlight Sensitivity",,
Phoskyx,Explorer,8,4,10,0,+5,,,,,,,,,,,,,,,,10,10,10,10,10,10,0,0,0,0,0,0,"Darkvision,Fey Ancestry,Opportunity Attack,Sunlight Sensitivity",,
Phoskyx,Tactician,8,8,10,0,+3,,,,,,,,,,,,,,,,10,10,10,10,10,10,0,0,0,0,0,0,"Darkvision,Fey Ancestry,Opportunity Attack,Sunlight Sensitivity",,
Phostlethwaite,Balanced,1,8,10,0,+2,,,,,,,,,,,,,,,,10,10,10,10,10,10,0,0,0,0,0,0,"Opportunity Attack,Darkvision,Gnome Cunning,Shortened Stride",,
Phostlethwaite,Explorer,1,5,10,0,+4,,,,,,,,,,,,,,,,10,10,10,10,10,10,0,0,0,0,0,0,"Opportunity Attack,Darkvision,Gnome Cunning,Shortened Stride",,
Phostlethwaite,Tactician,1,10,10,0,+2,,,,,,,,,,,,,,,,10,10,10,10,10,10,0,0,0,0,0,0,"Opportunity Attack,Darkvision,Gnome Cunning,Shortened Stride",,
Phrennog,Balanced,1,8,10,0,+2,,,,,,,,,,,,,,,,10,10,10,10,10,10,0,0,0,0,0,0,"Darkvision,Gnome Cunning,Opportunity Attack,Shortened Stride",,
Phrennog,Explorer,1,5,10,0,+4,,,,,,,,,,,,,,,,10,10,10,10,10,10,0,0,0,0,0,0,"Darkvision,Gnome Cunning,Opportunity Attack,Shortened Stride",,
Phrennog,Tactician,1,10,10,0,+2,,,,,,,,,,,,,,,,10,10,10,10,10,10,0,0,0,0,0,0,"Darkvision,Gnome Cunning,Opportunity Attack,Shortened Stride",,
Phubbs,Balanced,1,8,10,0,+2,,,,,,,,,,,,,,,,10,10,10,10,10,10,0,0,0,0,0,0,"Darkvision,Fey Ancestry,Opportunity Attack",,
Night Blade Phylle,Balanced,3,28,12,+2,+2,,,,,,,,,,,,,,,,11,15,12,10,11,14,0,+2,+1,0,0,+2,"Darkvision,Opportunity Attack",Aura of Murder,
Night Blade Phylle,Explorer,3,19,12,+2,+4,,,,,,,,,,,,,,,,11,15,12,10,11,14,0,+2,+1,0,0,+2,"Darkvision,Opportunity Attack",Aura of Murder,
Night Blade Phylle,Tactician,3,36,12,+2,+2,,,,,,,,,,,,,,,,11,15,12,10,11,14,0,+2,+1,0,0,+2,"Darkvision,Opportunity Attack",Aura of Murder,
Phyria Gollus,Balanced,1,6,10,0,+2,,,,,,,,,,,,,,,,10,10,10,10,10,10,0,0,0,0,0,0,Opportunity Attack,,
Phyria Gollus,Explorer,1,4,10,0,+4,,,,,,,,,,,,,,,,10,10,10,10,10,10,0,0,0,0,0,0,Opportunity Attack,,
Phyria Gollus,Tactician,1,7,10,0,+2,,,,,,,,,,,,,,,,10,10,10,10,10,10,0,0,0,0,0,0,Opportunity Attack,,
Pickles,Balanced,1,5,10,0,+2,,,,,,,,,,,,,,,,10,10,10,10,10,10,0,0,0,0,0,0,Opportunity Attack,,
Pickles,Explorer,1,3,10,0,+4,,,,,,,,,,,,,,,,10,10,10,10,10,10,0,0,0,0,0,0,Opportunity Attack,,
Pickles,Tactician,1,6,10,0,+2,,,,,,,,,,,,,,,,10,10,10,10,10,10,0,0,0,0,0,0,Opportunity Attack,,
Booyahg Piddle,Balanced,2,13,11,+1,+2,,,,,,,,,,,,,,,,8,12,10,12,8,8,-1,+1,0,+1,-1,-1,"Darkvision,Opportunity Attack",,
Booyahg Piddle,Explorer,2,9,11,+1,+4,,,,,,,,,,,,,,,,8,12,10,12,8,8,-1,+1,0,+1,-1,-1,"Darkvision,Opportunity Attack",,
Booyahg Piddle,Tactician,2,16,11,+1,+2,,,,,,,,,,,,,,,,8,12,10,12,8,8,-1,+1,0,+1,-1,-1,"Darkvision,Fury of the Small,Opportunity Attack",,
Booyahg Piddle,Honour,2,20,11,+1,+2,,,,,,,,,,,,,,,,8,12,10,12,8,8,-1,+1,0,+1,-1,-1,"Darkvision,Fury of the Small,Opportunity Attack",,
Pinta,Balanced,5,30,13,+2,+3,,,,,,,,,,,,,,,,12,14,12,12,12,12,+1,+2,+1,+4,+4,+1,"Brave,Halfling Luck,Opportunity Attack",,
Pinta,Explorer,5,21,13,+2,+5,,,,,,,,,,,,,,,,12,14,12,12,12,12,+1,+2,+1,+6,+6,+1,"Brave,Halfling Luck,Opportunity Attack",,
Pinta,Tactician,5,39,13,+2,+3,,,,,,,,,,,,,,,,12,14,12,12,12,12,+1,+2,+1,+4,+4,+1,"Brave,Halfling Luck,Opportunity Attack",,
Pippin Bow,Balanced,8,67,10,+2,+3,,,,,,,,,,,,,,,,8,14,16,18,10,12,-1,+2,+3,+4,0,+1,"Darkvision,Gnome Cunning,Opportunity Attack,Shortened Stride",,
Pippin Bow,Explorer,8,46,10,+2,+5,,,,,,,,,,,,,,,,8,14,16,18,10,12,-1,+2,+3,+4,0,+1,"Darkvision,Gnome Cunning,Opportunity Attack,Shortened Stride",,
Pippin Bow,Tactician,8,87,10,+2,+3,,,,,,,,,,,,,,,,8,14,16,18,10,12,-1,+2,+3,+4,0,+1,"Darkvision,Gnome Cunning,Opportunity Attack,Shortened Stride",,
Ward Pistle,Balanced,5,54,13,+2,+3,,,,,,,,,,,,Full Resistance,,,,12,15,12,10,12,12,+1,+2,+1,0,+1,+1,"Duergar Resilience,Dwarven Resilience,Extra Attack,Opportunity Attack,Sunlight Sensitivity,Superior Darkvision",,
Ward Pistle,Tactician,5,65,13,+2,+3,,,,,,,,,,,,Full Resistance,,,,12,15,12,10,12,12,+1,+2,+1,0,+1,+1,"Duergar Resilience,Dwarven Resilience,Extra Attack,Opportunity Attack,Sunlight Sensitivity,Superior Darkvision",,
Warrior Plagg,Balanced,2,15,13,+1,+2,,,,,,,,,,,,,,,,12,13,11,10,8,8,+1,+1,0,0,-1,-1,"Darkvision,Opportunity Attack",,
Warrior Plagg,Explorer,2,10,13,+1,+4,,,,,,,,,,,,,,,,12,13,11,10,8,8,+1,+1,0,0,-1,-1,"Darkvision,Opportunity Attack",,
Warrior Plagg,Tactician,2,19,13,+1,+2,,,,,,,,,,,,,,,,12,13,11,10,8,8,+1,+1,0,0,-1,-1,"Darkvision,Fury of the Small,Opportunity Attack",,
Warrior Plagg,Honour,2,23,13,+1,+2,,,,,,,,,,,,,,,,12,13,11,10,8,8,+1,+1,0,0,-1,-1,"Darkvision,Fury of the Small,Opportunity Attack",,
Warrior Plig,Balanced,2,15,13,+1,+2,,,,,,,,,,,,,,,,12,13,11,10,8,8,+1,+1,0,0,-1,-1,"Darkvision,Opportunity Attack",,
Warrior Plig,Explorer,2,10,13,+1,+4,,,,,,,,,,,,,,,,12,13,11,10,8,8,+1,+1,0,0,-1,-1,"Darkvision,Opportunity Attack",,
Warrior Plig,Tactician,2,19,13,+1,+2,,,,,,,,,,,,,,,,12,13,11,10,8,8,+1,+1,0,0,-1,-1,"Darkvision,Fury of the Small,Opportunity Attack",,
Warrior Plig,Honour,2,23,13,+1,+2,,,,,,,,,,,,,,,,12,13,11,10,8,8,+1,+1,0,0,-1,-1,"Darkvision,Fury of the Small,Opportunity Attack",,
Ploughman Zakk,Balanced,1,6,10,0,+2,,,,,,,,,,,,,,,,10,10,10,10,10,10,0,0,0,0,0,0,Opportunity Attack,,
Ploughman Zakk,Explorer,1,4,10,0,+4,,,,,,,,,,,,,,,,10,10,10,10,10,10,0,0,0,0,0,0,Opportunity Attack,,
Ploughman Zakk,Tactician,1,7,10,0,+2,,,,,,,,,,,,,,,,10,10,10,10,10,10,0,0,0,0,0,0,Opportunity Attack,,
Fist of Bane Polandulus,Balanced,10,62,18,0,+4,,,,,,,,,,,,,,,,19,11,13,10,12,11,+4,0,+1,0,+1,0,"Extra Attack,Opportunity Attack,Tactical Discipline",,
Fist of Bane Polandulus,Explorer,10,43,18,0,+6,,,,,,,,,,,,,,,,19,11,13,10,12,11,+4,0,+1,0,+1,0,"Extra Attack,Opportunity Attack,Tactical Discipline",,
Fist of Bane Polandulus,Tactician,10,80,18,0,+4,,,,,,,,,,,,,,,,19,11,13,10,12,11,+4,0,+1,0,+1,0,"Extra Attack,Opportunity Attack,Tactical Discipline",,
Pollo the Muscle,Balanced,10,94,17,+2,+4,,,,,,,,,,,,,,,,18,14,16,10,10,11,+8,+2,+7,0,0,0,"Alert,Darkvision,Extra Attack,Fey Ancestry,Duelling,Improved Combat Superiority,Opportunity Attack",,
Pollo the Muscle,Explorer,10,65,17,+2,+6,,,,,,,,,,,,,,,,18,14,16,10,10,11,+10,+2,+9,0,0,0,"Alert,Darkvision,Extra Attack,Fey Ancestry,Duelling,Improved Combat Superiority,Opportunity Attack",,
Pollo the Muscle,Tactician,10,122,17,+2,+4,,,,,,,,,,,,,,,,18,14,16,10,10,11,+8,+2,+7,0,0,0,"Alert,Darkvision,Extra Attack,Fey Ancestry,Duelling,Improved Combat Superiority,Opportunity Attack",,
Pompton Norvath,Balanced,1,6,1,0,+2,,,,,,,,,,,,,,,,10,10,10,10,10,10,0,0,0,0,0,0,Opportunity Attack,,
Pompton Norvath,Explorer,1,4,1,0,+4,,,,,,,,,,,,,,,,10,10,10,10,10,10,0,0,0,0,0,0,Opportunity Attack,,
Pompton Norvath,Tactician,1,7,1,0,+2,,,,,,,,,,,,,,,,10,10,10,10,10,10,0,0,0,0,0,0,Opportunity Attack,,
Pookums,Balanced,1,6,10,0,+2,,,,,,,,,,,,,,,,10,10,10,10,10,10,0,0,0,0,0,0,Opportunity Attack,,
Pookums,Explorer,1,6,10,0,+4,,,,,,,,,,,,,,,,10,10,10,10,10,10,0,0,0,0,0,0,Opportunity Attack,,
Pookums,Tactician,1,6,10,0,+2,,,,,,,,,,,,,,,,10,10,10,10,10,10,0,0,0,0,0,0,Opportunity Attack,,
Fist Poole,Balanced,8,64,18,+1,+3,,,,,,,,,,,,,,,,21,13,17,10,12,8,+8,+1,+6,0,+1,-1,"Extra Attack,Opportunity Attack,Protection",,
Fist Poole,Explorer,8,59,18,+1,+5,,,,,,,,,,,,,,,,21,13,17,10,12,8,+10,+1,+8,0,+1,-1,"Extra Attack,Opportunity Attack,Protection",,
Fist Poole,Tactician,8,68,18,+1,+3,,,,,,,,,,,,,,,,21,13,17,10,12,8,+8,+1,+6,0,+1,-1,"Extra Attack,Opportunity Attack,Protection",,
Saer Preciosa,Balanced,1,6,10,0,+2,,,,,,,,,,,,,,,,10,10,10,10,10,10,0,0,0,0,0,0,"Darkvision,Fey Ancestry,Opportunity Attack",,
Saer Preciosa,Explorer,1,4,10,0,+4,,,,,,,,,,,,,,,,10,10,10,10,10,10,0,0,0,0,0,0,"Darkvision,Fey Ancestry,Opportunity Attack",,
Saer Preciosa,Tactician,1,7,10,0,+2,,,,,,,,,,,,,,,,10,10,10,10,10,10,0,0,0,0,0,0,"Darkvision,Fey Ancestry,Opportunity Attack",,
Pritt Yellowbreath,Balanced,1,8,10,0,+2,,,,,,,,,,,,,,,,10,10,10,10,10,10,0,0,0,0,0,0,"Opportunity Attack,Toggle Non-Lethal Attacks",,
Pritt Yellowbreath,Explorer,1,16,10,0,+4,,,,,,,,,,,,,,,,10,10,10,10,10,10,0,0,0,0,0,0,"Opportunity Attack,Toggle Non-Lethal Attacks",,
Pritt Yellowbreath,Tactician,1,8,10,0,+2,,,,,,,,,,,,,,,,10,10,10,10,10,10,0,0,0,0,0,0,"Opportunity Attack,Toggle Non-Lethal Attacks",,
Proselyte of Mahkloompah,Balanced,4,48,15,+2,+2,,,Full Resistance,Full Resistance,Full Resistance,,,,,,,,,,,16,14,13,11,10,8,+3,+2,+1,0,0,-1,"Darkvision,Evasion,Fishfolk Faithful,Opportunity Attack,Sunlight Sensitivity",Invigorating Fanaticism,
Proselyte of Mahkloompah,Explorer,4,33,15,+2,+4,,,Full Resistance,Full Resistance,Full Resistance,,,,,,,,,,,16,14,13,11,10,8,+3,+2,+1,0,0,-1,"Darkvision,Evasion,Fishfolk Faithful,Opportunity Attack,Sunlight Sensitivity",Invigorating Fanaticism,
Proselyte of Mahkloompah,Tactician,4,62,15,+2,+2,,,Full Resistance,Full Resistance,Full Resistance,,,,,,,,,,,16,14,13,11,10,8,+3,+2,+1,0,0,-1,"Darkvision,Evasion,Fishfolk Faithful,Opportunity Attack,Sunlight Sensitivity",Invigorating Fanaticism,
Ptaris,Balanced,12,156,12,+5,+4,,,,,,,,,,,,,,,,18,20,20,24,14,14,+4,+5,+5,+7,+2,+2,"Opportunity Attack,Psionic Skin,Shunt Through Space,Unnatural Growth",,
Ptaris,Explorer,12,109,12,+5,+6,,,,,,,,,,,,,,,,18,20,20,24,14,14,+4,+5,+5,+7,+2,+2,"Opportunity Attack,Psionic Skin,Shunt Through Space,Unnatural Growth",,
Ptaris,Tactician,12,202,12,+5,+4,,,,,,,,,,,,,,,,18,20,20,24,14,14,+4,+5,+5,+7,+2,+2,"Alert,Opportunity Attack,Psionic Skin,Shunt Through Space,Unnatural Growth",Legendary Resistance,
Ptaris,Honour,12,202,12,+5,+4,,,,,,,,,,,,,,,,18,20,20,24,14,14,+4,+5,+5,+7,+2,+2,"Alert,Legendary Action: Ptarian Dogma,Opportunity Attack,Psionic Skin,Shunt Through Space,Unnatural Growth","Legendary Action: Ptarian Dogma,Legendary Resistance",Legendary Action: Ptarian Dogma
Warrior Puce,Balanced,2,15,13,+1,+2,,,,,,,,,,,,,,,,12,13,11,10,8,8,+1,+1,0,0,-1,-1,"Darkvision,Opportunity Attack",,
Warrior Puce,Explorer,2,10,13,+1,+4,,,,,,,,,,,,,,,,12,13,11,10,8,8,+1,+1,0,0,-1,-1,"Darkvision,Opportunity Attack",,
Warrior Puce,Tactician,2,19,13,+1,+2,,,,,,,,,,,,,,,,12,13,11,10,8,8,+1,+1,0,0,-1,-1,"Darkvision,Fury of the Small,Opportunity Attack",,
Warrior Puce,Honour,2,23,13,+1,+2,,,,,,,,,,,,,,,,12,13,11,10,8,8,+1,+1,0,0,-1,-1,"Darkvision,Fury of the Small,Opportunity Attack",,
Tracker Puli,Balanced,1,7,13,+2,+2,,,,,,,,,,,,,,,,10,14,10,10,8,8,0,+2,0,0,-1,-1,"Darkvision,Opportunity Attack",Slightly Drunk,
Tracker Puli,Explorer,1,4,13,+2,+4,,,,,,,,,,,,,,,,10,14,10,10,8,8,0,+2,0,0,-1,-1,"Darkvision,Opportunity Attack",Slightly Drunk,
Tracker Puli,Tactician,1,9,13,+2,+2,,,,,,,,,,,,,,,,10,14,10,10,8,8,0,+2,0,0,-1,-1,"Darkvision,Fury of the Small,Opportunity Attack",Slightly Drunk,
Tracker Puli,Honour,1,11,13,+2,+2,,,,,,,,,,,,,,,,10,14,10,10,8,8,0,+2,0,0,-1,-1,"Darkvision,Fury of the Small,Opportunity Attack",Slightly Drunk,
Pumler Grejit,Balanced,9,68,16,+1,+4,,,,,,,,,,,,,,,,19,12,14,12,12,14,+8,+1,+6,+1,+1,+2,"Extra Attack,Opportunity Attack,Scar of Fury",,
Pumler Grejit,Explorer,9,47,16,+1,+6,,,,,,,,,,,,,,,,19,12,14,12,12,14,+10,+1,+8,+1,+1,+2,"Extra Attack,Opportunity Attack,Scar of Fury",,
Pumler Grejit,Tactician,9,88,16,+1,+4,,,,,,,,,,,,,,,,19,12,14,12,12,14,+8,+1,+6,+1,+1,+2,"Extra Attack,Opportunity Attack,Scar of Fury",,
Punkins,Balanced,1,6,10,0,+2,,,,,,,,,,,,,,,,10,10,10,10,10,10,0,0,0,0,0,0,Opportunity Attack,,
Punkins,Explorer,1,6,10,0,+4,,,,,,,,,,,,,,,,10,10,10,10,10,10,0,0,0,0,0,0,Opportunity Attack,,
Punkins,Tactician,1,6,10,0,+2,,,,,,,,,,,,,,,,10,10,10,10,10,10,0,0,0,0,0,0,Opportunity Attack,,
Youth Pyrindath,Balanced,3,22,11,+1,+2,,,,,,,,,,,,,,,,14,12,12,10,8,8,+2,+1,+1,0,-1,-1,Opportunity Attack,,
Youth Pyrindath,Explorer,3,15,11,+1,+4,,,,,,,,,,,,,,,,14,12,12,10,8,8,+2,+1,+1,0,-1,-1,Opportunity Attack,,
Youth Pyrindath,Tactician,3,28,11,+1,+2,,,,,,,,,,,,,,,,14,12,12,10,8,8,+2,+1,+1,0,-1,-1,Opportunity Attack,,
Pythonicus,Balanced,1,8,10,0,+2,,,,,,,,,,,,,,,,10,10,10,10,10,10,0,0,0,0,0,0,"Opportunity Attack,Toggle Non-Lethal Attacks",,
Pythonicus,Explorer,1,16,10,0,+4,,,,,,,,,,,,,,,,10,10,10,10,10,10,0,0,0,0,0,0,"Opportunity Attack,Toggle Non-Lethal Attacks",,
Warrior Qen,Balanced,5,41,17,+2,+3,,,,,,,,,,,,,,,,17,14,15,10,12,10,+6,+2,+5,0,+1,0,"Extra Attack,Githyanki Parry,Opportunity Attack",,
Warrior Qen,Explorer,5,28,17,+2,+5,,,,,,,,,,,,,,,,17,14,15,10,12,10,+8,+2,+7,0,+1,0,"Extra Attack,Githyanki Parry,Opportunity Attack",,
Warrior Qen,Tactician,5,53,17,+2,+3,,,,,,,,,,,,,,,,17,14,15,10,12,10,+6,+2,+5,0,+1,0,"Extra Attack,Githyanki Parry,Great Weapon Fighting,Opportunity Attack,Psionic Empowerment",,
Fist Qirahe,Balanced,8,63,16,+1,+3,,,,,,,,,,,,,,,,21,13,17,10,12,8,+8,+1,+7,0,+1,-1,"Extra Attack,Great Weapon Fighting,Opportunity Attack,Phalanx Formation,Riposte",,
Fist Qirahe,Tactician,8,65,16,+1,+3,,,,,,,,,,,,,,,,21,13,17,10,12,8,+8,+1,+7,0,+1,-1,"Extra Attack,Great Weapon Fighting,Opportunity Attack,Phalanx Formation,Riposte",,
Devilish Qora,Balanced,8,65,15,+1,+3,,,,,,,,,,,,,,,,20,12,17,10,10,12,+8,+1,+6,0,0,+1,"Dual Wielder,Darkvision,Extra Attack,Hellish Resistance,Improved Extra Attack,Riposte,Two-Weapon Fighting",,
Devilish Qora,Explorer,8,45,15,+1,+5,,,,,,,,,,,,,,,,20,12,17,10,10,12,+10,+1,+8,0,0,+1,"Dual Wielder,Darkvision,Extra Attack,Hellish Resistance,Improved Extra Attack,Riposte,Two-Weapon Fighting",,
Devilish Qora,Tactician,8,84,15,+1,+3,,,,,,,,,,,,,,,,20,12,17,10,10,12,+8,+1,+6,0,0,+1,"Dual Wielder,Darkvision,Extra Attack,Hellish Resistance,Improved Extra Attack,Riposte,Two-Weapon Fighting",,
Ardent Qu'th,Balanced,5,28,12,+2,+3,,,,,,,,,,,,,,,,10,14,16,16,14,10,0,+2,+6,+6,+5,0,"Extra Attack,Opportunity Attack",,
Ardent Qu'th,Explorer,5,19,12,+2,+5,,,,,,,,,,,,,,,,10,14,16,16,14,10,0,+2,+8,+8,+7,0,"Extra Attack,Opportunity Attack",,
Ardent Qu'th,Tactician,5,36,12,+2,+3,,,,,,,,,,,,,,,,10,14,16,16,14,10,0,+2,+6,+6,+5,0,"Extra Attack,Opportunity Attack,Potent Cantrip,Psionic Empowerment",,
Queelia Arvis,Balanced,1,6,10,0,+2,,,,,,,,,,,,,,,,10,10,10,10,10,10,0,0,0,0,0,0,Opportunity Attack,,
Queelia Arvis,Explorer,1,4,10,0,+4,,,,,,,,,,,,,,,,10,10,10,10,10,10,0,0,0,0,0,0,Opportunity Attack,,
Queelia Arvis,Tactician,1,7,10,0,+2,,,,,,,,,,,,,,,,10,10,10,10,10,10,0,0,0,0,0,0,Opportunity Attack,,
Quelenna,Balanced,2,13,10,0,+2,,,,,,,,,,,,,,,,9,11,10,14,12,10,-1,0,0,+4,+3,0,"Darkvision,Fey Ancestry,Opportunity Attack",,
Quelenna,Explorer,2,9,10,0,+2,,,,,,,,,,,,,,,,9,11,10,14,12,10,-1,0,0,+4,+3,0,"Darkvision,Fey Ancestry",,
Quelenna,Tactician,2,16,10,0,+2,,,,,,,,,,,,,,,,9,11,10,14,12,10,-1,0,0,+4,+3,0,"Darkvision,Fey Ancestry,Opportunity Attack",,
Captain Grisly,Balanced,8,64,17,+4,+3,,,,,,,,,,,,,,,,12,18,12,12,10,10,+1,+7,+1,+4,0,0,"Evasion,Opportunity Attack,Superior Padding (-1),Uncanny Dodge",,
Captain Grisly,Explorer,8,44,17,+4,+5,,,,,,,,,,,,,,,,12,18,12,12,10,10,+1,+9,+1,+6,0,0,"Evasion,Opportunity Attack,Superior Padding (-1),Uncanny Dodge",,
Captain Grisly,Tactician,8,83,17,+4,+3,,,,,,,,,,,,,,,,12,18,12,12,10,10,+1,+7,+1,+4,0,0,"Evasion,Opportunity Attack,Superior Padding (-1),Uncanny Dodge",,
Fist Quickstitch,Balanced,8,62,16,+1,+3,,,,,,,,,,,,,,,,21,13,17,10,12,8,+8,+1,+7,0,+1,-1,"Opportunity Attack,Extra Attack,Great Weapon Fighting,Riposte,Phalanx Formation",,
Fist Quickstitch,Explorer,8,43,16,+1,+5,,,,,,,,,,,,,,,,21,13,17,10,12,8,+10,+1,+9,0,+1,-1,"Opportunity Attack,Extra Attack,Great Weapon Fighting,Riposte,Phalanx Formation",,
Fist Quickstitch,Tactician,8,80,16,+1,+3,,,,,,,,,,,,,,,,21,13,17,10,12,8,+8,+1,+7,0,+1,-1,"Opportunity Attack,Extra Attack,Great Weapon Fighting,Riposte,Phalanx Formation",,
Quil Grootslang,Balanced,1,20,10,0,+2,,,,,,,,Full Resistance,,,,,,,,12,10,12,16,12,12,+1,0,+1,+5,+3,+1,"Darkvision,Hellish Resistance,Opportunity Attack",,
Quil Grootslang,Explorer,1,14,10,0,+4,,,,,,,,Full Resistance,,,,,,,,12,10,12,16,12,12,+1,0,+1,+7,+5,+1,"Darkvision,Hellish Resistance,Opportunity Attack",,
Quil Grootslang,Tactician,1,26,10,0,+2,,,,,,,,Full Resistance,,,,,,,,12,10,12,16,12,12,+1,0,+1,+5,+3,+1,"Darkvision,Hellish Resistance,Opportunity Attack",,
Quinara,Balanced,,8,10,0,,,,,,,,,,,,,,,,,10,10,10,10,10,10,0,0,0,0,0,0,"Darkvision,Hellish Resistance,Opportunity Attack",,
Quinara,Explorer,,5,10,0,,,,,,,,,,,,,,,,,10,10,10,10,10,10,0,0,0,0,0,0,"Darkvision,Hellish Resistance,Opportunity Attack",,
Quinara,Tactician,,10,10,0,,,,,,,,,,,,,,,,,10,10,10,10,10,10,0,0,0,0,0,0,"Darkvision,Hellish Resistance,Opportunity Attack",,
Youth Qun'irel,Balanced,3,22,11,+1,+2,,,,,,,,,,,,,,,,14,12,12,10,8,8,+2,+1,+1,0,-1,-1,Opportunity Attack,,
Youth Qun'irel,Explorer,3,15,11,+1,+4,,,,,,,,,,,,,,,,14,12,12,10,8,8,+2,+1,+1,0,-1,-1,Opportunity Attack,,
Youth Qun'irel,Tactician,3,28,11,+1,+2,,,,,,,,,,,,,,,,14,12,12,10,8,8,+2,+1,+1,0,-1,-1,Opportunity Attack,,
Raider Ra'gur,Balanced,5,32,15,+3,+3,,,,,,,,,,,,,,,,10,17,14,10,12,10,+3,+3,+5,0,+1,0,"Crossbow Expert: Point-Blank,Crossbow Expert: Wounding,Extra Attack,Opportunity Attack",,
Raider Ra'gur,Explorer,5,22,15,+3,+5,,,,,,,,,,,,,,,,10,17,14,10,12,10,+5,+3,+7,0,+1,0,"Crossbow Expert: Point-Blank,Crossbow Expert: Wounding,Extra Attack,Opportunity Attack",,
Raider Ra'gur,Tactician,5,41,15,+3,+3,,,,,,,,,,,,,,,,10,17,14,10,12,10,+3,+3,+5,0,+1,0,"Archery,Crossbow Expert: Point-Blank,Crossbow Expert: Wounding,Extra Attack,Opportunity Attack,Psionic Empowerment",,
Ra'jak,Balanced,1,1,10,0,+2,,,,,,,,,,,,,,,,10,10,10,10,10,10,0,0,0,0,0,0,Opportunity Attack,,
Ra'jak,Tactician,1,6,10,0,+2,,,,,,,,,,,,,,,,10,10,10,10,10,10,0,0,0,0,0,0,Opportunity Attack,,
Sharp-Eye Raagg,Balanced,2,12,13,+2,+2,,,,,,,,,,,,,,,,10,14,10,10,8,8,0,+2,0,0,-1,-1,"Darkvision,Opportunity Attack","Slightly Drunk,Sleeping",
Sharp-Eye Raagg,Explorer,2,8,13,+2,+4,,,,,,,,,,,,,,,,10,14,10,10,8,8,0,+2,0,0,-1,-1,"Darkvision,Opportunity Attack","Slightly Drunk,Sleeping",
Sharp-Eye Raagg,Tactician,2,15,13,+2,+2,,,,,,,,,,,,,,,,10,14,10,10,8,8,0,+2,0,0,-1,-1,"Darkvision,Fury of the Small,Opportunity Attack","Slightly Drunk,Sleeping",
Sharp-Eye Raagg,Honour,2,19,13,+2,+2,,,,,,,,,,,,,,,,10,14,10,10,8,8,0,+2,0,0,-1,-1,"Darkvision,Fury of the Small,Opportunity Attack","Slightly Drunk,Sleeping",
Rabbelle,Balanced,1,6,10,0,+2,,,,,,,,,,,,,,,,10,10,10,10,10,10,0,0,0,0,0,0,Opportunity Attack,,
Rabbelle,Explorer,1,4,10,0,+4,,,,,,,,,,,,,,,,10,10,10,10,10,10,0,0,0,0,0,0,Opportunity Attack,,
Rabbelle,Tactician,1,7,10,0,+2,,,,,,,,,,,,,,,,10,10,10,10,10,10,0,0,0,0,0,0,Opportunity Attack,,
Racha,Balanced,1,9,13,+1,+2,,,,,,,,,,,,,,,,10,13,10,10,8,8,0,+1,0,0,-1,-1,"Darkvision,Opportunity Attack",,
Racha,Explorer,1,6,13,+1,+4,,,,,,,,,,,,,,,,10,13,10,10,8,8,0,+1,0,0,-1,-1,"Darkvision,Opportunity Attack",,
Racha,Tactician,1,11,13,+1,+2,,,,,,,,,,,,,,,,10,13,10,10,8,8,0,+1,0,0,-1,-1,"Darkvision,Fury of the Small,Opportunity Attack",,
Racha,Honour,1,14,13,+1,+2,,,,,,,,,,,,,,,,10,13,10,10,8,8,0,+1,0,0,-1,-1,"Darkvision,Fury of the Small,Opportunity Attack",,
Radija,Balanced,8,63,15,+2,+3,,,,,,,,,,,,,,,,10,14,17,19,14,13,0,+2,+3,+7,+5,+1,"Extra Attack,Grave Magic,Opportunity Attack,Tenacity",Mage Armour,
Radija,Explorer,8,44,15,+2,+5,,,,,,,,,,,,,,,,10,14,17,19,14,13,0,+2,+3,+9,+7,+1,"Extra Attack,Grave Magic,Opportunity Attack,Tenacity",Mage Armour,
Radija,Tactician,8,81,15,+2,+3,,,,,,,,,,,,,,,,10,14,17,19,14,13,0,+2,+3,+7,+5,+1,"Extra Attack,Grave Magic,Opportunity Attack,Sculpt Spells,Tenacity",Mage Armour,
Rags Deelarma,Balanced,,8,10,0,,,,,,,,,,,,,,,,,10,10,10,10,10,10,0,0,0,0,0,0,Opportunity Attack,,
Seawind Raheni,Balanced,11,54,14,+3,+4,,,,,,,,,,Full Resistance,,,,,,12,16,12,16,15,12,+1,+3,+1,+7,+6,+1,Opportunity Attack,,
Seawind Raheni,Explorer,11,37,14,+3,+6,,,,,,,,,,Full Resistance,,,,,,12,16,12,16,15,12,+1,+3,+1,+9,+8,+1,Opportunity Attack,,
Seawind Raheni,Tactician,11,70,14,+3,+4,,,,,,,,,,Full Resistance,,,,,,12,16,12,16,15,12,+1,+3,+1,+7,+6,+1,Opportunity Attack,,
Fist Rahir,Balanced,6,48,16,+3,+3,,,,,,,,,,,,,,,,12,16,12,12,14,10,+4,+6,+1,+1,+2,0,"Extra Attack,Opportunity Attack",,
Fist Rahir,Explorer,6,33,16,+3,+5,,,,,,,,,,,,,,,,12,16,12,12,14,10,+6,+8,+1,+1,+2,0,"Extra Attack,Opportunity Attack",,
Fist Rahir,Tactician,6,62,16,+3,+3,,,,,,,,,,,,,,,,12,16,12,12,14,10,+4,+6,+1,+1,+2,0,"Extra Attack,Opportunity Attack",,
Githyanki Raider,Balanced,5,32,15,+3,+3,,,,,,,,,,,,,,,,10,17,14,10,12,10,+3,+3,+5,0,+1,0,"Crossbow Expert: Point-Blank,Crossbow Expert: Wounding,Extra Attack,Opportunity Attack",,
Githyanki Raider,Explorer,5,22,15,+3,+5,,,,,,,,,,,,,,,,10,17,14,10,12,10,+5,+3,+7,0,+1,0,"Crossbow Expert: Point-Blank,Crossbow Expert: Wounding,Extra Attack,Opportunity Attack",,
Githyanki Raider,Tactician,5,41,15,+3,+3,,,,,,,,,,,,,,,,10,17,14,10,12,10,+3,+3,+5,0,+1,0,"Archery,Crossbow Expert: Point-Blank,Crossbow Expert: Wounding,Extra Attack,Opportunity Attack,Psionic Empowerment",,
Rakath Glitterbeard,Balanced,7,72,12,+2,+3,,,,,,,,,,,,Full Resistance,,,,11,15,14,18,10,13,0,+2,+2,+7,+3,+1,"Darkvision,Dwarven Resilience,Opportunity Attack",,
Rakath Glitterbeard,Explorer,7,50,12,+2,+5,,,,,,,,,,,,Full Resistance,,,,11,15,14,18,10,13,0,+2,+2,+9,+5,+1,"Darkvision,Dwarven Resilience,Opportunity Attack",,
Rakath Glitterbeard,Tactician,7,93,12,+2,+3,,,,,,,,,,,,Full Resistance,,,,11,15,14,18,10,13,0,+2,+2,+7,+3,+1,"Darkvision,Dwarven Resilience,Opportunity Attack",,
Ramona Flintsplitter,Balanced,1,8,10,0,+2,,,,,,,,,,,,Full Resistance,,,,10,10,10,10,10,10,0,0,0,0,0,0,"Darkvision,Dwarven Resilience,Opportunity Attack",,
Ramona Flintsplitter,Explorer,1,5,10,0,+2,,,,,,,,,,,,Full Resistance,,,,10,10,10,10,10,10,0,0,0,0,0,0,"Darkvision,Dwarven Resilience,Opportunity Attack",,
Ramona Flintsplitter,Tactician,1,10,10,0,+2,,,,,,,,,,,,Full Resistance,,,,10,10,10,10,10,10,0,0,0,0,0,0,"Darkvision,Dwarven Resilience,Opportunity Attack",,
Brawler Rancer,Balanced,1,9,13,+1,+2,,,,,,,,,,,,,,,,12,13,10,10,8,8,+1,+1,0,0,-1,-1,"Darkvision,Opportunity Attack",Slightly Drunk,
Brawler Rancer,Explorer,1,6,13,+1,+4,,,,,,,,,,,,,,,,12,13,10,10,8,8,+1,+1,0,0,-1,-1,"Darkvision,Opportunity Attack",Slightly Drunk,
Brawler Rancer,Tactician,1,11,13,+1,+2,,,,,,,,,,,,,,,,12,13,10,10,8,8,+1,+1,0,0,-1,-1,"Darkvision,Fury of the Small,Opportunity Attack",Slightly Drunk,
Brawler Rancer,Honour,1,14,13,+1,+2,,,,,,,,,,,,,,,,12,13,10,10,8,8,+1,+1,0,0,-1,-1,"Darkvision,Fury of the Small,Opportunity Attack",Slightly Drunk,
Randalf,Balanced,,8,10,0,,,,,,,,,,,,,,,,,10,10,10,10,10,10,0,0,0,0,0,0,"Brave,Halfling Luck,Opportunity Attack",,
Randalf,Explorer,,5,10,0,,,,,,,,,,,,,,,,,10,10,10,10,10,10,0,0,0,0,0,0,"Brave,Halfling Luck,Opportunity Attack",,
Randalf,Tactician,,10,10,0,,,,,,,,,,,,,,,,,10,10,10,10,10,10,0,0,0,0,0,0,"Brave,Halfling Luck,Opportunity Attack",,
Randolf Vammas,Balanced,1,6,10,0,+2,,,,,,,,,,,,,,,,10,10,10,10,10,10,0,0,0,0,0,0,Opportunity Attack,,
Randolf Vammas,Explorer,1,4,10,0,+4,,,,,,,,,,,,,,,,10,10,10,10,10,10,0,0,0,0,0,0,Opportunity Attack,,
Randolf Vammas,Tactician,1,7,10,0,+2,,,,,,,,,,,,,,,,10,10,10,10,10,10,0,0,0,0,0,0,Opportunity Attack,,
Rascal Borys,Balanced,1,6,10,0,+2,,,,,,,,Full Resistance,,,,,,,,10,10,10,10,10,10,0,0,0,0,0,0,"Darkvision,Hellish Resistance",,
Rascal Borys,Explorer,1,6,10,0,+4,,,,,,,,Full Resistance,,,,,,,,10,10,10,10,10,10,0,0,0,0,0,0,"Darkvision,Hellish Resistance",,
Rascal Borys,Tactician,1,6,10,0,+2,,,,,,,,Full Resistance,,,,,,,,10,10,10,10,10,10,0,0,0,0,0,0,"Darkvision,Hellish Resistance",,
Rath,Balanced,4,31,12,0,+2,,,,,,,,,,,,,,,,12,10,14,12,18,10,+1,0,+2,+3,+6,0,"Opportunity Attack,Tenacity",,
Rath,Explorer,4,21,12,0,+4,,,,,,,,,,,,,,,,12,10,14,12,18,10,+1,0,+2,+5,+8,0,"Opportunity Attack,Tenacity",,
Rath,Tactician,4,40,12,0,+2,,,,,,,,,,,,,,,,12,10,14,12,18,10,+1,0,+2,+3,+6,0,"Opportunity Attack,Tenacity",,
Raylen Jannath,Balanced,1,6,10,0,+2,,,,,,,,,,,,,,,,10,10,10,10,10,10,0,0,0,0,0,0,Opportunity Attack,,
Raylen Jannath,Explorer,1,4,10,0,+4,,,,,,,,,,,,,,,,10,10,10,10,10,10,0,0,0,0,0,0,Opportunity Attack,,
Raylen Jannath,Tactician,1,7,10,0,+2,,,,,,,,,,,,,,,,10,10,10,10,10,10,0,0,0,0,0,0,Opportunity Attack,,
Reagan Splint,Balanced,1,8,10,0,+2,,,,,,,,,,,,,,,,10,10,10,10,10,10,0,0,0,0,0,0,Opportunity Attack,,
Reagan Splint,Explorer,1,5,10,0,+4,,,,,,,,,,,,,,,,10,10,10,10,10,10,0,0,0,0,0,0,Opportunity Attack,,
Reagan Splint,Tactician,1,10,10,0,+2,,,,,,,,,,,,,,,,10,10,10,10,10,10,0,0,0,0,0,0,Opportunity Attack,,
Rechel,Balanced,1,8,10,0,+2,,,,,,,,Full Resistance,,,,,,,,10,10,10,10,10,10,0,0,0,0,0,0,"Darkvision,Hellish Resistance,Opportunity Attack",,
Rechel,Explorer,1,5,10,0,+4,,,,,,,,Full Resistance,,,,,,,,10,10,10,10,10,10,0,0,0,0,0,0,"Darkvision,Hellish Resistance,Opportunity Attack",,
Rechel,Tactician,1,10,10,0,+2,,,,,,,,Full Resistance,,,,,,,,10,10,10,10,10,10,0,0,0,0,0,0,"Darkvision,Hellish Resistance,Opportunity Attack",,
Redhammer the Deviser,Balanced,11,80,15,+1,+4,,,,,,,,,,,,Full Resistance,,,,18,12,16,10,14,12,+8,+1,+7,0,+2,+1,"Darkvision,Dwarven Resilience,Improved Extra Attack,Opportunity Attack",,
Redhammer the Deviser,Explorer,11,56,15,+1,+6,,,,,,,,,,,,Full Resistance,,,,18,12,16,10,14,12,+10,+1,+9,0,+2,+1,"Darkvision,Dwarven Resilience,Improved Extra Attack,Opportunity Attack",,
Redhammer the Deviser,Tactician,11,104,15,+1,+4,,,,,,,,,,,,Full Resistance,,,,18,12,16,10,14,12,+8,+1,+7,0,+2,+1,"Darkvision,Dwarven Resilience,Improved Extra Attack,Opportunity Attack",,
Refugee,Balanced,4,4,10,0,+2,,,,,,,,,,,,,,,,14,11,14,12,18,14,+2,0,+2,+1,+6,+4,Opportunity Attack,Dead,
Refugee,Tactician,4,39,10,0,+2,,,,,,,,,,,,,,,,14,11,14,12,18,14,+2,0,+2,+1,+6,+4,Opportunity Attack,Dead,
Reklan,Balanced,11,72,10,0,+4,,,,,,,,,,,,,,,,12,10,10,16,12,10,+1,0,0,+7,+5,0,Opportunity Attack,Charmed,
Reklan,Explorer,11,50,10,0,+6,,,,,,,,,,,,,,,,12,10,10,16,12,10,+1,0,0,+9,+7,0,Opportunity Attack,Charmed,
Reklan,Tactician,11,93,10,0,+4,,,,,,,,,,,,,,,,12,10,10,16,12,10,+1,0,0,+7,+5,0,Opportunity Attack,Charmed,
Remira,Balanced,2,18,13,+2,+2,,,,,,,,,,,,,,,,9,14,12,12,14,10,-1,+2,+1,+1,+2,0,,,
Remira,Explorer,2,12,13,+2,+4,,,,,,,,,,,,,,,,9,14,12,12,14,10,-1,+2,+1,+1,+2,0,,,
Remira,Tactician,2,23,13,+2,+2,,,,,,,,,,,,,,,,9,14,12,12,14,10,-1,+2,+1,+1,+2,0,,,
Zealot Renan,Balanced,8,70,18,0,+3,,,,,,,,,,,,,,,,18,10,16,9,11,16,+7,+3,+6,+2,+6,+9,"Divine Health,Extra Attack,Great Weapon Fighting,Opportunity Attack",Aura of Protection,
Zealot Renan,Explorer,8,49,18,0,+5,,,,,,,,,,,,,,,,18,10,16,9,11,16,+7,+3,+6,+2,+8,+11,"Divine Health,Extra Attack,Great Weapon Fighting,Opportunity Attack",Aura of Protection,
Zealot Renan,Tactician,8,91,18,0,+3,,,,,,,,,,,,,,,,18,10,16,9,11,16,+7,+3,+6,+2,+6,+9,"Divine Health,Extra Attack,Great Weapon Fighting,Opportunity Attack",Aura of Protection,
Fist Reynash,Balanced,10,43,11,+1,+4,,,,,,,,,,,,,,,,8,13,16,20,10,12,-1,+1,+3,+9,+4,+1,"Darkvision,Gnome Cunning,Opportunity Attack,Shortened Stride",,
Fist Reynash,Explorer,10,30,11,+1,+6,,,,,,,,,,,,,,,,8,13,16,20,10,12,-1,+1,+3,+11,+6,+1,"Darkvision,Gnome Cunning,Opportunity Attack,Shortened Stride",,
Fist Reynash,Tactician,10,55,11,+1,+4,,,,,,,,,,,,,,,,8,13,16,20,10,12,-1,+1,+3,+9,+4,+1,"Darkvision,Gnome Cunning,Opportunity Attack,Shortened Stride",,
Rhaneld,Balanced,1,6,10,0,+2,,,,,,,,,,,,,,,,10,10,10,10,10,10,0,0,0,0,0,0,Opportunity Attack,,
Rhaneld,Explorer,1,6,10,0,+4,,,,,,,,,,,,,,,,10,10,10,10,10,10,0,0,0,0,0,0,Opportunity Attack,,
Rhaneld,Tactician,1,6,10,0,+2,,,,,,,,,,,,,,,,10,10,10,10,10,10,0,0,0,0,0,0,Opportunity Attack,,
Fist Rhed,Balanced,7,60,15,+1,+3,,,,,,,,,,,,Full Resistance,,,,18,12,14,10,12,12,+7,+1,+5,0,+1,+1,"Extra Attack,Darkvision,Dwarven Resilience,Opportunity Attack",,
Fist Rhed,Explorer,7,42,15,+1,+5,,,,,,,,,,,,Full Resistance,,,,18,12,14,10,12,12,+9,+1,+7,0,+1,+1,"Extra Attack,Darkvision,Dwarven Resilience,Opportunity Attack",,
Fist Rhed,Tactician,7,78,15,+1,+3,,,,,,,,,,,,Full Resistance,,,,18,12,14,10,12,12,+7,+1,+5,0,+1,+1,"Extra Attack,Darkvision,Dwarven Resilience,Opportunity Attack",,
Youth Rheg'zel,Balanced,3,22,11,+1,+2,,,,,,,,,,,,,,,,14,12,12,10,8,8,+2,+1,+1,0,-1,-1,Opportunity Attack,,
Youth Rheg'zel,Explorer,3,15,11,+1,+4,,,,,,,,,,,,,,,,14,12,12,10,8,8,+2,+1,+1,0,-1,-1,Opportunity Attack,,
Youth Rheg'zel,Tactician,3,28,11,+1,+2,,,,,,,,,,,,,,,,14,12,12,10,8,8,+2,+1,+1,0,-1,-1,Opportunity Attack,,
Rhett,Balanced,,5,10,0,,,,,,,,,,,,,,,,,10,10,10,10,10,10,0,0,0,0,0,0,Opportunity Attack,,
Rhett,Explorer,,3,10,0,,,,,,,,,,,,,,,,,10,10,10,10,10,10,0,0,0,0,0,0,Opportunity Attack,,
Rhett,Tactician,,6,10,0,,,,,,,,,,,,,,,,,10,10,10,10,10,10,0,0,0,0,0,0,Opportunity Attack,,
Queen Rhol - the Despoiler,Balanced,1,8,10,0,+2,,,,,,,,,,,,,,,,10,10,10,10,10,10,0,0,0,0,0,0,"Darkvision,Hellish Resistance,Opportunity Attack",,
Queen Rhol - the Despoiler,Explorer,1,5,10,0,+4,,,,,,,,,,,,,,,,10,10,10,10,10,10,0,0,0,0,0,0,"Darkvision,Hellish Resistance,Opportunity Attack",,
Queen Rhol - the Despoiler,Tactician,1,10,10,0,+2,,,,,,,,,,,,,,,,10,10,10,10,10,10,0,0,0,0,0,0,"Darkvision,Hellish Resistance,Opportunity Attack",,
Rhy,Balanced,1,8,10,0,+2,,,,,,,,Full Resistance,,,,,,,,10,10,10,10,10,10,0,0,0,0,0,0,"Darkvision,Hellish Resistance,Opportunity Attack",,
Rhy,Explorer,1,5,10,0,+4,,,,,,,,Full Resistance,,,,,,,,10,10,10,10,10,10,0,0,0,0,0,0,"Darkvision,Hellish Resistance,Opportunity Attack",,
Rhy,Tactician,1,10,10,0,+2,,,,,,,,Full Resistance,,,,,,,,10,10,10,10,10,10,0,0,0,0,0,0,"Darkvision,Hellish Resistance,Opportunity Attack",,
Gate Master Ri'zel,Balanced,5,24,13,+1,+3,,,,,,,,,,,,,,,,10,12,16,18,14,12,0,+1,+6,+7,+5,+1,Opportunity Attack,"Mage Armour,Astral Conduit",
Gate Master Ri'zel,Explorer,5,16,13,+1,+5,,,,,,,,,,,,,,,,10,12,16,18,14,12,0,+1,+8,+9,+7,+1,Opportunity Attack,"Mage Armour,Astral Conduit",
Gate Master Ri'zel,Tactician,5,55,13,+1,+3,,,,,,,,,,,,,,,,10,12,16,18,14,12,0,+1,+6,+7,+5,+1,"Opportunity Attack,Psionic Empowerment","Mage Armour,Astral Conduit",
Fist Richter,Balanced,8,64,18,+1,+3,,,,,,,,,,,,,,,,21,13,17,10,12,8,+8,+1,+7,0,+1,-1,"Extra Attack,Opportunity Attack,Protection",,
Fist Richter,Explorer,8,59,18,+1,+5,,,,,,,,,,,,,,,,21,13,17,10,12,8,+10,+1,+9,0,+1,-1,"Extra Attack,Opportunity Attack,Protection",,
Fist Richter,Tactician,8,68,18,+1,+3,,,,,,,,,,,,,,,,21,13,17,10,12,8,+8,+1,+7,0,+1,-1,"Extra Attack,Opportunity Attack,Protection",,
Ricks Garven,Balanced,1,6,10,0,+2,,,,,,,,,,,,,,,,10,10,10,10,10,10,0,0,0,0,0,0,Opportunity Attack,,
Ricks Garven,Explorer,1,4,10,0,+4,,,,,,,,,,,,,,,,10,10,10,10,10,10,0,0,0,0,0,0,Opportunity Attack,,
Ricks Garven,Tactician,1,7,10,0,+2,,,,,,,,,,,,,,,,10,10,10,10,10,10,0,0,0,0,0,0,Opportunity Attack,,
Rikka,Balanced,3,23,13,+2,+2,,,,,,,,Full Resistance,,,,,,,,12,15,12,10,14,12,+3,+4,+1,0,+2,+1,"Darkvision,Hellish Resistance,Opportunity Attack",,
Rikka,Explorer,3,15,13,+2,+2,,,,,,,,Full Resistance,,,,,,,,12,15,12,10,14,12,+3,+4,+1,0,+2,+1,"Darkvision,Hellish Resistance,Opportunity Attack",,
Rikka,Tactician,3,28,13,+2,+2,,,,,,,,Full Resistance,,,,,,,,12,15,12,10,14,12,+3,+4,+1,0,+2,+1,"Darkvision,Hellish Resistance,Opportunity Attack",,
Rilia,Balanced,1,8,10,0,+2,,,,,,,,Full Resistance,,,,,,,,10,10,10,10,10,10,0,0,0,0,0,0,"Darkvision,Hellish Resistance,Opportunity Attack",,
Rilia,Explorer,1,5,10,0,+4,,,,,,,,Full Resistance,,,,,,,,10,10,10,10,10,10,0,0,0,0,0,0,"Darkvision,Hellish Resistance,Opportunity Attack",,
Rilia,Tactician,1,10,10,0,+2,,,,,,,,Full Resistance,,,,,,,,10,10,10,10,10,10,0,0,0,0,0,0,"Darkvision,Hellish Resistance,Opportunity Attack",,
Tracker Rindle,Balanced,1,7,13,+2,+2,,,,,,,,,,,,,,,,10,14,10,10,8,8,0,+2,0,0,-1,-1,"Darkvision,Opportunity Attack",,
Tracker Rindle,Explorer,1,4,13,+2,+4,,,,,,,,,,,,,,,,10,14,10,10,8,8,0,+2,0,0,-1,-1,"Darkvision,Opportunity Attack",,
Tracker Rindle,Tactician,1,9,13,+2,+2,,,,,,,,,,,,,,,,10,14,10,10,8,8,0,+2,0,0,-1,-1,"Darkvision,Fury of the Small,Opportunity Attack",,
Tracker Rindle,Honour,1,11,13,+2,+2,,,,,,,,,,,,,,,,10,14,10,10,8,8,0,+2,0,0,-1,-1,"Darkvision,Fury of the Small,Opportunity Attack",,
Rion,Balanced,11,113,13,+2,+4,,,,,,,,,,,,,,,,9,14,16,12,20,8,-1,+2,+3,+5,+9,-1,"Darkvision,Fey Ancestry,Nature's Ward,Opportunity Attack",,
Roah Moonglow,Balanced,3,25,13,+7,+2,,,,,,,,,,,,,,,,12,15,12,11,10,14,+1,+4,+1,0,0,+4,"Alert,Bardic Inspiration,Brave,Halfling Luck,Opportunity Attack",,
Roah Moonglow,Explorer,3,17,13,+7,+4,,,,,,,,,,,,,,,,12,15,12,11,10,14,+1,+6,+1,0,0,+6,"Alert,Bardic Inspiration,Brave,Halfling Luck,Opportunity Attack",,
Roah Moonglow,Tactician,3,32,13,+7,+2,,,,,,,,,,,,,,,,12,15,12,11,10,14,+1,+4,+1,0,0,+4,"Alert,Bardic Inspiration,Brave,Halfling Luck,Opportunity Attack",,
Roah Moonglow (Act Two),Balanced,6,57,14,+8,+3,,,,,,,,,,,,,,,,12,17,12,11,10,16,+1,+6,+1,0,0,+6,"Font of Inspiration,Improved Bardic Inspiration",,
Roah Moonglow (Act Two),Explorer,6,39,14,+8,+5,,,,,,,,,,,,,,,,12,17,12,11,10,16,+1,+8,+1,0,0,+8,"Font of Inspiration,Improved Bardic Inspiration",,
Roah Moonglow (Act Two),Tactician,6,64,14,+8,+3,,,,,,,,,,,,,,,,12,17,12,11,10,16,+1,+6,+1,0,0,+6,"Font of Inspiration,Improved Bardic Inspiration",,
Roah Moonglow (Act Three),Balanced,11,93,16,+10,+4,,,,,,,,,,,,,,,,12,20,12,11,10,18,+1,+9,+1,0,0,+8,"Evasion,Reliable Talent",,
Roah Moonglow (Act Three),Explorer,11,85,16,+10,+6,,,,,,,,,,,,,,,,12,20,12,11,10,18,+1,+11,+1,0,0,+10,"Evasion,Reliable Talent",,
Roah Moonglow (Act Three),Tactician,11,100,16,+10,+4,,,,,,,,,,,,,,,,12,20,12,11,10,18,+1,+9,+1,0,0,+8,"Evasion,Reliable Talent",,
Robbin Datherswick,Balanced,,8,10,0,,,,,,,,,,,,,,,,,10,10,10,10,10,10,0,0,0,0,0,0,"Brave,Halfling Luck,Opportunity Attack",,
Robbin Datherswick,Tactician,,10,10,0,,,,,,,,,,,,,,,,,10,10,10,10,10,10,0,0,0,0,0,0,"Brave,Halfling Luck,Opportunity Attack",,
Roberon Silt,Balanced,1,6,10,0,+2,,,,,,,,,,,,,,,,10,10,10,10,10,10,0,0,0,0,0,0,Opportunity Attack,,
Roberon Silt,Explorer,1,4,10,0,+4,,,,,,,,,,,,,,,,10,10,10,10,10,10,0,0,0,0,0,0,Opportunity Attack,,
Roberon Silt,Tactician,1,7,10,0,+2,,,,,,,,,,,,,,,,10,10,10,10,10,10,0,0,0,0,0,0,Opportunity Attack,,
Fist Rockbothem,Balanced,8,62,8,+5,+3,,,,,,,,,,,,Full Resistance,,,,12,21,14,8,14,10,+1,+5,+2,-1,+5,+3,"Archery,Crossbow Expert: Point-Blank,Darkvision,Dwarven Resilience,Extra Attack,Opportunity Attack",,
Fist Rockbothem,Explorer,8,59,8,+5,+5,,,,,,,,,,,,Full Resistance,,,,12,21,14,8,14,10,+1,+5,+2,-1,+7,+5,"Archery,Crossbow Expert: Point-Blank,Darkvision,Dwarven Resilience,Extra Attack,Opportunity Attack",,
Fist Rockbothem,Tactician,8,64,8,+5,+3,,,,,,,,,,,,Full Resistance,,,,12,21,14,8,14,10,+1,+5,+2,-1,+5,+3,"Archery,Crossbow Expert: Point-Blank,Darkvision,Dwarven Resilience,Extra Attack,Opportunity Attack",,
Fist Rockbreed,Balanced,8,64,18,+1,+3,,,,,,,,,,,,,,,,21,13,17,10,12,8,+8,+1,+7,0,+1,-1,"Extra Attack,Opportunity Attack,Protection",,
Fist Rockbreed,Explorer,8,59,18,+1,+5,,,,,,,,,,,,,,,,21,13,17,10,12,8,+10,+1,+9,0,+1,-1,"Extra Attack,Opportunity Attack,Protection",,
Fist Rockbreed,Tactician,8,68,18,+1,+3,,,,,,,,,,,,,,,,21,13,17,10,12,8,+8,+1,+7,0,+1,-1,"Extra Attack,Opportunity Attack,Protection",,
Rodondo Logg,Balanced,1,8,10,0,+2,,,,,,,,,,,,,,,,10,10,10,10,10,10,0,0,0,0,0,0,"Darkvision,Fey Ancestry,Opportunity Attack",,
Rodondo Logg,Explorer,1,5,10,0,+4,,,,,,,,,,,,,,,,10,10,10,10,10,10,0,0,0,0,0,0,"Darkvision,Fey Ancestry,Opportunity Attack",,
Rodondo Logg,Tactician,1,10,10,0,+2,,,,,,,,,,,,,,,,10,10,10,10,10,10,0,0,0,0,0,0,"Darkvision,Fey Ancestry,Opportunity Attack",,
Roger Gherkins,Balanced,1,6,10,0,+2,,,,,,,,,,,,,,,,10,10,10,10,10,10,0,0,0,0,0,0,"Brave,Halfling Luck,Opportunity Attack",,
Roger Gherkins,Explorer,1,4,10,0,+4,,,,,,,,,,,,,,,,10,10,10,10,10,10,0,0,0,0,0,0,"Brave,Halfling Luck,Opportunity Attack",,
Roger Gherkins,Tactician,1,7,10,0,+2,,,,,,,,,,,,,,,,10,10,10,10,10,10,0,0,0,0,0,0,"Brave,Halfling Luck,Opportunity Attack",,
Roger Highberry,Balanced,1,8,10,0,+2,,,,,,,,,,,,,,,,10,10,10,10,10,10,0,0,0,0,0,0,"Brave,Halfling Luck,Opportunity Attack",,
Roger Highberry,Explorer,1,5,10,0,+4,,,,,,,,,,,,,,,,10,10,10,10,10,10,0,0,0,0,0,0,"Brave,Halfling Luck,Opportunity Attack",,
Roger Highberry,Tactician,1,10,10,0,+2,,,,,,,,,,,,,,,,10,10,10,10,10,10,0,0,0,0,0,0,"Brave,Halfling Luck,Opportunity Attack",,
Rolan,Balanced,3,26,10,0,+2,,,,,,,,,,,,,,,,12,10,12,16,12,12,+1,0,+1,+5,+3,+1,"Darkvision,Hellish Resistance,Opportunity Attack,Sculpt Spells",,
Rolan,Explorer,3,39,10,0,+4,,,,,,,,,,,,,,,,12,10,12,16,12,12,+1,0,+1,+7,+5,+1,"Darkvision,Hellish Resistance,Opportunity Attack,Sculpt Spells",,
Rolan,Tactician,3,26,10,0,+2,,,,,,,,,,,,,,,,12,10,12,16,12,12,+1,0,+1,+5,+3,+1,"Darkvision,Hellish Resistance,Opportunity Attack,Sculpt Spells",,
Rolan's Projection,Balanced,0,8,10,0,+1,,,,,,,,Full Resistance,,,,,,,,12,10,12,10,10,10,+1,0,+1,0,0,0,"Darkvision,Hellish Resistance,Opportunity Attack",,
Sharp-Eye Roo,Balanced,2,12,13,+2,+2,,,,,,,,,,,,,,,,8,14,10,10,8,8,-1,+2,0,0,-1,-1,"Darkvision,Opportunity Attack",,
Sharp-Eye Roo,Explorer,2,8,13,+2,+4,,,,,,,,,,,,,,,,8,14,10,10,8,8,-1,+2,0,0,-1,-1,"Darkvision,Opportunity Attack",,
Sharp-Eye Roo,Tactician,2,15,13,+2,+2,,,,,,,,,,,,,,,,8,14,10,10,8,8,-1,+2,0,0,-1,-1,"Darkvision,Fury of the Small,Opportunity Attack",,
Sharp-Eye Roo,Honour,2,19,13,+2,+2,,,,,,,,,,,,,,,,8,14,10,10,8,8,-1,+2,0,0,-1,-1,"Darkvision,Fury of the Small,Opportunity Attack",,
Adventurer Rosanna,Balanced,5,54,16,+2,+3,,,,,,,,,,,,,,,,18,14,14,10,10,12,+7,+2,+5,0,0,+1,"Darkvision,Extra Attack,Fey Ancestry,Opportunity Attack,Superior Material (-1)",,
Adventurer Rosanna,Explorer,5,37,16,+2,+5,,,,,,,,,,,,,,,,18,14,14,10,10,12,+9,+2,+7,0,0,+1,"Darkvision,Extra Attack,Fey Ancestry,Opportunity Attack,Superior Material (-1)",,
Adventurer Rosanna,Tactician,5,70,16,+2,+3,,,,,,,,,,,,,,,,18,14,14,10,10,12,+7,+2,+5,0,0,+1,"Darkvision,Extra Attack,Fey Ancestry,Opportunity Attack,Superior Material (-1)",,
Sister Rose the Penitent,Balanced,3,26,10,0,+2,,,,,,,,,,,,,,,,14,11,14,12,18,14,+2,0,+2,+1,+4,+2,Opportunity Attack,,
Sister Rose the Penitent,Explorer,3,18,10,0,+4,,,,,,,,,,,,,,,,14,11,14,12,18,14,+2,0,+2,+1,+4,+2,Opportunity Attack,,
Sister Rose the Penitent,Tactician,3,33,10,0,+2,,,,,,,,,,,,,,,,14,11,14,12,18,14,+2,0,+2,+1,+4,+2,Opportunity Attack,,
Rossina,Balanced,10,8,10,0,+4,,,,,,,,,,,,,,,,10,10,10,10,10,10,0,0,0,0,0,0,"Darkvision,Gnome Cunning,Opportunity Attack,Shortened Stride",,
Rossina,Explorer,10,5,10,0,+6,,,,,,,,,,,,,,,,10,10,10,10,10,10,0,0,0,0,0,0,"Darkvision,Gnome Cunning,Opportunity Attack,Shortened Stride",,
Rossina,Tactician,10,10,10,0,+4,,,,,,,,,,,,,,,,10,10,10,10,10,10,0,0,0,0,0,0,"Darkvision,Gnome Cunning,Opportunity Attack,Shortened Stride",,
Brawler Rot,Balanced,1,9,13,+1,+2,,,,,,,,,,,,,,,,10,13,10,10,8,8,0,+1,0,0,-1,-1,"Darkvision,Opportunity Attack",Slightly Drunk,
Brawler Rot,Explorer,1,4,13,+1,+4,,,,,,,,,,,,,,,,10,13,10,10,8,8,0,+1,0,0,-1,-1,"Darkvision,Opportunity Attack",Slightly Drunk,
Brawler Rot,Tactician,1,11,13,+1,+2,,,,,,,,,,,,,,,,10,13,10,10,8,8,0,+1,0,0,-1,-1,"Darkvision,Fury of the Small,Opportunity Attack",Slightly Drunk,
Brawler Rot,Honour,1,14,13,+1,+2,,,,,,,,,,,,,,,,10,13,10,10,8,8,0,+1,0,0,-1,-1,"Darkvision,Fury of the Small,Opportunity Attack",Slightly Drunk,
Chef Roveer,Balanced,1,8,10,0,+2,,,,,,,,,,,,Full Resistance,,,,10,10,10,10,10,10,0,0,0,0,0,0,"Opportunity Attack,Darkvision,Dwarven Resilience",,
Chef Roveer,Explorer,1,5,10,0,+4,,,,,,,,,,,,Full Resistance,,,,10,10,10,10,10,10,0,0,0,0,0,0,"Opportunity Attack,Darkvision,Dwarven Resilience",,
Chef Roveer,Tactician,1,10,10,0,+2,,,,,,,,,,,,Full Resistance,,,,10,10,10,10,10,10,0,0,0,0,0,0,"Opportunity Attack,Darkvision,Dwarven Resilience",,
Flaming Fist Rowan,Balanced,4,11,15,+1,+2,,,,,,,,,,,,,,,,13,12,12,10,11,10,+1,+1,+1,0,0,0,Opportunity Attack,,
Flaming Fist Rowan,Explorer,4,7,15,+1,+2,,,,,,,,,,,,,,,,13,12,12,10,11,10,+1,+1,+1,0,0,0,Opportunity Attack,,
Flaming Fist Rowan,Tactician,4,14,15,+1,+2,,,,,,,,,,,,,,,,13,12,12,10,11,10,+1,+1,+1,0,0,0,Opportunity Attack,,
Fist Rowan,Balanced,12,64,18,+1,+4,,,,,,,,,,,,,,,,21,13,17,10,12,8,+9,+1,+8,0,+1,-1,"Opportunity Attack,Extra Attack,Protection",,
Fist Rowan,Explorer,12,44,18,+1,+6,,,,,,,,,,,,,,,,21,13,17,10,12,8,+11,+1,+10,0,+1,-1,"Opportunity Attack,Extra Attack,Protection",,
Fist Rowan,Tactician,12,83,18,+1,+4,,,,,,,,,,,,,,,,21,13,17,10,12,8,+9,+1,+8,0,+1,-1,"Opportunity Attack,Extra Attack,Protection",,
Rowan Elkfriend,Balanced,1,6,10,0,+2,,,,,,,,,,,,,,,,10,10,10,10,10,10,0,0,0,0,0,0,Opportunity Attack,,
Rowan Elkfriend,Explorer,1,4,10,0,+4,,,,,,,,,,,,,,,,10,10,10,10,10,10,0,0,0,0,0,0,Opportunity Attack,,
Rowan Elkfriend,Tactician,1,7,10,0,+2,,,,,,,,,,,,,,,,10,10,10,10,10,10,0,0,0,0,0,0,Opportunity Attack,,
Rox Flunter,Balanced,1,6,10,0,+2,,,,,,,,,,,,,,,,10,10,10,10,10,10,0,0,0,0,0,0,Opportunity Attack,,
Rox Flunter,Explorer,1,4,10,0,+4,,,,,,,,,,,,,,,,10,10,10,10,10,10,0,0,0,0,0,0,Opportunity Attack,,
Rox Flunter,Tactician,1,7,10,0,+2,,,,,,,,,,,,,,,,10,10,10,10,10,10,0,0,0,0,0,0,Opportunity Attack,,
Rozes Kallista,Balanced,,8,10,0,,,,,,,,,Full Resistance,,,,,,,,10,10,10,10,10,10,0,0,0,0,0,0,"Darkvision,Hellish Resistance,Opportunity Attack",,
Rozes Kallista,Explorer,,5,10,0,,,,,,,,,Full Resistance,,,,,,,,10,10,10,10,10,10,0,0,0,0,0,0,"Darkvision,Hellish Resistance,Opportunity Attack",,
Rozes Kallista,Tactician,,10,10,0,,,,,,,,,Full Resistance,,,,,,,,10,10,10,10,10,10,0,0,0,0,0,0,"Darkvision,Hellish Resistance,Opportunity Attack",,
Rozzak,Balanced,3,21,16,+2,+2,,,,,,,,,,,,,,,,12,14,11,10,8,10,+1,+2,0,0,-1,0,"Crude Frenzy,Darkvision,Opportunity Attack",,
Rozzak,Explorer,3,14,16,+2,+4,,,,,,,,,,,,,,,,12,14,11,10,8,10,+1,+2,0,0,-1,0,"Crude Frenzy,Darkvision,Opportunity Attack",,
Rozzak,Tactician,3,27,16,+2,+2,,,,,,,,,,,,,,,,12,14,11,10,8,10,+1,+2,0,0,-1,0,"Crude Frenzy,Darkvision,Fury of the Small,Opportunity Attack",,
Rozzak,Honour,3,31,16,+2,+2,,,,,,,,,,,,,,,,12,14,11,10,8,10,+1,+2,0,0,-1,0,"Crude Frenzy,Darkvision,Fury of the Small,Opportunity Attack",,
Warrior Rua,Balanced,2,15,13,+1,+2,,,,,,,,,,,,,,,,12,13,11,10,8,8,+1,+1,0,0,-1,-1,"Darkvision,Opportunity Attack",,
Warrior Rua,Explorer,2,10,13,+1,+4,,,,,,,,,,,,,,,,12,13,11,10,8,8,+1,+1,0,0,-1,-1,"Darkvision,Opportunity Attack",,
Warrior Rua,Tactician,2,19,13,+1,+2,,,,,,,,,,,,,,,,12,13,11,10,8,8,+1,+1,0,0,-1,-1,"Darkvision,Fury of the Small,Opportunity Attack",,
Warrior Rua,Honour,2,23,13,+1,+2,,,,,,,,,,,,,,,,12,13,11,10,8,8,+1,+1,0,0,-1,-1,"Darkvision,Fury of the Small,Opportunity Attack",,
Rugan,Balanced,4,28,14,+3,+2,,,,,,,,,,,,,,,,12,16,12,12,14,10,+3,+5,+1,+1,+2,0,Opportunity Attack,,
Rugan,Explorer,4,19,14,+3,+4,,,,,,,,,,,,,,,,12,16,12,12,14,10,+5,+7,+1,+1,+2,0,Opportunity Attack,,
Rugan,Tactician,4,36,14,+3,+2,,,,,,,,,,,,,,,,12,16,12,12,14,10,+3,+5,+1,+1,+2,0,Opportunity Attack,,
Rugger Shattershield,Balanced,1,6,10,0,+2,,,,,,,,,,,,Full Resistance,,,,10,10,10,10,10,10,0,0,0,0,0,0,"Darkvision,Dwarven Resilience,Opportunity Attack",,
Rugger Shattershield,Explorer,1,4,10,0,+4,,,,,,,,,,,,Full Resistance,,,,10,10,10,10,10,10,0,0,0,0,0,0,"Darkvision,Dwarven Resilience,Opportunity Attack",,
Rugger Shattershield,Tactician,1,7,10,0,+2,,,,,,,,,,,,Full Resistance,,,,10,10,10,10,10,10,0,0,0,0,0,0,"Darkvision,Dwarven Resilience,Opportunity Attack",,
Runt,Balanced,1,5,10,0,+2,,,,,,,,,,,,,,,,10,10,10,10,10,10,0,0,0,0,0,0,Opportunity Attack,,
Runt,Explorer,1,3,10,0,+4,,,,,,,,,,,,,,,,10,10,10,10,10,10,0,0,0,0,0,0,Opportunity Attack,,
Runt,Tactician,1,6,10,0,+2,,,,,,,,,,,,,,,,10,10,10,10,10,10,0,0,0,0,0,0,Opportunity Attack,,
Rurik,Balanced,4,34,12,+2,+2,,,,,,,,,,,,Full Resistance,,,,12,15,12,10,10,12,+1,+2,+1,0,0,+1,"Darkvision,Dwarven Resilience,Fast Hands,Opportunity Attack,Second-Story Work",,
Ruth Linnacker,Balanced,1,6,10,0,+2,,,,,,,,,,,,,,,,10,10,10,10,10,10,0,0,0,0,0,0,Opportunity Attack,,
Ruth Linnacker,Explorer,1,4,10,0,+4,,,,,,,,,,,,,,,,10,10,10,10,10,10,0,0,0,0,0,0,Opportunity Attack,,
Ruth Linnacker,Tactician,1,7,10,0,+2,,,,,,,,,,,,,,,,10,10,10,10,10,10,0,0,0,0,0,0,Opportunity Attack,,
Unholy Assassin Rycke,Balanced,11,99,16,+5,+4,,,,,,,,,,,,,,,,20,20,20,14,16,16,+5,+5,+5,+2,+3,+3,"Darkvision,Dual Wielder,Extra Attack,Fast Hands,Two-Weapon Fighting,Magic Resistance,Murder Hungry,Opportunity Attack,Prey Upon the Weak","Aura of Murder,Sanctuary",
Unholy Assassin Rycke,Explorer,11,69,16,+5,+6,,,,,,,,,,,,,,,,20,20,20,14,16,16,+5,+5,+5,+2,+3,+3,"Darkvision,Dual Wielder,Extra Attack,Fast Hands,Two-Weapon Fighting,Magic Resistance,Murder Hungry,Opportunity Attack,Prey Upon the Weak","Aura of Murder,Sanctuary",
Unholy Assassin Rycke,Tactician,11,128,16,+5,+4,,,,,,,,,,,,,,,,20,20,20,14,16,16,+5,+5,+5,+2,+3,+3,"Darkvision,Dual Wielder,Extra Attack,Fast Hands,Two-Weapon Fighting,Magic Resistance,Murder Hungry,Opportunity Attack,Sentinel: Opportunity Advantage,Sentinel: Snare,Sentinel: Vengeance,Prey Upon the Weak","Aura of Murder,Unstoppable,Sanctuary",
Zealot Rylveth,Balanced,8,70,18,0,+3,,,,,,,,,,,,,,,,18,10,16,9,11,16,+7,+3,+6,+2,+6,+9,"Darkvision,Divine Health,Extra Attack,Fey Ancestry,Great Weapon Fighting,Opportunity Attack,Sunlight Sensitivity",Aura of Protection,
Zealot Rylveth,Explorer,8,49,18,0,+5,,,,,,,,,,,,,,,,18,10,16,9,11,16,+7,+3,+6,+2,+8,+11,"Darkvision,Divine Health,Extra Attack,Fey Ancestry,Great Weapon Fighting,Opportunity Attack,Sunlight Sensitivity",Aura of Protection,
Zealot Rylveth,Tactician,8,91,18,0,+3,,,,,,,,,,,,,,,,18,10,16,9,11,16,+7,+3,+6,+2,+6,+9,"Darkvision,Divine Health,Extra Attack,Fey Ancestry,Great Weapon Fighting,Opportunity Attack,Relentless Avenger,Sunlight Sensitivity",Aura of Protection,
Sacrificed Cultist (High Elf),Balanced,1,8,10,0,+2,,,,,,,,,,,,,,,,10,10,10,10,10,10,+1,+1,0,0,0,0,"Darkvision,Fey Ancestry,Opportunity Attack",Sapped,
Sacrificed Cultist (High Elf),Explorer,1,5,10,0,+4,,,,,,,,,,,,,,,,10,10,10,10,10,10,+1,+1,0,0,0,0,"Darkvision,Fey Ancestry",Sapped,
Sacrificed Cultist (High Elf),Tactician,1,10,10,0,+2,,,,,,,,,,,,,,,,10,10,10,10,10,10,+1,+1,0,0,0,0,"Darkvision,Fey Ancestry,Opportunity Attack",Sapped,
Sacrificed Cultist (Human),Balanced,1,6,10,0,+2,,,,,,,,,,,,,,,,10,10,10,10,10,10,+1,+1,0,0,0,0,Opportunity Attack,Sapped,
Sacrificed Cultist (Human),Explorer,1,4,10,0,+4,,,,,,,,,,,,,,,,10,10,10,10,10,10,+1,+1,0,0,0,0,Opportunity Attack,Sapped,
Sacrificed Cultist (Human),Tactician,1,7,10,0,+2,,,,,,,,,,,,,,,,10,10,10,10,10,10,+1,+1,0,0,0,0,Opportunity Attack,Sapped,
Saff Fargoer,Balanced,1,8,10,0,+2,,,,,,,,,,,,Full Resistance,,,,10,10,10,10,10,10,0,0,0,0,0,0,"Darkvision,Dwarven Resilience,Opportunity Attack",,
Saff Fargoer,Explorer,1,5,10,0,+4,,,,,,,,,,,,Full Resistance,,,,10,10,10,10,10,10,0,0,0,0,0,0,"Darkvision,Dwarven Resilience,Opportunity Attack",,
Saff Fargoer,Tactician,1,10,10,0,+2,,,,,,,,,,,,Full Resistance,,,,10,10,10,10,10,10,0,0,0,0,0,0,"Darkvision,Dwarven Resilience,Opportunity Attack",,
Safyre,Balanced,1,6,10,0,+2,,,,,,,,,,,,,,,,10,10,10,10,10,10,0,0,0,0,0,0,"Darkvision,Fey Ancestry,Opportunity Attack",,
Safyre,Explorer,1,4,10,0,+4,,,,,,,,,,,,,,,,10,10,10,10,10,10,0,0,0,0,0,0,"Darkvision,Fey Ancestry,Opportunity Attack",,
Safyre,Tactician,1,7,10,0,+2,,,,,,,,,,,,,,,,10,10,10,10,10,10,0,0,0,0,0,0,"Darkvision,Fey Ancestry,Opportunity Attack",,
Salamander,Balanced,1,6,10,0,+2,,,,,,,,,,,,,,,,10,10,10,10,10,10,0,0,0,0,0,0,Opportunity Attack,,
Salamander,Explorer,1,4,10,0,+4,,,,,,,,,,,,,,,,10,10,10,10,10,10,0,0,0,0,0,0,Opportunity Attack,,
Salamander,Tactician,1,7,10,0,+2,,,,,,,,,,,,,,,,10,10,10,10,10,10,0,0,0,0,0,0,Opportunity Attack,,
Salazon,Balanced,4,26,10,0,+2,,,,,,,,,,,,,,,,12,10,10,16,12,10,+1,0,0,+5,+3,0,Opportunity Attack,,
Salazon,Explorer,4,18,10,0,+4,,,,,,,,,,,,,,,,12,10,10,16,12,10,+1,0,0,+7,+5,0,Opportunity Attack,,
Salazon,Tactician,4,33,10,0,+2,,,,,,,,,,,,,,,,12,10,10,16,12,10,+1,0,0,+5,+3,0,Opportunity Attack,,
Salene Freig,Balanced,1,6,10,0,+2,,,,,,,,,,,,,,,,10,10,10,10,10,10,0,0,0,0,0,0,Opportunity Attack,,
Salene Freig,Explorer,1,4,10,0,+4,,,,,,,,,,,,,,,,10,10,10,10,10,10,0,0,0,0,0,0,Opportunity Attack,,
Salene Freig,Tactician,1,7,10,0,+2,,,,,,,,,,,,,,,,10,10,10,10,10,10,0,0,0,0,0,0,Opportunity Attack,,
Sally Flymm,Balanced,1,6,1,0,+2,,,,,,,,,,,,,,,,10,10,10,10,10,10,0,0,0,0,0,0,Opportunity Attack,,
Sally Flymm,Explorer,1,4,1,0,+4,,,,,,,,,,,,,,,,10,10,10,10,10,10,0,0,0,0,0,0,Opportunity Attack,,
Sally Flymm,Tactician,1,7,1,0,+2,,,,,,,,,,,,,,,,10,10,10,10,10,10,0,0,0,0,0,0,Opportunity Attack,,
Sammia Indigo,Balanced,,8,10,0,,,,,,,,,,,,,,,,,10,10,10,10,10,10,0,0,0,0,0,0,Opportunity Attack,,
Sammia Indigo,Explorer,,5,10,0,,,,,,,,,,,,,,,,,10,10,10,10,10,10,0,0,0,0,0,0,Opportunity Attack,,
Sammia Indigo,Tactician,,10,10,0,,,,,,,,,,,,,,,,,10,10,10,10,10,10,0,0,0,0,0,0,Opportunity Attack,,
Dead Zealot of the Absolute,Balanced,8,70,18,0,+3,,,,,,,,,,,,,,,,18,10,16,9,11,16,+4,0,+3,-1,0,+3,"Divine Health,Extra Attack,Great Weapon Fighting,Opportunity Attack,Relentless Avenger",Dead,
Dead Zealot of the Absolute,Tactician,8,91,18,0,+3,,,,,,,,,,,,,,,,18,10,16,9,11,16,+4,0,+3,-1,0,+3,"Divine Health,Extra Attack,Great Weapon Fighting,Opportunity Attack,Relentless Avenger",Dead,
Sanseverina,Balanced,3,8,10,0,+2,,,,,,,,,,,,,,,,10,10,10,10,10,10,0,0,0,0,0,0,"Darkvision,Fey Ancestry,Opportunity Attack",,
Santoria,Balanced,1,16,11,0,+2,,,,,,,,,,,,,,,,10,10,10,10,10,10,0,0,0,0,0,0,Opportunity Attack,,
Santoria,Explorer,1,24,11,0,+4,,,,,,,,,,,,,,,,10,10,10,10,10,10,0,0,0,0,0,0,Opportunity Attack,,
Sarabayle,Balanced,8,65,12,+2,+3,,,,,,,,,,,,,,,,10,14,17,19,14,13,0,+2,+3,+7,+5,+1,"Extra Attack,Grave Magic,Opportunity Attack,Tenacity",,
Sarabayle,Explorer,8,45,12,+2,+5,,,,,,,,,,,,,,,,10,14,17,19,14,13,0,+2,+3,+9,+7,+1,"Extra Attack,Grave Magic,Opportunity Attack,Tenacity",,
Sarabayle,Tactician,8,84,12,+2,+3,,,,,,,,,,,,,,,,10,14,17,19,14,13,0,+2,+3,+7,+5,+1,"Extra Attack,Grave Magic,Opportunity Attack,Sculpt Spells,Tenacity",,
Sarafin,Balanced,,8,10,0,,,,,,,,,,,,,,,,,10,10,10,10,10,10,0,0,0,0,0,0,"Darkvision,Fey Ancestry,Opportunity Attack",,
Sarafin,Explorer,,5,10,0,,,,,,,,,,,,,,,,,10,10,10,10,10,10,0,0,0,0,0,0,"Darkvision,Fey Ancestry,Opportunity Attack",,
Sarafin,Tactician,,10,10,0,,,,,,,,,,,,,,,,,10,10,10,10,10,10,0,0,0,0,0,0,"Darkvision,Fey Ancestry,Opportunity Attack",,
Sarin,Balanced,1,24,13,+3,+2,,,Resistance to Non-Magical,Resistance to Non-Magical,Resistance to Non-Magical,Full Resistance,Full Resistance,Full Resistance,,Full Resistance,Immune,Immune,,Vulnerable,Full Resistance,6,16,13,6,10,8,-2,+3,+1,-2,0,-1,"Darkvision,Ethereal,Opportunity Attack,Shadowblend,Sunlight Weakness",,
Sarin,Explorer,1,16,13,+3,+4,,,Resistance to Non-Magical,Resistance to Non-Magical,Resistance to Non-Magical,Full Resistance,Full Resistance,Full Resistance,,Full Resistance,Immune,Immune,,Vulnerable,Full Resistance,6,16,13,6,10,8,-2,+3,+1,-2,0,-1,"Darkvision,Ethereal,Opportunity Attack,Shadowblend,Sunlight Weakness",,
Sarin,Tactician,1,31,13,+3,+2,,,Resistance to Non-Magical,Resistance to Non-Magical,Resistance to Non-Magical,Full Resistance,Full Resistance,Full Resistance,,Full Resistance,Immune,Immune,,Vulnerable,Full Resistance,6,16,13,6,10,8,-2,+3,+1,-2,0,-1,"Darkvision,Ethereal,Opportunity Attack,Shadowblend,Sunlight Weakness",,
Sarken Eomane,Balanced,1,6,10,0,+2,,,,,,,,,,,,,,,,10,10,10,10,10,10,0,0,0,0,0,0,Opportunity Attack,,
Sarken Eomane,Explorer,1,4,10,0,+4,,,,,,,,,,,,,,,,10,10,10,10,10,10,0,0,0,0,0,0,Opportunity Attack,,
Sarken Eomane,Tactician,1,7,10,0,+2,,,,,,,,,,,,,,,,10,10,10,10,10,10,0,0,0,0,0,0,Opportunity Attack,,
Fist Saunder,Balanced,8,62,16,+1,+3,,,,,,,,,,,,,,,,21,13,17,10,12,8,+8,+1,+7,0,+1,-1,"Opportunity Attack,Extra Attack,Great Weapon Fighting,Riposte,Phalanx Formation",,
Fist Saunder,Explorer,8,43,16,+1,+5,,,,,,,,,,,,,,,,21,13,17,10,12,8,+10,+1,+9,0,+1,-1,"Opportunity Attack,Extra Attack,Great Weapon Fighting,Riposte,Phalanx Formation",,
Fist Saunder,Tactician,8,80,16,+1,+3,,,,,,,,,,,,,,,,21,13,17,10,12,8,+8,+1,+7,0,+1,-1,"Opportunity Attack,Extra Attack,Great Weapon Fighting,Riposte,Phalanx Formation",,
Savage Seawind,Balanced,11,54,14,+3,+4,,,,,,,,,,Full Resistance,,,,,,12,16,12,16,15,12,+1,+3,+1,+7,+6,+1,Opportunity Attack,,
Savage Seawind,Explorer,11,37,14,+3,+6,,,,,,,,,,Full Resistance,,,,,,12,16,12,16,15,12,+1,+3,+1,+9,+8,+1,Opportunity Attack,,
Savage Seawind,Tactician,11,70,14,+3,+4,,,,,,,,,,Full Resistance,,,,,,12,16,12,16,15,12,+1,+3,+1,+7,+6,+1,Opportunity Attack,,
Blaze Savora,Balanced,10,43,14,+1,+4,,,,,,,,,,,,,,,,8,13,16,20,10,12,-1,+1,+3,+5,0,+1,Opportunity Attack,Mage Armour,
Blaze Savora,Explorer,10,40,14,+1,+6,,,,,,,,,,,,,,,,8,13,16,20,10,12,-1,+1,+3,+5,0,+1,Opportunity Attack,Mage Armour,
Blaze Savora,Tactician,10,45,14,+1,+4,,,,,,,,,,,,,,,,8,13,16,20,10,12,-1,+1,+3,+5,0,+1,Opportunity Attack,Mage Armour,
Scarpers,Balanced,8,64,16,+4,+3,,,,,,,,,,,,,,,,12,18,12,12,12,12,+4,+7,+1,+1,+1,+1,"Brave,Extra Attack,Halfling Luck,Land's Stride: Difficult Terrain,Opportunity Attack",,
Scarpers,Explorer,8,44,16,+4,+5,,,,,,,,,,,,,,,,12,18,12,12,12,12,+6,+9,+1,+1,+1,+1,"Brave,Extra Attack,Halfling Luck,Land's Stride: Difficult Terrain,Opportunity Attack",,
Scarpers,Tactician,8,83,16,+4,+3,,,,,,,,,,,,,,,,12,18,12,12,12,12,+4,+7,+1,+1,+1,+1,"Brave,Extra Attack,Halfling Luck,Land's Stride: Difficult Terrain,Opportunity Attack",,
Refugee Sconnor,Balanced,1,8,10,0,+2,,,,,,,,,,,,,,,,10,10,10,10,10,10,0,0,0,0,0,0,"Darkvision,Fey Ancestry,Opportunity Attack",,
Refugee Sconnor,Explorer,1,5,10,0,+4,,,,,,,,,,,,,,,,10,10,10,10,10,10,0,0,0,0,0,0,"Darkvision,Fey Ancestry,Opportunity Attack",,
Refugee Sconnor,Tactician,1,10,10,0,+2,,,,,,,,,,,,,,,,10,10,10,10,10,10,0,0,0,0,0,0,"Darkvision,Fey Ancestry,Opportunity Attack",,
Scrawny Bugbear,Balanced,3,21,12,+2,+2,,,,,,,,,,,,,,,,15,14,13,8,11,9,+2,+2,+1,-1,0,-1,"Brute,Darkvision,Opportunity Attack,Tenacity",Sleeping,
Scrawny Bugbear,Explorer,3,14,12,+2,+4,,,,,,,,,,,,,,,,15,14,13,8,11,9,+2,+2,+1,-1,0,-1,"Brute,Darkvision,Opportunity Attack,Tenacity",Sleeping,
Scrawny Bugbear,Tactician,3,27,12,+2,+2,,,,,,,,,,,,,,,,15,14,13,8,11,9,+2,+2,+1,-1,0,-1,"Brute,Darkvision,Opportunity Attack,Savage Attacker,Tenacity",Sleeping,
Seralia Devers,Balanced,1,6,10,0,+2,,,,,,,,,,,,,,,,10,10,10,10,10,10,0,0,0,0,0,0,,,
Seralia Devers,Explorer,1,4,10,0,+4,,,,,,,,,,,,,,,,10,10,10,10,10,10,0,0,0,0,0,0,,,
Seralia Devers,Tactician,1,7,10,0,+2,,,,,,,,,,,,,,,,10,10,10,10,10,10,0,0,0,0,0,0,,,
Fist Serrik,Balanced,8,62,16,+1,+3,,,,,,,,,,,,,,,,21,13,17,10,12,8,+8,+1,+7,0,+1,-1,"Darkvision,Extra Attack,Fey Ancestry,Great Weapon Fighting,Opportunity Attack,Phalanx Formation,Riposte",,
Fist Serrik,Explorer,8,43,16,+1,+5,,,,,,,,,,,,,,,,21,13,17,10,12,8,+10,+1,+9,0,+1,-1,"Darkvision,Extra Attack,Fey Ancestry,Great Weapon Fighting,Opportunity Attack,Phalanx Formation,Riposte",,
Fist Serrik,Tactician,8,80,16,+1,+3,,,,,,,,,,,,,,,,21,13,17,10,12,8,+8,+1,+7,0,+1,-1,"Darkvision,Extra Attack,Fey Ancestry,Great Weapon Fighting,Opportunity Attack,Phalanx Formation,Riposte",,
Severn,Balanced,3,27,14,+2,+2,,,,,,,,,,,,,,,,15,14,13,8,11,9,+2,+2,+1,-1,0,-1,"Brute,Darkvision,Opportunity Attack",,
Severn,Explorer,3,18,14,+2,+4,,,,,,,,,,,,,,,,15,14,13,8,11,9,+2,+2,+1,-1,0,-1,"Brute,Darkvision,Opportunity Attack",,
Severn,Tactician,3,35,14,+2,+2,,,,,,,,,,,,,,,,15,14,13,8,11,9,+2,+2,+1,-1,0,-1,"Brute,Darkvision,Opportunity Attack,Savage Attacker",,
Manip Seyama,Balanced,8,114,16,+5,+3,,,,,,,,,,,,,,,,12,20,17,12,18,10,+4,+8,+3,+1,+4,0,"Archery,Crossbow Expert: Point-Blank,Extra Attack,Opportunity Attack",,
Manip Seyama,Explorer,8,97,16,+5,+5,,,,,,,,,,,,,,,,12,20,17,12,18,10,+6,+10,+3,+1,+4,0,"Archery,Crossbow Expert: Point-Blank,Extra Attack,Opportunity Attack",,
Manip Seyama,Tactician,8,130,16,+5,+3,,,,,,,,,,,,,,,,12,20,17,12,18,10,+4,+8,+3,+1,+4,0,"Archery,Crossbow Expert: Point-Blank,Extra Attack,Opportunity Attack",,
High Gish'ra Sh'ari,Balanced,9,76,17,+4,+4,,,,,,,,,,,,,,,,14,19,16,15,17,13,+6,+8,+3,+2,+3,+1,"Advanced Unarmoured Movement,Deflect Missiles,Evasion,Extra Attack,Ki-Empowered Strikes,Martial Arts: Bonus Unarmed Strike,Martial Arts: Dextrous Attacks,Martial Arts: Deft Strikes,Opportunity Attack,Psionic Empowerment,Slow Fall,Stillness of Mind,Unarmoured Defence (Monk),Unarmoured Movement",Astral Gravity,
High Gish'ra Sh'ari,Explorer,9,53,17,+4,+6,,,,,,,,,,,,,,,,14,19,16,15,17,13,+8,+10,+3,+2,+3,+1,"Advanced Unarmoured Movement,Deflect Missiles,Evasion,Extra Attack,Ki-Empowered Strikes,Martial Arts: Bonus Unarmed Strike,Martial Arts: Dextrous Attacks,Martial Arts: Deft Strikes,Opportunity Attack,Psionic Empowerment,Slow Fall,Stillness of Mind,Unarmoured Defence (Monk),Unarmoured Movement",Astral Gravity,
High Gish'ra Sh'ari,Tactician,9,98,17,+4,+4,,,,,,,,,,,,,,,,14,19,16,15,17,13,+6,+8,+3,+2,+3,+1,"Advanced Unarmoured Movement,Deflect Missiles,Evasion,Extra Attack,Ki-Empowered Strikes,Martial Arts: Bonus Unarmed Strike,Martial Arts: Dextrous Attacks,Martial Arts: Deft Strikes,Opportunity Attack,Psionic Empowerment,Slow Fall,Stillness of Mind,Unarmoured Defence (Monk),Unarmoured Movement",Astral Gravity,
Shadow-Cursed Flaming Fist,Balanced,6,27,11,+2,+3,,,,,,,,,,,Full Resistance,,,,,15,14,13,7,7,9,+2,+2,+1,-2,-2,-1,"Extra Attack,Opportunity Attack",Shadow-Cursed Undead,
Shadow-Cursed Flaming Fist,Explorer,6,27,11,+2,+5,,,,,,,,,,,Full Resistance,,,,,15,14,13,7,7,9,+2,+2,+1,-2,-2,-1,"Extra Attack,Opportunity Attack",Shadow-Cursed Undead,
Shadow-Cursed Flaming Fist,Tactician,6,27,11,+2,+3,,,,,,,,,,,Full Resistance,,,,,15,14,13,7,7,9,+2,+2,+1,-2,-2,-1,"Extra Attack,Opportunity Attack",Shadow-Cursed Undead,
Shadow-Cursed Githyanki Warrior,Balanced,6,33,12,+2,+3,,,,,,,,,,,Full Resistance,,,,,17,14,15,10,10,10,+6,+2,+5,0,0,0,"Extra Attack,Opportunity Attack",Shadow-Cursed Undead,
Shadow-Cursed Githyanki Warrior,Explorer,6,33,12,+2,+5,,,,,,,,,,,Full Resistance,,,,,17,14,15,10,10,10,+8,+2,+7,0,0,0,"Extra Attack,Opportunity Attack",Shadow-Cursed Undead,
Shadow-Cursed Githyanki Warrior,Tactician,6,33,12,+2,+3,,,,,,,,,,,Full Resistance,,,,,17,14,15,10,10,10,+6,+2,+5,0,0,0,"Extra Attack,Opportunity Attack",Shadow-Cursed Undead,
Shadow-Cursed Harper,Balanced,6,56,14,0,+3,,,,,,,,,,,Full Resistance,,,,,16,11,14,12,12,14,+6,0,+5,+1,+1,+2,"Extra Attack,Opportunity Attack",Shadow-Cursed Undead,
Shadow-Cursed Harper,Explorer,6,39,14,0,+5,,,,,,,,,,,Full Resistance,,,,,16,11,14,12,12,14,+8,0,+7,+1,+1,+2,"Extra Attack,Opportunity Attack",Shadow-Cursed Undead,
Shadow-Cursed Harper,Tactician,6,72,14,0,+3,,,,,,,,,,,Full Resistance,,,,,16,11,14,12,12,14,+6,0,+5,+1,+1,+2,"Extra Attack,Opportunity Attack",Shadow-Cursed Undead,
Shadow-Cursed Pilgrim,Balanced,1,4,10,0,+2,,,,,,,,,,,Full Resistance,,,,,10,10,10,5,5,5,+2,0,+2,-3,-3,-3,Opportunity Attack,Shadow-Cursed Undead,
Shadow-Cursed Pilgrim,Explorer,1,4,10,0,+4,,,,,,,,,,,Full Resistance,,,,,10,10,10,5,5,5,+4,0,+4,-3,-3,-3,Opportunity Attack,Shadow-Cursed Undead,
Shadow-Cursed Pilgrim,Tactician,1,4,10,0,+2,,,,,,,,,,,Full Resistance,,,,,10,10,10,5,5,5,+2,0,+2,-3,-3,-3,Opportunity Attack,Shadow-Cursed Undead,
Shadow-Cursed Zealot,Balanced,8,27,13,0,+3,,,,,,,,,,,Full Resistance,,,,,16,11,14,7,7,9,+6,0,+5,-2,-2,-1,"Extra Attack,Opportunity Attack",Shadow-Cursed Undead,
Shadow-Cursed Zealot,Explorer,8,27,13,0,+5,,,,,,,,,,,Full Resistance,,,,,16,11,14,7,7,9,+8,0,+7,-2,-2,-1,"Extra Attack,Opportunity Attack",Shadow-Cursed Undead,
Shadow-Cursed Zealot,Tactician,8,27,13,0,+3,,,,,,,,,,,Full Resistance,,,,,16,11,14,7,7,9,+6,0,+5,-2,-2,-1,"Extra Attack,Opportunity Attack",Shadow-Cursed Undead,
Fist Shah,Balanced,8,64,18,+1,+3,,,,,,,,,,,,Full Resistance,,,,21,13,17,10,12,8,+8,+1,+6,0,+1,-1,"Darkvision,Dwarven Resilience,Extra Attack,Opportunity Attack,Protection",,
Fist Shah,Explorer,8,59,18,+1,+5,,,,,,,,,,,,Full Resistance,,,,21,13,17,10,12,8,+10,+1,+8,0,+1,-1,"Darkvision,Dwarven Resilience,Extra Attack,Opportunity Attack,Protection",,
Fist Shah,Tactician,8,68,18,+1,+3,,,,,,,,,,,,Full Resistance,,,,21,13,17,10,12,8,+8,+1,+6,0,+1,-1,"Darkvision,Dwarven Resilience,Extra Attack,Opportunity Attack,Protection",,
Shameful Eternal Debtor,Balanced,12,12,10,0,+4,,,,,,,,Resistance to Magical,,,,,,,,10,10,10,8,8,8,0,0,0,-1,-1,-1,"Opportunity Attack,Forever Indebted",,
Shameful Eternal Debtor,Explorer,12,8,10,0,+4,,,,,,,,Resistance to Magical,,,,,,,,10,10,10,8,8,8,0,0,0,-1,-1,-1,"Opportunity Attack,Forever Indebted",,
Shameful Eternal Debtor,Tactician,12,15,10,0,+4,,,,,,,,Resistance to Magical,,,,,,,,10,10,10,8,8,8,0,0,0,-1,-1,-1,"Opportunity Attack,Forever Indebted",,
Fist Shargil,Balanced,8,62,16,+1,+3,,,,,,,,,,,,,,,,21,13,17,10,12,8,+8,+1,+7,0,+1,-1,"Extra Attack,Great Weapon Fighting,Opportunity Attack,Phalanx Formation,Riposte",,
Fist Shargil,Explorer,8,58,16,+1,+5,,,,,,,,,,,,,,,,21,13,17,10,12,8,+10,+1,+9,0,+1,-1,"Extra Attack,Great Weapon Fighting,Opportunity Attack,Phalanx Formation,Riposte",,
Fist Shargil,Tactician,8,65,16,+1,+3,,,,,,,,,,,,,,,,21,13,17,10,12,8,+8,+1,+7,0,+1,-1,"Extra Attack,Great Weapon Fighting,Opportunity Attack,Phalanx Formation,Riposte",,
Bosun Sharley,Balanced,1,6,1,0,+2,,,,,,,,,,,,,,,,10,10,10,10,10,10,0,0,0,0,0,0,Opportunity Attack,,
Bosun Sharley,Explorer,1,4,1,0,+4,,,,,,,,,,,,,,,,10,10,10,10,10,10,0,0,0,0,0,0,Opportunity Attack,,
Bosun Sharley,Tactician,1,7,1,0,+2,,,,,,,,,,,,,,,,10,10,10,10,10,10,0,0,0,0,0,0,Opportunity Attack,,
Sharlz Molar,Balanced,1,8,10,0,+2,,,,,,,,,,,,,,,,10,10,10,10,10,10,0,0,0,0,0,0,"Darkvision,Fey Ancestry,Opportunity Attack",,
Sharlz Molar,Explorer,1,5,10,0,+4,,,,,,,,,,,,,,,,10,10,10,10,10,10,0,0,0,0,0,0,"Darkvision,Fey Ancestry,Opportunity Attack",,
Sharlz Molar,Tactician,1,10,10,0,+2,,,,,,,,,,,,,,,,10,10,10,10,10,10,0,0,0,0,0,0,"Darkvision,Fey Ancestry,Opportunity Attack",,
Sharran Fidelian,Balanced,8,49,11,0,+3,,,,,,,,,,,,,,,,14,10,10,14,12,10,+2,0,0,+5,+4,0,"Born into Darkness,Darkvision,Opportunity Attack",,
Sharran Fidelian,Explorer,8,51,11,0,+5,,,,,,,,,,,,,,,,14,10,10,14,12,10,+2,0,0,+7,+6,0,"Born into Darkness,Darkvision,Opportunity Attack",,
Sharran Fidelian,Tactician,8,96,11,0,+3,,,,,,,,,,,,,,,,14,10,10,14,12,10,+2,0,0,+5,+4,0,"Born into Darkness,Darkvision,Opportunity Attack",Radiant Retort,
Sharran Novice,Balanced,4,38,11,0,+2,,,,,,,,,,,,,,,,14,10,12,10,10,10,+4,0,+1,0,0,0,"Born into Darkness,Darkvision,Opportunity Attack,Shadow Ambush",,
Sharran Novice,Explorer,4,26,11,0,+4,,,,,,,,,,,,,,,,14,10,12,10,10,10,+6,0,+1,0,0,0,"Born into Darkness,Darkvision,Opportunity Attack,Shadow Ambush",,
Sharran Novice,Tactician,4,49,11,0,+2,,,,,,,,,,,,,,,,14,10,12,10,10,10,+4,0,+1,0,0,0,"Born into Darkness,Darkvision,Opportunity Attack,Shadow Ambush",Radiant Retort,
Shattered Duergar,Balanced,5,34,11,+1,+3,,,,,,,,,,,,Full Resistance,,,,18,12,14,10,12,12,+7,+1,+5,0,+1,+1,"Duergar Resilience,Dwarven Resilience,Extra Attack,Opportunity Attack,Sunlight Sensitivity,Superior Darkvision",Dead,
Shattered Duergar,Explorer,5,23,11,+1,+5,,,,,,,,,,,,Full Resistance,,,,18,12,14,10,12,12,+9,+1,+7,0,+1,+1,"Duergar Resilience,Dwarven Resilience,Extra Attack,Opportunity Attack,Sunlight Sensitivity,Superior Darkvision",Dead,
Shattered Duergar,Tactician,5,44,11,+1,+3,,,,,,,,,,,,Full Resistance,,,,18,12,14,10,12,12,+7,+1,+5,0,+1,+1,"Duergar Resilience,Dwarven Resilience,Extra Attack,Opportunity Attack,Sunlight Sensitivity,Superior Darkvision",Dead,
Booyahg Shekt,Balanced,2,13,11,+1,+2,,,,,,,,,,,,,,,,8,12,10,12,8,8,-1,+1,0,+1,-1,-1,"Darkvision,Opportunity Attack",Drunk,
Booyahg Shekt,Explorer,2,9,11,+1,+4,,,,,,,,,,,,,,,,8,12,10,12,8,8,-1,+1,0,+1,-1,-1,"Darkvision,Opportunity Attack",Drunk,
Booyahg Shekt,Tactician,2,16,11,+1,+2,,,,,,,,,,,,,,,,8,12,10,12,8,8,-1,+1,0,+1,-1,-1,"Darkvision,Fury of the Small,Opportunity Attack",Drunk,
Booyahg Shekt,Honour,2,20,11,+1,+2,,,,,,,,,,,,,,,,8,12,10,12,8,8,-1,+1,0,+1,-1,-1,"Darkvision,Fury of the Small,Opportunity Attack",Drunk,
Dark Breaker Sherrill,Balanced,10,68,14,0,+4,,,,,,,,,,Full Resistance,,,,,,16,10,12,16,18,12,+3,0,+1,+7,+8,+1,Opportunity Attack,,
Dark Breaker Sherrill,Explorer,10,47,14,0,+6,,,,,,,,,,Full Resistance,,,,,,16,10,12,16,18,12,+3,0,+1,+9,+10,+1,Opportunity Attack,,
Dark Breaker Sherrill,Tactician,10,88,14,0,+4,,,,,,,,,,Full Resistance,,,,,,16,10,12,16,18,12,+3,0,+1,+7,+8,+1,Opportunity Attack,,
Shiv Dahlia,Balanced,8,104,14,+1,+3,,,,,,,,,,,,,,,,19,12,16,9,10,12,+7,+1,+6,-1,0,+1,"Aspect of the Beast: Wolverine,Danger Sense,Eagle Heart,Extra Attack,Fast Movement,Feral Instinct,Opportunity Attack,Tenacity,Unarmoured Defence (Barbarian)",,
Shiv Dahlia,Explorer,8,72,14,+1,+5,,,,,,,,,,,,,,,,19,12,16,9,10,12,+9,+1,+8,-1,0,+1,"Aspect of the Beast: Wolverine,Danger Sense,Eagle Heart,Extra Attack,Fast Movement,Feral Instinct,Opportunity Attack,Tenacity,Unarmoured Defence (Barbarian)",,
Shiv Dahlia,Tactician,8,135,14,+1,+3,,,,,,,,,,,,,,,,19,12,16,9,10,12,+7,+1,+6,-1,0,+1,"Aspect of the Beast: Wolverine,Danger Sense,Eagle Heart,Extra Attack,Fast Movement,Feral Instinct,Opportunity Attack,Tenacity,Unarmoured Defence (Barbarian)",,
Reaper of Bhaal Shrev,Balanced,5,45,10,+5,+3,,,,,,,,,,,,,,,,11,20,13,15,12,16,0,+5,+1,+2,+1,+3,"Darkvision,Extra Attack,Opportunity Attack,Prey Upon the Weak","Aura of Murder,Invisible,Sanctuary",
Reaper of Bhaal Shrev,Explorer,5,31,10,+5,+5,,,,,,,,,,,,,,,,11,20,13,15,12,16,0,+5,+1,+2,+1,+3,"Darkvision,Extra Attack,Opportunity Attack,Prey Upon the Weak","Aura of Murder,Invisible,Sanctuary",
Reaper of Bhaal Shrev,Tactician,5,58,10,+5,+3,,,,,,,,,,,,,,,,11,20,13,15,12,16,0,+5,+1,+2,+1,+3,"Darkvision,Evasion,Extra Attack,Opportunity Attack,Prey Upon the Weak","Aura of Murder,Invisible,Sanctuary",
Shuna Huanje,Balanced,1,8,10,0,+2,,,,,,,,,,,,Full Resistance,,,,10,10,10,10,10,10,0,0,0,0,0,0,"Darkvision,Dwarven Resilience,Opportunity Attack",,
Shuna Huanje,Explorer,1,5,10,0,+4,,,,,,,,,,,,Full Resistance,,,,10,10,10,10,10,10,0,0,0,0,0,0,"Darkvision,Dwarven Resilience,Opportunity Attack",,
Shuna Huanje,Tactician,1,10,10,0,+2,,,,,,,,,,,,Full Resistance,,,,10,10,10,10,10,10,0,0,0,0,0,0,"Darkvision,Dwarven Resilience,Opportunity Attack",,
Manip Shuurga,Balanced,8,32,10,0,+3,,,,,,,,,,,,,,,,14,10,12,14,10,10,+2,0,+1,+5,+3,0,Opportunity Attack,,
Siggy,Balanced,1,8,10,0,+2,,,,,,,,,,,,Full Resistance,,,,10,10,10,10,10,10,0,0,0,0,0,0,"Darkvision,Dwarven Resilience,Opportunity Attack",,
Siggy,Explorer,1,5,10,0,+4,,,,,,,,,,,,Full Resistance,,,,10,10,10,10,10,10,0,0,0,0,0,0,"Darkvision,Dwarven Resilience,Opportunity Attack",,
Siggy,Tactician,1,10,10,0,+2,,,,,,,,,,,,Full Resistance,,,,10,10,10,10,10,10,0,0,0,0,0,0,"Darkvision,Dwarven Resilience,Opportunity Attack",,
Feloguard Sigurd,Balanced,10,62,16,0,+4,,,,,,,,,,,,,,,,19,11,13,10,12,11,+4,0,+1,0,+1,0,"Extra Attack,Opportunity Attack,Tactical Discipline",,
Feloguard Sigurd,Explorer,10,43,16,0,+6,,,,,,,,,,,,,,,,19,11,13,10,12,11,+4,0,+1,0,+1,0,"Extra Attack,Opportunity Attack,Tactical Discipline",,
Feloguard Sigurd,Tactician,10,80,16,0,+4,,,,,,,,,,,,,,,,19,11,13,10,12,11,+4,0,+1,0,+1,0,"Extra Attack,Opportunity Attack,Tactical Discipline",,
Fist Silena,Balanced,8,62,16,+1,+3,,,,,,,,,,,,,,,,21,13,17,10,12,8,+8,+1,+7,0,+1,-1,"Extra Attack,Great Weapon Fighting,Opportunity Attack,Phalanx Formation,Riposte",,
Fist Silena,Explorer,8,59,16,+1,+5,,,,,,,,,,,,,,,,21,13,17,10,12,8,+10,+1,+9,0,+1,-1,"Extra Attack,Great Weapon Fighting,Opportunity Attack,Phalanx Formation,Riposte",,
Fist Silena,Tactician,8,64,16,+1,+3,,,,,,,,,,,,,,,,21,13,17,10,12,8,+8,+1,+7,0,+1,-1,"Extra Attack,Great Weapon Fighting,Opportunity Attack,Phalanx Formation,Riposte",,
Silfy,Balanced,1,5,12,+2,+2,,,,,,,,Full Resistance,,,,,,,,10,14,10,10,10,10,0,+2,0,0,0,0,"Darkvision,Hellish Resistance",,
Silfy,Explorer,1,3,12,+2,+4,,,,,,,,Full Resistance,,,,,,,,10,14,10,10,10,10,0,+2,0,0,0,0,"Darkvision,Hellish Resistance",,
Silfy,Tactician,1,6,12,+2,+2,,,,,,,,Full Resistance,,,,,,,,10,14,10,10,10,10,0,+2,0,0,0,0,"Darkvision,Hellish Resistance",,
Silifrey Sashenstar,Balanced,1,6,10,0,+2,,,,,,,,,,,,,,,,10,10,10,10,10,10,0,0,0,0,0,0,Opportunity Attack,,
Silifrey Sashenstar,Explorer,1,4,10,0,+4,,,,,,,,,,,,,,,,10,10,10,10,10,10,0,0,0,0,0,0,Opportunity Attack,,
Silifrey Sashenstar,Tactician,1,7,10,0,+2,,,,,,,,,,,,,,,,10,10,10,10,10,10,0,0,0,0,0,0,Opportunity Attack,,
Sina'zith,Balanced,1,10,1,+3,+2,,,,,,,,,,,,,,,,12,17,14,8,14,10,+3,+5,+2,-1,+2,0,"Martial Arts: Bonus Unarmed Strike,Martial Arts: Deft Strikes,Martial Arts: Dextrous Attacks,Martial Prodigy,Opportunity Attack,Unarmoured Defence (Monk)",,
Sinister Hooded Man,Balanced,3,28,12,+2,+2,,,,,,,,,,,,,,,,11,15,12,10,11,14,0,+2,+1,0,0,+2,"Darkvision,Opportunity Attack",Aura of Murder,
Sinister Hooded Man,Explorer,3,19,12,+2,+4,,,,,,,,,,,,,,,,11,15,12,10,11,14,0,+2,+1,0,0,+2,"Darkvision,Opportunity Attack",Aura of Murder,
Sinister Hooded Man,Tactician,3,36,12,+2,+2,,,,,,,,,,,,,,,,11,15,12,10,11,14,0,+2,+1,0,0,+2,"Darkvision,Opportunity Attack",Aura of Murder,
Sir Fuzzalump,Balanced,1,8,1,+1,+2,,,,,,,,,,,,,,,,8,13,15,17,10,12,-1,+1,+2,+5,+2,+1,"Artificer's Lore,Darkvision,Gnome Cunning,Opportunity Attack",,
Herdmaster Skarjall,Balanced,5,54,15,+1,+3,,,,,,,,,,,,Full Resistance,,,,18,12,14,10,12,12,+7,+1,+5,0,+1,+1,"Duergar Resilience,Dwarven Resilience,Extra Attack,Opportunity Attack,Sunlight Sensitivity,Superior Darkvision",,
Herdmaster Skarjall,Explorer,5,37,15,+1,+5,,,,,,,,,,,,Full Resistance,,,,18,12,14,10,12,12,+9,+1,+7,0,+1,+1,"Duergar Resilience,Dwarven Resilience,Extra Attack,Opportunity Attack,Sunlight Sensitivity,Superior Darkvision",,
Herdmaster Skarjall,Tactician,5,70,15,+1,+3,,,,,,,,,,,,Full Resistance,,,,18,12,14,10,12,12,+7,+1,+5,0,+1,+1,"Duergar Resilience,Dwarven Resilience,Extra Attack,Opportunity Attack,Sunlight Sensitivity,Superior Darkvision",,
Skeeve Stabwell,Balanced,10,72,12,0,+4,,,,,,,,,,,,,,,,18,11,14,12,12,14,+8,0,+6,+1,+1,+2,"Extra Attack,Opportunity Attack",,
Skeeve Stabwell,Explorer,10,44,12,0,+6,,,,,,,,,,,,,,,,18,11,14,12,12,14,+10,0,+8,+1,+1,+2,"Extra Attack,Opportunity Attack",,
Skeeve Stabwell,Tactician,10,83,12,0,+4,,,,,,,,,,,,,,,,18,11,14,12,12,14,+8,0,+6,+1,+1,+2,"Extra Attack,Opportunity Attack",,
Skickpit,Balanced,3,26,10,0,+2,,,,,,,,,,,,,,,,10,10,10,10,10,10,0,0,0,0,0,0,"Gnome Cunning,Opportunity Attack,Shortened Stride,Stone Camouflage,Superior Darkvision",,
Skip,Balanced,1,5,10,0,+2,,,,,,,,,,,,,,,,10,10,10,10,10,10,0,0,0,0,0,0,Opportunity Attack,,
Skip,Explorer,1,3,10,0,+4,,,,,,,,,,,,,,,,10,10,10,10,10,10,0,0,0,0,0,0,Opportunity Attack,,
Skip,Tactician,1,6,10,0,+2,,,,,,,,,,,,,,,,10,10,10,10,10,10,0,0,0,0,0,0,Opportunity Attack,,
Reaper of Bhaal Skoan,Balanced,5,45,10,+5,+3,,,,,,,,,,,,,,,,11,20,13,15,12,16,0,+5,+1,+2,+1,+3,"Darkvision,Extra Attack,Opportunity Attack,Prey Upon the Weak","Aura of Murder,Invisible,Sanctuary",
Reaper of Bhaal Skoan,Explorer,5,31,10,+5,+5,,,,,,,,,,,,,,,,11,20,13,15,12,16,0,+5,+1,+2,+1,+3,"Darkvision,Extra Attack,Opportunity Attack,Prey Upon the Weak","Aura of Murder,Invisible,Sanctuary",
Reaper of Bhaal Skoan,Tactician,5,58,10,+5,+3,,,,,,,,,,,,,,,,11,20,13,15,12,16,0,+5,+1,+2,+1,+3,"Darkvision,Evasion,Extra Attack,Opportunity Attack,Prey Upon the Weak","Aura of Murder,Invisible,Sanctuary",
Enforcer Skoona,Balanced,11,86,19,0,+4,,,,,,,,,,,,,,,,20,10,16,10,10,10,+9,0,+7,0,0,0,"Darkvision,Defence,Dual Wielder,Dual Wielder: Bonus Armour Class,Extra Attack,Improved Critical Hit,Improved Extra Attack,Opportunity Attack,Relentless Endurance,Savage Attacks,Superior Material (-1),Two-Weapon Fighting",,
Enforcer Skoona,Explorer,11,60,19,0,+6,,,,,,,,,,,,,,,,20,10,16,10,10,10,+11,0,+9,0,0,0,"Darkvision,Defence,Dual Wielder,Dual Wielder: Bonus Armour Class,Extra Attack,Improved Critical Hit,Improved Extra Attack,Opportunity Attack,Relentless Endurance,Savage Attacks,Superior Material (-1),Two-Weapon Fighting",,
Enforcer Skoona,Tactician,11,111,19,0,+4,,,,,,,,,,,,,,,,20,10,16,10,10,10,+9,0,+7,0,0,0,"Darkvision,Defence,Dual Wielder,Dual Wielder: Bonus Armour Class,Extra Attack,Improved Critical Hit,Improved Extra Attack,Opportunity Attack,Relentless Endurance,Savage Attacks,Superior Material (-1),Two-Weapon Fighting",,
Skrut,Balanced,3,31,16,+1,+2,,,,,,,,,,,,,,,,14,13,12,10,8,13,+2,+1,+1,0,-1,+1,"Crude Frenzy,Darkvision,Opportunity Attack",,
Skrut,Explorer,3,21,16,+1,+4,,,,,,,,,,,,,,,,14,13,12,10,8,13,+2,+1,+1,0,-1,+1,"Crude Frenzy,Darkvision,Opportunity Attack",,
Skrut,Tactician,3,40,16,+1,+2,,,,,,,,,,,,,,,,14,13,12,10,8,13,+2,+1,+1,0,-1,+1,"Crude Frenzy,Darkvision,Fury of the Small,Opportunity Attack",,
Harper Skywin,Balanced,6,42,14,+3,+3,,,,,,,,,,,,,,,,12,16,12,12,14,10,+4,+6,+1,+1,+2,0,"Extra Attack,Opportunity Attack",,
Harper Skywin,Explorer,6,29,14,+3,+5,,,,,,,,,,,,,,,,12,16,12,12,14,10,+6,+8,+1,+1,+2,0,"Extra Attack,Opportunity Attack",,
Harper Skywin,Tactician,6,54,14,+3,+3,,,,,,,,,,,,,,,,12,16,12,12,14,10,+4,+6,+1,+1,+2,0,"Extra Attack,Opportunity Attack",,
Slarmy,Balanced,1,8,10,0,+2,,,,,,,,,,,,,,,,10,10,10,10,10,10,0,0,0,0,0,0,"Brave,Halfling Luck,Opportunity Attack",,
Slarmy,Explorer,1,5,10,0,+4,,,,,,,,,,,,,,,,10,10,10,10,10,10,0,0,0,0,0,0,"Brave,Halfling Luck,Opportunity Attack",,
Slarmy,Tactician,1,10,10,0,+2,,,,,,,,,,,,,,,,10,10,10,10,10,10,0,0,0,0,0,0,"Brave,Halfling Luck,Opportunity Attack",,
Slatey Marven,Balanced,1,6,10,0,+2,,,,,,,,,,,,,,,,10,10,10,10,10,10,0,0,0,0,0,0,Opportunity Attack,,
Slatey Marven,Explorer,1,4,10,0,+4,,,,,,,,,,,,,,,,10,10,10,10,10,10,0,0,0,0,0,0,Opportunity Attack,,
Slatey Marven,Tactician,1,7,10,0,+2,,,,,,,,,,,,,,,,10,10,10,10,10,10,0,0,0,0,0,0,Opportunity Attack,,
Captain Sleam,Balanced,1,8,10,0,+2,,,,,,,,,,,,,,,,10,10,10,10,10,10,0,0,0,0,0,0,"Brave,Halfling Luck,Opportunity Attack",,
Captain Sleam,Explorer,1,5,10,0,+2,,,,,,,,,,,,,,,,10,10,10,10,10,10,0,0,0,0,0,0,"Brave,Halfling Luck,Opportunity Attack",,
Captain Sleam,Tactician,1,10,10,0,+2,,,,,,,,,,,,,,,,10,10,10,10,10,10,0,0,0,0,0,0,"Brave,Halfling Luck,Opportunity Attack",,
Sledge Pettifeet,Balanced,10,66,16,+4,+4,,,,,,,,,,,,,,,,12,18,12,12,12,12,+5,+8,+1,+1,+1,+1,"Brave,Extra Attack,Halfling Luck,Land's Stride: Difficult Terrain,Opportunity Attack",,
Sledge Pettifeet,Explorer,10,44,16,+4,+6,,,,,,,,,,,,,,,,12,18,12,12,12,12,+7,+10,+1,+1,+1,+1,"Brave,Extra Attack,Halfling Luck,Land's Stride: Difficult Terrain,Opportunity Attack",,
Sledge Pettifeet,Tactician,10,83,16,+4,+4,,,,,,,,,,,,,,,,12,18,12,12,12,12,+5,+8,+1,+1,+1,+1,"Brave,Extra Attack,Halfling Luck,Land's Stride: Difficult Terrain,Opportunity Attack",,
Tracker Slice,Balanced,1,7,13,+2,+2,,,,,,,,,,,,,,,,8,14,10,10,8,8,-1,+2,0,0,-1,-1,"Darkvision,Opportunity Attack",,
Tracker Slice,Explorer,1,4,13,+2,+4,,,,,,,,,,,,,,,,8,14,10,10,8,8,-1,+2,0,0,-1,-1,"Darkvision,Opportunity Attack",,
Tracker Slice,Tactician,1,9,13,+2,+2,,,,,,,,,,,,,,,,8,14,10,10,8,8,-1,+2,0,0,-1,-1,"Darkvision,Fury of the Small,Opportunity Attack",,
Tracker Slice,Honour,1,11,13,+2,+2,,,,,,,,,,,,,,,,8,14,10,10,8,8,-1,+2,0,0,-1,-1,"Darkvision,Fury of the Small,Opportunity Attack",,
Slick Inatra,Balanced,11,82,16,+4,+4,,,,,,,,,,,,,,,,12,18,12,10,17,10,+5,+8,+1,0,+3,0,"Darkvision,Opportunity Attack,Extra Attack,Fey Ancestry,Land's Stride: Difficult Terrain",,
Slick Inatra,Explorer,11,57,16,+4,+6,,,,,,,,,,,,,,,,12,18,12,10,17,10,+7,+10,+1,0,+3,0,"Darkvision,Opportunity Attack,Extra Attack,Fey Ancestry,Land's Stride: Difficult Terrain",,
Slick Inatra,Tactician,11,106,16,+4,+4,,,,,,,,,,,,,,,,12,18,12,10,17,10,+5,+8,+1,0,+3,0,"Darkvision,Opportunity Attack,Extra Attack,Fey Ancestry,Land's Stride: Difficult Terrain",,
Slog,Balanced,1,82,10,0,+2,,,,,,,,,,,,,,,,18,10,18,10,10,10,+6,0,+6,0,0,0,Opportunity Attack,,
Slog,Explorer,1,57,10,0,+4,,,,,,,,,,,,,,,,18,10,18,10,10,10,+8,0,+8,0,0,0,Opportunity Attack,,
Slog,Tactician,1,106,10,0,+2,,,,,,,,,,,,,,,,18,10,18,10,10,10,+6,0,+6,0,0,0,Opportunity Attack,,
Sloncha Owena,Balanced,1,8,10,0,+2,,,,,,,,,,,,,,,,10,10,10,10,10,10,0,0,0,0,0,0,"Darkvision,Fey Ancestry,Opportunity Attack",,
Sloncha Owena,Explorer,1,5,10,0,+4,,,,,,,,,,,,,,,,10,10,10,10,10,10,0,0,0,0,0,0,"Darkvision,Fey Ancestry,Opportunity Attack",,
Sloncha Owena,Tactician,1,10,10,0,+2,,,,,,,,,,,,,,,,10,10,10,10,10,10,0,0,0,0,0,0,"Darkvision,Fey Ancestry,Opportunity Attack",,
Slorsha Grommer,Balanced,1,8,10,0,+2,,,,,,,,,,,,,,,,10,10,10,10,10,10,0,0,0,0,0,0,"Brave,Halfling Luck,Opportunity Attack",,
Slorsha Grommer,Explorer,1,5,10,0,+4,,,,,,,,,,,,,,,,10,10,10,10,10,10,0,0,0,0,0,0,"Brave,Halfling Luck,Opportunity Attack",,
Slorsha Grommer,Tactician,1,10,10,0,+2,,,,,,,,,,,,,,,,10,10,10,10,10,10,0,0,0,0,0,0,"Brave,Halfling Luck,Opportunity Attack",,
Seawind Slow-Boat Drubella,Balanced,11,54,14,+3,+4,,,,,,,,,,Full Resistance,,,,,,12,16,12,16,15,12,+1,+3,+1,+7,+6,+1,Opportunity Attack,,
Seawind Slow-Boat Drubella,Explorer,11,37,14,+3,+6,,,,,,,,,,Full Resistance,,,,,,12,16,12,16,15,12,+1,+3,+1,+9,+8,+1,Opportunity Attack,,
Seawind Slow-Boat Drubella,Tactician,11,70,14,+3,+4,,,,,,,,,,Full Resistance,,,,,,12,16,12,16,15,12,+1,+3,+1,+7,+6,+1,Opportunity Attack,,
Slow-Butt,Balanced,1,6,10,0,+2,,,,,,,,,,,,,,,,10,10,10,10,10,10,0,0,0,0,0,0,Opportunity Attack,,
Slow-Butt,Explorer,1,6,10,0,+4,,,,,,,,,,,,,,,,10,10,10,10,10,10,0,0,0,0,0,0,Opportunity Attack,,
Slow-Butt,Tactician,1,6,10,0,+2,,,,,,,,,,,,,,,,10,10,10,10,10,10,0,0,0,0,0,0,Opportunity Attack,,
Slozy Arminifer,Balanced,1,8,10,0,+2,,,,,,,,,,,,,,,,10,10,10,10,10,10,0,0,0,0,0,0,Opportunity Attack,,
Slozy Arminifer,Explorer,1,5,10,0,+4,,,,,,,,,,,,,,,,10,10,10,10,10,10,0,0,0,0,0,0,Opportunity Attack,,
Slozy Arminifer,Tactician,1,10,10,0,+2,,,,,,,,,,,,,,,,10,10,10,10,10,10,0,0,0,0,0,0,Opportunity Attack,,
Sharp-Eye Sluck,Balanced,2,12,13,+2,+2,,,,,,,,,,,,,,,,10,14,10,10,8,8,0,+2,0,0,-1,-1,"Darkvision,Opportunity Attack",Slightly Drunk,
Sharp-Eye Sluck,Explorer,2,8,13,+2,+4,,,,,,,,,,,,,,,,10,14,10,10,8,8,0,+2,0,0,-1,-1,"Darkvision,Opportunity Attack",Slightly Drunk,
Sharp-Eye Sluck,Tactician,2,15,13,+2,+2,,,,,,,,,,,,,,,,10,14,10,10,8,8,0,+2,0,0,-1,-1,"Darkvision,Fury of the Small,Opportunity Attack",Slightly Drunk,
Sharp-Eye Sluck,Honour,2,19,13,+2,+2,,,,,,,,,,,,,,,,10,14,10,10,8,8,0,+2,0,0,-1,-1,"Darkvision,Fury of the Small,Opportunity Attack",Slightly Drunk,
Slumgullion,Balanced,1,8,10,0,+2,,,,,,,,,,,,,,,,10,10,10,10,10,10,0,0,0,0,0,0,"Brave,Halfling Luck,Opportunity Attack",,
Slumgullion,Explorer,1,6,10,0,+4,,,,,,,,,,,,,,,,10,10,10,10,10,10,0,0,0,0,0,0,"Brave,Halfling Luck,Opportunity Attack",,
Slumgullion,Tactician,1,10,10,0,+2,,,,,,,,,,,,,,,,10,10,10,10,10,10,0,0,0,0,0,0,"Brave,Halfling Luck,Opportunity Attack",,
Cashguard Artillerist Smathers,Balanced,9,76,19,+4,+4,,,,,,,,,,,,,,,,14,18,13,10,10,10,+6,+8,+2,0,0,0,"Mobile: Evade Difficult Terrain,Mobile: Evade Opportunity Attack,Extra Attack,Mobile,Opportunity Attack",,
Cashguard Artillerist Smathers,Explorer,9,53,19,+4,+6,,,,,,,,,,,,,,,,14,18,13,10,10,10,+8,+10,+2,0,0,0,"Mobile: Evade Difficult Terrain,Mobile: Evade Opportunity Attack,Extra Attack,Mobile,Opportunity Attack",,
Cashguard Artillerist Smathers,Tactician,9,98,19,+4,+4,,,,,,,,,,,,,,,,14,18,13,10,10,10,+6,+8,+2,0,0,0,"Mobile: Evade Difficult Terrain,Mobile: Evade Opportunity Attack,Extra Attack,Mobile,Opportunity Attack",,
Smiley Gheef,Balanced,1,6,10,0,+2,,,,,,,,,,,,,,,,10,10,10,10,10,10,0,0,0,0,0,0,Opportunity Attack,,
Smiley Gheef,Explorer,1,4,10,0,+4,,,,,,,,,,,,,,,,10,10,10,10,10,10,0,0,0,0,0,0,Opportunity Attack,,
Smiley Gheef,Tactician,1,7,10,0,+2,,,,,,,,,,,,,,,,10,10,10,10,10,10,0,0,0,0,0,0,Opportunity Attack,,
Smilin' Ginna,Balanced,11,46,15,+4,+4,,,,,,,,,,,,,,,,8,18,12,12,14,13,-1,+8,+1,+5,+2,+1,Opportunity Attack,,
Smilin' Ginna,Explorer,11,32,15,+4,+6,,,,,,,,,,,,,,,,8,18,12,12,14,13,-1,+10,+1,+7,+2,+1,Opportunity Attack,,
Smilin' Ginna,Tactician,11,59,15,+4,+4,,,,,,,,,,,,,,,,8,18,12,12,14,13,-1,+8,+1,+5,+2,+1,Opportunity Attack,,
Fist Smithwynn,Balanced,8,64,18,+1,+3,,,,,,,,,,,,,,,,21,13,17,10,12,8,+8,+1,+7,0,+1,-1,"Extra Attack,Opportunity Attack,Protection",,
Fist Smithwynn,Explorer,8,59,18,+1,+5,,,,,,,,,,,,,,,,21,13,17,10,12,8,+10,+1,+9,0,+1,-1,"Extra Attack,Opportunity Attack,Protection",,
Fist Smithwynn,Tactician,8,68,18,+1,+3,,,,,,,,,,,,,,,,21,13,17,10,12,8,+8,+1,+7,0,+1,-1,"Extra Attack,Opportunity Attack,Protection",,
Smouldering Eternal Debtor,Balanced,1,12,10,0,+2,,,,,,,,Resistance to Magical,,,,,,,,10,10,10,8,8,8,0,0,0,-1,-1,-1,"Opportunity Attack,Darkvision,Forever Indebted,Hellish Resistance",,
Smouldering Eternal Debtor,Explorer,1,8,10,0,+4,,,,,,,,Resistance to Magical,,,,,,,,10,10,10,8,8,8,0,0,0,-1,-1,-1,"Opportunity Attack,Darkvision,Forever Indebted,Hellish Resistance",,
Smouldering Eternal Debtor,Tactician,1,15,10,0,+2,,,,,,,,Resistance to Magical,,,,,,,,10,10,10,8,8,8,0,0,0,-1,-1,-1,"Opportunity Attack,Darkvision,Forever Indebted,Hellish Resistance",,
Smythin,Balanced,1,6,10,0,+2,,,,,,,,,,,,,,,,10,10,10,10,10,10,0,0,0,0,0,0,Opportunity Attack,,
Smythin,Explorer,1,4,10,0,+4,,,,,,,,,,,,,,,,10,10,10,10,10,10,0,0,0,0,0,0,Opportunity Attack,,
Smythin,Tactician,1,7,10,0,+2,,,,,,,,,,,,,,,,10,10,10,10,10,10,0,0,0,0,0,0,Opportunity Attack,,
Snapbone,Balanced,11,46,15,+4,+4,,,,,,,,,,,,,,,,8,18,12,12,14,13,-1,+8,+1,+5,+2,+1,"Opportunity Attack,Evasion,Reliable Talent,Uncanny Dodge",,
Snapbone,Explorer,11,32,15,+4,+4,,,,,,,,,,,,,,,,8,18,12,12,14,13,-1,+8,+1,+5,+2,+1,"Opportunity Attack,Evasion,Reliable Talent,Uncanny Dodge",,
Snapbone,Tactician,11,59,15,+4,+4,,,,,,,,,,,,,,,,8,18,12,12,14,13,-1,+8,+1,+5,+2,+1,"Opportunity Attack,Evasion,Reliable Talent,Uncanny Dodge",,
Sharp-Eye Sneem,Balanced,2,12,13,+2,+2,,,,,,,,,,,,,,,,8,14,10,10,8,8,-1,+2,0,0,-1,-1,"Darkvision,Opportunity Attack",,
Sharp-Eye Sneem,Explorer,2,8,13,+2,+4,,,,,,,,,,,,,,,,8,14,10,10,8,8,-1,+2,0,0,-1,-1,"Darkvision,Opportunity Attack",,
Sharp-Eye Sneem,Tactician,2,15,13,+2,+2,,,,,,,,,,,,,,,,8,14,10,10,8,8,-1,+2,0,0,-1,-1,"Darkvision,Fury of the Small,Opportunity Attack",,
Sharp-Eye Sneem,Honour,2,19,13,+2,+2,,,,,,,,,,,,,,,,8,14,10,10,8,8,-1,+2,0,0,-1,-1,"Darkvision,Fury of the Small,Opportunity Attack",,
Sneezer Phibbs,Balanced,1,5,10,0,+2,,,,,,,,,,,,,,,,10,10,10,10,10,10,0,0,0,0,0,0,Opportunity Attack,,
Sneezer Phibbs,Explorer,1,3,10,0,+4,,,,,,,,,,,,,,,,10,10,10,10,10,10,0,0,0,0,0,0,Opportunity Attack,,
Sneezer Phibbs,Tactician,1,6,10,0,+2,,,,,,,,,,,,,,,,10,10,10,10,10,10,0,0,0,0,0,0,Opportunity Attack,,
Reaper of Bhaal Snirr,Balanced,5,45,10,+5,+3,,,,,,,,,,,,,,,,11,20,13,15,12,16,0,+5,+1,+2,+1,+3,"Darkvision,Extra Attack,Opportunity Attack,Prey Upon the Weak","Aura of Murder,Sanctuary",
Reaper of Bhaal Snirr,Explorer,5,31,10,+5,+5,,,,,,,,,,,,,,,,11,20,13,15,12,16,0,+5,+1,+2,+1,+3,"Darkvision,Extra Attack,Opportunity Attack,Prey Upon the Weak","Aura of Murder,Sanctuary",
Reaper of Bhaal Snirr,Tactician,5,58,10,+5,+3,,,,,,,,,,,,,,,,11,20,13,15,12,16,0,+5,+1,+2,+1,+3,"Darkvision,Evasion,Extra Attack,Opportunity Attack,Prey Upon the Weak","Aura of Murder,Sanctuary",
Sharp-Eye Snurd,Balanced,2,12,13,+2,+2,,,,,,,,,,,,,,,,10,14,10,10,8,8,0,+2,0,0,-1,-1,"Darkvision,Opportunity Attack",,
Sharp-Eye Snurd,Explorer,2,8,13,+2,+4,,,,,,,,,,,,,,,,10,14,10,10,8,8,0,+2,0,0,-1,-1,"Darkvision,Opportunity Attack",,
Sharp-Eye Snurd,Tactician,2,15,13,+2,+2,,,,,,,,,,,,,,,,10,14,10,10,8,8,0,+2,0,0,-1,-1,"Darkvision,Fury of the Small,Opportunity Attack",,
Sharp-Eye Snurd,Honour,2,19,13,+2,+2,,,,,,,,,,,,,,,,10,14,10,10,8,8,0,+2,0,0,-1,-1,"Darkvision,Fury of the Small,Opportunity Attack",,
Gauntlet Soapstone,Balanced,8,64,8,+1,+3,,,,,,,,,,,,,,,,21,13,17,10,12,8,+8,+1,+7,0,+1,-1,"Extra Attack,Opportunity Attack,Protection",,
Gauntlet Soapstone,Explorer,8,59,8,+1,+5,,,,,,,,,,,,,,,,21,13,17,10,12,8,+10,+1,+9,0,+1,-1,"Extra Attack,Opportunity Attack,Protection",,
Gauntlet Soapstone,Tactician,8,68,8,+1,+3,,,,,,,,,,,,,,,,21,13,17,10,12,8,+8,+1,+7,0,+1,-1,"Extra Attack,Opportunity Attack,Protection",,
Solras,Balanced,1,5,10,0,+2,,,,,,,,,,,,Resistance to Magical,,,,10,10,10,10,10,10,0,0,0,0,0,0,"Darkvision,Dwarven Resilience,Opportunity Attack",,
Solras,Explorer,1,5,10,0,+4,,,,,,,,,,,,Resistance to Magical,,,,10,10,10,10,10,10,0,0,0,0,0,0,"Darkvision,Dwarven Resilience,Opportunity Attack",,
Solras,Tactician,1,5,10,0,+2,,,,,,,,,,,,Resistance to Magical,,,,10,10,10,10,10,10,0,0,0,0,0,0,"Darkvision,Dwarven Resilience,Opportunity Attack",,
Somi,Balanced,10,86,14,0,+4,,,,,,,,,,,,,,,,20,10,18,10,10,10,+9,0,+8,0,0,0,"Extra Attack,Opportunity Attack",,
Somi,Explorer,10,60,14,0,+6,,,,,,,,,,,,,,,,20,10,18,10,10,10,+11,0,+10,0,0,0,"Extra Attack,Opportunity Attack",,
Somi,Tactician,10,111,14,0,+4,,,,,,,,,,,,,,,,20,10,18,10,10,10,+9,0,+8,0,0,0,"Extra Attack,Opportunity Attack",,
Zealot Soreni,Balanced,8,70,18,0,+3,,,,,,,,,,,,,,,,18,10,16,9,11,16,+7,+3,+6,+2,+6,+9,"Darkvision,Divine Health,Extra Attack,Fey Ancestry,Great Weapon Fighting,Opportunity Attack,Sunlight Sensitivity",Aura of Protection,
Zealot Soreni,Explorer,8,49,18,0,+5,,,,,,,,,,,,,,,,18,10,16,9,11,16,+7,+3,+6,+2,+8,+11,"Darkvision,Divine Health,Extra Attack,Fey Ancestry,Great Weapon Fighting,Opportunity Attack,Sunlight Sensitivity",Aura of Protection,
Zealot Soreni,Tactician,8,91,18,0,+3,,,,,,,,,,,,,,,,18,10,16,9,11,16,+7,+3,+6,+2,+6,+9,"Darkvision,Divine Health,Extra Attack,Fey Ancestry,Great Weapon Fighting,Opportunity Attack,Relentless Avenger,Sunlight Sensitivity",Aura of Protection,
Sorn Orlith,Balanced,6,8,10,0,+3,,,,,,,,,,,,,,,,10,10,10,10,10,10,0,0,0,+3,+3,0,"Darkvision,Fey Ancestry,Opportunity Attack,Sunlight Sensitivity",,
Sorn Orlith,Explorer,6,5,10,0,+5,,,,,,,,,,,,,,,,10,10,10,10,10,10,0,0,0,+5,+5,0,"Darkvision,Fey Ancestry,Opportunity Attack,Sunlight Sensitivity",,
Sorn Orlith,Tactician,6,10,10,0,+3,,,,,,,,,,,,,,,,10,10,10,10,10,10,0,0,0,+3,+3,0,"Darkvision,Fey Ancestry,Opportunity Attack,Sunlight Sensitivity",,
Spargo Ovilliers,Balanced,1,6,10,0,+2,,,,,,,,,,,,,,,,10,10,10,10,10,10,0,0,0,0,0,0,Opportunity Attack,,
Spargo Ovilliers,Explorer,1,4,10,0,+4,,,,,,,,,,,,,,,,10,10,10,10,10,10,0,0,0,0,0,0,Opportunity Attack,,
Spargo Ovilliers,Tactician,1,7,10,0,+2,,,,,,,,,,,,,,,,10,10,10,10,10,10,0,0,0,0,0,0,Opportunity Attack,,
Sparks Musgravel,Balanced,10,60,12,0,+4,,,,,,,,,,,,,,,,12,10,10,18,12,10,+1,0,0,+8,+5,0,Opportunity Attack,,
Sparks Musgravel,Explorer,10,42,12,0,+6,,,,,,,,,,,,,,,,12,10,10,18,12,10,+1,0,0,+10,+7,0,Opportunity Attack,,
Sparks Musgravel,Tactician,10,78,12,0,+4,,,,,,,,,,,,,,,,12,10,10,18,12,10,+1,0,0,+8,+5,0,Opportunity Attack,,
Spatula Farggo,Balanced,1,8,10,0,+2,,,,,,,,,,,,Full Resistance,,,,10,10,10,10,10,10,0,0,0,0,0,0,"Darkvision,Dwarven Resilience,Opportunity Attack",,
Spatula Farggo,Explorer,1,5,10,0,+4,,,,,,,,,,,,Full Resistance,,,,10,10,10,10,10,10,0,0,0,0,0,0,"Darkvision,Dwarven Resilience,Opportunity Attack",,
Spatula Farggo,Tactician,1,10,10,0,+2,,,,,,,,,,,,Full Resistance,,,,10,10,10,10,10,10,0,0,0,0,0,0,"Darkvision,Dwarven Resilience,Opportunity Attack",,
Death's Head of Bhaal Spaulder,Balanced,8,76,15,+5,+3,,,,,,,,,,,,,,,,20,20,20,14,13,16,+5,+5,+5,+2,+1,+3,"Opportunity Attack,Darkvision,Magic Resistance,Extra Attack,Murder Hungry,Prey Upon the Weak","Ambushing,Aura of Murder,Unstoppable",
Death's Head of Bhaal Spaulder,Explorer,8,53,15,+5,+5,,,,,,,,,,,,,,,,20,20,20,14,13,16,+5,+5,+5,+2,+1,+3,"Opportunity Attack,Darkvision,Magic Resistance,Extra Attack,Murder Hungry,Prey Upon the Weak","Ambushing,Aura of Murder,Unstoppable",
Death's Head of Bhaal Spaulder,Tactician,8,98,15,+5,+3,,,,,,,,,,,,,,,,20,20,20,14,13,16,+5,+5,+5,+2,+1,+3,"Opportunity Attack,Darkvision,Magic Resistance,Extra Attack,Murder Hungry,Prey Upon the Weak,Sentinel: Opportunity Advantage,Sentinel: Snare,Sentinel: Vengeance","Ambushing,Aura of Murder,Unstoppable",
Torturer Spike,Balanced,3,15,13,+1,+2,,,,,,,,,,,,,,,,12,13,11,10,8,8,+1,+1,0,0,-1,-1,"Darkvision,Opportunity Attack",,
Torturer Spike,Explorer,3,10,13,+1,+4,,,,,,,,,,,,,,,,12,13,11,10,8,8,+1,+1,0,0,-1,-1,"Darkvision,Opportunity Attack",,
Torturer Spike,Tactician,3,19,13,+1,+2,,,,,,,,,,,,,,,,12,13,11,10,8,8,+1,+1,0,0,-1,-1,"Darkvision,Fury of the Small,Opportunity Attack",,
Torturer Spike,Honour,3,23,13,+1,+2,,,,,,,,,,,,,,,,12,13,11,10,8,8,+1,+1,0,0,-1,-1,"Darkvision,Fury of the Small,Opportunity Attack",,
Splatters Doolug,Balanced,1,8,10,0,+2,,,,,,,,,,,,,,,,10,10,10,10,10,10,0,0,0,0,0,0,Opportunity Attack,,
Splatters Doolug,Explorer,1,5,10,0,+4,,,,,,,,,,,,,,,,10,10,10,10,10,10,0,0,0,0,0,0,Opportunity Attack,,
Splatters Doolug,Tactician,1,10,10,0,+2,,,,,,,,,,,,,,,,10,10,10,10,10,10,0,0,0,0,0,0,Opportunity Attack,,
Spool,Balanced,1,5,10,0,+2,,,,,,,,,,,,,,,,10,10,10,10,10,10,0,0,0,0,0,0,Opportunity Attack,,
Spool,Explorer,1,3,10,0,+4,,,,,,,,,,,,,,,,10,10,10,10,10,10,0,0,0,0,0,0,Opportunity Attack,,
Spool,Tactician,1,6,10,0,+2,,,,,,,,,,,,,,,,10,10,10,10,10,10,0,0,0,0,0,0,Opportunity Attack,,
Dead Drow Raider,Balanced,1,8,10,0,+2,,,,,,,,,,,,,,,,10,10,10,10,10,10,0,0,0,0,0,0,Opportunity Attack,Dead,
Dead Drow Raider,Explorer,1,5,10,0,+4,,,,,,,,,,,,,,,,10,10,10,10,10,10,0,0,0,0,0,0,Opportunity Attack,Dead,
Dead Drow Raider,Tactician,1,10,10,0,+2,,,,,,,,,,,,,,,,10,10,10,10,10,10,0,0,0,0,0,0,Opportunity Attack,Dead,
Iron Consul Stalwart,Balanced,11,93,18,0,+4,,,,,,,,,,,,,,,,20,11,16,10,15,16,+5,0,+3,0,+6,+3,"Extra Attack,Opportunity Attack,Tactical Discipline",,
Iron Consul Stalwart,Explorer,11,65,18,0,+6,,,,,,,,,,,,,,,,20,11,16,10,15,16,+5,0,+3,0,+8,+3,"Extra Attack,Opportunity Attack,Tactical Discipline",,
Iron Consul Stalwart,Tactician,11,120,18,0,+4,,,,,,,,,,,,,,,,20,11,16,10,15,16,+5,0,+3,0,+6,+3,"Extra Attack,Opportunity Attack,Tactical Discipline",,
Seawind Star Stolitti,Balanced,11,54,14,+3,+4,,,,,,,,,,Full Resistance,,,,,,12,16,12,16,15,12,+1,+3,+1,+7,+6,+1,Opportunity Attack,,
Seawind Star Stolitti,Explorer,11,37,14,+3,+6,,,,,,,,,,Full Resistance,,,,,,12,16,12,16,15,12,+1,+3,+1,+9,+8,+1,Opportunity Attack,,
Seawind Star Stolitti,Tactician,11,70,14,+3,+4,,,,,,,,,,Full Resistance,,,,,,12,16,12,16,15,12,+1,+3,+1,+7,+6,+1,Opportunity Attack,,
Fist Starrlet,Balanced,8,62,16,+1,+3,,,,,,,,,,,,,,,,21,13,17,10,12,8,+8,+1,+7,0,+1,-1,"Extra Attack,Great Weapon Fighting,Opportunity Attack,Phalanx Formation,Riposte",,
Fist Starrlet,Explorer,8,59,16,+1,+5,,,,,,,,,,,,,,,,21,13,17,10,12,8,+10,+1,+9,0,+1,-1,"Extra Attack,Great Weapon Fighting,Opportunity Attack,Phalanx Formation,Riposte",,
Fist Starrlet,Tactician,8,64,16,+1,+3,,,,,,,,,,,,,,,,21,13,17,10,12,8,+8,+1,+7,0,+1,-1,"Extra Attack,Great Weapon Fighting,Opportunity Attack,Phalanx Formation,Riposte",,
Steffy,Balanced,1,5,10,0,+2,,,,,,,,,,,,,,,,10,10,10,10,10,10,0,0,0,0,0,0,Opportunity Attack,,
Steffy,Explorer,1,3,10,0,+4,,,,,,,,,,,,,,,,10,10,10,10,10,10,0,0,0,0,0,0,Opportunity Attack,,
Steffy,Tactician,1,6,10,0,+2,,,,,,,,,,,,,,,,10,10,10,10,10,10,0,0,0,0,0,0,Opportunity Attack,,
Party Guest,Balanced,3,8,10,0,+2,,,,,,,,,,,,,,,,10,10,10,10,10,10,0,0,0,0,0,0,"Darkvision,Fey Ancestry,Opportunity Attack",,
Sticky Dondo,Balanced,1,5,10,0,+2,,,,,,,,,,,,,,,,10,10,10,10,10,10,0,0,0,0,0,0,Opportunity Attack,,
Black Gauntlet Stijin,Balanced,12,82,18,0,+4,,,,,,,,,,,,,,,,18,11,18,12,15,20,+4,0,+5,+1,+6,+9,"Extra Attack,Opportunity Attack,Tactical Discipline",,
Black Gauntlet Stijin,Explorer,12,57,18,0,+6,,,,,,,,,,,,,,,,18,11,18,12,15,20,+4,0,+5,+1,+8,+11,"Extra Attack,Opportunity Attack,Tactical Discipline",,
Black Gauntlet Stijin,Tactician,12,106,18,0,+4,,,,,,,,,,,,,,,,18,11,18,12,15,20,+4,0,+5,+1,+6,+9,"Extra Attack,Opportunity Attack,Tactical Discipline",,
Stimk,Balanced,3,27,14,+2,+2,,,,,,,,,,,,,,,,15,14,13,8,11,9,+2,+2,+1,-1,0,-1,"Brute,Darkvision,Opportunity Attack,Tenacity","Drunk,Sleeping",
Stimk,Explorer,3,18,14,+2,+4,,,,,,,,,,,,,,,,15,14,13,8,11,9,+2,+2,+1,-1,0,-1,"Brute,Darkvision,Opportunity Attack,Tenacity","Drunk,Sleeping",
Stimk,Tactician,3,35,14,+2,+2,,,,,,,,,,,,,,,,15,14,13,8,11,9,+2,+2,+1,-1,0,-1,"Brute,Darkvision,Opportunity Attack,Savage Attacker,Tenacity","Drunk,Sleeping",
Stinker,Balanced,1,5,10,0,+2,,,,,,,,,,,,,,,,10,10,10,10,10,10,0,0,0,0,0,0,Opportunity Attack,,
Stinker,Explorer,1,3,10,0,+4,,,,,,,,,,,,,,,,10,10,10,10,10,10,0,0,0,0,0,0,Opportunity Attack,,
Stinker,Tactician,1,6,10,0,+2,,,,,,,,,,,,,,,,10,10,10,10,10,10,0,0,0,0,0,0,Opportunity Attack,,
Cashier Stivvo,Balanced,,8,10,0,,,,,,,,,,,,,,,,,10,10,10,10,10,10,0,0,0,0,0,0,"Brave,Halfling Luck,Opportunity Attack",,
Cashier Stivvo,Explorer,,5,10,0,,,,,,,,,,,,,,,,,10,10,10,10,10,10,0,0,0,0,0,0,"Brave,Halfling Luck,Opportunity Attack",,
Cashier Stivvo,Tactician,,10,10,0,,,,,,,,,,,,,,,,,10,10,10,10,10,10,0,0,0,0,0,0,"Brave,Halfling Luck,Opportunity Attack",,
Ghustil Stornugoss,Balanced,5,37,10,0,+3,INT,15,,,,,,,,,,,,,,12,10,12,18,14,12,+1,0,+1,+4,+2,+1,"Aberration Hunter,Opportunity Attack",,
Ghustil Stornugoss,Explorer,5,25,10,0,+5,INT,17,,,,,,,,,,,,,,12,10,12,18,14,12,+1,0,+1,+4,+2,+1,"Aberration Hunter,Opportunity Attack",,
Ghustil Stornugoss,Tactician,5,48,10,0,+3,INT,17,,,,,,,,,,,,,,12,10,12,18,14,12,+1,0,+1,+4,+2,+1,"Aberration Hunter,Opportunity Attack,Psionic Empowerment",Mage Armour,
Stropes,Balanced,5,45,11,+1,+3,,,,,,,,,,,,,,,,13,12,14,16,13,11,+1,+1,+2,+6,+4,0,"Army Arcana,Darkvision,Martial Advantage,Opportunity Attack",,
Stropes,Explorer,5,31,11,+1,+5,,,,,,,,,,,,,,,,13,12,14,16,13,11,+1,+1,+2,+8,+6,0,"Army Arcana,Darkvision,Martial Advantage,Opportunity Attack",,
Stropes,Tactician,5,58,11,+1,+3,,,,,,,,,,,,,,,,13,12,14,16,13,11,+1,+1,+2,+6,+4,0,"Army Arcana,Darkvision,Martial Advantage,Opportunity Attack",,
Stug Minedale,Balanced,1,6,10,0,+2,,,,,,,,,,,,Full Resistance,,,,10,10,10,10,10,10,0,0,0,0,0,0,"Darkvision,Dwarven Resilience,Opportunity Attack",,
Stug Minedale,Explorer,1,4,10,0,+4,,,,,,,,,,,,Full Resistance,,,,10,10,10,10,10,10,0,0,0,0,0,0,"Darkvision,Dwarven Resilience,Opportunity Attack",,
Stug Minedale,Tactician,1,7,10,0,+2,,,,,,,,,,,,Full Resistance,,,,10,10,10,10,10,10,0,0,0,0,0,0,"Darkvision,Dwarven Resilience,Opportunity Attack",,
Thunderstorm Sue,Balanced,8,51,10,0,+3,,,,,,,,,,,,,,,,12,10,12,19,12,10,+1,0,+1,+7,+4,0,Opportunity Attack,,
Thunderstorm Sue,Explorer,8,35,10,0,+5,,,,,,,,,,,,,,,,12,10,12,19,12,10,+1,0,+1,+9,+6,0,Opportunity Attack,,
Thunderstorm Sue,Tactician,8,66,10,0,+3,,,,,,,,,,,,,,,,12,10,12,19,12,10,+1,0,+1,+7,+4,0,Opportunity Attack,,
Warrior Sul,Balanced,2,15,13,+1,+2,,,,,,,,,,,,,,,,12,13,11,10,8,8,+1,+1,0,0,-1,-1,"Darkvision,Opportunity Attack",Slightly Drunk,
Warrior Sul,Explorer,2,10,13,+1,+4,,,,,,,,,,,,,,,,12,13,11,10,8,8,+1,+1,0,0,-1,-1,"Darkvision,Opportunity Attack",Slightly Drunk,
Warrior Sul,Tactician,2,19,13,+1,+2,,,,,,,,,,,,,,,,12,13,11,10,8,8,+1,+1,0,0,-1,-1,"Darkvision,Fury of the Small,Opportunity Attack",Slightly Drunk,
Warrior Sul,Honour,2,23,13,+1,+2,,,,,,,,,,,,,,,,12,13,11,10,8,8,+1,+1,0,0,-1,-1,"Darkvision,Fury of the Small,Opportunity Attack",Slightly Drunk,
Pilgrim Sul,Balanced,1,6,10,0,+2,,,,,,,,,,,,,,,,10,10,10,10,10,10,0,0,0,0,0,0,Opportunity Attack,,
Pilgrim Sul,Explorer,1,4,10,0,+2,,,,,,,,,,,,,,,,10,10,10,10,10,10,0,0,0,0,0,0,Opportunity Attack,,
Pilgrim Sul,Tactician,1,7,10,0,+2,,,,,,,,,,,,,,,,10,10,10,10,10,10,0,0,0,0,0,0,Opportunity Attack,,
Sula Ghevora,Balanced,1,8,10,0,+2,,,,,,,,,,,,,,,,10,10,10,10,10,10,0,0,0,0,0,0,"Darkvision,Fey Ancestry,Opportunity Attack",,
Sula Ghevora,Explorer,1,5,10,0,+4,,,,,,,,,,,,,,,,10,10,10,10,10,10,0,0,0,0,0,0,"Darkvision,Fey Ancestry,Opportunity Attack",,
Sula Ghevora,Tactician,1,10,10,0,+2,,,,,,,,,,,,,,,,10,10,10,10,10,10,0,0,0,0,0,0,"Darkvision,Fey Ancestry,Opportunity Attack",,
Harper Sulian,Balanced,8,59,12,+1,+3,,,,,,,,,,,,,,,,10,12,14,11,18,10,0,+1,+2,+3,+7,0,"Darkvision,Gnome Cunning,Opportunity Attack,Shortened Stride",,
Harper Sulian,Explorer,8,41,12,+1,+5,,,,,,,,,,,,,,,,10,12,14,11,18,10,0,+1,+2,+5,+9,0,"Darkvision,Gnome Cunning,Opportunity Attack,Shortened Stride",,
Harper Sulian,Tactician,8,76,12,+1,+3,,,,,,,,,,,,,,,,10,12,14,11,18,10,0,+1,+2,+3,+7,0,"Darkvision,Gnome Cunning,Opportunity Attack,Shortened Stride",,
Questioner Sumera,Balanced,8,59,13,+2,+3,,,,,,,,,,,,,,,,10,14,15,12,11,18,0,+2,+2,+4,+3,+4,"Darkvision,Dreadful Word,Gnome Cunning,Opportunity Attack,Repelling Blast,Shortened Stride",,
Questioner Sumera,Explorer,8,41,13,+2,+5,,,,,,,,,,,,,,,,10,14,15,12,11,18,0,+2,+2,+6,+5,+4,"Darkvision,Dreadful Word,Gnome Cunning,Opportunity Attack,Repelling Blast,Shortened Stride",,
Questioner Sumera,Tactician,8,76,13,+2,+3,,,,,,,,,,,,,,,,10,14,15,12,11,18,0,+2,+2,+4,+3,+4,"Darkvision,Dreadful Word,Gnome Cunning,Opportunity Attack,Repelling Blast,Shortened Stride",,
Surixana,Balanced,1,8,10,0,+2,,,,,,,,,,,,,,,,10,10,10,10,10,10,0,0,0,0,0,0,"Opportunity Attack,Toggle Non-Lethal Attacks",,
Surixana,Explorer,1,16,10,0,+4,,,,,,,,,,,,,,,,10,10,10,10,10,10,0,0,0,0,0,0,"Opportunity Attack,Toggle Non-Lethal Attacks",,
Surixana,Tactician,1,8,10,0,+2,,,,,,,,,,,,,,,,10,10,10,10,10,10,0,0,0,0,0,0,"Opportunity Attack,Toggle Non-Lethal Attacks",,
Susdera,Balanced,8,63,15,+2,+3,,,,,,,,,,,,,,,,10,14,17,19,14,13,0,+2,+3,+7,+5,+1,"Extra Attack,Grave Magic,Opportunity Attack,Sculpt Spells,Tenacity",Mage Armour,
Susdera,Explorer,8,45,15,+2,+5,,,,,,,,,,,,,,,,10,14,17,19,14,13,0,+2,+3,+9,+7,+1,"Extra Attack,Grave Magic,Opportunity Attack,Sculpt Spells,Tenacity",Mage Armour,
Susdera,Tactician,8,84,15,+2,+3,,,,,,,,,,,,,,,,10,14,17,19,14,13,0,+2,+3,+7,+5,+1,"Extra Attack,Grave Magic,Opportunity Attack,Sculpt Spells,Tenacity",Mage Armour,
Svend,Balanced,1,6,1,0,+2,,,,,,,,,,,,,,,,10,10,10,10,10,10,0,0,0,0,0,0,Opportunity Attack,,
Svend,Explorer,1,4,1,0,+4,,,,,,,,,,,,,,,,10,10,10,10,10,10,0,0,0,0,0,0,Opportunity Attack,,
Svend,Tactician,1,7,1,0,+2,,,,,,,,,,,,,,,,10,10,10,10,10,10,0,0,0,0,0,0,Opportunity Attack,,
Sylbert,Balanced,1,8,10,0,+2,,,,,,,,,,,,,,,,10,10,10,10,10,10,0,0,0,0,0,0,"Brave,Halfling Luck,Opportunity Attack",,
Sylbert,Explorer,1,5,10,0,+4,,,,,,,,,,,,,,,,10,10,10,10,10,10,0,0,0,0,0,0,"Brave,Halfling Luck,Opportunity Attack",,
Sylbert,Tactician,1,10,10,0,+2,,,,,,,,,,,,,,,,10,10,10,10,10,10,0,0,0,0,0,0,"Brave,Halfling Luck,Opportunity Attack",,
Syllabub Fran,Balanced,1,6,1,0,+2,,,,,,,,,,,,,,,,10,10,10,10,10,10,0,0,0,0,0,0,Opportunity Attack,"Drunk,Unconscious",
Syllabub Fran,Explorer,1,4,1,0,+4,,,,,,,,,,,,,,,,10,10,10,10,10,10,0,0,0,0,0,0,Opportunity Attack,"Drunk,Unconscious",
Syllabub Fran,Tactician,1,7,1,0,+2,,,,,,,,,,,,,,,,10,10,10,10,10,10,0,0,0,0,0,0,Opportunity Attack,"Drunk,Unconscious",
Fist Healer Syllving,Balanced,10,62,16,0,+4,,,,,,,,,,,,Full Resistance,,,,13,10,16,10,20,12,+1,0,+3,0,+9,+5,"Darkvision,Dwarven Resilience,Opportunity Attack,Protection",,
Fist Healer Syllving,Explorer,10,59,16,0,+6,,,,,,,,,,,,Full Resistance,,,,13,10,16,10,20,12,+1,0,+3,0,+11,+7,"Darkvision,Dwarven Resilience,Opportunity Attack,Protection",,
Fist Healer Syllving,Tactician,10,64,16,0,+4,,,,,,,,,,,,Full Resistance,,,,13,10,16,10,20,12,+1,0,+3,0,+9,+5,"Darkvision,Dwarven Resilience,Opportunity Attack,Protection",,
Sylvie Summerworth,Balanced,,8,10,0,,,,,,,,,,,,,,,,,10,10,10,10,10,10,0,0,0,0,0,0,"Brave,Halfling Luck,Opportunity Attack",,
Sylvie Summerworth,Explorer,,5,10,0,,,,,,,,,,,,,,,,,10,10,10,10,10,10,0,0,0,0,0,0,"Brave,Halfling Luck,Opportunity Attack",,
Sylvie Summerworth,Tactician,,10,10,0,,,,,,,,,,,,,,,,,10,10,10,10,10,10,0,0,0,0,0,0,"Brave,Halfling Luck,Opportunity Attack",,
Syril Valdemar,Balanced,1,8,10,0,+2,,,,,,,,,,,,,,,,10,10,10,10,10,10,0,0,0,0,0,0,"Darkvision,Fey Ancestry,Opportunity Attack",,
Syril Valdemar,Explorer,1,5,10,0,+4,,,,,,,,,,,,,,,,10,10,10,10,10,10,0,0,0,0,0,0,"Darkvision,Fey Ancestry,Opportunity Attack",,
Syril Valdemar,Tactician,1,10,10,0,+2,,,,,,,,,,,,,,,,10,10,10,10,10,10,0,0,0,0,0,0,"Darkvision,Fey Ancestry,Opportunity Attack",,
Syrin,Balanced,1,22,13,+3,+2,,,,,,,,,,,,,,,,12,16,12,12,10,10,+1,+3,+1,+1,0,0,Opportunity Attack,,
Syrin,Explorer,1,15,13,+3,+4,,,,,,,,,,,,,,,,12,16,12,12,10,10,+1,+3,+1,+1,0,0,Opportunity Attack,,
Syrin,Tactician,1,28,13,+3,+2,,,,,,,,,,,,,,,,12,16,12,12,10,10,+1,+3,+1,+1,0,0,Opportunity Attack,,
Dead Elf,Balanced,3,3,10,0,+2,,,,,,,,,,,,,,,,10,10,10,10,10,10,0,0,0,0,0,0,"Darkvision,Fey Ancestry,Opportunity Attack",Dead,
Dead Elf,Tactician,3,10,10,0,+2,,,,,,,,,,,,,,,,10,10,10,10,10,10,0,0,0,0,0,0,"Darkvision,Fey Ancestry,Opportunity Attack",Dead,
Tahan,Balanced,3,18,12,+1,+2,,,,,,,,,,,,,,,,10,12,12,14,16,12,0,+1,+1,+4,+5,+1,"Darkvision,Gnome Cunning,Opportunity Attack",,
Tahan,Explorer,3,12,12,+1,+4,,,,,,,,,,,,,,,,10,12,12,14,16,12,0,+1,+1,+6,+7,+1,"Darkvision,Gnome Cunning,Opportunity Attack",,
Tahan,Tactician,3,23,12,+1,+2,,,,,,,,,,,,,,,,10,12,12,14,16,12,0,+1,+1,+4,+5,+1,"Darkvision,Gnome Cunning,Opportunity Attack",,
Pilgrim Taima,Balanced,1,6,10,0,+2,,,,,,,,,,,,,,,,10,10,10,10,10,10,0,0,0,0,0,0,Opportunity Attack,,
Pilgrim Taima,Explorer,1,4,10,0,+2,,,,,,,,,,,,,,,,10,10,10,10,10,10,0,0,0,0,0,0,Opportunity Attack,,
Pilgrim Taima,Tactician,1,7,10,0,+2,,,,,,,,,,,,,,,,10,10,10,10,10,10,0,0,0,0,0,0,Opportunity Attack,,
Tairn,Balanced,10,86,14,0,+4,,,,,,,,,,,,,,,,20,10,18,10,10,10,+9,0,+8,0,0,0,"Extra Attack,Opportunity Attack",,
Tairn,Explorer,10,60,14,0,+6,,,,,,,,,,,,,,,,20,10,18,10,10,10,+11,0,+10,0,0,0,"Extra Attack,Opportunity Attack",,
Tairn,Tactician,10,111,14,0,+4,,,,,,,,,,,,,,,,20,10,18,10,10,10,+9,0,+8,0,0,0,"Extra Attack,Opportunity Attack",,
Tracker Tak,Balanced,1,7,13,+2,+2,,,,,,,,,,,,,,,,10,14,10,10,8,8,0,+2,0,0,-1,-1,"Darkvision,Opportunity Attack",Slightly Drunk,
Tracker Tak,Explorer,1,4,13,+2,+4,,,,,,,,,,,,,,,,10,14,10,10,8,8,0,+2,0,0,-1,-1,"Darkvision,Opportunity Attack",Slightly Drunk,
Tracker Tak,Tactician,1,9,13,+2,+2,,,,,,,,,,,,,,,,10,14,10,10,8,8,0,+2,0,0,-1,-1,"Darkvision,Fury of the Small,Opportunity Attack",Slightly Drunk,
Tracker Tak,Honour,1,11,13,+2,+2,,,,,,,,,,,,,,,,10,14,10,10,8,8,0,+2,0,0,-1,-1,"Darkvision,Fury of the Small,Opportunity Attack",Slightly Drunk,
Quartermaster Talli,Balanced,6,62,11,0,+3,,,,,,,,,,,,,,,,16,11,14,12,14,14,+6,0,+5,+1,+2,+2,"Extra Attack,Opportunity Attack",,
Quartermaster Talli,Explorer,6,43,11,0,+5,,,,,,,,,,,,,,,,16,11,14,12,14,14,+8,0,+7,+1,+2,+2,"Extra Attack,Opportunity Attack",,
Quartermaster Talli,Tactician,6,80,11,0,+3,,,,,,,,,,,,,,,,16,11,14,12,14,14,+6,0,+5,+1,+2,+2,"Extra Attack,Opportunity Attack",,
Talli Armbrust,Balanced,1,6,10,0,+2,,,,,,,,,,,,,,,,10,10,10,10,10,10,0,0,0,0,0,0,Opportunity Attack,,
Talli Armbrust,Explorer,1,4,10,0,+4,,,,,,,,,,,,,,,,10,10,10,10,10,10,0,0,0,0,0,0,Opportunity Attack,,
Talli Armbrust,Tactician,1,7,10,0,+2,,,,,,,,,,,,,,,,10,10,10,10,10,10,0,0,0,0,0,0,Opportunity Attack,,
Tam,Balanced,1,5,10,0,+2,,,,,,,,,,,,,,,,10,10,10,10,10,10,0,0,0,0,0,0,Opportunity Attack,,
Tam,Explorer,1,3,10,0,+4,,,,,,,,,,,,,,,,10,10,10,10,10,10,0,0,0,0,0,0,Opportunity Attack,,
Tam,Tactician,1,6,10,0,+2,,,,,,,,,,,,,,,,10,10,10,10,10,10,0,0,0,0,0,0,Opportunity Attack,,
Taman,Balanced,2,18,13,0,+2,,,,,,,,,,,,,,,,12,11,14,10,10,12,+3,0,+4,0,0,+1,"Darkvision,Fey Ancestry,Opportunity Attack",,
Taman,Explorer,2,12,13,0,+2,,,,,,,,,,,,,,,,12,11,14,10,10,12,+5,0,+6,0,0,+1,"Darkvision,Fey Ancestry",,
Taman,Tactician,2,23,13,0,+2,,,,,,,,,,,,,,,,12,11,14,10,10,12,+3,0,+4,0,0,+1,"Darkvision,Fey Ancestry,Opportunity Attack",,
Clerk Tamara,Balanced,9,44,12,+2,+4,,,,,,,,,,,,,,,,9,14,30,17,12,11,-1,+2,+10,+7,+5,0,Opportunity Attack,,
Black Gauntlet Tamia Holzt,Balanced,12,82,18,0,+4,,,,,,,,,,,,,,,,18,11,18,12,15,20,+4,0,+5,+1,+6,+9,"Extra Attack,Infernal Weapon,Opportunity Attack,Tactical Discipline",,
Black Gauntlet Tamia Holzt,Explorer,12,57,18,0,+6,,,,,,,,,,,,,,,,18,11,18,12,15,20,+4,0,+5,+1,+8,+11,"Extra Attack,Infernal Weapon,Opportunity Attack,Tactical Discipline",,
Black Gauntlet Tamia Holzt,Tactician,12,106,18,0,+4,,,,,,,,,,,,,,,,18,11,18,12,15,20,+4,0,+5,+1,+6,+9,"Extra Attack,Infernal Weapon,Opportunity Attack,Tactical Discipline",,
Fist Taraji,Balanced,8,62,16,+1,+3,,,,,,,,,,,,,,,,21,13,17,10,12,8,+8,+1,+7,0,+1,-1,"Opportunity Attack,Extra Attack,Great Weapon Fighting,Riposte,Phalanx Formation",,
Fist Taraji,Explorer,8,58,16,+1,+5,,,,,,,,,,,,,,,,21,13,17,10,12,8,+10,+1,+9,0,+1,-1,"Opportunity Attack,Extra Attack,Great Weapon Fighting,Riposte,Phalanx Formation",,
Fist Taraji,Tactician,8,65,16,+1,+3,,,,,,,,,,,,,,,,21,13,17,10,12,8,+8,+1,+7,0,+1,-1,"Opportunity Attack,Extra Attack,Great Weapon Fighting,Riposte,Phalanx Formation",,
Tarhun Mnemonis,Balanced,1,8,10,0,+2,,,,,,,,,,,,,,,,10,10,10,10,10,10,0,0,0,0,0,0,Opportunity Attack,,
Tarhun Mnemonis,Explorer,1,16,10,0,+4,,,,,,,,,,,,,,,,10,10,10,10,10,10,0,0,0,0,0,0,Opportunity Attack,,
Tarhun Mnemonis,Tactician,1,8,10,0,+2,,,,,,,,,,,,,,,,10,10,10,10,10,10,0,0,0,0,0,0,Opportunity Attack,,
Dead Half-Elf,Balanced,5,22,16,+2,+3,,,,,,,,,,,,,,,,15,14,14,10,10,12,+5,+2,+5,0,0,+1,"Darkvision,Extra Attack,Fey Ancestry,Opportunity Attack",,
Dead Half-Elf,Explorer,5,15,16,+2,+5,,,,,,,,,,,,,,,,15,14,14,10,10,12,+7,+2,+7,0,0,+1,"Darkvision,Extra Attack,Fey Ancestry,Opportunity Attack",,
Dead Half-Elf,Tactician,5,28,16,+2,+3,,,,,,,,,,,,,,,,15,14,14,10,10,12,+5,+2,+5,0,0,+1,"Darkvision,Extra Attack,Fey Ancestry,Opportunity Attack",,
Cashguard Taslim,Balanced,9,85,19,+1,+4,,,,,,,,,,,,,,,,18,12,14,10,12,15,+6,+3,+5,+2,+7,+8,"Charger,Divine Health,Extra Attack,Opportunity Attack,Tenacity","Aura of Protection,Drunk",
Cashguard Taslim,Explorer,9,59,19,+1,+6,,,,,,,,,,,,,,,,18,12,14,10,12,15,+6,+3,+5,+2,+9,+10,"Charger,Divine Health,Extra Attack,Opportunity Attack,Tenacity","Aura of Protection,Drunk",
Cashguard Taslim,Tactician,9,110,19,+1,+4,,,,,,,,,,,,,,,,18,12,14,10,12,15,+6,+3,+5,+2,+7,+8,"Charger,Divine Health,Extra Attack,Opportunity Attack,Tenacity","Aura of Protection,Drunk",
Chef's Assistant Tecochi,Balanced,1,6,10,0,+2,,,,,,,,,,,,,,,,10,10,10,10,10,10,0,0,0,0,0,0,Opportunity Attack,,
Chef's Assistant Tecochi,Explorer,1,4,10,0,+4,,,,,,,,,,,,,,,,10,10,10,10,10,10,0,0,0,0,0,0,Opportunity Attack,,
Chef's Assistant Tecochi,Tactician,1,7,10,0,+2,,,,,,,,,,,,,,,,10,10,10,10,10,10,0,0,0,0,0,0,Opportunity Attack,,
Tecothy,Balanced,4,32,14,+3,+2,,,,,,,,,,,,,,,,10,16,12,10,14,10,+2,+5,+1,0,+2,0,"Darkvision,Fey Ancestry,Opportunity Attack,Sunlight Sensitivity",,
Tecothy,Explorer,4,22,14,+3,+4,,,,,,,,,,,,,,,,10,16,12,10,14,10,+4,+7,+1,0,+2,0,"Darkvision,Fey Ancestry,Opportunity Attack,Sunlight Sensitivity",,
Tecothy,Tactician,4,41,14,+3,+2,,,,,,,,,,,,,,,,10,16,12,10,14,10,+2,+5,+1,0,+2,0,"Darkvision,Fey Ancestry,Opportunity Attack,Sunlight Sensitivity",,
Harper Teebs,Balanced,6,56,15,+1,+3,,,,,,,,,,,,Full Resistance,,,,18,12,14,10,12,12,+7,+1,+5,0,+1,+1,"Darkvision,Dwarven Resilience,Extra Attack,Opportunity Attack",,
Harper Teebs,Explorer,6,39,15,+1,+5,,,,,,,,,,,,Full Resistance,,,,18,12,14,10,12,12,+9,+1,+7,0,+1,+1,"Darkvision,Dwarven Resilience,Extra Attack,Opportunity Attack",,
Harper Teebs,Tactician,6,72,15,+1,+3,,,,,,,,,,,,Full Resistance,,,,18,12,14,10,12,12,+7,+1,+5,0,+1,+1,"Darkvision,Dwarven Resilience,Extra Attack,Opportunity Attack",,
Teghun,Balanced,3,27,14,+2,+2,,,,,,,,,,,,,,,,15,14,13,8,11,9,+2,+2,+1,-1,0,-1,"Brute,Darkvision,Opportunity Attack,Tenacity","Drunk,Sleeping",
Teghun,Explorer,3,18,14,+2,+4,,,,,,,,,,,,,,,,15,14,13,8,11,9,+2,+2,+1,-1,0,-1,"Brute,Darkvision,Opportunity Attack,Tenacity","Drunk,Sleeping",
Teghun,Tactician,3,35,14,+2,+2,,,,,,,,,,,,,,,,15,14,13,8,11,9,+2,+2,+1,-1,0,-1,"Brute,Darkvision,Opportunity Attack,Savage Attacker,Tenacity","Drunk,Sleeping",
Harper Terradissia,Balanced,6,16,11,+1,+3,,,,,,,,,,,,,,,,10,12,12,16,10,15,0,+1,+1,+6,+3,+2,"Darkvision,Fey Ancestry,Opportunity Attack",,
Harper Terradissia,Explorer,6,11,11,+1,+5,,,,,,,,,,,,,,,,10,12,12,16,10,15,0,+1,+1,+8,+5,+2,"Darkvision,Fey Ancestry,Opportunity Attack",,
Harper Terradissia,Tactician,6,20,11,+1,+3,,,,,,,,,,,,,,,,10,12,12,16,10,15,0,+1,+1,+6,+3,+2,"Darkvision,Fey Ancestry,Opportunity Attack",,
Terse Torvalt,Balanced,10,66,16,+4,+4,,,,,,,,,,,,,,,,12,18,12,12,12,12,+1,+8,+1,+5,+1,+1,"Brave,Evasion,Halfling Luck,Opportunity Attack,Uncanny Dodge",,
Terse Torvalt,Explorer,10,44,16,+4,+6,,,,,,,,,,,,,,,,12,18,12,12,12,12,+1,+10,+1,+7,+1,+1,"Brave,Evasion,Halfling Luck,Opportunity Attack,Uncanny Dodge",,
Terse Torvalt,Tactician,10,83,16,+4,+4,,,,,,,,,,,,,,,,12,18,12,12,12,12,+1,+8,+1,+5,+1,+1,"Brave,Evasion,Halfling Luck,Opportunity Attack,Uncanny Dodge",,
Dead Githyanki Warrior,Balanced,5,41,12,+2,+3,,,,,,,,,,,,,,,,17,14,15,10,12,10,+6,+2,+5,0,+1,0,"Extra Attack,Githyanki Parry,Opportunity Attack",Dead,
Dead Githyanki Warrior,Explorer,5,28,12,+2,+5,,,,,,,,,,,,,,,,17,14,15,10,12,10,+8,+2,+7,0,+1,0,"Extra Attack,Githyanki Parry,Opportunity Attack",Dead,
Dead Githyanki Warrior,Tactician,5,53,12,+2,+3,,,,,,,,,,,,,,,,17,14,15,10,12,10,+6,+2,+5,0,+1,0,"Extra Attack,Githyanki Parry,Great Weapon Fighting,Opportunity Attack,Psionic Empowerment",Dead,
Fist Thadwick,Balanced,6,56,15,+1,+3,,,,,,,,,,,,Full Resistance,,,,18,12,14,10,12,12,+7,+1,+5,0,+1,+1,"Darkvision,Dwarven Resilience,Extra Attack,Opportunity Attack",,
Fist Thadwick,Explorer,6,39,15,+1,+5,,,,,,,,,,,,Full Resistance,,,,18,12,14,10,12,12,+9,+1,+7,0,+1,+1,"Darkvision,Dwarven Resilience,Extra Attack,Opportunity Attack",,
Fist Thadwick,Tactician,6,72,15,+1,+3,,,,,,,,,,,,Full Resistance,,,,18,12,14,10,12,12,+7,+1,+5,0,+1,+1,"Darkvision,Dwarven Resilience,Extra Attack,Opportunity Attack",,
Thalita Cross,Balanced,1,6,10,0,+2,,,,,,,,,,,,,,,,10,10,10,10,10,10,0,0,0,0,0,0,Opportunity Attack,,
Thalita Cross,Explorer,1,3,10,0,+4,,,,,,,,,,,,,,,,10,10,10,10,10,10,0,0,0,0,0,0,Opportunity Attack,,
Thalita Cross,Tactician,1,7,10,0,+2,,,,,,,,,,,,,,,,10,10,10,10,10,10,0,0,0,0,0,0,Opportunity Attack,,
Cashguard Artillerist Thamberg,Balanced,9,76,19,+4,+4,,,,,,,,,,,,,,,,14,18,13,10,10,10,+6,+8,+2,0,0,0,"Mobile: Evade Difficult Terrain,Mobile: Evade Opportunity Attack,Extra Attack,Mobile,Opportunity Attack",,
Cashguard Artillerist Thamberg,Explorer,9,53,19,+4,+6,,,,,,,,,,,,,,,,14,18,13,10,10,10,+8,+10,+2,0,0,0,"Mobile: Evade Difficult Terrain,Mobile: Evade Opportunity Attack,Extra Attack,Mobile,Opportunity Attack",,
Cashguard Artillerist Thamberg,Tactician,9,98,19,+4,+4,,,,,,,,,,,,,,,,14,18,13,10,10,10,+6,+8,+2,0,0,0,"Mobile: Evade Difficult Terrain,Mobile: Evade Opportunity Attack,Extra Attack,Mobile,Opportunity Attack",,
Thaniel,Balanced,1,5,12,0,+2,,,,,,,,Full Resistance,,,,,,,,10,10,10,10,10,10,0,0,0,0,0,0,"Darkvision,Hellish Resistance",,
Thaniel,Explorer,1,3,12,0,+4,,,,,,,,Full Resistance,,,,,,,,10,10,10,10,10,10,0,0,0,0,0,0,"Darkvision,Hellish Resistance",,
Thaniel,Tactician,1,6,12,0,+2,,,,,,,,Full Resistance,,,,,,,,10,10,10,10,10,10,0,0,0,0,0,0,"Darkvision,Hellish Resistance",,
Thatmatt Oakhide,Balanced,1,8,10,0,+2,,,,,,,,,,,,,,,,10,10,10,10,10,10,0,0,0,0,0,0,"Darkvision,Dwarven Resilience,Opportunity Attack",,
Thatmatt Oakhide,Explorer,1,5,10,0,+4,,,,,,,,,,,,,,,,10,10,10,10,10,10,0,0,0,0,0,0,"Darkvision,Dwarven Resilience,Opportunity Attack",,
Thatmatt Oakhide,Tactician,1,10,10,0,+2,,,,,,,,,,,,,,,,10,10,10,10,10,10,0,0,0,0,0,0,"Darkvision,Dwarven Resilience,Opportunity Attack",,
Fist Rusk,Balanced,8,62,16,+1,+3,,,,,,,,,,,,,,,,21,13,17,10,12,8,+8,+1,+7,0,+1,-1,"Opportunity Attack,Extra Attack,Great Weapon Fighting,Riposte,Phalanx Formation",,
Fist Rusk,Explorer,8,43,16,+1,+5,,,,,,,,,,,,,,,,21,13,17,10,12,8,+10,+1,+9,0,+1,-1,"Opportunity Attack,Extra Attack,Great Weapon Fighting,Riposte,Phalanx Formation",,
Fist Rusk,Tactician,8,80,16,+1,+3,,,,,,,,,,,,,,,,21,13,17,10,12,8,+8,+1,+7,0,+1,-1,"Opportunity Attack,Extra Attack,Great Weapon Fighting,Riposte,Phalanx Formation",,
The Professor,Balanced,1,8,10,0,+2,,,,,,,,,,,,,,,,10,10,10,10,10,10,0,0,0,0,0,0,"Darkvision,Fey Ancestry,Opportunity Attack",,
The Warden,Balanced,9,96,17,+4,+4,,,,,,,,Full Resistance,,,,,,,,14,18,15,9,16,14,+6,+8,+2,-1,+3,+2,"Archery,Darkvision,Extra Attack,Hellish Resistance,Mobile,Mobile: Evade Difficult Terrain,Mobile: Evade Opportunity Attack",,
The Warden,Explorer,9,67,17,+4,+6,,,,,,,,Full Resistance,,,,,,,,14,18,15,9,16,14,+8,+10,+2,-1,+3,+2,"Archery,Darkvision,Extra Attack,Hellish Resistance,Mobile,Mobile: Evade Difficult Terrain,Mobile: Evade Opportunity Attack",,
The Warden,Tactician,9,124,17,+4,+4,,,,,,,,Full Resistance,,,,,,,,14,18,15,9,16,14,+6,+8,+2,-1,+3,+2,"Archery,Darkvision,Colossus Slayer,Escape the Horde,Extra Attack,Hellish Resistance,Mobile,Mobile: Evade Difficult Terrain,Mobile: Evade Opportunity Attack",,
Theda Grosz,Balanced,1,8,10,0,+2,,,,,,,,,,,,,,,,10,10,10,10,10,10,0,0,0,0,0,0,"Brave,Halfling Luck,Opportunity Attack",,
Theda Grosz,Explorer,1,5,10,0,+4,,,,,,,,,,,,,,,,10,10,10,10,10,10,0,0,0,0,0,0,"Brave,Halfling Luck,Opportunity Attack",,
Theda Grosz,Tactician,1,10,10,0,+2,,,,,,,,,,,,,,,,10,10,10,10,10,10,0,0,0,0,0,0,"Brave,Halfling Luck,Opportunity Attack",,
Cashguard Artillerist Theoda,Balanced,9,76,19,+4,+4,,,,,,,,,,,,,,,,14,18,13,10,10,10,+6,+8,+2,0,0,0,"Mobile: Evade Difficult Terrain,Mobile: Evade Opportunity Attack,Extra Attack,Mobile,Opportunity Attack",,
Cashguard Artillerist Theoda,Explorer,9,53,19,+4,+6,,,,,,,,,,,,,,,,14,18,13,10,10,10,+8,+10,+2,0,0,0,"Mobile: Evade Difficult Terrain,Mobile: Evade Opportunity Attack,Extra Attack,Mobile,Opportunity Attack",,
Cashguard Artillerist Theoda,Tactician,9,98,19,+4,+4,,,,,,,,,,,,,,,,14,18,13,10,10,10,+6,+8,+2,0,0,0,"Mobile: Evade Difficult Terrain,Mobile: Evade Opportunity Attack,Extra Attack,Mobile,Opportunity Attack",,
Theologist Eternal Debtor,Balanced,1,12,10,0,+2,,,,,,,,Resistance to Magical,,,,,,,,10,10,10,8,8,8,0,0,0,-1,-1,-1,"Opportunity Attack,Darkvision,Forever Indebted",,
Theologist Eternal Debtor,Explorer,1,8,10,0,+2,,,,,,,,Resistance to Magical,,,,,,,,10,10,10,8,8,8,0,0,0,-1,-1,-1,"Opportunity Attack,Darkvision,Forever Indebted",,
Theologist Eternal Debtor,Tactician,1,15,10,0,+2,,,,,,,,Resistance to Magical,,,,,,,,10,10,10,8,8,8,0,0,0,-1,-1,-1,"Opportunity Attack,Darkvision,Forever Indebted",,
Kith'rak Therezzyn,Balanced,6,80,16,+1,+3,,,,,,,,,,,,,,,,15,12,16,18,15,16,+2,+1,+6,+4,+2,+3,"Githborn Psionic Weapon,Githyanki Parry,Githyanki War Magic,Opportunity Attack,Perfect Sentry,Seldom Caught Unawares (+2)",,
Kith'rak Therezzyn,Tactician,6,104,16,+1,+3,,,,,,,,,,,,,,,,15,12,16,18,15,16,+2,+1,+6,+4,+2,+3,"Githborn Psionic Weapon,Githyanki Parry,Githyanki War Magic,Opportunity Attack,Perfect Sentry,Psionic Empowerment,Seldom Caught Unawares (+2),War Caster: Concentration,War Caster: Opportunity Spell",,
Thimble,Balanced,1,6,10,0,+2,,,,,,,,,,,,,,,,10,10,10,10,10,10,0,0,0,0,0,0,Opportunity Attack,,
Thimble,Explorer,1,4,10,0,+4,,,,,,,,,,,,,,,,10,10,10,10,10,10,0,0,0,0,0,0,Opportunity Attack,,
Thimble,Tactician,1,7,10,0,+2,,,,,,,,,,,,,,,,10,10,10,10,10,10,0,0,0,0,0,0,Opportunity Attack,,
Thindo Vintervur,Balanced,1,18,14,0,+2,,,,,,,,,,,,,,,,10,10,10,10,10,10,0,0,0,0,0,0,"Brave,Halfling Luck,Opportunity Attack",,
Thindo Vintervur,Explorer,1,27,14,0,+4,,,,,,,,,,,,,,,,10,10,10,10,10,10,0,0,0,0,0,0,"Brave,Halfling Luck,Opportunity Attack",,
Thodric Shedeveer,Balanced,1,8,10,0,+2,,,,,,,,Full Resistance,,,,,,,,10,10,10,10,10,10,0,0,0,0,0,0,"Darkvision,Hellish Resistance,Opportunity Attack",,
Thodric Shedeveer,Explorer,1,5,10,0,+4,,,,,,,,Full Resistance,,,,,,,,10,10,10,10,10,10,0,0,0,0,0,0,"Darkvision,Hellish Resistance,Opportunity Attack",,
Thodric Shedeveer,Tactician,1,10,10,0,+2,,,,,,,,Full Resistance,,,,,,,,10,10,10,10,10,10,0,0,0,0,0,0,"Darkvision,Hellish Resistance,Opportunity Attack",,
Thokki,Balanced,1,8,10,0,+2,,,,,,,,,,,,Full Resistance,,,,10,10,10,10,10,10,0,0,0,0,0,0,"Darkvision,Dwarven Resilience,Opportunity Attack",,
Thokki,Explorer,1,5,10,0,+4,,,,,,,,,,,,Full Resistance,,,,10,10,10,10,10,10,0,0,0,0,0,0,"Darkvision,Dwarven Resilience,Opportunity Attack",,
Thokki,Tactician,1,10,10,0,+2,,,,,,,,,,,,Full Resistance,,,,10,10,10,10,10,10,0,0,0,0,0,0,"Darkvision,Dwarven Resilience,Opportunity Attack",,
Thomas C. Quirkilious,Balanced,1,8,10,0,+2,,,,,,,,,,,,,,,,10,10,10,10,10,10,0,0,0,0,0,0,"Opportunity Attack,Toggle Non-Lethal Attacks",,
Thomas C. Quirkilious,Explorer,1,16,10,0,+4,,,,,,,,,,,,,,,,10,10,10,10,10,10,0,0,0,0,0,0,"Opportunity Attack,Toggle Non-Lethal Attacks",,
Thomas C. Quirkilious,Tactician,1,8,10,0,+2,,,,,,,,,,,,,,,,10,10,10,10,10,10,0,0,0,0,0,0,"Opportunity Attack,Toggle Non-Lethal Attacks",,
Waiter Thorne,Balanced,1,6,10,0,+2,,,,,,,,,,,,,,,,10,10,10,10,10,10,0,0,0,0,0,0,Opportunity Attack,,
Waiter Thorne,Explorer,1,4,10,0,+4,,,,,,,,,,,,,,,,10,10,10,10,10,10,0,0,0,0,0,0,Opportunity Attack,,
Waiter Thorne,Tactician,1,7,10,0,+2,,,,,,,,,,,,,,,,10,10,10,10,10,10,0,0,0,0,0,0,Opportunity Attack,,
Thrastle Muria,Balanced,1,6,10,0,+2,,,,,,,,,,,,,,,,10,10,10,10,10,10,0,0,0,0,0,0,Opportunity Attack,,
Thrastle Muria,Explorer,1,4,10,0,+4,,,,,,,,,,,,,,,,10,10,10,10,10,10,0,0,0,0,0,0,Opportunity Attack,,
Thrastle Muria,Tactician,1,7,10,0,+2,,,,,,,,,,,,,,,,10,10,10,10,10,10,0,0,0,0,0,0,Opportunity Attack,,
Three,Balanced,1,6,15,+2,+2,,,,,,,,,,,,,,,,6,14,10,10,6,8,-2,+2,0,0,-2,-1,"Darkvision,Opportunity Attack",,
Three,Explorer,1,4,15,+2,+4,,,,,,,,,,,,,,,,6,14,10,10,6,8,-2,+2,0,0,-2,-1,"Darkvision,Opportunity Attack",,
Three,Tactician,1,7,15,+2,+2,,,,,,,,,,,,,,,,6,14,10,10,6,8,-2,+2,0,0,-2,-1,"Darkvision,Fury of the Small,Opportunity Attack",,
Three-Piece,Balanced,3,43,14,+3,+2,,,,,,,,,,,,,,,,12,16,12,12,12,12,+1,+5,+1,+3,+1,+1,"Brave,Halfling Luck,Opportunity Attack",,
Three-Piece,Explorer,3,30,14,+3,+4,,,,,,,,,,,,,,,,12,16,12,12,12,12,+1,+7,+1,+5,+1,+1,"Brave,Halfling Luck,Opportunity Attack",,
Three-Piece,Tactician,3,55,14,+3,+2,,,,,,,,,,,,,,,,12,16,12,12,12,12,+1,+5,+1,+3,+1,+1,"Brave,Halfling Luck,Opportunity Attack",,
Thudd,Balanced,5,80,13,+1,+3,,,,,,,,,,,,Full Resistance,,,,16,12,16,10,12,12,+6,+1,+6,0,+1,+1,"Danger Sense,Duergar Resilience,Dwarven Resilience,Extra Attack,Fast Movement,Last Stand,Opportunity Attack,Sunlight Sensitivity,Superior Darkvision,Tenacity",,
Thudd,Tactician,5,80,13,+1,+3,,,,,,,,,,,,Full Resistance,,,,16,12,16,10,12,12,+6,+1,+6,0,+1,+1,"Danger Sense,Duergar Resilience,Dwarven Resilience,Extra Attack,Fast Movement,Last Stand,Opportunity Attack,Sunlight Sensitivity,Superior Darkvision,Tenacity",,
Thuldra Thuldrin,Balanced,,8,10,0,,,,,,,,,,,,,Full Resistance,,,,10,10,10,10,10,10,0,0,0,0,0,0,"Darkvision,Dwarven Resilience,Opportunity Attack",,
Thuldra Thuldrin,Explorer,,5,10,0,,,,,,,,,,,,,Full Resistance,,,,10,10,10,10,10,10,0,0,0,0,0,0,"Darkvision,Dwarven Resilience,Opportunity Attack",,
Thuldra Thuldrin,Tactician,,10,10,0,,,,,,,,,,,,,Full Resistance,,,,10,10,10,10,10,10,0,0,0,0,0,0,"Darkvision,Dwarven Resilience,Opportunity Attack",,
Thulla,Balanced,1,10,11,0,+2,,,,,,,,,,,,,,,,10,10,10,10,10,10,0,0,0,0,0,0,"Gnome Cunning,Opportunity Attack,Shortened Stride,Stone Camouflage,Superior Darkvision",,
Thulla,Tactician,1,10,11,0,+2,,,,,,,,,,,,,,,,10,10,10,10,10,10,0,0,0,0,0,0,"Gnome Cunning,Opportunity Attack,Shortened Stride,Stone Camouflage,Superior Darkvision",,
Gauntlet Thunder,Balanced,10,62,16,0,+4,,,,,,,,,,,,Full Resistance,,,,13,10,16,10,20,12,+1,0,+3,0,+9,+5,"Darkvision,Dwarven Resilience,Opportunity Attack,Protection",,
Gauntlet Thunder,Explorer,10,43,16,0,+4,,,,,,,,,,,,Full Resistance,,,,13,10,16,10,20,12,+1,0,+3,0,+9,+5,"Darkvision,Dwarven Resilience,Opportunity Attack,Protection",,
Gauntlet Thunder,Tactician,10,80,16,0,+4,,,,,,,,,,,,Full Resistance,,,,13,10,16,10,20,12,+1,0,+3,0,+9,+5,"Darkvision,Dwarven Resilience,Opportunity Attack,Protection",,
Thyssa Shineboot,Balanced,1,8,10,0,+2,,,,,,,,,,,,,,,,10,10,10,10,10,10,0,0,0,0,0,0,"Opportunity Attack,Brave,Halfling Luck",,
Thyssa Shineboot,Explorer,1,5,10,0,+2,,,,,,,,,,,,,,,,10,10,10,10,10,10,0,0,0,0,0,0,"Opportunity Attack,Brave,Halfling Luck",,
Thyssa Shineboot,Tactician,1,10,10,0,+2,,,,,,,,,,,,,,,,10,10,10,10,10,10,0,0,0,0,0,0,"Opportunity Attack,Brave,Halfling Luck",,
Tiernan Wont,Balanced,1,8,10,0,+2,,,,,,,,,,,,,,,,10,10,10,10,10,10,0,0,0,0,0,0,"Darkvision,Fey Ancestry,Opportunity Attack",,
Tiernan Wont,Explorer,1,5,10,0,+4,,,,,,,,,,,,,,,,10,10,10,10,10,10,0,0,0,0,0,0,"Darkvision,Fey Ancestry,Opportunity Attack",,
Tiernan Wont,Tactician,1,10,10,0,+2,,,,,,,,,,,,,,,,10,10,10,10,10,10,0,0,0,0,0,0,"Darkvision,Fey Ancestry,Opportunity Attack",,
Tilly,Balanced,1,8,10,0,+2,,,,,,,,,,,,Full Resistance,,,,10,10,10,10,10,10,0,0,0,0,0,0,"Darkvision,Dwarven Resilience,Opportunity Attack",,
Tilly,Explorer,1,5,10,0,+4,,,,,,,,,,,,Full Resistance,,,,10,10,10,10,10,10,0,0,0,0,0,0,"Darkvision,Dwarven Resilience,Opportunity Attack",,
Tilly,Tactician,1,10,10,0,+2,,,,,,,,,,,,Full Resistance,,,,10,10,10,10,10,10,0,0,0,0,0,0,"Darkvision,Dwarven Resilience,Opportunity Attack",,
Tilses,Balanced,2,24,12,+1,+2,,,,,,,,Full Resistance,,,,,,,,16,12,15,10,10,12,+5,+1,+4,0,0,+1,"Darkvision,Hellish Resistance,Opportunity Attack",,
Tilses,Explorer,2,16,12,+1,+4,,,,,,,,Full Resistance,,,,,,,,16,12,15,10,10,12,+7,+1,+6,0,0,+1,"Darkvision,Hellish Resistance,Opportunity Attack",,
Tilses,Tactician,2,31,12,+1,+2,,,,,,,,Full Resistance,,,,,,,,16,12,15,10,10,12,+5,+1,+4,0,0,+1,"Darkvision,Hellish Resistance,Opportunity Attack",,
Timmy the Orphan,Balanced,1,5,10,0,+2,,,,,,,,,,,,,,,,10,10,10,10,10,10,0,0,0,0,0,0,Opportunity Attack,,
Timmy the Orphan,Explorer,1,3,10,0,+4,,,,,,,,,,,,,,,,10,10,10,10,10,10,0,0,0,0,0,0,Opportunity Attack,,
Timmy the Orphan,Tactician,1,6,10,0,+2,,,,,,,,,,,,,,,,10,10,10,10,10,10,0,0,0,0,0,0,Opportunity Attack,,
Tina Two-Thumbs,Balanced,1,8,10,0,+2,,,,,,,,,,,,,,,,10,10,10,10,10,10,0,0,0,0,0,0,"Brave,Halfling Luck,Opportunity Attack",,
Tina Two-Thumbs,Explorer,1,5,10,0,+4,,,,,,,,,,,,,,,,10,10,10,10,10,10,0,0,0,0,0,0,"Brave,Halfling Luck,Opportunity Attack",,
Tina Two-Thumbs,Tactician,1,10,10,0,+2,,,,,,,,,,,,,,,,10,10,10,10,10,10,0,0,0,0,0,0,"Brave,Halfling Luck,Opportunity Attack",,
Seawind Tinsy Ralpp,Balanced,11,54,14,+3,+4,,,,,,,,,,Full Resistance,,,,,,12,16,12,16,15,12,+1,+3,+1,+7,+6,+1,Opportunity Attack,,
Seawind Tinsy Ralpp,Explorer,11,37,14,+3,+6,,,,,,,,,,Full Resistance,,,,,,12,16,12,16,15,12,+1,+3,+1,+9,+8,+1,Opportunity Attack,,
Seawind Tinsy Ralpp,Tactician,11,70,14,+3,+4,,,,,,,,,,Full Resistance,,,,,,12,16,12,16,15,12,+1,+3,+1,+7,+6,+1,Opportunity Attack,,
Brawler Tiny,Balanced,2,9,13,+1,+2,,,,,,,,,,,,,,,,12,13,10,10,8,8,+1,+1,0,0,-1,-1,"Darkvision,Opportunity Attack",Slightly Drunk,
Brawler Tiny,Explorer,2,6,13,+1,+4,,,,,,,,,,,,,,,,12,13,10,10,8,8,+1,+1,0,0,-1,-1,"Darkvision,Opportunity Attack",Slightly Drunk,
Brawler Tiny,Tactician,2,11,13,+1,+2,,,,,,,,,,,,,,,,12,13,10,10,8,8,+1,+1,0,0,-1,-1,"Darkvision,Fury of the Small,Opportunity Attack",Slightly Drunk,
Brawler Tiny,Honour,2,14,13,+1,+2,,,,,,,,,,,,,,,,12,13,10,10,8,8,+1,+1,0,0,-1,-1,"Darkvision,Fury of the Small,Opportunity Attack",Slightly Drunk,
Tracker Tizg,Balanced,1,7,13,+2,+2,,,,,,,,,,,,,,,,8,14,10,10,8,8,-1,+2,0,0,-1,-1,"Darkvision,Opportunity Attack",,
Tracker Tizg,Explorer,1,4,13,+2,+4,,,,,,,,,,,,,,,,8,14,10,10,8,8,-1,+2,0,0,-1,-1,"Darkvision,Opportunity Attack",,
Tracker Tizg,Tactician,1,9,13,+2,+2,,,,,,,,,,,,,,,,8,14,10,10,8,8,-1,+2,0,0,-1,-1,"Darkvision,Fury of the Small,Opportunity Attack",,
Tracker Tizg,Honour,1,11,13,+2,+2,,,,,,,,,,,,,,,,8,14,10,10,8,8,-1,+2,0,0,-1,-1,"Darkvision,Fury of the Small,Opportunity Attack",,
Toadbreath,Balanced,1,11,11,+1,+2,,,,,,,,,,,,,,,,13,12,13,10,10,9,+1,+1,+1,0,0,-1,"Darkvision,Martial Advantage,Opportunity Attack",,
Toadbreath,Explorer,1,7,11,+1,+2,,,,,,,,,,,,,,,,13,12,13,10,10,9,+1,+1,+1,0,0,-1,"Darkvision,Martial Advantage,Opportunity Attack",,
Toadbreath,Tactician,1,14,11,+1,+2,,,,,,,,,,,,,,,,13,12,13,10,10,9,+1,+1,+1,0,0,-1,"Darkvision,Martial Advantage,Opportunity Attack",,
Togarr,Balanced,8,62,8,+1,+3,,,,,,,,,,,,,,,,21,13,17,10,12,8,+8,+1,+7,0,+1,-1,"Extra Attack,Great Weapon Fighting,Opportunity Attack,Phalanx Formation,Riposte",,
Togarr,Explorer,8,58,8,+1,+5,,,,,,,,,,,,,,,,21,13,17,10,12,8,+10,+1,+9,0,+1,-1,"Extra Attack,Great Weapon Fighting,Opportunity Attack,Phalanx Formation,Riposte",,
Togarr,Tactician,8,64,8,+1,+3,,,,,,,,,,,,,,,,21,13,17,10,12,8,+8,+1,+7,0,+1,-1,"Extra Attack,Great Weapon Fighting,Opportunity Attack,Phalanx Formation,Riposte",,
Tolna Tome-Monger,Balanced,5,38,10,0,+3,,,,,,,,,,,,,,,,12,10,10,16,12,10,+1,0,0,+6,+4,0,Opportunity Attack,,
Tolna Tome-Monger,Explorer,5,26,10,0,+5,,,,,,,,,,,,,,,,12,10,10,16,12,10,+1,0,0,+8,+6,0,Opportunity Attack,,
Tolna Tome-Monger,Tactician,5,49,10,0,+3,,,,,,,,,,,,,,,,12,10,10,16,12,10,+1,0,0,+6,+4,0,Opportunity Attack,,
Tomboldt the Pallid,Balanced,9,58,10,0,+4,,,,,,,,,,,,,,,,10,11,16,20,17,16,0,0,+3,+9,+7,+3,"Darkvision,Fey Ancestry,Opportunity Attack",,
Tongs Stoneheart,Balanced,1,8,10,0,+2,,,,,,,,,,,,Full Resistance,,,,10,10,10,10,10,10,0,0,0,0,0,0,"Darkvision,Dwarven Resilience,Opportunity Attack",,
Tongs Stoneheart,Explorer,1,5,10,0,+4,,,,,,,,,,,,Full Resistance,,,,10,10,10,10,10,10,0,0,0,0,0,0,"Darkvision,Dwarven Resilience,Opportunity Attack",,
Tongs Stoneheart,Tactician,1,10,10,0,+2,,,,,,,,,,,,Full Resistance,,,,10,10,10,10,10,10,0,0,0,0,0,0,"Darkvision,Dwarven Resilience,Opportunity Attack",,
Tonsure Bellagio,Balanced,1,8,10,0,+2,,,,,,,,,,,,,,,,10,10,10,10,10,10,0,0,0,0,0,0,"Darkvision,Gnome Cunning,Opportunity Attack,Shortened Stride",,
Tonsure Bellagio,Explorer,1,5,10,0,+4,,,,,,,,,,,,,,,,10,10,10,10,10,10,0,0,0,0,0,0,"Darkvision,Gnome Cunning,Opportunity Attack,Shortened Stride",,
Tonsure Bellagio,Tactician,1,10,10,0,+2,,,,,,,,,,,,,,,,10,10,10,10,10,10,0,0,0,0,0,0,"Darkvision,Gnome Cunning,Opportunity Attack,Shortened Stride",,
Tooralooralayo,Balanced,1,6,10,0,+2,,,,,,,,,,,,,,,,10,10,10,10,10,10,0,0,0,0,0,0,Opportunity Attack,,
Tooralooralayo,Explorer,1,4,10,0,+4,,,,,,,,,,,,,,,,10,10,10,10,10,10,0,0,0,0,0,0,Opportunity Attack,,
Tooralooralayo,Tactician,1,8,10,0,+2,,,,,,,,,,,,,,,,10,10,10,10,10,10,0,0,0,0,0,0,Opportunity Attack,,
Torgga,Balanced,2,16,12,+1,+2,,,,,,,,,,,,,,,,12,13,12,10,12,10,+3,+3,+1,0,+1,0,"Darkvision,Duergar Resilience,Opportunity Attack,Sunlight Sensitivity",,
Torgga,Explorer,2,11,12,+1,+4,,,,,,,,,,,,,,,,12,13,12,10,12,10,+5,+5,+1,0,+1,0,"Darkvision,Duergar Resilience,Sunlight Sensitivity",,
Torgga,Tactician,2,20,12,+1,+2,,,,,,,,,,,,,,,,12,13,12,10,12,10,+3,+3,+1,0,+1,0,"Darkvision,Duergar Resilience,Opportunity Attack,Sunlight Sensitivity",,
Torin Crysst,Balanced,,5,10,0,,,,,,,,,,,,,,,,,10,10,10,10,10,10,0,0,0,0,0,0,Opportunity Attack,,
Torin Crysst,Explorer,,3,10,0,,,,,,,,,,,,,,,,,10,10,10,10,10,10,0,0,0,0,0,0,Opportunity Attack,,
Torin Crysst,Tactician,,6,10,0,,,,,,,,,,,,,,,,,10,10,10,10,10,10,0,0,0,0,0,0,Opportunity Attack,,
Toron,Balanced,1,8,10,0,+2,,,,,,,,Full Resistance,,,,,,,,10,10,10,10,10,10,0,0,0,0,0,0,"Darkvision,Hellish Resistance,Opportunity Attack",,
Toron,Explorer,1,5,10,0,+4,,,,,,,,Full Resistance,,,,,,,,10,10,10,10,10,10,0,0,0,0,0,0,"Darkvision,Hellish Resistance,Opportunity Attack",,
Toron,Tactician,1,10,10,0,+2,,,,,,,,Full Resistance,,,,,,,,10,10,10,10,10,10,0,0,0,0,0,0,"Darkvision,Hellish Resistance,Opportunity Attack",,
Tracker Torrack,Balanced,2,7,13,+2,+2,,,,,,,,,,,,,,,,8,14,10,10,8,8,-1,+2,0,0,-1,-1,"Darkvision,Opportunity Attack",,
Tracker Torrack,Explorer,2,4,13,+2,+4,,,,,,,,,,,,,,,,8,14,10,10,8,8,-1,+2,0,0,-1,-1,"Darkvision,Opportunity Attack",,
Tracker Torrack,Tactician,2,9,13,+2,+2,,,,,,,,,,,,,,,,8,14,10,10,8,8,-1,+2,0,0,-1,-1,"Darkvision,Fury of the Small,Opportunity Attack",,
Tracker Torrack,Honour,2,11,13,+2,+2,,,,,,,,,,,,,,,,8,14,10,10,8,8,-1,+2,0,0,-1,-1,"Darkvision,Fury of the Small,Opportunity Attack",,
Tracker Tozad,Balanced,1,7,13,+2,+2,,,,,,,,,,,,,,,,8,14,10,10,8,8,-1,+2,0,0,-1,-1,"Darkvision,Opportunity Attack",,
Tracker Tozad,Explorer,1,4,13,+2,+4,,,,,,,,,,,,,,,,8,14,10,10,8,8,-1,+2,0,0,-1,-1,"Darkvision,Opportunity Attack",,
Tracker Tozad,Tactician,1,9,13,+2,+2,,,,,,,,,,,,,,,,8,14,10,10,8,8,-1,+2,0,0,-1,-1,"Darkvision,Fury of the Small,Opportunity Attack",,
Tracker Tozad,Honour,1,11,13,+2,+2,,,,,,,,,,,,,,,,8,14,10,10,8,8,-1,+2,0,0,-1,-1,"Darkvision,Fury of the Small,Opportunity Attack",,
Youth Tra’an,Balanced,3,22,11,+1,+2,,,,,,,,,,,,,,,,14,12,12,10,8,8,+2,+1,+1,0,-1,-1,Opportunity Attack,,
Youth Tra’an,Explorer,3,15,11,+1,+4,,,,,,,,,,,,,,,,14,12,12,10,8,8,+2,+1,+1,0,-1,-1,Opportunity Attack,,
Youth Tra’an,Tactician,3,28,11,+1,+2,,,,,,,,,,,,,,,,14,12,12,10,8,8,+2,+1,+1,0,-1,-1,Opportunity Attack,,
Cashguard Artillerist Triava,Balanced,9,76,19,+4,+4,,,,,,,,,,,,,,,,14,18,13,10,10,10,+6,+8,+2,0,0,0,"Mobile: Evade Difficult Terrain,Mobile: Evade Opportunity Attack,Extra Attack,Mobile,Opportunity Attack",,
Cashguard Artillerist Triava,Explorer,9,53,19,+4,+6,,,,,,,,,,,,,,,,14,18,13,10,10,10,+8,+10,+2,0,0,0,"Mobile: Evade Difficult Terrain,Mobile: Evade Opportunity Attack,Extra Attack,Mobile,Opportunity Attack",,
Cashguard Artillerist Triava,Tactician,9,98,19,+4,+4,,,,,,,,,,,,,,,,14,18,13,10,10,10,+6,+8,+2,0,0,0,"Mobile: Evade Difficult Terrain,Mobile: Evade Opportunity Attack,Extra Attack,Mobile,Opportunity Attack",,
Trina,Balanced,1,6,10,0,+2,,,,,,,,,,,,,,,,10,10,10,10,10,10,0,0,0,0,0,0,Opportunity Attack,,
Trina,Explorer,1,4,10,0,+4,,,,,,,,,,,,,,,,10,10,10,10,10,10,0,0,0,0,0,0,Opportunity Attack,,
Trina,Tactician,1,7,10,0,+2,,,,,,,,,,,,,,,,10,10,10,10,10,10,0,0,0,0,0,0,Opportunity Attack,,
Trinigan Gazotts,Balanced,1,6,10,0,+2,,,,,,,,,,,,,,,,10,10,10,10,10,10,0,0,0,0,0,0,"Darkvision,Fey Ancestry,Opportunity Attack",,
Trinigan Gazotts,Explorer,1,4,10,0,+4,,,,,,,,,,,,,,,,10,10,10,10,10,10,0,0,0,0,0,0,"Darkvision,Fey Ancestry,Opportunity Attack",,
Trinigan Gazotts,Tactician,1,7,10,0,+2,,,,,,,,,,,,,,,,10,10,10,10,10,10,0,0,0,0,0,0,"Darkvision,Fey Ancestry,Opportunity Attack",,
Trinoda,Balanced,11,22,14,+2,+4,,,,,,,,,,,,,,,,12,15,12,10,14,12,+5,+6,+1,0,+2,+1,"Darkvision,Opportunity Attack,Extra Attack,Fey Ancestry,Land's Stride: Difficult Terrain,Stealthy",,
Trinoda,Explorer,11,15,14,+2,+6,,,,,,,,,,,,,,,,12,15,12,10,14,12,+7,+8,+1,0,+2,+1,"Darkvision,Opportunity Attack,Extra Attack,Fey Ancestry,Land's Stride: Difficult Terrain,Stealthy",,
Trinoda,Tactician,11,28,14,+2,+4,,,,,,,,,,,,,,,,12,15,12,10,14,12,+5,+6,+1,0,+2,+1,"Darkvision,Opportunity Attack,Extra Attack,Fey Ancestry,Land's Stride: Difficult Terrain,Stealthy",,
Warrior Trinzas,Balanced,2,15,13,+1,+2,,,,,,,,,,,,,,,,12,13,11,10,8,8,+1,+1,0,0,-1,-1,"Darkvision,Opportunity Attack",,
Warrior Trinzas,Explorer,2,10,13,+1,+4,,,,,,,,,,,,,,,,12,13,11,10,8,8,+1,+1,0,0,-1,-1,"Darkvision,Opportunity Attack",,
Warrior Trinzas,Tactician,2,19,13,+1,+2,,,,,,,,,,,,,,,,12,13,11,10,8,8,+1,+1,0,0,-1,-1,"Darkvision,Fury of the Small,Opportunity Attack",,
Warrior Trinzas,Honour,2,23,13,+1,+2,,,,,,,,,,,,,,,,12,13,11,10,8,8,+1,+1,0,0,-1,-1,"Darkvision,Fury of the Small,Opportunity Attack",,
Fist Recruit Tristan,Balanced,4,31,15,+4,+2,,,,,,,,,,,,,,,,12,18,13,8,14,10,+3,+6,+1,-1,+2,0,Opportunity Attack,,
Fist Recruit Tristan,Explorer,4,27,15,+4,+4,,,,,,,,,,,,,,,,12,18,13,8,14,10,+5,+8,+1,-1,+2,0,Opportunity Attack,,
Fist Recruit Tristan,Tactician,4,34,15,+4,+2,,,,,,,,,,,,,,,,12,18,13,8,14,10,+3,+6,+1,-1,+2,0,Opportunity Attack,,
Truffles Smythe,Balanced,1,6,10,0,+2,,,,,,,,,,,,,,,,10,10,10,10,10,10,0,0,0,0,0,0,Opportunity Attack,,
Truffles Smythe,Explorer,1,4,10,0,+4,,,,,,,,,,,,,,,,10,10,10,10,10,10,0,0,0,0,0,0,Opportunity Attack,,
Truffles Smythe,Tactician,1,7,10,0,+2,,,,,,,,,,,,,,,,10,10,10,10,10,10,0,0,0,0,0,0,Opportunity Attack,,
Warrior Trunk,Balanced,2,15,13,+1,+2,,,,,,,,,,,,,,,,12,13,11,10,8,8,+1,+1,0,0,-1,-1,"Darkvision,Opportunity Attack",,
Warrior Trunk,Explorer,2,10,13,+1,+4,,,,,,,,,,,,,,,,12,13,11,10,8,8,+1,+1,0,0,-1,-1,"Darkvision,Opportunity Attack",,
Warrior Trunk,Tactician,2,19,13,+1,+2,,,,,,,,,,,,,,,,12,13,11,10,8,8,+1,+1,0,0,-1,-1,"Darkvision,Fury of the Small,Opportunity Attack",,
Warrior Trunk,Honour,2,23,13,+1,+2,,,,,,,,,,,,,,,,12,13,11,10,8,8,+1,+1,0,0,-1,-1,"Darkvision,Fury of the Small,Opportunity Attack",,
Trynn,Balanced,4,32,15,+4,+2,,,,,,,,,,,,,,,,12,18,12,12,12,12,+3,+6,+1,+1,+1,+1,"Brave,Halfling Luck,Opportunity Attack",,
Trynn,Explorer,4,22,15,+4,+4,,,,,,,,,,,,,,,,12,18,12,12,12,12,+5,+8,+1,+1,+1,+1,"Brave,Halfling Luck,Opportunity Attack",,
Trynn,Tactician,4,41,15,+4,+2,,,,,,,,,,,,,,,,12,18,12,12,12,12,+3,+6,+1,+1,+1,+1,"Brave,Halfling Luck,Opportunity Attack",,
Ch'r'ai Tska'an,Balanced,9,127,9,+3,+4,,,,,,,,,,,,,Full Resistance,,,12,16,14,14,14,18,+1,+3,+2,+2,+2,+4,"Agonising Blast,Devil's Sight,Githyanki War Magic,Opportunity Attack,Psionic Ward,Repelling Blast",,
Ch'r'ai Tska'an,Explorer,9,88,9,+3,+6,,,,,,,,,,,,,Full Resistance,,,12,16,14,14,14,18,+1,+3,+2,+2,+2,+4,"Agonising Blast,Devil's Sight,Githyanki War Magic,Opportunity Attack,Psionic Ward,Repelling Blast",,
Ch'r'ai Tska'an,Tactician,9,165,9,+3,+4,,,,,,,,,,,,,Full Resistance,,,12,16,14,14,14,18,+1,+3,+2,+2,+2,+4,"Agonising Blast,Devil's Sight,Githyanki War Magic,Opportunity Attack,Psionic Ward,Psionic Empowerment,Repelling Blast,War Caster: Concentration,War Caster: Opportunity Spell",Legendary Resistance,
Ch'r'ai Tska'an,Honour,9,165,9,+3,+4,,,,,,,,,,,,,Full Resistance,,,12,16,14,14,14,18,+1,+3,+2,+2,+2,+4,"Agonising Blast,Devil's Sight,Githyanki War Magic,Legendary Action: Soul Sacrifice,Opportunity Attack,Psionic Ward,Psionic Empowerment,Repelling Blast,War Caster: Concentration,War Caster: Opportunity Spell","Legendary Action: Soul Sacrifice,Legendary Resistance",Legendary Action: Soul Sacrifice
Warlock Tud,Balanced,2,13,11,+1,+2,,,,,,,,,,,,,,,,11,12,10,10,8,14,0,+1,0,0,-1,+2,"Darkvision,Opportunity Attack",Slightly Drunk,
Warlock Tud,Explorer,2,9,11,+1,+4,,,,,,,,,,,,,,,,11,12,10,10,8,14,0,+1,0,0,-1,+2,"Darkvision,Opportunity Attack",Slightly Drunk,
Warlock Tud,Tactician,2,16,11,+1,+2,,,,,,,,,,,,,,,,11,12,10,10,8,14,0,+1,0,0,-1,+2,"Darkvision,Fury of the Small,Opportunity Attack",Slightly Drunk,
Warlock Tud,Honour,2,20,11,+1,+2,,,,,,,,,,,,,,,,11,12,10,10,8,14,0,+1,0,0,-1,+2,"Darkvision,Fury of the Small,Opportunity Attack",Slightly Drunk,
Tud Whetstone,Balanced,1,8,10,0,+2,,,,,,,,,,,,Full Resistance,,,,10,10,10,10,10,10,0,0,0,0,0,0,"Darkvision,Dwarven Resilience,Opportunity Attack",,
Tud Whetstone,Explorer,1,5,10,0,+4,,,,,,,,,,,,Full Resistance,,,,10,10,10,10,10,10,0,0,0,0,0,0,"Darkvision,Dwarven Resilience,Opportunity Attack",,
Tud Whetstone,Tactician,1,10,10,0,+2,,,,,,,,,,,,Full Resistance,,,,10,10,10,10,10,10,0,0,0,0,0,0,"Darkvision,Dwarven Resilience,Opportunity Attack",,
Tugelnhorn,Balanced,1,8,10,0,+2,,,,,,,,,,,,Full Resistance,,,,10,10,10,10,10,10,0,0,0,0,0,0,"Darkvision,Dwarven Resilience,Opportunity Attack",,
Tugelnhorn,Explorer,1,5,10,0,+4,,,,,,,,,,,,Full Resistance,,,,10,10,10,10,10,10,0,0,0,0,0,0,"Darkvision,Dwarven Resilience,Opportunity Attack",,
Tugelnhorn,Tactician,1,10,10,0,+2,,,,,,,,,,,,Full Resistance,,,,10,10,10,10,10,10,0,0,0,0,0,0,"Darkvision,Dwarven Resilience,Opportunity Attack",,
Tuloria,Balanced,1,6,10,0,+2,,,,,,,,,,,,,,,,10,10,10,10,10,10,0,0,0,0,0,0,Opportunity Attack,,
Tuloria,Explorer,1,4,10,0,+4,,,,,,,,,,,,,,,,10,10,10,10,10,10,0,0,0,0,0,0,Opportunity Attack,,
Tuloria,Tactician,1,7,10,0,+2,,,,,,,,,,,,,,,,10,10,10,10,10,10,0,0,0,0,0,0,Opportunity Attack,,
Harper Tumeril,Balanced,6,42,11,+1,+3,,,,,,,,,,,,,,,,10,12,10,18,12,14,0,+1,0,+7,+4,+2,"Darkvision,Fey Ancestry,Opportunity Attack",,
Harper Tumeril,Explorer,6,29,11,+1,+5,,,,,,,,,,,,,,,,10,12,10,18,12,14,0,+1,0,+9,+6,+2,"Darkvision,Fey Ancestry,Opportunity Attack",,
Harper Tumeril,Tactician,6,54,11,+1,+3,,,,,,,,,,,,,,,,10,12,10,18,12,14,0,+1,0,+7,+4,+2,"Darkvision,Fey Ancestry,Opportunity Attack",,
Turnip Bubbs,Balanced,1,8,10,0,+2,,,,,,,,,,,,Full Resistance,,,,10,10,10,10,10,10,0,0,0,0,0,0,"Darkvision,Dwarven Resilience,Opportunity Attack",,
Turnip Bubbs,Explorer,1,5,10,0,+4,,,,,,,,,,,,Full Resistance,,,,10,10,10,10,10,10,0,0,0,0,0,0,"Darkvision,Dwarven Resilience,Opportunity Attack",,
Turnip Bubbs,Tactician,1,10,10,0,+2,,,,,,,,,,,,Full Resistance,,,,10,10,10,10,10,10,0,0,0,0,0,0,"Darkvision,Dwarven Resilience,Opportunity Attack",,
Tusgront,Balanced,10,82,13,0,+4,,,,,,,,,,,,,,,,20,10,16,9,11,13,+9,0,+7,-1,0,+1,"Brutal Critical,Danger Sense,Extra Attack,Fast Movement,Feral Instinct,Opportunity Attack,Unarmoured Defence (Barbarian)",,
Tusgront,Tactician,10,106,13,0,+4,,,,,,,,,,,,,,,,20,10,16,9,11,13,+9,0,+7,-1,0,+1,"Brutal Critical,Danger Sense,Extra Attack,Fast Movement,Feral Instinct,Opportunity Attack,Unarmoured Defence (Barbarian)",,
Tut Thistlebog,Balanced,1,8,10,0,+2,,,,,,,,,,,,,,,,10,10,10,10,10,10,0,0,0,0,0,0,"Brave,Halfling Luck,Opportunity Attack",,
Tut Thistlebog,Explorer,1,5,10,0,+2,,,,,,,,,,,,,,,,10,10,10,10,10,10,0,0,0,0,0,0,"Brave,Halfling Luck,Opportunity Attack",,
Tut Thistlebog,Tactician,1,10,10,0,+2,,,,,,,,,,,,,,,,10,10,10,10,10,10,0,0,0,0,0,0,"Brave,Halfling Luck,Opportunity Attack",,
Twitch Broven,Balanced,1,6,10,0,+2,,,,,,,,,,,,,,,,10,10,10,10,10,10,0,0,0,0,0,0,Opportunity Attack,,
Twitch Broven,Explorer,1,4,10,0,+4,,,,,,,,,,,,,,,,10,10,10,10,10,10,0,0,0,0,0,0,Opportunity Attack,,
Twitch Broven,Tactician,1,7,10,0,+2,,,,,,,,,,,,,,,,10,10,10,10,10,10,0,0,0,0,0,0,Opportunity Attack,,
Ty Willowbrook,Balanced,1,6,10,0,+2,,,,,,,,,,,,,,,,10,10,10,10,10,10,0,0,0,0,0,0,Opportunity Attack,,
Ty Willowbrook,Explorer,1,4,10,0,+4,,,,,,,,,,,,,,,,10,10,10,10,10,10,0,0,0,0,0,0,Opportunity Attack,,
Ty Willowbrook,Tactician,1,7,10,0,+2,,,,,,,,,,,,,,,,10,10,10,10,10,10,0,0,0,0,0,0,Opportunity Attack,,
Sharran Novice Tylda,Balanced,4,38,11,0,+2,,,,,,,,,,,,,,,,18,11,14,12,12,14,+6,0,+4,+1,+1,+2,"Opportunity Attack,Shadow Ambush,Born into Darkness",,
Sharran Novice Tylda,Explorer,4,26,11,0,+4,,,,,,,,,,,,,,,,18,11,14,12,12,14,+8,0,+6,+1,+1,+2,"Opportunity Attack,Shadow Ambush,Born into Darkness",,
Sharran Novice Tylda,Tactician,4,49,11,0,+2,,,,,,,,,,,,,,,,18,11,14,12,12,14,+6,0,+4,+1,+1,+2,"Opportunity Attack,Shadow Ambush,Born into Darkness",,
Tylman Sands,Balanced,1,6,10,0,+2,,,,,,,,,,,,,,,,10,10,10,10,10,10,0,0,0,0,0,0,Opportunity Attack,,
Tylman Sands,Explorer,1,4,10,0,+4,,,,,,,,,,,,,,,,10,10,10,10,10,10,0,0,0,0,0,0,Opportunity Attack,,
Tylman Sands,Tactician,1,7,10,0,+2,,,,,,,,,,,,,,,,10,10,10,10,10,10,0,0,0,0,0,0,Opportunity Attack,,
Tym Armbrust,Balanced,1,6,10,0,+2,,,,,,,,,,,,,,,,10,10,10,10,10,10,0,0,0,0,0,0,Opportunity Attack,,
Tym Armbrust,Explorer,1,4,10,0,+4,,,,,,,,,,,,,,,,10,10,10,10,10,10,0,0,0,0,0,0,Opportunity Attack,,
Tym Armbrust,Tactician,1,7,10,0,+2,,,,,,,,,,,,,,,,10,10,10,10,10,10,0,0,0,0,0,0,Opportunity Attack,,
Uktar,Balanced,1,6,10,0,+2,,,,,,,,,,,,,,,,10,10,10,10,10,10,0,0,0,0,0,0,Opportunity Attack,,
Ul’mirel,Balanced,1,1,1,0,+2,,,,,,,,,,,,,,,,10,10,10,10,10,10,0,0,0,0,0,0,Opportunity Attack,,
Ul’mirel,Tactician,1,6,1,0,+2,,,,,,,,,,,,,,,,10,10,10,10,10,10,0,0,0,0,0,0,Opportunity Attack,,
Duke Ulder Ravengard,Balanced,11,116,21,+2,+4,,,,,,,,Resistance to Magical,,,,,,,,20,14,19,11,10,19,+9,+2,+8,0,+4,+4,"Endurance by Fire,Improved Extra Attack,Great Weapon Fighting,Magical Plate (-2),Opportunity Attack,Phalanx Formation,Riposte,Stirring Execution",,
Duke Ulder Ravengard,Explorer,11,174,21,+2,+6,,,,,,,,Resistance to Magical,,,,,,,,20,14,19,11,10,19,+11,+2,+10,0,+6,+4,"Endurance by Fire,Improved Extra Attack,Great Weapon Fighting,Magical Plate (-2),Opportunity Attack,Phalanx Formation,Riposte,Stirring Execution",,
Fist Ulinn,Balanced,10,62,16,0,+4,,,,,,,,,,,,,,,,13,10,16,10,20,12,+1,0,+3,0,+9,+5,"Opportunity Attack,Protection",,
Fist Ulinn,Explorer,10,59,16,0,+6,,,,,,,,,,,,,,,,13,10,16,10,20,12,+1,0,+3,0,+11,+7,"Opportunity Attack,Protection",,
Fist Ulinn,Tactician,10,64,16,0,+4,,,,,,,,,,,,,,,,13,10,16,10,20,12,+1,0,+3,0,+9,+5,"Opportunity Attack,Protection",,
Ulkov Sully,Balanced,1,6,10,0,+2,,,,,,,,,,,,,,,,10,10,10,10,10,10,0,0,0,0,0,0,Opportunity Attack,,
Ulkov Sully,Explorer,1,4,10,0,+4,,,,,,,,,,,,,,,,10,10,10,10,10,10,0,0,0,0,0,0,Opportunity Attack,,
Ulkov Sully,Tactician,1,7,10,0,+2,,,,,,,,,,,,,,,,10,10,10,10,10,10,0,0,0,0,0,0,Opportunity Attack,,
Ulma,Balanced,9,68,14,0,+4,,,,,,,,,,,,,,,,20,11,16,10,10,14,+9,0,+7,0,0,+6,"Brutal Critical,Danger Sense,Extra Attack,Fast Movement,Feral Instinct,Opportunity Attack,Scar of Fury,Scar of the Sand Eclipse,Scar of the Sirocco,Slay the Wicked,Unarmoured Defence (Barbarian)",,
Ulma,Explorer,9,47,14,0,+6,,,,,,,,,,,,,,,,20,11,16,10,10,14,+11,0,+9,0,0,+8,"Brutal Critical,Danger Sense,Extra Attack,Fast Movement,Feral Instinct,Opportunity Attack,Scar of Fury,Scar of the Sand Eclipse,Scar of the Sirocco,Slay the Wicked,Unarmoured Defence (Barbarian)",,
Ulma,Tactician,9,88,14,0,+4,,,,,,,,,,,,,,,,20,11,16,10,10,14,+9,0,+7,0,0,+6,"Brutal Critical,Danger Sense,Extra Attack,Fast Movement,Feral Instinct,Opportunity Attack,Scar of Fury,Scar of the Sand Eclipse,Scar of the Sirocco,Slay the Wicked,Unarmoured Defence (Barbarian)",,
Black Gauntlet Ulova,Balanced,12,82,18,0,+4,,,,,,,,,,,,,,,,18,11,18,12,15,16,+4,0,+5,+1,+6,+7,"Extra Attack,Opportunity Attack,Tactical Discipline",,
Black Gauntlet Ulova,Tactician,12,106,18,0,+4,,,,,,,,,,,,,,,,18,11,18,12,15,16,+4,0,+5,+1,+6,+7,"Extra Attack,Opportunity Attack,Tactical Discipline",,
Fist Ulthred,Balanced,6,56,14,0,+3,,,,,,,,,,,,,,,,16,11,14,12,12,14,+6,0,+5,+1,+1,+2,"Extra Attack,Opportunity Attack",,
Fist Ulthred,Explorer,6,39,14,0,+5,,,,,,,,,,,,,,,,16,11,14,12,12,14,+8,0,+7,+1,+1,+2,"Extra Attack,Opportunity Attack",,
Fist Ulthred,Tactician,6,72,14,0,+3,,,,,,,,,,,,,,,,16,11,14,12,12,14,+6,0,+5,+1,+1,+2,"Extra Attack,Opportunity Attack",,
Ulumpha,Balanced,10,64,18,0,+4,,,,,,,,,,,,,,,,18,10,18,10,10,10,+8,0,+8,0,0,0,"Extra Attack,Opportunity Attack",,
Ulumpha,Explorer,10,44,18,0,+6,,,,,,,,,,,,,,,,18,10,18,10,10,10,+10,0,+10,0,0,0,"Extra Attack,Opportunity Attack",,
Ulumpha,Tactician,10,93,18,0,+4,,,,,,,,,,,,,,,,18,10,18,10,10,10,+8,0,+8,0,0,0,"Extra Attack,Opportunity Attack",,
Umbrenne,Balanced,1,8,10,0,+2,,,,,,,,,,,,,,,,10,10,10,10,10,10,0,0,0,0,0,0,"Darkvision,Fey Ancestry,Opportunity Attack",,
Umbrenne,Explorer,1,5,10,0,+4,,,,,,,,,,,,,,,,10,10,10,10,10,10,0,0,0,0,0,0,"Darkvision,Fey Ancestry,Opportunity Attack",,
Umbrenne,Tactician,1,10,10,0,+2,,,,,,,,,,,,,,,,10,10,10,10,10,10,0,0,0,0,0,0,"Darkvision,Fey Ancestry,Opportunity Attack",,
Umi,Balanced,1,5,10,0,+2,,,,,,,,Full Resistance,,,,,,,,10,10,10,10,10,10,0,0,0,0,0,0,"Darkvision,Hellish Resistance",,
Umi,Explorer,1,3,10,0,+4,,,,,,,,Full Resistance,,,,,,,,10,10,10,10,10,10,0,0,0,0,0,0,"Darkvision,Hellish Resistance",,
Umi,Tactician,1,6,10,0,+2,,,,,,,,Full Resistance,,,,,,,,10,10,10,10,10,10,0,0,0,0,0,0,"Darkvision,Hellish Resistance",,
Gish Umr'a'ac,Balanced,5,53,16,+1,+3,,,,,,,,,,,,,,,,15,12,16,16,15,16,+2,+1,+6,+6,+5,+3,"Elemental Infusion,Githyanki War Magic,Opportunity Attack",,
Gish Umr'a'ac,Explorer,5,37,16,+1,+5,,,,,,,,,,,,,,,,15,12,16,16,15,16,+2,+1,+8,+8,+7,+3,"Elemental Infusion,Githyanki War Magic,Opportunity Attack",,
Gish Umr'a'ac,Tactician,5,68,16,+1,+3,,,,,,,,,,,,,,,,15,12,16,16,15,16,+2,+1,+6,+6,+5,+3,"Elemental Infusion,Githyanki War Magic,Opportunity Attack,Psionic Empowerment,War Caster: Concentration,War Caster: Opportunity Spell",,
Raider Un’n,Balanced,5,32,15,+3,+3,,,,,,,,,,,,,,,,10,17,14,10,12,10,+3,+3,+5,0,+1,0,"Opportunity Attack,Extra Attack,Crossbow Expert: Point-Blank,Crossbow Expert: Wounding",,
Raider Un’n,Explorer,5,22,15,+3,+5,,,,,,,,,,,,,,,,10,17,14,10,12,10,+5,+3,+7,0,+1,0,"Opportunity Attack,Extra Attack,Crossbow Expert: Point-Blank,Crossbow Expert: Wounding",,
Raider Un’n,Tactician,5,41,15,+3,+3,,,,,,,,,,,,,,,,10,17,14,10,12,10,+3,+3,+5,0,+1,0,"Opportunity Attack,Extra Attack,Crossbow Expert: Point-Blank,Crossbow Expert: Wounding,Psionic Empowerment,Archery",,
Unclean Eternal Debtor,Balanced,1,12,10,0,+2,,,,,,,,Resistance to Magical,,,,,,,,10,10,10,8,8,8,0,0,0,-1,-1,-1,"Darkvision,Forever Indebted,Opportunity Attack",,
Unclean Eternal Debtor,Explorer,1,8,10,0,+2,,,,,,,,Resistance to Magical,,,,,,,,10,10,10,8,8,8,0,0,0,-1,-1,-1,"Darkvision,Forever Indebted,Opportunity Attack",,
Unclean Eternal Debtor,Tactician,1,15,10,0,+2,,,,,,,,Resistance to Magical,,,,,,,,10,10,10,8,8,8,0,0,0,-1,-1,-1,"Darkvision,Forever Indebted,Opportunity Attack",,
Guard Unilda Tiro,Balanced,12,82,18,0,+4,,,,,,,,,,,,,,,,18,11,18,12,15,20,+4,0,+4,+1,+6,+9,"Extra Attack,Opportunity Attack,Tactical Discipline",,
Guard Unilda Tiro,Explorer,12,57,18,0,+6,,,,,,,,,,,,,,,,18,11,18,12,15,20,+4,0,+4,+1,+8,+11,"Extra Attack,Opportunity Attack,Tactical Discipline",,
Guard Unilda Tiro,Tactician,12,106,18,0,+4,,,,,,,,,,,,,,,,18,11,18,12,15,20,+4,0,+4,+1,+6,+9,"Extra Attack,Opportunity Attack,Tactical Discipline",,
Untaken,Balanced,10,46,10,0,+4,,,,,,,,,,Full Resistance,,,,,,12,10,10,16,12,10,+1,0,0,+7,+5,0,Opportunity Attack,,
Untaken,Explorer,10,32,10,0,+6,,,,,,,,,,Full Resistance,,,,,,12,10,10,16,12,10,+1,0,0,+9,+7,0,Opportunity Attack,,
Untaken,Tactician,10,59,10,0,+4,,,,,,,,,,Full Resistance,,,,,,12,10,10,16,12,10,+1,0,0,+7,+5,0,Opportunity Attack,,
Sharran Fidelian Uttermask,Balanced,7,74,10,0,+3,,,,,,,,,,,,,,,,12,10,10,18,12,10,+1,0,0,+7,+4,0,"Opportunity Attack,Shadow Ambush,Born into Darkness",,
Sharran Fidelian Uttermask,Explorer,7,51,10,0,+3,,,,,,,,,,,,,,,,12,10,10,18,12,10,+1,0,0,+7,+4,0,"Opportunity Attack,Shadow Ambush,Born into Darkness",,
Sharran Fidelian Uttermask,Tactician,7,96,10,0,+3,,,,,,,,,,,,,,,,12,10,10,18,12,10,+1,0,0,+7,+4,0,"Opportunity Attack,Shadow Ambush,Born into Darkness",,
Black Gauntlet Uva,Balanced,12,82,18,0,+4,,,,,,,,,,,,,,,,18,11,18,12,15,20,+4,0,+5,+1,+6,+9,"Extra Attack,Infernal Weapon,Opportunity Attack,Tactical Discipline",,
Black Gauntlet Uva,Explorer,12,57,18,0,+6,,,,,,,,,,,,,,,,18,11,18,12,15,20,+4,0,+5,+1,+8,+11,"Extra Attack,Infernal Weapon,Opportunity Attack,Tactical Discipline",,
Black Gauntlet Uva,Tactician,12,106,18,0,+4,,,,,,,,,,,,,,,,18,11,18,12,15,20,+4,0,+5,+1,+6,+9,"Extra Attack,Infernal Weapon,Opportunity Attack,Tactical Discipline",,
Reaper of Bhaal Vagga,Balanced,5,45,10,+5,+3,,,,,,,,,,,,,,,,11,20,13,15,12,16,0,+5,+1,+2,+1,+3,"Darkvision,Extra Attack,Opportunity Attack,Prey Upon the Weak","Aura of Murder,Invisible,Sanctuary",
Reaper of Bhaal Vagga,Explorer,5,31,10,+5,+5,,,,,,,,,,,,,,,,11,20,13,15,12,16,0,+5,+1,+2,+1,+3,"Darkvision,Extra Attack,Opportunity Attack,Prey Upon the Weak","Aura of Murder,Invisible,Sanctuary",
Reaper of Bhaal Vagga,Tactician,5,58,10,+5,+3,,,,,,,,,,,,,,,,11,20,13,15,12,16,0,+5,+1,+2,+1,+3,"Darkvision,Evasion,Extra Attack,Opportunity Attack,Prey Upon the Weak","Aura of Murder,Invisible,Sanctuary",
Valmorba,Balanced,3,26,11,+1,+2,,,,,,,,,,,,,,,,12,12,14,10,18,12,+1,+1,+2,0,+6,+3,"Darkvision,Fey Ancestry,Opportunity Attack",,
Valmorba,Explorer,3,18,11,+1,+4,,,,,,,,,,,,,,,,12,12,14,10,18,12,+1,+1,+2,0,+8,+5,"Darkvision,Fey Ancestry,Opportunity Attack",,
Valmorba,Tactician,3,33,11,+1,+2,,,,,,,,,,,,,,,,12,12,14,10,18,12,+1,+1,+2,0,+6,+3,"Darkvision,Fey Ancestry,Opportunity Attack",,
Dead Toll Collector,Balanced,1,1,10,0,+2,,,,,,,,,,,,,,,,10,10,10,10,10,10,0,0,0,0,0,0,Opportunity Attack,Dead,
Dead Toll Collector,Tactician,1,7,10,0,+2,,,,,,,,,,,,,,,,10,10,10,10,10,10,0,0,0,0,0,0,Opportunity Attack,Dead,
Vanra,Balanced,1,5,10,0,+2,,,,,,,,,,,,,,,,10,10,10,10,10,10,0,0,0,0,0,0,Opportunity Attack,,
Vanra,Explorer,1,3,10,0,+4,,,,,,,,,,,,,,,,10,10,10,10,10,10,0,0,0,0,0,0,Opportunity Attack,,
Vanra,Tactician,1,6,10,0,+2,,,,,,,,,,,,,,,,10,10,10,10,10,10,0,0,0,0,0,0,Opportunity Attack,,
Varanna Sunblossom,Balanced,1,12,1,+1,+2,,,,,,,,,,,,,,,,17,13,15,10,12,8,+5,+1,+4,0,+1,-1,"Civil Militia,Darkvision,Defence,Fey Ancestry,Opportunity Attack",,
Varce Humbletood,Balanced,1,6,10,0,+2,,,,,,,,,,,,,,,,10,10,10,10,10,10,0,0,0,0,0,0,Opportunity Attack,,
Varce Humbletood,Explorer,1,3,10,0,+4,,,,,,,,,,,,,,,,10,10,10,10,10,10,0,0,0,0,0,0,Opportunity Attack,,
Varce Humbletood,Tactician,1,8,10,0,+2,,,,,,,,,,,,,,,,10,10,10,10,10,10,0,0,0,0,0,0,Opportunity Attack,,
Varderola,Balanced,1,22,13,+3,+2,,,,,,,,,,,,,,,,12,16,12,12,10,10,+1,+3,+1,+1,0,0,Opportunity Attack,,
Varderola,Explorer,1,15,13,+3,+4,,,,,,,,,,,,,,,,12,16,12,12,10,10,+1,+3,+1,+1,0,0,Opportunity Attack,,
Varderola,Tactician,1,28,13,+3,+2,,,,,,,,,,,,,,,,12,16,12,12,10,10,+1,+3,+1,+1,0,0,Opportunity Attack,,
Reaper of Bhaal Varneela,Balanced,5,45,10,+5,+3,,,,,,,,,,,,,,,,11,20,13,15,12,16,0,+5,+1,+2,+1,+3,"Darkvision,Extra Attack,Opportunity Attack,Prey Upon the Weak","Aura of Murder,Sanctuary",
Reaper of Bhaal Varneela,Explorer,5,31,10,+5,+5,,,,,,,,,,,,,,,,11,20,13,15,12,16,0,+5,+1,+2,+1,+3,"Darkvision,Extra Attack,Opportunity Attack,Prey Upon the Weak","Aura of Murder,Sanctuary",
Reaper of Bhaal Varneela,Tactician,5,58,10,+5,+3,,,,,,,,,,,,,,,,11,20,13,15,12,16,0,+5,+1,+2,+1,+3,"Darkvision,Evasion,Extra Attack,Opportunity Attack,Prey Upon the Weak","Aura of Murder,Sanctuary",
Fist Varone,Balanced,10,43,18,+1,+4,,,,,,,,,,,,,,,,8,13,16,20,10,12,-1,+1,+3,+9,+4,+1,Opportunity Attack,Mage Armour,
Fist Varone,Explorer,10,40,18,+1,+6,,,,,,,,,,,,,,,,8,13,16,20,10,12,-1,+1,+3,+11,+6,+1,Opportunity Attack,Mage Armour,
Fist Varone,Tactician,10,45,18,+1,+4,,,,,,,,,,,,,,,,8,13,16,20,10,12,-1,+1,+3,+9,+4,+1,Opportunity Attack,Mage Armour,
Youth Varrl,Balanced,3,22,13,+1,+2,,,,,,,,,,,,,,,,14,12,12,10,8,8,+2,+1,+1,0,-1,-1,Opportunity Attack,,
Youth Varrl,Explorer,3,15,13,+1,+4,,,,,,,,,,,,,,,,14,12,12,10,8,8,+2,+1,+1,0,-1,-1,Opportunity Attack,,
Youth Varrl,Tactician,3,28,13,+1,+2,,,,,,,,,,,,,,,,14,12,12,10,8,8,+2,+1,+1,0,-1,-1,Opportunity Attack,,
Vatas,Balanced,1,8,10,0,+2,,,,,,,,Full Resistance,,,,,,,,10,10,10,10,10,10,0,0,0,0,0,0,"Darkvision,Hellish Resistance,Opportunity Attack",,
Vatas,Explorer,1,5,10,0,+4,,,,,,,,Full Resistance,,,,,,,,10,10,10,10,10,10,0,0,0,0,0,0,"Darkvision,Hellish Resistance,Opportunity Attack",,
Vatas,Tactician,1,10,10,0,+2,,,,,,,,Full Resistance,,,,,,,,10,10,10,10,10,10,0,0,0,0,0,0,"Darkvision,Hellish Resistance,Opportunity Attack",,
Reaper of Bhaal Velki,Balanced,5,45,15,+5,+3,,,,,,,,,,,,,,,,11,20,13,15,12,16,0,+5,+1,+2,+1,+3,"Darkvision,Extra Attack,Opportunity Attack,Prey Upon the Weak","Aura of Murder,Sanctuary",
Reaper of Bhaal Velki,Explorer,5,31,15,+5,+5,,,,,,,,,,,,,,,,11,20,13,15,12,16,0,+5,+1,+2,+1,+3,"Darkvision,Extra Attack,Opportunity Attack,Prey Upon the Weak","Aura of Murder,Sanctuary",
Reaper of Bhaal Velki,Tactician,5,58,15,+5,+3,,,,,,,,,,,,,,,,11,20,13,15,12,16,0,+5,+1,+2,+1,+3,"Darkvision,Evasion,Extra Attack,Opportunity Attack,Prey Upon the Weak","Aura of Murder,Sanctuary",
Velson Oakes,Balanced,1,8,10,0,+2,,,,,,,,,,,,,,,,10,10,10,10,10,10,0,0,0,0,0,0,"Darkvision,Fey Ancestry,Opportunity Attack",,
Velson Oakes,Explorer,1,5,10,0,+4,,,,,,,,,,,,,,,,10,10,10,10,10,10,0,0,0,0,0,0,"Darkvision,Fey Ancestry,Opportunity Attack",,
Velson Oakes,Tactician,1,10,10,0,+2,,,,,,,,,,,,,,,,10,10,10,10,10,10,0,0,0,0,0,0,"Darkvision,Fey Ancestry,Opportunity Attack",,
Ver'yll Wenkiir,Balanced,,11,,+3,,,,,,,,,,,,,,,,,12,17,13,8,15,10,+1,+3,+1,-1,+2,0,"Beast Tamer,Drow Weapon Training,Fey Ancestry,Mage Breaker,Opportunity Attack,Superior Darkvision",,
Zephyr Gish'ra Verik,Balanced,9,68,17,+3,+4,,,,,,,,,,,,,,,,12,17,16,17,19,13,+5,+7,+3,+3,+4,+1,"Advanced Unarmoured Movement,Deflect Missiles,Evasion,Extra Attack,Ki-Empowered Strikes,Martial Arts: Bonus Unarmed Strike,Martial Arts: Dextrous Attacks,Martial Arts: Deft Strikes,Opportunity Attack,Psionic Empowerment,Slow Fall,Stillness of Mind,Unarmoured Defence (Monk),Unarmoured Movement",Astral Gravity,
Zephyr Gish'ra Verik,Explorer,9,40,17,+3,+6,,,,,,,,,,,,,,,,12,17,16,17,19,13,+7,+9,+3,+3,+4,+1,"Advanced Unarmoured Movement,Deflect Missiles,Evasion,Extra Attack,Ki-Empowered Strikes,Martial Arts: Bonus Unarmed Strike,Martial Arts: Dextrous Attacks,Martial Arts: Deft Strikes,Opportunity Attack,Psionic Empowerment,Slow Fall,Stillness of Mind,Unarmoured Defence (Monk),Unarmoured Movement",Astral Gravity,
Zephyr Gish'ra Verik,Tactician,9,88,17,+3,+4,,,,,,,,,,,,,,,,12,17,16,17,19,13,+5,+7,+3,+3,+4,+1,"Advanced Unarmoured Movement,Deflect Missiles,Evasion,Extra Attack,Ki-Empowered Strikes,Martial Arts: Bonus Unarmed Strike,Martial Arts: Dextrous Attacks,Martial Arts: Deft Strikes,Opportunity Attack,Psionic Empowerment,Slow Fall,Stillness of Mind,Unarmoured Defence (Monk),Unarmoured Movement",Astral Gravity,
Goblin,Balanced,8,8,13,+2,+3,,,,,,,,,,,,,,,,8,14,10,10,8,8,-1,+2,0,0,-1,-1,"Darkvision,Opportunity Attack",Dead,
Goblin,Tactician,8,8,13,+2,+3,,,,,,,,,,,,,,,,8,14,10,10,8,8,-1,+2,0,0,-1,-1,"Darkvision,Fury of the Small,Opportunity Attack",Dead,
Goblin,Honour,8,11,13,+2,+3,,,,,,,,,,,,,,,,8,14,10,10,8,8,-1,+2,0,0,-1,-1,"Darkvision,Fury of the Small,Opportunity Attack",Dead,
Verryn,Balanced,1,8,10,0,+2,,,,,,,,,,,,,,,,10,10,10,10,10,10,0,0,0,0,0,0,"Darkvision,Gnome Cunning,Opportunity Attack,Shortened Stride",,
Verryn,Explorer,1,5,10,0,+4,,,,,,,,,,,,,,,,10,10,10,10,10,10,0,0,0,0,0,0,"Darkvision,Gnome Cunning,Opportunity Attack,Shortened Stride",,
Verryn,Tactician,1,10,10,0,+2,,,,,,,,,,,,,,,,10,10,10,10,10,10,0,0,0,0,0,0,"Darkvision,Gnome Cunning,Opportunity Attack,Shortened Stride",,
Veteran Gish,Balanced,9,85,16,+1,+4,,,,,,,,,,,,,,,,15,12,16,16,15,16,+2,+1,+7,+3,+2,+3,"Githyanki War Magic,Opportunity Attack",,
Veteran Gish,Explorer,9,59,16,+1,+6,,,,,,,,,,,,,,,,15,12,16,16,15,16,+2,+1,+9,+3,+2,+3,"Githyanki War Magic,Opportunity Attack",,
Veteran Gish,Tactician,9,110,16,+1,+4,,,,,,,,,,,,,,,,15,12,16,16,15,16,+2,+1,+7,+3,+2,+3,"Githyanki War Magic,Opportunity Attack,Psionic Empowerment,War Caster: Concentration,War Caster: Opportunity Spell",,
Githyanki Veteran Raider,Balanced,9,57,17,+4,+4,,,,,,,,,,,,,,,,10,19,14,10,16,10,0,+4,+2,0,+3,0,"Crossbow Expert: Point-Blank,Crossbow Expert: Wounding,Extra Attack,Opportunity Attack",,
Githyanki Veteran Raider,Explorer,9,39,17,+4,+6,,,,,,,,,,,,,,,,10,19,14,10,16,10,0,+4,+2,0,+3,0,"Crossbow Expert: Point-Blank,Crossbow Expert: Wounding,Extra Attack,Opportunity Attack",,
Githyanki Veteran Raider,Tactician,9,74,17,+4,+4,,,,,,,,,,,,,,,,10,19,14,10,16,10,0,+4,+2,0,+3,0,"Archery,Crossbow Expert: Point-Blank,Crossbow Expert: Wounding,Extra Attack,Opportunity Attack,Psionic Empowerment",,
Githyanki Veteran Warrior,Balanced,9,73,17,+2,+4,,,,,,,,,,,,,,,,18,14,16,10,12,10,+4,+2,+3,0,+1,0,"Extra Attack,Githyanki Parry,Opportunity Attack",,
Githyanki Veteran Warrior,Explorer,9,51,17,+2,+6,,,,,,,,,,,,,,,,18,14,16,10,12,10,+4,+2,+3,0,+1,0,"Extra Attack,Githyanki Parry,Opportunity Attack",,
Githyanki Veteran Warrior,Tactician,9,94,17,+2,+4,,,,,,,,,,,,,,,,18,14,16,10,12,10,+4,+2,+3,0,+1,0,"Extra Attack,Githyanki Parry,Great Weapon Fighting,Opportunity Attack,Psionic Empowerment,Supreme Githyanki Parry",,
Brawler Vez,Balanced,3,20,13,+1,+2,,,,,,,,,,,,,,,,12,13,10,10,8,8,+1,+1,0,0,-1,-1,"Darkvision,Opportunity Attack",,
Brawler Vez,Explorer,3,14,13,+1,+4,,,,,,,,,,,,,,,,12,13,10,10,8,8,+1,+1,0,0,-1,-1,"Darkvision,Opportunity Attack",,
Brawler Vez,Tactician,3,26,13,+1,+2,,,,,,,,,,,,,,,,12,13,10,10,8,8,+1,+1,0,0,-1,-1,"Darkvision,Fury of the Small,Opportunity Attack",,
Brawler Vez,Honour,3,26,13,+1,+2,,,,,,,,,,,,,,,,12,13,10,10,8,8,+1,+1,0,0,-1,-1,"Darkvision,Fury of the Small,Opportunity Attack",,
Bully Gal Vharranne,Balanced,8,64,15,+4,+3,,,,,,,,,,,,,,,,12,18,12,12,14,10,+4,+7,+1,+1,+2,0,"Colossus Slayer,Extra Attack,Fast Movement,Land's Stride: Difficult Terrain,Opportunity Attack",,
Bully Gal Vharranne,Explorer,8,44,15,+4,+5,,,,,,,,,,,,,,,,12,18,12,12,14,10,+6,+9,+1,+1,+2,0,"Colossus Slayer,Extra Attack,Fast Movement,Land's Stride: Difficult Terrain,Opportunity Attack",,
Bully Gal Vharranne,Tactician,8,83,15,+4,+3,,,,,,,,,,,,,,,,12,18,12,12,14,10,+4,+7,+1,+1,+2,0,"Colossus Slayer,Extra Attack,Fast Movement,Land's Stride: Difficult Terrain,Opportunity Attack",,
Tailor Vhynce,Balanced,8,6,10,0,+3,,,,,,,,,,,,,,,,10,10,10,10,10,10,0,0,0,0,0,0,"Darkvision,Fey Ancestry,Opportunity Attack",,
Tailor Vhynce,Explorer,8,4,10,0,+5,,,,,,,,,,,,,,,,10,10,10,10,10,10,0,0,0,0,0,0,"Darkvision,Fey Ancestry,Opportunity Attack",,
Tailor Vhynce,Tactician,8,8,10,0,+3,,,,,,,,,,,,,,,,10,10,10,10,10,10,0,0,0,0,0,0,"Darkvision,Fey Ancestry,Opportunity Attack",,
Victoria,Balanced,1,5,10,0,+2,,,,,,,,,,,,,,,,10,10,10,10,10,10,0,0,0,0,0,0,Opportunity Attack,"Dead,Sapping Curse",
Victoria,Explorer,1,3,10,0,+4,,,,,,,,,,,,,,,,10,10,10,10,10,10,0,0,0,0,0,0,Opportunity Attack,"Dead,Sapping Curse",
Victoria,Tactician,1,6,10,0,+2,,,,,,,,,,,,,,,,10,10,10,10,10,10,0,0,0,0,0,0,Opportunity Attack,"Dead,Sapping Curse",
Manip Vidor,Balanced,6,24,14,0,+3,,,,,,,,,,,,,,,,16,11,14,12,12,14,+6,0,+5,+1,+1,+2,"Extra Attack,Opportunity Attack",,
Manip Vidor,Explorer,6,16,14,0,+5,,,,,,,,,,,,,,,,16,11,14,12,12,14,+8,0,+7,+1,+1,+2,"Extra Attack,Opportunity Attack",,
Manip Vidor,Tactician,6,31,14,0,+3,,,,,,,,,,,,,,,,16,11,14,12,12,14,+6,0,+5,+1,+1,+2,"Extra Attack,Opportunity Attack",,
Cashguard Basher Vikki,Balanced,9,85,18,+1,+4,,,,,,,,,,,,,,,,18,12,14,10,12,15,+6,+3,+5,+2,+7,+8,"Charger,Divine Health,Extra Attack,Opportunity Attack,Tenacity",Aura of Protection,
Cashguard Basher Vikki,Explorer,9,59,18,+1,+6,,,,,,,,,,,,,,,,18,12,14,10,12,15,+6,+3,+5,+2,+9,+10,"Charger,Divine Health,Extra Attack,Opportunity Attack,Tenacity",Aura of Protection,
Cashguard Basher Vikki,Tactician,9,110,18,+1,+4,,,,,,,,,,,,,,,,18,12,14,10,12,15,+6,+3,+5,+2,+7,+8,"Charger,Divine Health,Extra Attack,Opportunity Attack,Tenacity",Aura of Protection,
Vilhelm,Balanced,1,22,13,+3,+2,,,,,,,,,,,,,,,,12,16,12,12,10,10,+1,+3,+1,+1,0,0,Opportunity Attack,,
Vilhelm,Explorer,1,15,13,+3,+4,,,,,,,,,,,,,,,,12,16,12,12,10,10,+1,+3,+1,+1,0,0,Opportunity Attack,,
Vilhelm,Tactician,1,28,13,+3,+2,,,,,,,,,,,,,,,,12,16,12,12,10,10,+1,+3,+1,+1,0,0,Opportunity Attack,,
Dark Breaker Vilmina,Balanced,10,68,14,0,+4,,,,,,,,,,Full Resistance,,,,,,16,10,12,16,18,12,+3,0,+1,+7,+8,+1,Opportunity Attack,,
Dark Breaker Vilmina,Explorer,10,47,14,0,+6,,,,,,,,,,Full Resistance,,,,,,16,10,12,16,18,12,+3,0,+1,+9,+10,+1,Opportunity Attack,,
Dark Breaker Vilmina,Tactician,10,88,14,0,+4,,,,,,,,,,Full Resistance,,,,,,16,10,12,16,18,12,+3,0,+1,+7,+8,+1,Opportunity Attack,,
Vin Dorgo,Balanced,1,6,1,0,+2,,,,,,,,,,,,,,,,10,10,10,10,10,10,0,0,0,0,0,0,Opportunity Attack,"Drunk,Unconscious",
Vin Dorgo,Explorer,1,4,1,0,+4,,,,,,,,,,,,,,,,10,10,10,10,10,10,0,0,0,0,0,0,Opportunity Attack,"Drunk,Unconscious",
Vin Dorgo,Tactician,1,7,1,0,+2,,,,,,,,,,,,,,,,10,10,10,10,10,10,0,0,0,0,0,0,Opportunity Attack,"Drunk,Unconscious",
Vinegaroon,Balanced,1,8,10,0,+2,,,,,,,,,,,,,,,,10,10,10,10,10,10,0,0,0,0,0,0,"Darkvision,Gnome Cunning,Opportunity Attack,Shortened Stride",,
Vinegaroon,Explorer,1,5,10,0,+4,,,,,,,,,,,,,,,,10,10,10,10,10,10,0,0,0,0,0,0,"Darkvision,Gnome Cunning,Opportunity Attack,Shortened Stride",,
Vinegaroon,Tactician,1,10,10,0,+2,,,,,,,,,,,,,,,,10,10,10,10,10,10,0,0,0,0,0,0,"Darkvision,Gnome Cunning,Opportunity Attack,Shortened Stride",,
Night Blade Vinnia,Balanced,3,28,12,+2,+2,,,,,,,,,,,,,,,,11,15,12,10,11,14,0,+2,+1,0,0,+2,"Darkvision,Opportunity Attack",Aura of Murder,
Night Blade Vinnia,Explorer,3,19,12,+2,+4,,,,,,,,,,,,,,,,11,15,12,10,11,14,0,+2,+1,0,0,+2,"Darkvision,Opportunity Attack",Aura of Murder,
Night Blade Vinnia,Tactician,3,36,12,+2,+2,,,,,,,,,,,,,,,,11,15,12,10,11,14,0,+2,+1,0,0,+2,"Darkvision,Opportunity Attack",Aura of Murder,
Vinshent Fenteman,Balanced,1,8,10,0,+2,,,,,,,,,,,,,,,,10,10,10,10,10,10,0,0,0,0,0,0,"Darkvision,Fey Ancestry,Opportunity Attack",,
Vinshent Fenteman,Explorer,1,5,10,0,+4,,,,,,,,,,,,,,,,10,10,10,10,10,10,0,0,0,0,0,0,"Darkvision,Fey Ancestry,Opportunity Attack",,
Vinshent Fenteman,Tactician,1,10,10,0,+2,,,,,,,,,,,,,,,,10,10,10,10,10,10,0,0,0,0,0,0,"Darkvision,Fey Ancestry,Opportunity Attack",,
Fist Virry,Balanced,8,62,16,+1,+3,,,,,,,,,,,,,,,,21,13,17,10,12,8,+8,+1,+7,0,+1,-1,"Extra Attack,Great Weapon Fighting,Opportunity Attack,Phalanx Formation,Riposte",,
Fist Virry,Explorer,8,43,16,+1,+5,,,,,,,,,,,,,,,,21,13,17,10,12,8,+10,+1,+9,0,+1,-1,"Extra Attack,Great Weapon Fighting,Opportunity Attack,Phalanx Formation,Riposte",,
Fist Virry,Tactician,8,80,16,+1,+3,,,,,,,,,,,,,,,,21,13,17,10,12,8,+8,+1,+7,0,+1,-1,"Extra Attack,Great Weapon Fighting,Opportunity Attack,Phalanx Formation,Riposte",,
Youth Vis’kiir,Balanced,3,22,11,+1,+2,,,,,,,,,,,,,,,,14,12,12,10,8,8,+2,+1,+1,0,-1,-1,Opportunity Attack,,
Youth Vis’kiir,Explorer,3,15,11,+1,+4,,,,,,,,,,,,,,,,14,12,12,10,8,8,+2,+1,+1,0,-1,-1,Opportunity Attack,,
Youth Vis’kiir,Tactician,3,28,11,+1,+2,,,,,,,,,,,,,,,,14,12,12,10,8,8,+2,+1,+1,0,-1,-1,Opportunity Attack,,
Visionary Eternal Debtor,Balanced,1,12,10,0,+2,,,,,,,,Resistance to Magical,,,,,,,,10,10,10,8,8,8,0,0,0,-1,-1,-1,"Opportunity Attack,Darkvision,Forever Indebted,Hellish Resistance",,
Visionary Eternal Debtor,Explorer,1,8,10,0,+2,,,,,,,,Resistance to Magical,,,,,,,,10,10,10,8,8,8,0,0,0,-1,-1,-1,"Opportunity Attack,Darkvision,Forever Indebted,Hellish Resistance",,
Visionary Eternal Debtor,Tactician,1,15,10,0,+2,,,,,,,,Resistance to Magical,,,,,,,,10,10,10,8,8,8,0,0,0,-1,-1,-1,"Opportunity Attack,Darkvision,Forever Indebted,Hellish Resistance",,
Viss,Balanced,5,54,12,+1,+3,,,,,,,,,,,,Full Resistance,,,,18,12,14,10,12,12,+4,+1,+2,0,+1,+1,"Duergar Resilience,Dwarven Resilience,Extra Attack,Opportunity Attack,Sunlight Sensitivity,Superior Darkvision",,
Viss,Explorer,5,37,12,+1,+5,,,,,,,,,,,,Full Resistance,,,,18,12,14,10,12,12,+4,+1,+2,0,+1,+1,"Duergar Resilience,Dwarven Resilience,Extra Attack,Opportunity Attack,Sunlight Sensitivity,Superior Darkvision",,
Viss,Tactician,5,70,12,+1,+3,,,,,,,,,,,,Full Resistance,,,,18,12,14,10,12,12,+4,+1,+2,0,+1,+1,"Duergar Resilience,Dwarven Resilience,Extra Attack,Opportunity Attack,Sunlight Sensitivity,Superior Darkvision",,
Vistra,Balanced,1,8,1,0,+2,,,,,,,,,,,,Full Resistance,,,,10,10,10,10,10,10,0,0,0,0,0,0,"Darkvision,Dwarven Resilience,Opportunity Attack",,
Vistra,Explorer,1,5,1,0,+4,,,,,,,,,,,,Full Resistance,,,,10,10,10,10,10,10,0,0,0,0,0,0,"Darkvision,Dwarven Resilience,Opportunity Attack",,
Vistra,Tactician,1,10,1,0,+2,,,,,,,,,,,,Full Resistance,,,,10,10,10,10,10,10,0,0,0,0,0,0,"Darkvision,Dwarven Resilience,Opportunity Attack",,
Roustabout Vix,Balanced,3,8,10,0,+2,,,,,,,,,,,,,,,,10,10,10,10,10,10,0,0,0,0,0,0,"Darkvision,Fey Ancestry,Opportunity Attack",,
Ch'r'ai W'wargaz,Balanced,6,112,17,+2,+3,,,,,,,,,,,,,,,,17,14,15,18,16,12,+6,+2,+5,+7,+6,+1,"Extra Attack,Githyanki Parry,Opportunity Attack,Perfect Sentry,Psionic Revenge",,
Ch'r'ai W'wargaz,Explorer,6,78,17,+2,+5,,,,,,,,,,,,,,,,17,14,15,18,16,12,+8,+2,+7,+9,+8,+1,"Extra Attack,Githyanki Parry,Opportunity Attack,Perfect Sentry,Psionic Revenge",,
Ch'r'ai W'wargaz,Tactician,6,145,17,+2,+3,,,,,,,,,,,,,,,,17,14,15,18,16,12,+6,+2,+5,+7,+6,+1,"Extra Attack,Githyanki Parry,Opportunity Attack,Perfect Sentry,Psionic Revenge,Psionic Empowerment",Legendary Resistance,
Ch'r'ai W'wargaz,Honour,6,145,17,+2,+3,,,,,,,,,,,,,,,,17,14,15,18,16,12,+6,+2,+5,+7,+6,+1,"Extra Attack,Githyanki Parry,Opportunity Attack,Perfect Sentry,Psionic Revenge,Psionic Empowerment,Legendary Action: Mind-Claw of Tu'narath","Legendary Resistance,Mind-Claws Available",Mind-Claw of Tu'narath (class action)
Orpheus,Balanced,12,130,19,+4,+4,,,,,,,,,,,,Immune,Full Resistance,,,12,18,16,14,21,20,+5,+8,+3,+2,+5,+5,"Advanced Unarmoured Movement,Deflect Missiles,Evasion,Extra Attack,Ki-Empowered Strikes,Martial Arts: Bonus Unarmed Strike,Martial Arts: Deft Strikes,Martial Arts: Dextrous Attacks,Opportunity Attack,Psionic Empowerment,Purity of Body,Slow Fall,Stillness of Mind,Unarmoured Defence (Monk),Unarmoured Movement",Orphic Favour Aura,
Orpheus,Explorer,12,91,19,+4,+6,,,,,,,,,,,,Immune,Full Resistance,,,12,18,16,14,21,20,+7,+10,+3,+2,+5,+5,"Advanced Unarmoured Movement,Deflect Missiles,Evasion,Extra Attack,Ki-Empowered Strikes,Martial Arts: Bonus Unarmed Strike,Martial Arts: Deft Strikes,Martial Arts: Dextrous Attacks,Opportunity Attack,Psionic Empowerment,Purity of Body,Slow Fall,Stillness of Mind,Unarmoured Defence (Monk),Unarmoured Movement",Orphic Favour Aura,
Orpheus,Tactician,12,169,19,+4,+4,,,,,,,,,,,,Immune,Full Resistance,,,12,18,16,14,21,20,+5,+8,+3,+2,+5,+5,"Advanced Unarmoured Movement,Deflect Missiles,Evasion,Extra Attack,Ki-Empowered Strikes,Martial Arts: Bonus Unarmed Strike,Martial Arts: Deft Strikes,Martial Arts: Dextrous Attacks,Opportunity Attack,Psionic Empowerment,Purity of Body,Slow Fall,Stillness of Mind,Unarmoured Defence (Monk),Unarmoured Movement",Orphic Favour Aura,
Illithid Orpheus,Balanced,12,150,16,+1,+4,,,,,,,,,,,,Immune,Full Resistance,,,13,12,14,14,21,20,+5,+5,+2,+2,+5,+5,"Ability Drain,Advanced Unarmoured Movement,Charm,Cull the Weak,Deflect Missiles,Evasion,Extra Attack,Favourable Beginnings,Ki-Empowered Strikes,Luck of the Far Realms,Martial Arts: Bonus Unarmed Strike,Martial Arts: Deft Strikes,Martial Arts: Dextrous Attacks,Opportunity Attack,Permanent Mind Sanctuary,Psionic Backlash,Psionic Dominance,Psionic Empowerment,Purity of Body,Slow Fall,Stillness of Mind,Unarmoured Defence (Monk),Unarmoured Movement","Orphic Favour Aura,Mind Flayer Form,Permanent Mind Sanctuary",
Illithid Orpheus,Explorer,12,150,16,+1,+6,,,,,,,,,,,,Immune,Full Resistance,,,13,12,14,14,21,20,+7,+7,+2,+2,+5,+5,"Ability Drain,Advanced Unarmoured Movement,Charm,Cull the Weak,Deflect Missiles,Evasion,Extra Attack,Favourable Beginnings,Ki-Empowered Strikes,Luck of the Far Realms,Martial Arts: Bonus Unarmed Strike,Martial Arts: Deft Strikes,Martial Arts: Dextrous Attacks,Opportunity Attack,Permanent Mind Sanctuary,Psionic Backlash,Psionic Dominance,Psionic Empowerment,Purity of Body,Slow Fall,Stillness of Mind,Unarmoured Defence (Monk),Unarmoured Movement","Orphic Favour Aura,Mind Flayer Form,Permanent Mind Sanctuary",
Illithid Orpheus,Tactician,12,150,16,+1,+4,,,,,,,,,,,,Immune,Full Resistance,,,13,12,14,14,21,20,+5,+5,+2,+2,+5,+5,"Ability Drain,Advanced Unarmoured Movement,Charm,Cull the Weak,Deflect Missiles,Evasion,Extra Attack,Favourable Beginnings,Ki-Empowered Strikes,Luck of the Far Realms,Martial Arts: Bonus Unarmed Strike,Martial Arts: Deft Strikes,Martial Arts: Dextrous Attacks,Opportunity Attack,Permanent Mind Sanctuary,Psionic Backlash,Psionic Dominance,Psionic Empowerment,Purity of Body,Slow Fall,Stillness of Mind,Unarmoured Defence (Monk),Unarmoured Movement","Orphic Favour Aura,Mind Flayer Form,Permanent Mind Sanctuary",
Kith'rak Voss,Balanced,12,135,17,+2,+4,,,,,,,,,,,,,,,,18,15,17,16,14,17,+8,+2,+7,+7,+6,+3,"Githborn Psionic Resistance,Githborn Psionic Weapon (1d6),Improved Extra Attack,Opportunity Attack,Psionic Empowerment,Supreme Githyanki Parry",Ready to Parry (Supreme),
Kith'rak Voss,Explorer,12,94,17,+2,+6,,,,,,,,,,,,,,,,18,15,17,16,14,17,+10,+2,+9,+9,+8,+3,"Githborn Psionic Resistance,Githborn Psionic Weapon (1d6),Improved Extra Attack,Opportunity Attack,Psionic Empowerment,Supreme Githyanki Parry",Ready to Parry (Supreme),
Kith'rak Voss,Tactician,12,175,17,+3,+4,,,,,,,,,,,,,,,,20,16,17,16,14,17,+9,+3,+7,+7,+6,+3,"Githborn Psionic Resistance,Githborn Psionic Weapon (1d6),Improved Extra Attack,Opportunity Attack,Psionic Empowerment,Supreme Githyanki Parry",Ready to Parry (Supreme),
Guard Vlomina,Balanced,10,62,18,0,+4,,,,,,,,,,,,Full Resistance,,,,19,11,13,10,12,11,+4,0,+1,0,+1,0,"Darkvision,Dwarven Resilience,Extra Attack,Opportunity Attack,Tactical Discipline",,
Guard Vlomina,Explorer,10,43,18,0,+6,,,,,,,,,,,,Full Resistance,,,,19,11,13,10,12,11,+4,0,+1,0,+1,0,"Darkvision,Dwarven Resilience,Extra Attack,Opportunity Attack,Tactical Discipline",,
Guard Vlomina,Tactician,10,80,18,0,+4,,,,,,,,,,,,Full Resistance,,,,19,11,13,10,12,11,+4,0,+1,0,+1,0,"Darkvision,Dwarven Resilience,Extra Attack,Opportunity Attack,Tactical Discipline",,
Vol,Balanced,4,36,13,0,+2,,,,,,,,,,,,,,,,16,11,16,10,10,14,+5,0,+5,0,0,+2,"Danger Sense,Opportunity Attack,Unarmoured Defence (Barbarian)",,
Vol,Explorer,4,25,13,0,+4,,,,,,,,,,,,,,,,16,11,16,10,10,14,+7,0,+7,0,0,+2,"Danger Sense,Opportunity Attack,Unarmoured Defence (Barbarian)",,
Vol,Tactician,4,46,13,0,+2,,,,,,,,,,,,,,,,16,11,16,10,10,14,+5,0,+5,0,0,+2,"Danger Sense,Opportunity Attack,Unarmoured Defence (Barbarian)",,
Fist of Bane Volgu Drak,Balanced,,62,18,0,,,,,,,,,,,,,,,,,19,11,13,10,12,11,+4,0,+1,0,+1,0,"Extra Attack,Infernal Weapon,Opportunity Attack,Tactical Discipline",,
Fist of Bane Volgu Drak,Explorer,,43,18,0,,,,,,,,,,,,,,,,,19,11,13,10,12,11,+4,0,+1,0,+1,0,"Extra Attack,Infernal Weapon,Opportunity Attack,Tactical Discipline",,
Fist of Bane Volgu Drak,Tactician,,80,18,0,,,,,,,,,,,,,,,,,19,11,13,10,12,11,+4,0,+1,0,+1,0,"Extra Attack,Infernal Weapon,Opportunity Attack,Tactical Discipline",,
Volo,Balanced,3,18,11,+1,+2,,,,,,,,,,,,,,,,9,12,10,15,11,16,-1,+1,0,+2,0,+3,Opportunity Attack,,
Volo,Explorer,3,12,11,+1,+2,,,,,,,,,,,,,,,,9,12,10,15,11,16,-1,+1,0,+2,0,+3,Opportunity Attack,,
Volo,Tactician,3,23,11,+1,+2,,,,,,,,,,,,,,,,9,12,10,15,11,16,-1,+1,0,+2,0,+3,Opportunity Attack,,
Voss' Raider,Balanced,5,32,15,+3,+3,,,,,,,,,,,,,,,,10,17,14,10,12,10,+3,+3,+5,0,+1,0,"Opportunity Attack,Extra Attack,Crossbow Expert: Point-Blank,Crossbow Expert: Wounding",,
Voss' Raider,Tactician,5,41,15,+3,+3,,,,,,,,,,,,,,,,10,17,14,10,12,10,+3,+3,+5,0,+1,0,"Psionic Empowerment,Archery,Opportunity Attack,Extra Attack,Crossbow Expert: Point-Blank,Crossbow Expert: Wounding",,
Voyeur Eternal Debtor,Balanced,1,12,10,0,+2,,,,,,,,Resistance to Magical,,,,,,,,10,10,10,8,8,8,0,0,0,-1,-1,-1,"Opportunity Attack,Darkvision,Gnome Cunning,Shortened Stride,Forever Indebted",,
Voyeur Eternal Debtor,Explorer,1,8,10,0,+2,,,,,,,,Resistance to Magical,,,,,,,,10,10,10,8,8,8,0,0,0,-1,-1,-1,"Opportunity Attack,Darkvision,Gnome Cunning,Shortened Stride,Forever Indebted",,
Voyeur Eternal Debtor,Tactician,1,15,10,0,+2,,,,,,,,Resistance to Magical,,,,,,,,10,10,10,8,8,8,0,0,0,-1,-1,-1,"Opportunity Attack,Darkvision,Gnome Cunning,Shortened Stride,Forever Indebted",,
Ardent Vraalsith,Balanced,5,28,12,+2,+3,,,,,,,,,,,,,,,,10,14,16,16,14,10,0,+2,+6,+6,+5,0,"Extra Attack,Opportunity Attack",,
Ardent Vraalsith,Explorer,5,19,12,+2,+5,,,,,,,,,,,,,,,,10,14,16,16,14,10,0,+2,+8,+8,+7,0,"Extra Attack,Opportunity Attack",,
Ardent Vraalsith,Tactician,5,36,12,+2,+3,,,,,,,,,,,,,,,,10,14,16,16,14,10,0,+2,+6,+6,+5,0,"Extra Attack,Opportunity Attack,Potent Cantrip,Psionic Empowerment",,
Butcher Vrak,Balanced,3,27,14,0,+2,,,,,,,,,,,,,,,,17,10,16,9,8,8,+3,0,+3,-1,-1,-1,"Darkvision,Opportunity Attack",,
Butcher Vrak,Explorer,3,18,14,0,+4,,,,,,,,,,,,,,,,17,10,16,9,8,8,+3,0,+3,-1,-1,-1,"Darkvision,Opportunity Attack",,
Butcher Vrak,Tactician,3,35,14,0,+2,,,,,,,,,,,,,,,,17,10,16,9,8,8,+3,0,+3,-1,-1,-1,"Darkvision,Fury of the Small,Opportunity Attack",,
Vrindula Mardassus,Balanced,1,6,10,0,+2,,,,,,,,,,,,,,,,10,10,10,10,10,10,0,0,0,0,0,0,Opportunity Attack,,
Vrindula Mardassus,Explorer,1,4,10,0,+4,,,,,,,,,,,,,,,,10,10,10,10,10,10,0,0,0,0,0,0,Opportunity Attack,,
Vrindula Mardassus,Tactician,1,8,10,0,+2,,,,,,,,,,,,,,,,10,10,10,10,10,10,0,0,0,0,0,0,Opportunity Attack,,
Warrior Vu’un,Balanced,5,41,17,+2,+3,,,,,,,,,,,,,,,,17,14,15,10,12,10,+6,+2,+5,0,+1,0,"Extra Attack,Githyanki Parry,Opportunity Attack",,
Warrior Vu’un,Explorer,5,28,17,+2,+5,,,,,,,,,,,,,,,,17,14,15,10,12,10,+8,+2,+7,0,+1,0,"Extra Attack,Githyanki Parry,Opportunity Attack",,
Warrior Vu’un,Tactician,5,53,17,+2,+3,,,,,,,,,,,,,,,,17,14,15,10,12,10,+6,+2,+5,0,+1,0,"Extra Attack,Githyanki Parry,Great Weapon Fighting,Opportunity Attack,Psionic Empowerment",,
Waldemar Prinski,Balanced,10,62,18,0,+4,,,,,,,,,,,,,,,,19,11,13,10,12,11,+4,0,+1,0,+1,0,"Extra Attack,Opportunity Attack,Tactical Discipline",Dead,
Waldemar Prinski,Explorer,10,43,18,0,+6,,,,,,,,,,,,,,,,19,11,13,10,12,11,+4,0,+1,0,+1,0,"Extra Attack,Opportunity Attack,Tactical Discipline",Dead,
Waldemar Prinski,Tactician,10,80,18,0,+4,,,,,,,,,,,,,,,,19,11,13,10,12,11,+4,0,+1,0,+1,0,"Extra Attack,Opportunity Attack,Tactical Discipline",Dead,
Waldo Walnut,Balanced,1,6,10,0,+2,,,,,,,,,,,,,,,,10,10,10,10,10,10,0,0,0,0,0,0,"Darkvision,Gnome Cunning,Opportunity Attack,Shortened Stride",,
Waldo Walnut,Explorer,1,4,10,0,+4,,,,,,,,,,,,,,,,10,10,10,10,10,10,0,0,0,0,0,0,"Darkvision,Gnome Cunning,Opportunity Attack,Shortened Stride",,
Waldo Walnut,Tactician,1,7,10,0,+2,,,,,,,,,,,,,,,,10,10,10,10,10,10,0,0,0,0,0,0,"Darkvision,Gnome Cunning,Opportunity Attack,Shortened Stride",,
Waltzing Eternal Debtor,Balanced,1,12,10,0,+2,,,,,,,,Resistance to Magical,,,,,,,,10,10,10,8,8,8,0,0,0,-1,-1,-1,"Opportunity Attack,Darkvision,Forever Indebted,Hellish Resistance",,
Waltzing Eternal Debtor,Explorer,1,8,10,0,+2,,,,,,,,Resistance to Magical,,,,,,,,10,10,10,8,8,8,0,0,0,-1,-1,-1,"Opportunity Attack,Darkvision,Forever Indebted,Hellish Resistance",,
Waltzing Eternal Debtor,Tactician,1,15,10,0,+2,,,,,,,,Resistance to Magical,,,,,,,,10,10,10,8,8,8,0,0,0,-1,-1,-1,"Opportunity Attack,Darkvision,Forever Indebted,Hellish Resistance",,
Wanda Tullermoor,Balanced,10,62,11,+1,+4,,,,,,,,,,,,,,,,11,13,15,18,12,10,0,+1,+2,+8,+5,0,"Opportunity Attack,War Caster: Concentration,War Caster: Opportunity Spell",,
Wanda Tullermoor,Explorer,10,43,11,+1,+6,,,,,,,,,,,,,,,,11,13,15,18,12,10,0,+1,+2,+10,+7,0,"Opportunity Attack,War Caster: Concentration,War Caster: Opportunity Spell",,
Wanda Tullermoor,Tactician,10,80,11,+1,+4,,,,,,,,,,,,,,,,11,13,15,18,12,10,0,+1,+2,+8,+5,0,"Opportunity Attack,War Caster: Concentration,War Caster: Opportunity Spell",,
Githyanki Warrior,Balanced,5,41,17,+2,+3,,,,,,,,,,,,,,,,17,14,15,10,12,10,+6,+2,+5,0,+1,0,"Extra Attack,Githyanki Parry,Opportunity Attack",,
Githyanki Warrior,Explorer,5,28,17,+2,+5,,,,,,,,,,,,,,,,17,14,15,10,12,10,+8,+2,+7,0,+1,0,"Extra Attack,Githyanki Parry,Opportunity Attack",,
Githyanki Warrior,Tactician,5,53,17,+2,+3,,,,,,,,,,,,,,,,17,14,15,10,12,10,+6,+2,+5,0,+1,0,"Extra Attack,Githyanki Parry,Great Weapon Fighting,Opportunity Attack,Psionic Empowerment",,
Warryn,Balanced,2,17,12,+1,+2,,,,,,,,,,,,,,,,10,12,13,10,9,10,0,+3,+1,+2,-1,0,"Darkvision,Gnome Cunning,Opportunity Attack,Shortened Stride",,
Warryn,Explorer,2,11,12,+1,+4,,,,,,,,,,,,,,,,10,12,13,10,9,10,0,+5,+1,+4,-1,0,"Darkvision,Gnome Cunning,Shortened Stride",,
Warryn,Tactician,2,22,12,+1,+2,,,,,,,,,,,,,,,,10,12,13,10,9,10,0,+3,+1,+2,-1,0,"Darkvision,Gnome Cunning,Opportunity Attack,Shortened Stride",,
Devout Wasp,Balanced,2,14,14,0,+2,,,,,,,,,,,,,,,,11,11,10,10,14,8,0,0,0,0,+2,-1,"Darkvision,Opportunity Attack",Slightly Drunk,
Devout Wasp,Explorer,2,9,14,0,+4,,,,,,,,,,,,,,,,11,11,10,10,14,8,0,0,0,0,+2,-1,"Darkvision,Opportunity Attack",Slightly Drunk,
Devout Wasp,Tactician,2,18,14,0,+2,,,,,,,,,,,,,,,,11,11,10,10,14,8,0,0,0,0,+2,-1,"Darkvision,Fury of the Small,Opportunity Attack",Slightly Drunk,
Devout Wasp,Honour,2,22,14,0,+2,,,,,,,,,,,,,,,,11,11,10,10,14,8,0,0,0,0,+2,-1,"Darkvision,Fury of the Small,Opportunity Attack",Slightly Drunk,
Watcher Guardian,Balanced,10,84,18,+2,+4,,,,,,,,,,,,,,,,18,14,15,11,10,12,+8,+2,+7,0,0,+1,"Extra Attack,Great Weapon Master: All In,Great Weapon Master: Bonus Attack,Great Weapon Fighting,Opportunity Attack",,
Watcher Guardian,Explorer,10,58,18,+2,+6,,,,,,,,,,,,,,,,18,14,15,11,10,12,+10,+2,+9,0,0,+1,"Extra Attack,Great Weapon Master: All In,Great Weapon Master: Bonus Attack,Great Weapon Fighting,Opportunity Attack",,
Watcher Guardian,Tactician,10,109,18,+2,+4,,,,,,,,,,,,,,,,18,14,15,11,10,12,+8,+2,+7,0,0,+1,"Extra Attack,Great Weapon Master: All In,Great Weapon Master: Bonus Attack,Great Weapon Fighting,Opportunity Attack",,
Fist Wayne,Balanced,8,64,18,+1,+3,,,,,,,,,,,,,,,,21,13,17,10,12,8,+8,+1,+6,0,+1,-1,"Extra Attack,Opportunity Attack,Protection",,
Fist Wayne,Explorer,8,59,18,+1,+5,,,,,,,,,,,,,,,,21,13,17,10,12,8,+10,+1,+8,0,+1,-1,"Extra Attack,Opportunity Attack,Protection",,
Fist Wayne,Tactician,8,68,18,+1,+3,,,,,,,,,,,,,,,,21,13,17,10,12,8,+8,+1,+6,0,+1,-1,"Extra Attack,Opportunity Attack,Protection",,
Fist Wearne,Balanced,8,62,16,+5,+3,,,,,,,,,,,,,,,,12,21,14,8,14,10,+4,+8,+2,-1,+2,0,"Archery,Crossbow Expert: Point-Blank,Extra Attack,Opportunity Attack",,
Fist Wearne,Explorer,8,59,16,+5,+5,,,,,,,,,,,,,,,,12,21,14,8,14,10,+6,+10,+2,-1,+2,0,"Archery,Crossbow Expert: Point-Blank,Extra Attack,Opportunity Attack",,
Fist Wearne,Tactician,8,64,16,+5,+3,,,,,,,,,,,,,,,,12,21,14,8,14,10,+4,+8,+2,-1,+2,0,"Archery,Crossbow Expert: Point-Blank,Extra Attack,Opportunity Attack",,
Welso,Balanced,1,20,10,0,+2,,,,,,,,,,,,,,,,10,10,10,10,10,10,0,0,0,0,0,0,"Gnome Cunning,Opportunity Attack,Shortened Stride,Stone Camouflage,Superior Darkvision",,
Welso,Explorer,1,14,10,0,+4,,,,,,,,,,,,,,,,10,10,10,10,10,10,0,0,0,0,0,0,"Gnome Cunning,Opportunity Attack,Shortened Stride,Stone Camouflage,Superior Darkvision",,
Welso,Tactician,1,26,10,0,+2,,,,,,,,,,,,,,,,10,10,10,10,10,10,0,0,0,0,0,0,"Gnome Cunning,Opportunity Attack,Shortened Stride,Stone Camouflage,Superior Darkvision",,
Wendel Ashgrove,Balanced,1,6,10,0,+2,,,,,,,,,,,,,,,,10,10,10,10,10,10,0,0,0,0,0,0,Opportunity Attack,,
Wendel Ashgrove,Explorer,1,4,10,0,+4,,,,,,,,,,,,,,,,10,10,10,10,10,10,0,0,0,0,0,0,Opportunity Attack,,
Wendel Ashgrove,Tactician,1,7,10,0,+2,,,,,,,,,,,,,,,,10,10,10,10,10,10,0,0,0,0,0,0,Opportunity Attack,,
Brawler Weneg,Balanced,2,9,13,+1,+2,,,,,,,,,,,,,,,,12,13,10,10,8,8,+1,+1,0,0,-1,-1,"Darkvision,Opportunity Attack",,
Brawler Weneg,Tactician,2,11,13,+1,+2,,,,,,,,,,,,,,,,12,13,10,10,8,8,+1,+1,0,0,-1,-1,"Darkvision,Fury of the Small,Opportunity Attack",,
Brawler Weneg,Honour,2,14,13,+1,+2,,,,,,,,,,,,,,,,12,13,10,10,8,8,+1,+1,0,0,-1,-1,"Darkvision,Fury of the Small,Opportunity Attack",,
Flaming Fist Wexford,Balanced,4,11,12,+1,+2,,,,,,,,,,,,,,,,13,12,12,10,11,10,+1,+1,+1,0,0,0,Opportunity Attack,,
Flaming Fist Wexford,Explorer,4,7,12,+1,+2,,,,,,,,,,,,,,,,13,12,12,10,11,10,+1,+1,+1,0,0,0,Opportunity Attack,,
Flaming Fist Wexford,Tactician,4,14,12,+1,+2,,,,,,,,,,,,,,,,13,12,12,10,11,10,+1,+1,+1,0,0,0,Opportunity Attack,,
Wicky,Balanced,1,20,10,0,+2,,,,,,,,,,,,,,,,10,10,10,10,10,10,0,0,0,0,0,0,"Gnome Cunning,Shortened Stride,Stone Camouflage,Superior Darkvision,Opportunity Attack",Dead,
Wicky,Explorer,1,14,10,0,+4,,,,,,,,,,,,,,,,10,10,10,10,10,10,0,0,0,0,0,0,"Gnome Cunning,Shortened Stride,Stone Camouflage,Superior Darkvision,Opportunity Attack",Dead,
Wicky,Tactician,1,26,10,0,+2,,,,,,,,,,,,,,,,10,10,10,10,10,10,0,0,0,0,0,0,"Gnome Cunning,Shortened Stride,Stone Camouflage,Superior Darkvision,Opportunity Attack",Dead,
Griefguard Wilbur,Balanced,4,49,11,0,+2,,,,,,,,,,,,,,,,14,10,12,10,10,10,+4,0,+1,0,0,0,"Born into Darkness,Darkvision,Opportunity Attack,Shadow Ambush",,
Griefguard Wilbur,Explorer,4,26,11,0,+4,,,,,,,,,,,,,,,,14,10,12,10,10,10,+6,0,+1,0,0,0,"Born into Darkness,Darkvision,Opportunity Attack,Shadow Ambush",,
Griefguard Wilbur,Tactician,4,49,11,0,+2,,,,,,,,,,,,,,,,14,10,12,10,10,10,+4,0,+1,0,0,0,"Born into Darkness,Darkvision,Opportunity Attack,Shadow Ambush",Radiant Retort,
Fist Williams,Balanced,8,64,18,+1,+3,,,,,,,,,,,,,,,,21,13,17,10,12,8,+8,+1,+6,0,+1,-1,"Extra Attack,Opportunity Attack,Protection",,
Fist Williams,Explorer,8,59,18,+1,+5,,,,,,,,,,,,,,,,21,13,17,10,12,8,+10,+1,+8,0,+1,-1,"Extra Attack,Opportunity Attack,Protection",,
Fist Williams,Tactician,8,68,18,+1,+3,,,,,,,,,,,,,,,,21,13,17,10,12,8,+8,+1,+6,0,+1,-1,"Extra Attack,Opportunity Attack,Protection",,
Willinx Jindlebee,Balanced,8,63,15,+2,+3,,,,,,,,,,,,,,,,10,14,17,19,14,13,0,+2,+3,+7,+5,+1,"Extra Attack,Grave Magic,Opportunity Attack,Tenacity",,
Willinx Jindlebee,Explorer,8,45,15,+2,+5,,,,,,,,,,,,,,,,10,14,17,19,14,13,0,+2,+3,+9,+7,+1,"Extra Attack,Grave Magic,Opportunity Attack,Tenacity",,
Willinx Jindlebee,Tactician,8,84,15,+2,+3,,,,,,,,,,,,,,,,10,14,17,19,14,13,0,+2,+3,+7,+5,+1,"Extra Attack,Grave Magic,Opportunity Attack,Sculpt Spells,Tenacity",,
Willow,Balanced,,5,10,0,,,,,,,,,,,,,,,,,10,10,10,10,10,10,0,0,0,0,0,0,Opportunity Attack,,
Willow,Explorer,,3,10,0,,,,,,,,,,,,,,,,,10,10,10,10,10,10,0,0,0,0,0,0,Opportunity Attack,,
Willow,Tactician,,6,10,0,,,,,,,,,,,,,,,,,10,10,10,10,10,10,0,0,0,0,0,0,Opportunity Attack,,
Wilting Alex,Balanced,1,6,10,0,+2,,,,,,,,,,,,,,,,10,10,10,10,10,10,0,0,0,0,0,0,Opportunity Attack,,
Wilting Alex,Explorer,1,4,10,0,+4,,,,,,,,,,,,,,,,10,10,10,10,10,10,0,0,0,0,0,0,Opportunity Attack,,
Wilting Alex,Tactician,1,7,10,0,+2,,,,,,,,,,,,,,,,10,10,10,10,10,10,0,0,0,0,0,0,Opportunity Attack,,
Brawler Wim,Balanced,2,9,13,+1,+2,,,,,,,,,,,,,,,,12,13,10,10,8,8,+1,+1,0,0,-1,-1,"Darkvision,Opportunity Attack",,
Brawler Wim,Tactician,2,11,13,+1,+2,,,,,,,,,,,,,,,,12,13,10,10,8,8,+1,+1,0,0,-1,-1,"Darkvision,Fury of the Small,Opportunity Attack",,
Brawler Wim,Honour,2,14,13,+1,+2,,,,,,,,,,,,,,,,12,13,10,10,8,8,+1,+1,0,0,-1,-1,"Darkvision,Fury of the Small,Opportunity Attack",,
Winslow Reginol,Balanced,1,8,10,0,+2,,,,,,,,,,,,,,,,10,10,10,10,10,10,0,0,0,0,0,0,Opportunity Attack,,
Winslow Reginol,Explorer,1,4,10,0,+4,,,,,,,,,,,,,,,,10,10,10,10,10,10,0,0,0,0,0,0,Opportunity Attack,,
Winslow Reginol,Tactician,1,7,10,0,+2,,,,,,,,,,,,,,,,10,10,10,10,10,10,0,0,0,0,0,0,Opportunity Attack,,
Winstra Hullhollyn,Balanced,1,6,10,0,+2,,,,,,,,,,,,,,,,10,10,10,10,10,10,0,0,0,0,0,0,Opportunity Attack,,
Winstra Hullhollyn,Explorer,1,4,10,0,+4,,,,,,,,,,,,,,,,10,10,10,10,10,10,0,0,0,0,0,0,Opportunity Attack,,
Winstra Hullhollyn,Tactician,1,7,10,0,+2,,,,,,,,,,,,,,,,10,10,10,10,10,10,0,0,0,0,0,0,Opportunity Attack,,
Tracker Worm,Balanced,1,7,13,+2,+2,,,,,,,,,,,,,,,,8,14,10,10,8,8,-1,+2,0,0,-1,-1,"Darkvision,Opportunity Attack",,
Tracker Worm,Explorer,1,4,13,+2,+4,,,,,,,,,,,,,,,,8,14,10,10,8,8,-1,+2,0,0,-1,-1,"Darkvision,Opportunity Attack",,
Tracker Worm,Tactician,1,9,13,+2,+2,,,,,,,,,,,,,,,,8,14,10,10,8,8,-1,+2,0,0,-1,-1,"Darkvision,Fury of the Small,Opportunity Attack",,
Tracker Worm,Honour,1,11,13,+2,+2,,,,,,,,,,,,,,,,8,14,10,10,8,8,-1,+2,0,0,-1,-1,"Darkvision,Fury of the Small,Opportunity Attack",,
Wren,Balanced,5,36,13,+2,+3,,,,,,,,,,,,,,,,15,14,12,12,10,12,+2,+2,+1,+4,+3,+1,"Brave,Halfling Luck,Opportunity Attack,Tenacity",,
Wren,Explorer,5,25,13,+2,+5,,,,,,,,,,,,,,,,15,14,12,12,10,12,+2,+2,+1,+6,+5,+1,"Brave,Halfling Luck,Opportunity Attack,Tenacity",,
Wren,Tactician,5,46,13,+2,+3,,,,,,,,,,,,,,,,15,14,12,12,10,12,+2,+2,+1,+4,+3,+1,"Brave,Halfling Luck,Opportunity Attack,Tenacity",,
Wrilda Gemfinder,Balanced,1,6,10,0,+2,,,,,,,,,,,,,,,,10,10,10,10,10,10,0,0,0,0,0,0,"Darkvision,Gnome Cunning,Opportunity Attack,Shortened Stride",,
Wrilda Gemfinder,Explorer,1,4,10,0,+4,,,,,,,,,,,,,,,,10,10,10,10,10,10,0,0,0,0,0,0,"Darkvision,Gnome Cunning,Opportunity Attack,Shortened Stride",,
Wrilda Gemfinder,Tactician,1,7,10,0,+2,,,,,,,,,,,,,,,,10,10,10,10,10,10,0,0,0,0,0,0,"Darkvision,Gnome Cunning,Opportunity Attack,Shortened Stride",,
Wrint Sprigley,Balanced,1,8,1,0,+2,,,,,,,,,,,,,,,,10,10,10,10,10,10,0,0,0,0,0,0,"Gnome Cunning,Opportunity Attack,Shortened Stride,Stone Camouflage,Superior Darkvision",,
Wrint Sprigley,Explorer,1,5,1,0,+4,,,,,,,,,,,,,,,,10,10,10,10,10,10,0,0,0,0,0,0,"Gnome Cunning,Opportunity Attack,Shortened Stride,Stone Camouflage,Superior Darkvision",,
Wrint Sprigley,Tactician,1,10,1,0,+2,,,,,,,,,,,,,,,,10,10,10,10,10,10,0,0,0,0,0,0,"Gnome Cunning,Opportunity Attack,Shortened Stride,Stone Camouflage,Superior Darkvision",,
Wulbren Bongle,Balanced,5,48,11,+1,+3,,,,,,,,,,,,,,,,17,13,15,12,13,15,+6,+1,+5,+1,+1,+2,"Darkvision,Extra Attack,Gnome Cunning,Opportunity Attack,Shortened Stride",,
Wulbren Bongle,Explorer,5,33,11,+1,+5,,,,,,,,,,,,,,,,17,13,15,12,13,15,+8,+1,+7,+1,+1,+2,"Darkvision,Extra Attack,Gnome Cunning,Opportunity Attack,Shortened Stride",,
Wulbren Bongle,Tactician,5,62,11,+1,+3,,,,,,,,,,,,,,,,17,13,15,12,13,15,+6,+1,+5,+1,+1,+2,"Darkvision,Extra Attack,Gnome Cunning,Opportunity Attack,Shortened Stride",,
Guard Wulf,Balanced,11,93,18,0,+4,,,,,,,,,,,,,,,,20,11,16,10,15,16,+5,0,+3,0,+6,+3,"Extra Attack,Opportunity Attack,Tactical Discipline",,
Guard Wulf,Explorer,11,65,18,0,+6,,,,,,,,,,,,,,,,20,11,16,10,15,16,+5,0,+3,0,+8,+3,"Extra Attack,Opportunity Attack,Tactical Discipline",,
Guard Wulf,Tactician,11,120,18,0,+4,,,,,,,,,,,,,,,,20,11,16,10,15,16,+5,0,+3,0,+6,+3,"Extra Attack,Opportunity Attack,Tactical Discipline",,
Wuloona Dor,Balanced,1,6,10,0,+2,,,,,,,,,,,,Full Resistance,,,,10,10,10,10,10,10,0,0,0,0,0,0,"Darkvision,Dwarven Resilience,Opportunity Attack",,
Wuloona Dor,Explorer,1,4,10,0,+4,,,,,,,,,,,,Full Resistance,,,,10,10,10,10,10,10,0,0,0,0,0,0,"Darkvision,Dwarven Resilience,Opportunity Attack",,
Wuloona Dor,Tactician,1,8,10,0,+2,,,,,,,,,,,,Full Resistance,,,,10,10,10,10,10,10,0,0,0,0,0,0,"Darkvision,Dwarven Resilience,Opportunity Attack",,
Wyll,Balanced,1,10,12,+1,+2,,,,,,,,,,,,,,,,8,13,14,13,10,17,-1,+1,+2,+1,+2,+5,"Civil Militia,Human Versatility,Opportunity Attack,The Blade of Frontiers",,
Wynn Freshwater,Balanced,1,8,10,0,+2,,,,,,,,,,,,,,,,10,10,10,10,10,10,0,0,0,0,0,0,"Darkvision,Fey Ancestry,Opportunity Attack",,
Wynn Freshwater,Explorer,1,5,10,0,+4,,,,,,,,,,,,,,,,10,10,10,10,10,10,0,0,0,0,0,0,"Darkvision,Fey Ancestry,Opportunity Attack",,
Wynn Freshwater,Tactician,1,10,10,0,+2,,,,,,,,,,,,,,,,10,10,10,10,10,10,0,0,0,0,0,0,"Darkvision,Fey Ancestry,Opportunity Attack",,
Pale Corpse,Balanced,4,16,10,0,+2,,,,,,,,,,,,,,,,10,10,12,16,10,14,0,0,+1,+5,+2,+2,"Darkvision,Fey Ancestry,Opportunity Attack,Sunlight Sensitivity",Dead,
Pale Corpse,Tactician,4,20,10,0,+2,,,,,,,,,,,,,,,,10,10,12,16,10,14,0,0,+1,+5,+2,+2,"Darkvision,Fey Ancestry,Opportunity Attack,Sunlight Sensitivity",Dead,
Xeph,Balanced,1,8,10,0,+2,,,,,,,,Full Resistance,,,,,,,,10,10,10,10,10,10,0,0,0,0,0,0,"Darkvision,Hellish Resistance,Opportunity Attack",,
Xeph,Explorer,1,5,10,0,+2,,,,,,,,Full Resistance,,,,,,,,10,10,10,10,10,10,0,0,0,0,0,0,"Darkvision,Hellish Resistance,Opportunity Attack",,
Xeph,Tactician,1,10,10,0,+2,,,,,,,,Full Resistance,,,,,,,,10,10,10,10,10,10,0,0,0,0,0,0,"Darkvision,Hellish Resistance,Opportunity Attack",,
Warrior Xon’ar’as,Balanced,5,41,17,+2,+3,,,,,,,,,,,,,,,,17,14,15,10,12,10,+6,+2,+5,0,+1,0,"Extra Attack,Githyanki Parry,Opportunity Attack",,
Warrior Xon’ar’as,Explorer,5,28,17,+2,+5,,,,,,,,,,,,,,,,17,14,15,10,12,10,+8,+2,+7,0,+1,0,"Extra Attack,Githyanki Parry,Opportunity Attack",,
Warrior Xon’ar’as,Tactician,5,53,17,+2,+3,,,,,,,,,,,,,,,,17,14,15,10,12,10,+6,+2,+5,0,+1,0,"Extra Attack,Githyanki Parry,Opportunity Attack,Psionic Empowerment,Great Weapon Fighting",,
Sister Yannis,Balanced,3,10,10,0,+2,,,,,,,,,,,,,,,,12,10,12,12,18,12,+1,0,+1,+1,+6,+3,"Brave,Halfling Luck,Opportunity Attack",,
Sister Yannis,Explorer,3,7,10,0,+4,,,,,,,,,,,,,,,,12,10,12,12,18,12,+1,0,+1,+1,+8,+5,"Brave,Halfling Luck,Opportunity Attack",,
Sister Yannis,Tactician,3,13,10,0,+2,,,,,,,,,,,,,,,,12,10,12,12,18,12,+1,0,+1,+1,+6,+3,"Brave,Halfling Luck,Opportunity Attack",,
Yeller Dawg,Balanced,1,6,10,0,+2,,,,,,,,,,,,,,,,10,10,10,10,10,10,0,0,0,0,0,0,Opportunity Attack,,
Yeller Dawg,Explorer,1,4,10,0,+4,,,,,,,,,,,,,,,,10,10,10,10,10,10,0,0,0,0,0,0,Opportunity Attack,,
Yeller Dawg,Tactician,1,7,10,0,+2,,,,,,,,,,,,,,,,10,10,10,10,10,10,0,0,0,0,0,0,Opportunity Attack,,
Yerle,Balanced,3,25,13,+2,+2,,,,,,,,,,,,,,,,15,14,14,14,10,12,+2,+2,+2,+4,+2,+1,"Darkvision,Fey Ancestry,Opportunity Attack",,
Yerle,Explorer,3,17,13,+2,+4,,,,,,,,,,,,,,,,15,14,14,14,10,12,+2,+2,+2,+6,+4,+1,"Darkvision,Fey Ancestry,Opportunity Attack",,
Yerle,Tactician,3,33,13,+2,+2,,,,,,,,,,,,,,,,15,14,14,14,10,12,+2,+2,+2,+4,+2,+1,"Darkvision,Fey Ancestry,Opportunity Attack",,
Yerle (Act 2),Balanced,3,46,13,+2,+2,,,,,,,,,,,,,,,,15,14,14,14,10,12,+2,+2,+2,+4,+2,+1,"Darkvision,Extra Attack,Fey Ancestry,Opportunity Attack",,
Yerle (Act 2),Explorer,3,38,13,+2,+4,,,,,,,,,,,,,,,,15,14,14,14,10,12,+2,+2,+2,+6,+4,+1,"Darkvision,Extra Attack,Fey Ancestry,Opportunity Attack",,
Yerle (Act 2),Tactician,3,53,13,+2,+2,,,,,,,,,,,,,,,,15,14,14,14,10,12,+2,+2,+2,+4,+2,+1,"Darkvision,Extra Attack,Fey Ancestry,Opportunity Attack",,
Gauntlet Yeva,Balanced,6,48,16,+1,+3,,,,,,,,,,,,,,,,20,13,16,10,12,8,+8,+1,+6,0,+1,-1,"Deepen the Wound,Extra Attack,Great Weapon Fighting,Opportunity Attack,Phalanx Formation",,
Gauntlet Yeva,Explorer,6,44,16,+1,+5,,,,,,,,,,,,,,,,20,13,16,10,12,8,+10,+1,+8,0,+1,-1,"Deepen the Wound,Extra Attack,Great Weapon Fighting,Opportunity Attack,Phalanx Formation",,
Gauntlet Yeva,Tactician,6,51,16,+1,+3,,,,,,,,,,,,,,,,20,13,16,10,12,8,+8,+1,+6,0,+1,-1,"Deepen the Wound,Extra Attack,Great Weapon Fighting,Opportunity Attack,Phalanx Formation",,
Yimuir,Balanced,1,6,10,0,+2,,,,,,,,,,,,,,,,10,10,10,10,10,10,0,0,0,0,0,0,Opportunity Attack,,
Yimuir,Explorer,1,4,10,0,+4,,,,,,,,,,,,,,,,10,10,10,10,10,10,0,0,0,0,0,0,Opportunity Attack,,
Yimuir,Tactician,1,7,10,0,+2,,,,,,,,,,,,,,,,10,10,10,10,10,10,0,0,0,0,0,0,Opportunity Attack,,
Harper Yonas,Balanced,5,52,14,+3,+3,,,,,,,,,,,,,,,,12,16,12,12,14,10,+4,+6,+1,+1,+2,0,"Extra Attack,Opportunity Attack",,
Harper Yonas,Tactician,5,59,14,+3,+3,,,,,,,,,,,,,,,,12,16,12,12,14,10,+4,+6,+1,+1,+2,0,"Extra Attack,Opportunity Attack",,
Yonks,Balanced,,8,10,0,,,,,,,,,,,,,,,,,10,10,10,10,10,10,0,0,0,0,0,0,"Darkvision,Gnome Cunning,Opportunity Attack,Shortened Stride",,
Yonks,Explorer,,5,10,0,,,,,,,,,,,,,,,,,10,10,10,10,10,10,0,0,0,0,0,0,"Darkvision,Gnome Cunning,Opportunity Attack,Shortened Stride",,
Yonks,Tactician,,10,10,0,,,,,,,,,,,,,,,,,10,10,10,10,10,10,0,0,0,0,0,0,"Darkvision,Gnome Cunning,Opportunity Attack,Shortened Stride",,
Cashguard Yonni,Balanced,9,76,19,+4,+4,,,,,,,,,,,,,,,,14,18,13,10,10,10,+6,+8,+2,0,0,0,"Mobile: Evade Difficult Terrain,Mobile: Evade Opportunity Attack,Extra Attack,Mobile,Opportunity Attack",,
Cashguard Yonni,Explorer,9,53,19,+4,+6,,,,,,,,,,,,,,,,14,18,13,10,10,10,+8,+10,+2,0,0,0,"Mobile: Evade Difficult Terrain,Mobile: Evade Opportunity Attack,Extra Attack,Mobile,Opportunity Attack",,
Cashguard Yonni,Tactician,9,98,19,+4,+4,,,,,,,,,,,,,,,,14,18,13,10,10,10,+6,+8,+2,0,0,0,"Mobile: Evade Difficult Terrain,Mobile: Evade Opportunity Attack,Extra Attack,Mobile,Opportunity Attack",,
Iron Consul Underbite Yoonce,Balanced,11,93,18,0,+4,,,,,,,,,,,,,,,,20,11,16,10,15,16,+5,0,+3,0,+6,+3,"Opportunity Attack,Extra Attack,Tactical Discipline",,
Iron Consul Underbite Yoonce,Explorer,11,65,18,0,+6,,,,,,,,,,,,,,,,20,11,16,10,15,16,+5,0,+3,0,+8,+3,"Opportunity Attack,Extra Attack,Tactical Discipline",,
Iron Consul Underbite Yoonce,Tactician,11,120,18,0,+4,,,,,,,,,,,,,,,,20,11,16,10,15,16,+5,0,+3,0,+6,+3,"Extra Attack,Improved Extra Attack,Opportunity Attack,Tactical Discipline",,
Githyanki Youth,Balanced,3,22,11,+1,+2,,,,,,,,,,,,,,,,14,12,12,10,8,8,+2,+1,+1,0,-1,-1,Opportunity Attack,,
Githyanki Youth,Explorer,3,15,11,+1,+4,,,,,,,,,,,,,,,,14,12,12,10,8,8,+2,+1,+1,0,-1,-1,Opportunity Attack,,
Githyanki Youth,Tactician,3,28,11,+1,+2,,,,,,,,,,,,,,,,14,12,12,10,8,8,+2,+1,+1,0,-1,-1,Opportunity Attack,,
Warrior Yr’rk,Balanced,5,41,17,+2,+3,,,,,,,,,,,,,,,,17,14,15,10,12,10,+6,+2,+5,0,+1,0,"Extra Attack,Githyanki Parry,Opportunity Attack",,
Warrior Yr’rk,Explorer,5,28,17,+2,+5,,,,,,,,,,,,,,,,17,14,15,10,12,10,+8,+2,+7,0,+1,0,"Extra Attack,Githyanki Parry,Opportunity Attack",,
Warrior Yr’rk,Tactician,5,53,17,+2,+3,,,,,,,,,,,,,,,,17,14,15,10,12,10,+6,+2,+5,0,+1,0,"Extra Attack,Githyanki Parry,Great Weapon Fighting,Opportunity Attack,Psionic Empowerment",,
Yul,Balanced,4,24,11,+1,+2,,,,,,,,,,,,,,,,16,12,15,10,10,12,+5,+1,+4,0,0,+1,"Darkvision,Hellish Resistance,Opportunity Attack",Dead,
Yul,Explorer,4,16,11,+1,+4,,,,,,,,,,,,,,,,16,12,15,10,10,12,+7,+1,+6,0,0,+1,"Darkvision,Hellish Resistance,Opportunity Attack",Dead,
Yul,Tactician,4,31,11,+1,+2,,,,,,,,,,,,,,,,16,12,15,10,10,12,+5,+1,+4,0,0,+1,"Darkvision,Hellish Resistance,Opportunity Attack",Dead,
Yves,Balanced,1,6,10,0,+2,,,,,,,,,,,,,,,,10,10,10,10,10,10,0,0,0,0,0,0,Opportunity Attack,,
Yves,Explorer,1,4,10,0,+4,,,,,,,,,,,,,,,,10,10,10,10,10,10,0,0,0,0,0,0,Opportunity Attack,,
Yves,Tactician,1,7,10,0,+2,,,,,,,,,,,,,,,,10,10,10,10,10,10,0,0,0,0,0,0,Opportunity Attack,,
Gish Yy’rul,Balanced,5,53,16,+1,+3,,,,,,,,,,,,,,,,15,12,16,16,15,16,+2,+1,+6,+6,+5,+3,"Githyanki War Magic,Opportunity Attack",,
Gish Yy’rul,Explorer,5,37,16,+1,+5,,,,,,,,,,,,,,,,15,12,16,16,15,16,+2,+1,+8,+8,+7,+3,"Githyanki War Magic,Opportunity Attack",,
Gish Yy’rul,Tactician,5,68,16,+1,+3,,,,,,,,,,,,,,,,15,12,16,16,15,16,+2,+1,+6,+6,+5,+3,"Githyanki War Magic,Opportunity Attack,Psionic Empowerment,War Caster: Concentration,War Caster: Opportunity Spell",,
Disciple Z'rell,Balanced,9,90,14,0,+4,CHA,15,,,,,,,,,,,,,,16,11,18,14,9,17,+3,0,+8,+2,+3,+3,"Absolute's Aegis,Agonising Blast,Dark One's Blessing,Opportunity Attack,Psionic Backlash,Shield Bash",,
Disciple Z'rell,Explorer,9,63,14,0,+6,CHA,17,,,,,,,,,,,,,,16,11,18,14,9,17,+3,0,+10,+2,+5,+3,"Absolute's Aegis,Agonising Blast,Dark One's Blessing,Opportunity Attack,Psionic Backlash,Shield Bash",,
Disciple Z'rell,Tactician,9,117,14,0,+4,CHA,17,,,,,,,,,,,,,,16,11,18,14,9,17,+3,0,+8,+2,+3,+3,"Absolute's Aegis,Agonising Blast,Dark One's Blessing,Opportunity Attack,Psionic Backlash,Shield Bash,Dark One's Own Luck",,
Za'krug,Balanced,3,21,16,+2,+2,,,,,,,,,,,,,,,,12,14,11,10,8,10,+1,+2,0,0,-1,0,"Absolute's Bane,Crude Frenzy,Darkvision,Opportunity Attack",,
Za'krug,Explorer,3,14,16,+2,+4,,,,,,,,,,,,,,,,12,14,11,10,8,10,+1,+2,0,0,-1,0,"Absolute's Bane,Crude Frenzy,Darkvision",,
Za'krug,Tactician,3,27,16,+2,+2,,,,,,,,,,,,,,,,12,14,11,10,8,10,+1,+2,0,0,-1,0,"Absolute's Bane,Crude Frenzy,Darkvision,Opportunity Attack",,
Zae,Balanced,1,8,10,0,+2,,,,,,,,Full Resistance,,,,,,,,10,10,10,10,10,10,0,0,0,0,0,0,"Darkvision,Hellish Resistance,Opportunity Attack",,
Zae,Explorer,1,5,10,0,+4,,,,,,,,Full Resistance,,,,,,,,10,10,10,10,10,10,0,0,0,0,0,0,"Darkvision,Hellish Resistance,Opportunity Attack",,
Zae,Tactician,1,10,10,0,+2,,,,,,,,Full Resistance,,,,,,,,10,10,10,10,10,10,0,0,0,0,0,0,"Darkvision,Hellish Resistance,Opportunity Attack",,
Zaki,Balanced,1,5,12,+2,+2,,,,,,,,Full Resistance,,,,,,,,10,14,10,10,10,10,0,+2,0,0,0,0,"Darkvision,Hellish Resistance",,
Zaki,Explorer,1,3,12,+2,+4,,,,,,,,Full Resistance,,,,,,,,10,14,10,10,10,10,0,+2,0,0,0,0,"Darkvision,Hellish Resistance",,
Zaki,Tactician,1,6,12,+2,+2,,,,,,,,Full Resistance,,,,,,,,10,14,10,10,10,10,0,+2,0,0,0,0,"Darkvision,Hellish Resistance",,
Sharp-Eye Zami,Balanced,2,12,13,+2,+2,,,,,,,,,,,,,,,,10,14,10,10,8,8,0,+2,0,0,-1,-1,"Darkvision,Opportunity Attack",,
Sharp-Eye Zami,Explorer,2,8,13,+2,+4,,,,,,,,,,,,,,,,10,14,10,10,8,8,0,+2,0,0,-1,-1,"Darkvision,Opportunity Attack",,
Sharp-Eye Zami,Tactician,2,15,13,+2,+2,,,,,,,,,,,,,,,,10,14,10,10,8,8,0,+2,0,0,-1,-1,"Darkvision,Fury of the Small,Opportunity Attack",,
Sharp-Eye Zami,Honour,2,19,13,+2,+2,,,,,,,,,,,,,,,,10,14,10,10,8,8,0,+2,0,0,-1,-1,"Darkvision,Fury of the Small,Opportunity Attack",,
Fist of Bane Zana Hade,Balanced,10,62,18,0,+4,,,,,,,,,,,,,,,,19,11,13,10,12,11,+4,0,+1,0,+1,0,"Extra Attack,Opportunity Attack,Tactical Discipline",,
Fist of Bane Zana Hade,Explorer,10,43,18,0,+6,,,,,,,,,,,,,,,,19,11,13,10,12,11,+4,0,+1,0,+1,0,"Extra Attack,Opportunity Attack,Tactical Discipline",,
Fist of Bane Zana Hade,Tactician,10,80,18,0,+4,,,,,,,,,,,,,,,,19,11,13,10,12,11,+4,0,+1,0,+1,0,"Extra Attack,Opportunity Attack,Tactical Discipline",,
Gondian Zanner Toobin,Balanced,10,57,12,+2,+4,,,,,,,,,,,,,,,,8,14,16,18,10,12,-1,+2,+3,+4,0,+1,"Darkvision,Gnome Cunning,Opportunity Attack,Shortened Stride",Blinded,
Gondian Zanner Toobin,Explorer,10,49,12,+2,+6,,,,,,,,,,,,,,,,8,14,16,18,10,12,-1,+2,+3,+4,0,+1,"Darkvision,Gnome Cunning,Opportunity Attack,Shortened Stride",Blinded,
Gondian Zanner Toobin,Tactician,10,74,12,+2,+4,,,,,,,,,,,,,,,,8,14,16,18,10,12,-1,+2,+3,+4,0,+1,"Darkvision,Gnome Cunning,Opportunity Attack,Shortened Stride",Blinded,
Youth Zar’a’ath,Balanced,3,22,11,+1,+2,,,,,,,,,,,,,,,,14,12,12,10,8,8,+2,+1,+1,0,-1,-1,Opportunity Attack,,
Youth Zar’a’ath,Explorer,3,15,11,+1,+4,,,,,,,,,,,,,,,,14,12,12,10,8,8,+2,+1,+1,0,-1,-1,Opportunity Attack,,
Youth Zar’a’ath,Tactician,3,28,11,+1,+2,,,,,,,,,,,,,,,,14,12,12,10,8,8,+2,+1,+1,0,-1,-1,Opportunity Attack,,
Raider Zar’an,Balanced,5,32,15,+3,+3,,,,,,,,,,,,,,,,10,17,14,10,12,10,+3,+3,+5,0,+1,0,"Crossbow Expert: Point-Blank,Crossbow Expert: Wounding,Extra Attack,Opportunity Attack",,
Raider Zar’an,Explorer,5,22,15,+3,+5,,,,,,,,,,,,,,,,10,17,14,10,12,10,+5,+3,+7,0,+1,0,"Crossbow Expert: Point-Blank,Crossbow Expert: Wounding,Extra Attack,Opportunity Attack",,
Raider Zar’an,Tactician,5,41,15,+3,+3,,,,,,,,,,,,,,,,10,17,14,10,12,10,+3,+3,+5,0,+1,0,"Archery,Crossbow Expert: Point-Blank,Crossbow Expert: Wounding,Extra Attack,Opportunity Attack,Psionic Empowerment",,
Zarys,Balanced,4,28,14,+3,+2,,,,,,,,,,,,,,,,12,16,12,12,14,10,+3,+5,+1,+1,+2,0,Opportunity Attack,,
Zarys,Explorer,4,19,14,+3,+4,,,,,,,,,,,,,,,,12,16,12,12,14,10,+5,+7,+1,+1,+2,0,Opportunity Attack,,
Zarys,Tactician,4,36,14,+3,+2,,,,,,,,,,,,,,,,12,16,12,12,14,10,+3,+5,+1,+1,+2,0,Opportunity Attack,,
Untaken Zastreya,Balanced,10,46,10,0,+4,,,,,,,,,,Full Resistance,,,,,,12,10,10,16,12,10,+1,0,0,+7,+5,0,Opportunity Attack,,
Untaken Zastreya,Explorer,10,32,10,0,+6,,,,,,,,,,Full Resistance,,,,,,12,10,10,16,12,10,+1,0,0,+9,+7,0,Opportunity Attack,,
Untaken Zastreya,Tactician,10,59,10,0,+4,,,,,,,,,,Full Resistance,,,,,,12,10,10,16,12,10,+1,0,0,+7,+5,0,Opportunity Attack,,
Raider Zastri,Balanced,5,32,15,+3,+3,,,,,,,,,,,,,,,,10,17,14,10,12,10,+3,+3,+5,0,+1,0,"Crossbow Expert: Point-Blank,Crossbow Expert: Wounding,Extra Attack,Opportunity Attack",,
Raider Zastri,Explorer,5,22,15,+3,+5,,,,,,,,,,,,,,,,10,17,14,10,12,10,+5,+3,+7,0,+1,0,"Crossbow Expert: Point-Blank,Crossbow Expert: Wounding,Extra Attack,Opportunity Attack",,
Raider Zastri,Tactician,5,41,15,+3,+3,,,,,,,,,,,,,,,,10,17,14,10,12,10,+3,+3,+5,0,+1,0,"Archery,Crossbow Expert: Point-Blank,Crossbow Expert: Wounding,Extra Attack,Opportunity Attack,Psionic Empowerment",,
Zealot of the Absolute,Balanced,8,70,18,0,+3,,,,,,,,,,,,,,,,18,10,16,9,11,16,+7,+3,+6,+2,+6,+9,"Divine Health,Extra Attack,Great Weapon Fighting,Opportunity Attack",Aura of Protection,
Zealot of the Absolute,Explorer,8,49,18,0,+5,,,,,,,,,,,,,,,,18,10,16,9,11,16,+7,+3,+6,+2,+8,+11,"Divine Health,Extra Attack,Great Weapon Fighting,Opportunity Attack",Aura of Protection,
Zealot of the Absolute,Tactician,8,91,18,0,+3,,,,,,,,,,,,,,,,18,10,16,9,11,16,+7,+3,+6,+2,+6,+9,"Divine Health,Extra Attack,Great Weapon Fighting,Opportunity Attack,Relentless Avenger",Aura of Protection,
Raider Zeddi'in,Balanced,5,32,15,+3,+3,,,,,,,,,,,,,,,,10,17,14,10,12,10,+3,+3,+5,0,+1,0,"Opportunity Attack,Extra Attack,Crossbow Expert: Point-Blank,Crossbow Expert: Wounding",,
Raider Zeddi'in,Explorer,5,22,15,+3,+5,,,,,,,,,,,,,,,,10,17,14,10,12,10,+5,+3,+7,0,+1,0,"Opportunity Attack,Extra Attack,Crossbow Expert: Point-Blank,Crossbow Expert: Wounding",,
Raider Zeddi'in,Tactician,5,41,15,+3,+3,,,,,,,,,,,,,,,,10,17,14,10,12,10,+3,+3,+5,0,+1,0,"Psionic Empowerment,Archery,Opportunity Attack,Extra Attack,Crossbow Expert: Point-Blank,Crossbow Expert: Wounding",,
Zeffy Softbluff,Balanced,1,8,10,0,+2,,,,,,,,,,,,,,,,10,10,10,10,10,10,0,0,0,0,0,0,"Brave,Halfling Luck,Opportunity Attack",,
Zeffy Softbluff,Explorer,1,5,10,0,+4,,,,,,,,,,,,,,,,10,10,10,10,10,10,0,0,0,0,0,0,"Brave,Halfling Luck,Opportunity Attack",,
Zeffy Softbluff,Tactician,1,10,10,0,+2,,,,,,,,,,,,,,,,10,10,10,10,10,10,0,0,0,0,0,0,"Brave,Halfling Luck,Opportunity Attack",,
Night Blade Zeironymous,Balanced,3,28,12,+2,+2,,,,,,,,,,,,,,,,11,15,12,10,11,14,0,+2,+1,0,0,+2,"Darkvision,Opportunity Attack",Aura of Murder,
Night Blade Zeironymous,Explorer,3,19,12,+2,+4,,,,,,,,,,,,,,,,11,15,12,10,11,14,0,+2,+1,0,0,+2,"Darkvision,Opportunity Attack",Aura of Murder,
Night Blade Zeironymous,Tactician,3,36,12,+2,+2,,,,,,,,,,,,,,,,11,15,12,10,11,14,0,+2,+1,0,0,+2,"Darkvision,Opportunity Attack",Aura of Murder,
Zel’i,Balanced,1,1,10,0,+2,,,,,,,,,,,,,,,,10,10,10,10,10,10,0,0,0,0,0,0,Opportunity Attack,,
Zel’i,Tactician,1,6,10,0,+2,,,,,,,,,,,,,,,,10,10,10,10,10,10,0,0,0,0,0,0,Opportunity Attack,,
High Gish'ra Zelrin,Balanced,9,76,17,+4,+4,,,,,,,,,,,,,,,,14,19,16,15,17,13,+6,+8,+3,+2,+3,+1,"Advanced Unarmoured Movement,Deflect Missiles,Evasion,Extra Attack,Ki-Empowered Strikes,Martial Arts: Bonus Unarmed Strike,Martial Arts: Dextrous Attacks,Martial Arts: Deft Strikes,Opportunity Attack,Psionic Empowerment,Slow Fall,Stillness of Mind,Unarmoured Defence (Monk),Unarmoured Movement",,
High Gish'ra Zelrin,Explorer,9,53,17,+4,+6,,,,,,,,,,,,,,,,14,19,16,15,17,13,+8,+10,+3,+2,+3,+1,"Advanced Unarmoured Movement,Deflect Missiles,Evasion,Extra Attack,Ki-Empowered Strikes,Martial Arts: Bonus Unarmed Strike,Martial Arts: Dextrous Attacks,Martial Arts: Deft Strikes,Opportunity Attack,Psionic Empowerment,Slow Fall,Stillness of Mind,Unarmoured Defence (Monk),Unarmoured Movement",,
High Gish'ra Zelrin,Tactician,9,98,17,+4,+4,,,,,,,,,,,,,,,,14,19,16,15,17,13,+6,+8,+3,+2,+3,+1,"Advanced Unarmoured Movement,Deflect Missiles,Evasion,Extra Attack,Ki-Empowered Strikes,Martial Arts: Bonus Unarmed Strike,Martial Arts: Dextrous Attacks,Martial Arts: Deft Strikes,Opportunity Attack,Psionic Empowerment,Slow Fall,Stillness of Mind,Unarmoured Defence (Monk),Unarmoured Movement",,
Zena,Balanced,1,8,10,0,+2,,,,,,,,,,,,,,,,10,10,10,10,10,10,0,0,0,0,0,0,Opportunity Attack,,
Zena,Explorer,1,5,10,0,+4,,,,,,,,,,,,,,,,10,10,10,10,10,10,0,0,0,0,0,0,Opportunity Attack,,
Zena,Tactician,1,10,10,0,+2,,,,,,,,,,,,,,,,10,10,10,10,10,10,0,0,0,0,0,0,Opportunity Attack,,
Zenith Feur'sel,Balanced,1,9,1,+2,+2,,,,,,,,,,,,,,,,11,14,13,8,17,12,+2,+2,+1,-1,+5,+1,"Darkvision,Domain Spells,Elven Weapon Training,Fey Ancestry,Opportunity Attack,Warding Flare",,
Zenovia Dawg,Balanced,8,95,17,+4,+3,,,,,,,,,,,,,,,,12,18,14,10,10,12,+1,+4,+2,0,0,+1,"Darkvision,Extra Attack,Fey Ancestry,Opportunity Attack,Second-Story Work",,
Zenovia Dawg,Explorer,8,76,17,+4,+5,,,,,,,,,,,,,,,,12,18,14,10,10,12,+1,+4,+2,0,0,+1,"Darkvision,Extra Attack,Fey Ancestry,Opportunity Attack,Second-Story Work",,
Zenovia Dawg,Tactician,8,113,17,+4,+3,,,,,,,,,,,,,,,,12,18,14,10,10,12,+1,+4,+2,0,0,+1,"Darkvision,Extra Attack,Fey Ancestry,Opportunity Attack,Second-Story Work",,
Raider Zerentha,Balanced,5,32,15,+3,+3,,,,,,,,,,,,,,,,10,17,14,10,12,10,+3,+3,+5,0,+1,0,"Opportunity Attack,Extra Attack,Crossbow Expert: Point-Blank,Crossbow Expert: Wounding",,
Raider Zerentha,Explorer,5,22,15,+3,+5,,,,,,,,,,,,,,,,10,17,14,10,12,10,+5,+3,+7,0,+1,0,"Opportunity Attack,Extra Attack,Crossbow Expert: Point-Blank,Crossbow Expert: Wounding",,
Raider Zerentha,Tactician,5,41,15,+3,+3,,,,,,,,,,,,,,,,10,17,14,10,12,10,+3,+3,+5,0,+1,0,"Psionic Empowerment,Archery,Opportunity Attack,Extra Attack,Crossbow Expert: Point-Blank,Crossbow Expert: Wounding",,
Reaper of Bhaal Zerillis,Balanced,5,45,10,+5,+3,,,,,,,,,,,,,,,,11,20,13,15,12,16,0,+5,+1,+2,+1,+3,"Darkvision,Extra Attack,Opportunity Attack,Prey Upon the Weak","Aura of Murder,Sanctuary",
Reaper of Bhaal Zerillis,Explorer,5,31,10,+5,+5,,,,,,,,,,,,,,,,11,20,13,15,12,16,0,+5,+1,+2,+1,+3,"Darkvision,Extra Attack,Opportunity Attack,Prey Upon the Weak","Aura of Murder,Sanctuary",
Reaper of Bhaal Zerillis,Tactician,5,58,10,+5,+3,,,,,,,,,,,,,,,,11,20,13,15,12,16,0,+5,+1,+2,+1,+3,"Darkvision,Evasion,Extra Attack,Opportunity Attack,Prey Upon the Weak","Aura of Murder,Sanctuary",
Zerillo,Balanced,1,5,10,0,+2,,,,,,,,,,,,,,,,10,10,10,10,10,10,0,0,0,0,0,0,Opportunity Attack,,
Zerillo,Explorer,1,3,10,0,+4,,,,,,,,,,,,,,,,10,10,10,10,10,10,0,0,0,0,0,0,Opportunity Attack,,
Zerillo,Tactician,1,6,10,0,+2,,,,,,,,,,,,,,,,10,10,10,10,10,10,0,0,0,0,0,0,Opportunity Attack,,
Zevlor,Balanced,4,44,17,+2,+2,,,,,,,,Full Resistance,,,,,,,,16,14,15,10,11,17,+3,+2,+2,0,+2,+5,"Defence,Divine Health,Hellish Resistance,Opportunity Attack,Tough",,
Zevlor,Explorer,4,33,17,+2,+4,,,,,,,,Full Resistance,,,,,,,,16,14,15,10,11,17,+3,+2,+2,0,+4,+7,"Defence,Divine Health,Hellish Resistance,Opportunity Attack,Tough",,
Zevlor,Tactician,4,54,17,+2,+2,,,,,,,,Full Resistance,,,,,,,,16,14,15,10,11,17,+3,+2,+2,0,+2,+5,"Defence,Divine Health,Hellish Resistance,Opportunity Attack,Tough",,
Zevlor (Mind Flayer Colony),Balanced,9,86,9,+2,+6,,,,,,,,,,,,,,,,18,14,15,10,11,17,+7,+5,+5,+3,+9,+12,Extra Attack,"Aura of Protection,Aura of Devotion",
Zevlor (Mind Flayer Colony),Tactician,9,96,9,+2,+6,,,,,,,,,,,,,,,,18,14,15,10,11,17,+7,+5,+5,+3,+9,+12,Extra Attack,"Aura of Protection,Aura of Devotion",
Zevlor (Upper City),Balanced,11,114,11,+2,+6,,,,,,,,,,,,,,,,18,14,15,10,11,19,+8,+6,+6,+4,+10,+14,Improved Divine Smite,Aura of Courage,
Zevlor (Upper City),Explorer,11,103,11,+2,+6,,,,,,,,,,,,,,,,18,14,15,10,11,19,+8,+6,+6,+4,+10,+14,Improved Divine Smite,Aura of Courage,
Zevlor (Upper City),Tactician,11,124,11,+2,+6,,,,,,,,,,,,,,,,18,14,15,10,11,19,+8,+6,+6,+4,+10,+14,Improved Divine Smite,Aura of Courage,
Zgorrellik,Balanced,8,6,10,0,+3,,,,,,,,,,,,,,,,10,10,10,10,10,10,0,0,0,0,0,0,"Opportunity Attack,Toggle Non-Lethal Attacks",,
Zgorrellik,Explorer,8,4,10,0,+5,,,,,,,,,,,,,,,,10,10,10,10,10,10,0,0,0,0,0,0,"Opportunity Attack,Toggle Non-Lethal Attacks",,
Zgorrellik,Tactician,8,8,10,0,+3,,,,,,,,,,,,,,,,10,10,10,10,10,10,0,0,0,0,0,0,"Opportunity Attack,Toggle Non-Lethal Attacks",,
Veteran Gish Zhendila,Balanced,9,85,16,+1,+4,,,,,,,,,,,,,,,,16,12,16,18,16,16,+3,+1,+7,+4,+3,+3,"Githyanki War Magic,Opportunity Attack",Psionic Ward Aura,
Veteran Gish Zhendila,Explorer,9,59,16,+1,+6,,,,,,,,,,,,,,,,16,12,16,18,16,16,+3,+1,+9,+4,+3,+3,"Githyanki War Magic,Opportunity Attack",Psionic Ward Aura,
Veteran Gish Zhendila,Tactician,9,110,16,+1,+4,,,,,,,,,,,,,,,,16,12,16,18,16,16,+3,+1,+7,+4,+3,+3,"Githyanki War Magic,Opportunity Attack,Psionic Empowerment,War Caster: Concentration,War Caster: Opportunity Spell",Psionic Ward Aura,
Zindra Manne,Balanced,1,6,10,0,+2,,,,,,,,,,,,,,,,10,10,10,10,10,10,0,0,0,0,0,0,Opportunity Attack,,
Zindra Manne,Explorer,1,5,10,0,+4,,,,,,,,,,,,,,,,10,10,10,10,10,10,0,0,0,0,0,0,Opportunity Attack,,
Zindra Manne,Tactician,1,7,10,0,+2,,,,,,,,,,,,,,,,10,10,10,10,10,10,0,0,0,0,0,0,Opportunity Attack,,
Zealot Zira,Balanced,8,70,18,0,+3,,,,,,,,,,,,,,,,18,10,16,9,11,16,+7,+3,+6,+2,+6,+9,"Darkvision,Divine Health,Extra Attack,Fey Ancestry,Great Weapon Fighting,Opportunity Attack,Sunlight Sensitivity",Aura of Protection,
Zealot Zira,Explorer,8,49,18,0,+5,,,,,,,,,,,,,,,,18,10,16,9,11,16,+7,+3,+6,+2,+8,+11,"Darkvision,Divine Health,Extra Attack,Fey Ancestry,Great Weapon Fighting,Opportunity Attack,Sunlight Sensitivity",Aura of Protection,
Zealot Zira,Tactician,8,91,18,0,+3,,,,,,,,,,,,,,,,18,10,16,9,11,16,+7,+3,+6,+2,+6,+9,"Darkvision,Divine Health,Extra Attack,Fey Ancestry,Great Weapon Fighting,Opportunity Attack,Relentless Avenger,Sunlight Sensitivity",Aura of Protection,
Zita,Balanced,1,6,10,0,+2,,,,,,,,,,,,,,,,10,10,10,10,10,10,0,0,0,0,0,0,Opportunity Attack,,
Zita,Explorer,1,4,10,0,+4,,,,,,,,,,,,,,,,10,10,10,10,10,10,0,0,0,0,0,0,Opportunity Attack,,
Zita,Tactician,1,7,10,0,+2,,,,,,,,,,,,,,,,10,10,10,10,10,10,0,0,0,0,0,0,Opportunity Attack,,
Zog,Balanced,,8,10,0,,,,,,,,,,,,,,,,,10,10,10,10,10,10,0,0,0,0,0,0,Opportunity Attack,,
Zog,Explorer,,5,10,0,,,,,,,,,,,,,,,,,10,10,10,10,10,10,0,0,0,0,0,0,Opportunity Attack,,
Zog,Tactician,,10,10,0,,,,,,,,,,,,,,,,,10,10,10,10,10,10,0,0,0,0,0,0,Opportunity Attack,,
Clerk Zollerix,Balanced,,8,10,0,,,,,,,,,,,,,,,,,10,10,10,10,10,10,0,0,0,0,0,0,Opportunity Attack,,
Clerk Zollerix,Explorer,,5,10,0,,,,,,,,,,,,,,,,,10,10,10,10,10,10,0,0,0,0,0,0,Opportunity Attack,,
Clerk Zollerix,Tactician,,10,10,0,,,,,,,,,,,,,,,,,10,10,10,10,10,10,0,0,0,0,0,0,Opportunity Attack,,
Zorru,Balanced,3,22,13,+2,+2,,,,,,,,Full Resistance,,,,,,,,12,15,12,10,14,12,+3,+4,+1,0,+2,+1,"Darkvision,Hellish Resistance,Opportunity Attack",,
Zorru,Explorer,3,15,13,+2,+4,,,,,,,,Full Resistance,,,,,,,,12,15,12,10,14,12,+5,+6,+1,0,+2,+1,"Darkvision,Hellish Resistance,Opportunity Attack",,
Zorru,Tactician,3,28,13,+2,+2,,,,,,,,Full Resistance,,,,,,,,12,15,12,10,14,12,+3,+4,+1,0,+2,+1,"Darkvision,Hellish Resistance,Opportunity Attack",,
Prayerboy Zoryxx,Balanced,8,69,18,+1,+3,,,,,,,,,,,,,,,,18,12,14,8,20,11,+4,+1,+2,-1,+8,+3,Opportunity Attack,,
Prayerboy Zoryxx,Explorer,8,48,18,+1,+5,,,,,,,,,,,,,,,,18,12,14,8,20,11,+4,+1,+2,-1,+10,+5,Opportunity Attack,,
Prayerboy Zoryxx,Tactician,8,89,18,+1,+3,,,,,,,,,,,,,,,,18,12,14,8,20,11,+4,+1,+2,-1,+8,+3,Opportunity Attack,,
Zumbo Pumbo,Balanced,1,18,11,0,+2,,,,,,,,,,,,,,,,10,10,10,10,10,10,0,0,0,0,0,0,"Darkvision,Gnome Cunning,Opportunity Attack,Shortened Stride",,
Zumbo Pumbo,Explorer,1,27,11,0,+4,,,,,,,,,,,,,,,,10,10,10,10,10,10,0,0,0,0,0,0,"Darkvision,Gnome Cunning,Opportunity Attack,Shortened Stride",,
Veteran Raider Zunii,Balanced,9,57,17,+4,+4,,,,,,,,,,,,,,,,10,19,14,10,16,10,0,+4,+2,0,+3,0,"Opportunity Attack,Extra Attack,Crossbow Expert: Point-Blank,Crossbow Expert: Wounding",,
Veteran Raider Zunii,Explorer,9,39,17,+4,+6,,,,,,,,,,,,,,,,10,19,14,10,16,10,0,+4,+2,0,+3,0,"Opportunity Attack,Extra Attack,Crossbow Expert: Point-Blank,Crossbow Expert: Wounding",,
Veteran Raider Zunii,Tactician,9,74,17,+4,+4,,,,,,,,,,,,,,,,10,19,14,10,16,10,0,+4,+2,0,+3,0,"Opportunity Attack,Extra Attack,Crossbow Expert: Point-Blank,Crossbow Expert: Wounding,Psionic Empowerment,Archery",,
Zurga,Balanced,3,21,16,+2,+2,,,,,,,,,,,,,,,,14,14,12,10,8,10,+2,+2,+1,0,-1,0,"Crude Frenzy,Darkvision,Opportunity Attack",,
Zurga,Explorer,3,14,16,+2,+4,,,,,,,,,,,,,,,,14,14,12,10,8,10,+2,+2,+1,0,-1,0,"Crude Frenzy,Darkvision,Opportunity Attack",,
Zurga,Tactician,3,27,16,+2,+2,,,,,,,,,,,,,,,,14,14,12,10,8,10,+2,+2,+1,0,-1,0,"Crude Frenzy,Darkvision,Fury of the Small,Opportunity Attack",,
Zurga,Honour,3,31,16,+2,+2,,,,,,,,,,,,,,,,14,14,12,10,8,10,+2,+2,+1,0,-1,0,"Crude Frenzy,Darkvision,Fury of the Small,Opportunity Attack",,
Beastmaster Zurk,Balanced,3,19,14,+3,+2,,,,,,,,,,,,,,,,14,16,14,10,8,8,+2,+3,+2,0,-1,-1,"Adrenaline Rush,Darkvision,Opportunity Attack,Two-Weapon Fighting",,
Beastmaster Zurk,Explorer,3,13,14,+3,+4,,,,,,,,,,,,,,,,14,16,14,10,8,8,+2,+3,+2,0,-1,-1,"Adrenaline Rush,Darkvision,Opportunity Attack,Two-Weapon Fighting",,
Beastmaster Zurk,Tactician,3,24,14,+3,+2,,,,,,,,,,,,,,,,14,16,14,10,8,8,+2,+3,+2,0,-1,-1,"Adrenaline Rush,Darkvision,Fury of the Small,Opportunity Attack,Two-Weapon Fighting",,
Gate Master Zyrlak,Balanced,5,24,13,+1,+3,,,,,,,,,,,,,,,,10,12,16,18,14,12,0,+1,+6,+7,+5,+1,Opportunity Attack,"Mage Armour,Astral Conduit",
Gate Master Zyrlak,Explorer,5,16,13,+1,+5,,,,,,,,,,,,,,,,10,12,16,18,14,12,0,+1,+8,+9,+7,+1,Opportunity Attack,"Mage Armour,Astral Conduit",
Gate Master Zyrlak,Tactician,5,55,13,+1,+3,,,,,,,,,,,,,,,,10,12,16,18,14,12,0,+1,+6,+7,+5,+1,"Opportunity Attack,Psionic Empowerment","Mage Armour,Astral Conduit",
Skulla,Balanced,1,8,10,0,+2,,,,,,,,Full Resistance,,,,,,,,10,10,10,10,10,10,0,0,0,0,0,0,"Darkvision,Hellish Resistance,Opportunity Attack",Dead,
Skulla,Explorer,1,5,10,0,+4,,,,,,,,Full Resistance,,,,,,,,10,10,10,10,10,10,0,0,0,0,0,0,"Darkvision,Hellish Resistance,Opportunity Attack",Dead,
Skulla,Tactician,1,10,10,0,+2,,,,,,,,Full Resistance,,,,,,,,10,10,10,10,10,10,0,0,0,0,0,0,"Darkvision,Hellish Resistance,Opportunity Attack",Dead,
Vezrol,Balanced,1,8,10,0,+2,,,,,,,,Full Resistance,,,,,,,,10,10,10,10,10,10,0,0,0,0,0,0,"Darkvision,Hellish Resistance,Opportunity Attack",Dead,
Vezrol,Explorer,1,5,10,0,+4,,,,,,,,Full Resistance,,,,,,,,10,10,10,10,10,10,0,0,0,0,0,0,"Darkvision,Hellish Resistance,Opportunity Attack",Dead,
Vezrol,Tactician,1,10,10,0,+2,,,,,,,,Full Resistance,,,,,,,,10,10,10,10,10,10,0,0,0,0,0,0,"Darkvision,Hellish Resistance,Opportunity Attack",Dead,
Night Blade Aicir Tapol,Balanced,8,52,14,+4,+3,,,,,,,,,,,,,,,,11,18,14,11,12,14,0,+7,+2,0,+1,+2,"Darkvision,Multiattack: Morphic Ambush,Opportunity Attack,Prey Upon the Weak",,
Night Blade Aicir Tapol,Explorer,8,36,14,+4,+5,,,,,,,,,,,,,,,,11,18,14,11,12,14,0,+9,+2,0,+1,+2,"Darkvision,Multiattack: Morphic Ambush,Opportunity Attack,Prey Upon the Weak",,
Night Blade Aicir Tapol,Tactician,8,67,14,+4,+3,,,,,,,,,,,,,,,,11,18,14,11,12,14,0,+7,+2,0,+1,+2,"Mindreader,Darkvision,Multiattack: Morphic Ambush,Opportunity Attack,Prey Upon the Weak",,
Akabi,Balanced,8,183,17,+1,+3,,,,,,,,Full Resistance,,Immune,,,,,Immune,22,13,24,16,15,16,+6,+1,+7,+3,+2,+3,Opportunity Attack,,
Akabi,Explorer,8,128,17,+1,+5,,,,,,,,Full Resistance,,Immune,,,,,Immune,22,13,24,16,15,16,+6,+1,+7,+3,+2,+3,Opportunity Attack,,
Akabi,Tactician,8,237,17,+1,+3,,,,,,,,Full Resistance,,Immune,,,,,Immune,22,13,24,16,15,16,+6,+1,+7,+3,+2,+3,Opportunity Attack,,
Armoured Owlbear,Balanced,1,105,19,+1,+2,,,,,,,,,,,,,,,,22,12,17,3,10,7,+6,+1,+3,-4,0,-2,"Darkvision,Magical Plate (-2),Opportunity Attack,Skittish","Dammon's Special Brew,Induced Rage",
Armoured Owlbear,Explorer,1,73,19,+1,+4,,,,,,,,,,,,,,,,22,12,17,3,10,7,+6,+1,+3,-4,0,-2,"Darkvision,Magical Plate (-2),Opportunity Attack,Skittish","Dammon's Special Brew,Induced Rage",
Armoured Owlbear,Tactician,1,136,19,+1,+2,,,,,,,,,,,,,,,,22,12,17,3,10,7,+6,+1,+3,-4,0,-2,"Darkvision,Magical Plate (-2),Opportunity Attack,Skittish","Dammon's Special Brew,Induced Rage",
Badger,Balanced,1,13,10,0,+2,,,,,,,,,,,,,,,,14,10,15,3,12,5,+2,0,+2,-4,+1,-3,Opportunity Attack,,
Badger,Explorer,1,26,10,0,+4,,,,,,,,,,,,,,,,14,10,15,3,12,5,+2,0,+2,-4,+1,-3,Opportunity Attack,,
Barsik,Balanced,1,2,12,+2,+2,,,,,,,,,,,,,,,,3,15,10,3,12,7,-4,+2,0,-4,+1,-2,"Darkvision,Feline Fall,Opportunity Attack",,
Barsik,Explorer,1,1,12,+2,+4,,,,,,,,,,,,,,,,3,15,10,3,12,7,-4,+2,0,-4,+1,-2,"Darkvision,Feline Fall,Opportunity Attack",,
Barsik,Tactician,1,2,12,+2,+2,,,,,,,,,,,,,,,,3,15,10,3,12,7,-4,+2,0,-4,+1,-2,"Darkvision,Feline Fall,Opportunity Attack",,
Biscotti,Balanced,1,5,14,+2,+2,,,,,,,,,,,,,,,,13,14,12,3,12,7,+1,+2,+1,-4,+1,-2,,,
Biscotti,Explorer,1,3,14,+2,+4,,,,,,,,,,,,,,,,13,14,12,3,12,7,+1,+2,+1,-4,+1,-2,,,
Biscotti,Tactician,1,6,14,+2,+2,,,,,,,,,,,,,,,,13,14,12,3,12,7,+1,+2,+1,-4,+1,-2,,,
Black Gauntlet of Bane,Balanced,12,82,18,0,+4,,,,,,,,,,,,,,,,18,11,18,12,15,20,+4,0,+5,+1,+6,+9,"Extra Attack,Opportunity Attack,Tactical Discipline",,
Black Gauntlet of Bane,Explorer,12,57,18,0,+4,,,,,,,,,,,,,,,,18,11,18,12,15,20,+4,0,+5,+1,+6,+9,"Extra Attack,Opportunity Attack,Tactical Discipline",,
Black Gauntlet of Bane,Tactician,12,106,18,0,+4,,,,,,,,,,,,,,,,18,11,18,12,15,20,+4,0,+5,+1,+6,+9,"Extra Attack,Opportunity Attack,Tactical Discipline",,
Boo,Balanced,,20,20,+5,,,,,,,,,,,,,,,,,10,20,10,6,12,6,0,+5,0,-2,+1,-2,"Opportunity Attack,Throw Damage Immunity",,
Bored Ox,Balanced,1,15,10,0,+2,,,,,,,,,,,,,,,,18,10,14,2,10,4,+4,0,+2,-4,0,-3,,,
Bored Ox,Explorer,1,10,10,0,+4,,,,,,,,,,,,,,,,18,10,14,2,10,4,+4,0,+2,-4,0,-3,,,
Bored Ox,Tactician,1,19,10,0,+2,,,,,,,,,,,,,,,,18,10,14,2,10,4,+4,0,+2,-4,0,-3,,,
Boris,Balanced,9,10,9,-1,+4,,,Vulnerable,,,,,,,,,Immune,,,,10,8,8,18,8,5,0,-1,-1,+8,+3,-3,Opportunity Attack,,
Boris,Explorer,9,7,9,-1,+6,,,Vulnerable,,,,,,,,,Immune,,,,10,8,8,18,8,5,0,-1,-1,+10,+5,-3,Opportunity Attack,,
Boris,Tactician,9,13,9,-1,+4,,,Vulnerable,,,,,,,,,Immune,,,,10,8,8,18,8,5,0,-1,-1,+8,+3,-3,Opportunity Attack,,
Calliope Blingsdorf,Balanced,1,16,12,+1,+2,,,,,,,,,,,,,,,,10,12,12,12,14,18,0,+3,+1,+1,+2,+6,"Bardic Inspiration,Darkvision,Gnome Cunning,Opportunity Attack,Shortened Stride",,
Calliope Blingsdorf,Explorer,1,11,12,+1,+2,,,,,,,,,,,,,,,,10,12,12,12,14,18,0,+3,+1,+1,+2,+6,"Bardic Inspiration,Darkvision,Gnome Cunning,Opportunity Attack,Shortened Stride",,
Calliope Blingsdorf,Tactician,1,20,12,+1,+2,,,,,,,,,,,,,,,,10,12,12,12,14,18,0,+3,+1,+1,+2,+6,"Bardic Inspiration,Darkvision,Gnome Cunning,Opportunity Attack,Shortened Stride",,
Harper Chelvin,Balanced,8,52,14,+4,+3,,,,,,,,,,,,,,,,11,18,14,11,12,14,0,+7,+2,0,+1,+2,"Darkvision,Multiattack: Morphic Ambush,Opportunity Attack",,
Harper Chelvin,Explorer,8,36,14,+4,+5,,,,,,,,,,,,,,,,11,18,14,11,12,14,0,+9,+2,0,+1,+2,"Darkvision,Multiattack: Morphic Ambush,Opportunity Attack",,
Harper Chelvin,Tactician,8,67,14,+4,+3,,,,,,,,,,,,,,,,11,18,14,11,12,14,0,+7,+2,0,+1,+2,"Darkvision,Mindreader,Multiattack: Morphic Ambush,Opportunity Attack",,
Sister Clara,Balanced,6,48,13,+3,+3,,,,,,,,Full Resistance,,,Full Resistance,,,,,14,16,12,10,10,10,+2,+6,+1,0,0,0,Opportunity Attack,,
Sister Clara,Explorer,6,33,13,+3,+5,,,,,,,,Full Resistance,,,Full Resistance,,,,,14,16,12,10,10,10,+2,+8,+1,0,0,0,Opportunity Attack,,
Sister Clara,Tactician,6,62,13,+3,+3,,,,,,,,Full Resistance,,,Full Resistance,,,,,14,16,12,10,10,10,+2,+6,+1,0,0,0,"Opportunity Attack,Permanently Armed",,
Jaheira,Balanced,1,17,13,+2,+2,,,,,,,,,,,,,,,,10,14,14,8,17,12,0,+2,+2,+1,+5,+1,,,
Viconia DeVir,Balanced,11,124,20,+4,+4,WIS,16,,,,,,,,,,,,,,14,19,10,17,18,16,+2,+4,0,+3,+8,+7,"Born into Darkness,Darkvision,Fey Ancestry,Magic Resistance,Opportunity Attack,Rebuke of the Mighty,Shadow Ambush,Sunlight Sensitivity,Shar's Umbrae,Sharran Veil,Spellguard,Tenacity","Shield of Faith,Sanctuary,Radiant Retort,Veil of Shar,Nightbringer's Beloved",
Viconia DeVir,Explorer,11,86,20,+4,+6,WIS,18,,,,,,,,,,,,,,14,19,10,17,18,16,+2,+4,0,+3,+10,+9,"Born into Darkness,Darkvision,Fey Ancestry,Magic Resistance,Opportunity Attack,Rebuke of the Mighty,Shadow Ambush,Sunlight Sensitivity,Shar's Umbrae,Sharran Veil,Spellguard,Tenacity","Shield of Faith,Sanctuary,Veil of Shar,Nightbringer's Beloved",
Viconia DeVir,Tactician,11,161,20,+4,+4,WIS,18,,,,,,,,,,,,,,14,19,10,17,18,16,+2,+4,0,+3,+8,+7,"Protection,Sentinel: Opportunity Advantage,Sentinel: Snare,Sentinel: Vengeance,Born into Darkness,Darkvision,Fey Ancestry,Magic Resistance,Mortal Reminder,Opportunity Attack,Rebuke of the Mighty,Shadow Ambush,Sunlight Sensitivity,Shar's Umbrae,Sharran Veil,Spellguard,Tenacity","Shield of Faith,Sanctuary,Radiant Retort,Veil of Shar,Nightbringer's Beloved",
Viconia DeVir,Honour,11,161,20,+4,+4,WIS,18,,,,,,,,,,,,,,14,19,10,17,18,16,+2,+4,0,+3,+8,+7,"Impenetrable Shadow,Legendary Action: Heartwrench,Legendary Action: Sanctuary of Loss,Protection,Sentinel: Opportunity Advantage,Sentinel: Snare,Sentinel: Vengeance,Born into Darkness,Darkvision,Fey Ancestry,Magic Resistance,Mortal Reminder,Opportunity Attack,Rebuke of the Mighty,Shadow Ambush,Sunlight Sensitivity,Shar's Umbrae,Sharran Veil,Spellguard,Tenacity","Shield of Faith,Sanctuary,Radiant Retort,Veil of Shar,Nightbringer's Beloved","Dark Deliverance,Heartwrench,Sanctuary of Loss"
Conjured Cat,Balanced,1,2,12,+2,+2,,,,,,,,,,,,,,,,6,15,10,3,12,7,-2,+2,0,-4,+1,-2,"Darkvision,Feline Fall,Opportunity Attack",,
Conjured Cat,Explorer,1,4,12,+2,+4,,,,,,,,,,,,,,,,6,15,10,3,12,7,+2,+6,+4,0,+5,+2,"Darkvision,Feline Fall,Opportunity Attack",,
Corinna,Balanced,2,1,10,0,+2,,,,,,,,,,,,,,,,2,11,9,2,10,4,-4,0,-1,-4,0,-3,Darkvision,,
Corinna,Explorer,2,1,10,0,+4,,,,,,,,,,,,,,,,2,11,9,2,10,4,-4,0,-1,-4,0,-3,Darkvision,,
Corinna,Tactician,2,1,10,0,+2,,,,,,,,,,,,,,,,2,11,9,2,10,4,-4,0,-1,-4,0,-3,Darkvision,,
Manip Cragbender,Balanced,10,87,19,+2,+4,,,,,,,,,,,,Full Resistance,,,,22,15,19,10,12,8,+10,+2,+8,0,+1,-1,"Dwarven Resilience,Darkvision,Extra Attack,Opportunity Attack,Protection,Tenacity",,
Manip Cragbender,Explorer,10,60,19,+2,+6,,,,,,,,,,,,Full Resistance,,,,22,15,19,10,12,8,+12,+2,+10,0,+1,-1,"Dwarven Resilience,Darkvision,Extra Attack,Opportunity Attack,Protection,Tenacity",,
Manip Cragbender,Tactician,10,98,19,+2,+4,,,,,,,,,,,,Full Resistance,,,,22,15,19,10,12,8,+10,+2,+8,0,+1,-1,"Dwarven Resilience,Darkvision,Extra Attack,Opportunity Attack,Protection,Tenacity",,
Crimson,Balanced,9,51,14,+1,+4,STR,16,,,,,,,,,,,,,,19,13,17,2,12,5,+4,+1,+3,-4,+1,-3,Opportunity Attack,,
Crimson,Explorer,9,35,14,+1,+6,STR,18,,,,,,,,,,,,,,19,13,17,2,12,5,+4,+1,+3,-4,+1,-3,Opportunity Attack,,
Crimson,Tactician,9,66,14,+1,+4,STR,18,,,,,,,,,,,,,,19,13,17,2,12,5,+4,+1,+3,-4,+1,-3,Opportunity Attack,,
Cuddleface,Balanced,2,42,14,+2,+2,,,,,,,,,,,,,,,,18,14,14,7,11,8,+4,+2,+2,-2,0,-1,Opportunity Attack,,
Cuddleface,Explorer,2,29,14,+2,+4,,,,,,,,,,,,,,,,18,14,14,7,11,8,+4,+2,+2,-2,0,-1,Opportunity Attack,,
Cuddleface,Tactician,2,54,14,+2,+2,,,,,,,,,,,,,,,,18,14,14,7,11,8,+4,+2,+2,-2,0,-1,Opportunity Attack,,
Harper Lightspark,Balanced,5,18,11,+1,+3,,,,,,,,,,,,Full Resistance,,,,10,12,12,16,12,10,0,+1,+1,+6,+4,0,"Darkvision,Dwarven Resilience,Opportunity Attack",Dead,
Harper Lightspark,Explorer,5,12,11,+1,+5,,,,,,,,,,,,Full Resistance,,,,10,12,12,16,12,10,0,+1,+1,+8,+6,0,"Darkvision,Dwarven Resilience,Opportunity Attack",Dead,
Harper Lightspark,Tactician,5,23,11,+1,+3,,,,,,,,,,,,Full Resistance,,,,10,12,12,16,12,10,0,+1,+1,+6,+4,0,"Darkvision,Dwarven Resilience,Opportunity Attack",Dead,
Dead Mind Flayer,Balanced,5,71,13,+1,+3,,,,,,,,,,,,,,,,11,12,12,19,17,17,0,+1,+1,+7,+6,+6,"Magic Resistance,Opportunity Attack",Dead,
Dead Mind Flayer,Explorer,5,49,13,+1,+5,,,,,,,,,,,,,,,,11,12,12,19,17,17,0,+1,+1,+9,+8,+8,"Magic Resistance,Opportunity Attack",Dead,
Dead Mind Flayer,Tactician,5,92,13,+1,+3,,,,,,,,,,,,,,,,11,12,12,19,17,17,0,+1,+1,+7,+6,+6,"Charm,Magic Resistance,Opportunity Attack",Dead,
Dead Myconid Sprout,Balanced,4,42,12,0,+2,,,,,,,,Vulnerable,,,,,,,,11,10,12,10,13,7,0,0,+1,0,+1,-2,"Darkvision,Opportunity Attack,Sun Sickness",,
Death's Head of Bhaal,Balanced,8,76,15,+5,+3,,,,,,,,,,,,,,,,20,20,20,14,13,16,+5,+5,+5,+2,+1,+3,"Darkvision,Extra Attack,Magic Resistance,Murder Hungry,Opportunity Attack,Prey Upon the Weak","Aura of Murder,Unstoppable",
Death's Head of Bhaal,Tactician,8,98,15,+5,+3,,,,,,,,,,,,,,,,20,20,20,14,13,16,+5,+5,+5,+2,+1,+3,"Darkvision,Extra Attack,Magic Resistance,Murder Hungry,Opportunity Attack,Prey Upon the Weak,Sentinel: Opportunity Advantage,Sentinel: Snare,Sentinel: Vengeance","Aura of Murder,Unstoppable",
Deep Rothé (Myconid colony),Balanced,1,18,10,0,+2,,,,,,,,,,,,,,,,18,10,14,2,10,4,+4,0,+2,-4,0,-3,Opportunity Attack,,
Deep Rothé (Myconid colony),Explorer,1,12,10,0,+4,,,,,,,,,,,,,,,,18,10,14,2,10,4,+4,0,+2,-4,0,-3,Opportunity Attack,,
Deep Rothé (Myconid colony),Tactician,1,23,10,0,+2,,,,,,,,,,,,,,,,18,10,14,2,10,4,+4,0,+2,-4,0,-3,Opportunity Attack,,
Deep Rothé Calf,Balanced,1,12,10,0,+2,,,,,,,,,,,,,,,,12,10,12,2,10,4,+1,0,+1,-4,0,-3,Opportunity Attack,,
Dorrich Manne,Balanced,1,8,10,0,+2,,,,,,,,,,,,,,,,10,10,10,10,10,10,0,0,0,0,0,0,"Brave,Halfling Luck,Opportunity Attack",,
Dorrich Manne,Explorer,1,5,10,0,+4,,,,,,,,,,,,,,,,10,10,10,10,10,10,0,0,0,0,0,0,"Brave,Halfling Luck,Opportunity Attack",,
Dorrich Manne,Tactician,1,10,10,0,+2,,,,,,,,,,,,,,,,10,10,10,10,10,10,0,0,0,0,0,0,"Brave,Halfling Luck,Opportunity Attack",,
Dream Guardian,Balanced,12,80,17,+3,+4,,,,,,,,,,,,,,,,13,16,12,19,15,20,+1,+3,+1,+8,+6,+9,"Charm,Magic Resistance,Opportunity Attack",,
Dream Guardian,Explorer,12,56,17,+3,+6,,,,,,,,,,,,,,,,13,16,12,19,15,20,+1,+3,+1,+10,+8,+11,"Charm,Magic Resistance,Opportunity Attack",,
Dream Guardian,Tactician,12,104,17,+3,+4,,,,,,,,,,,,,,,,13,16,12,19,15,20,+1,+3,+1,+8,+6,+9,"Charm,Magic Resistance,Opportunity Attack",,
Dribbles the Clown,Balanced,8,88,16,+4,+3,,,,,,,,,,,,,,,,18,18,14,14,14,14,+7,+7,+2,+2,+2,+2,"Darkvision,Extra Attack,Grim Irony,Multiattack: Morphic Ambush,Opportunity Attack",Clown Face-Paint,
Dribbles the Clown,Explorer,8,61,16,+4,+5,,,,,,,,,,,,,,,,18,18,14,14,14,14,+9,+9,+2,+2,+2,+2,"Darkvision,Extra Attack,Grim Irony,Multiattack: Morphic Ambush,Opportunity Attack",Clown Face-Paint,
Dribbles the Clown,Tactician,8,114,16,+4,+3,,,,,,,,,,,,,,,,18,18,14,14,14,14,+7,+7,+2,+2,+2,+2,"Darkvision,Extra Attack,Grim Irony,Mindreader,Multiattack: Morphic Ambush,Opportunity Attack",Clown Face-Paint,
Droralias Dryselis,Balanced,1,8,10,0,+2,,,,,,,,,,,,,,,,10,10,10,10,10,10,0,0,0,0,0,0,Opportunity Attack,,
Droralias Dryselis,Explorer,1,16,10,0,+4,,,,,,,,,,,,,,,,10,10,10,10,10,10,0,0,0,0,0,0,Opportunity Attack,,
Droralias Dryselis,Tactician,1,8,10,0,+2,,,,,,,,,,,,,,,,10,10,10,10,10,10,0,0,0,0,0,0,Opportunity Attack,,
Night Blade Edward Tremby,Balanced,8,52,14,+4,+3,,,,,,,,,,,,,,,,11,18,14,11,12,14,0,+7,+2,0,+1,+2,"Darkvision,Multiattack: Morphic Ambush,Opportunity Attack,Prey Upon the Weak",,
Night Blade Edward Tremby,Explorer,8,36,14,+4,+5,,,,,,,,,,,,,,,,11,18,14,11,12,14,0,+9,+2,0,+1,+2,"Darkvision,Multiattack: Morphic Ambush,Opportunity Attack,Prey Upon the Weak",,
Night Blade Edward Tremby,Tactician,8,67,14,+4,+3,,,,,,,,,,,,,,,,11,18,14,11,12,14,0,+7,+2,0,+1,+2,"Mindreader,Darkvision,Multiattack: Morphic Ambush,Opportunity Attack,Prey Upon the Weak",,
Elder Rothé,Balanced,1,18,10,0,+2,,,,,,,,,,,,,,,,14,10,14,2,10,4,+2,0,+2,-4,0,-3,Opportunity Attack,,
Elder Rothé,Explorer,1,12,10,0,+4,,,,,,,,,,,,,,,,14,10,14,2,10,4,+2,0,+2,-4,0,-3,Opportunity Attack,,
Elder Rothé,Tactician,1,23,10,0,+2,,,,,,,,,,,,,,,,14,10,14,2,10,4,+2,0,+2,-4,0,-3,Opportunity Attack,,
Eternal Rat,Balanced,1,1,10,0,+2,,,,,,,,,,,,,,,,2,11,9,2,10,4,-4,0,-1,-4,0,-3,"Darkvision,Forever Indebted",,
Ferr,Balanced,2,26,13,+1,+2,,,,,,,,,,,,,,,,16,13,13,7,11,8,+3,+1,+1,-2,0,-1,Opportunity Attack,,
Ferr,Explorer,2,22,13,+1,+4,,,,,,,,,,,,,,,,16,13,13,7,11,8,+3,+1,+1,-2,0,-1,Opportunity Attack,,
Ferr,Tactician,2,33,13,+1,+2,,,,,,,,,,,,,,,,16,13,13,7,11,8,+3,+1,+1,-2,0,-1,Opportunity Attack,,
Fist of Bane,Balanced,10,62,18,0,+4,,,,,,,,,,,,,,,,19,11,13,10,12,11,+4,0,+1,0,+1,0,"Extra Attack,Opportunity Attack,Tactical Discipline",,
Fist of Bane,Explorer,10,43,18,0,+6,,,,,,,,,,,,,,,,19,11,13,10,12,11,+4,0,+1,0,+1,0,"Extra Attack,Opportunity Attack,Tactical Discipline",,
Fist of Bane,Tactician,10,80,18,0,+4,,,,,,,,,,,,,,,,19,11,13,10,12,11,+4,0,+1,0,+1,0,"Extra Attack,Opportunity Attack,Tactical Discipline",,
Flaming Fist Archer,Balanced,8,62,16,+5,+3,,,,,,,,,,,,,,,,12,21,14,8,14,10,+4,+8,+2,-1,+2,0,"Archery,Crossbow Expert: Point-Blank,Extra Attack,Opportunity Attack",,
Flaming Fist Archer,Explorer,8,59,16,+5,+5,,,,,,,,,,,,,,,,12,21,14,8,14,10,+6,+10,+2,-1,+2,0,"Archery,Crossbow Expert: Point-Blank,Extra Attack,Opportunity Attack",,
Flaming Fist Archer,Tactician,8,64,16,+5,+3,,,,,,,,,,,,,,,,12,21,14,8,14,10,+4,+8,+2,-1,+2,0,"Archery,Crossbow Expert: Point-Blank,Extra Attack,Opportunity Attack",,
Flaming Fist Wizard,Balanced,10,43,18,+1,+4,,,,,,,,,,,,,,,,8,13,16,20,10,12,-1,+1,+3,+9,+4,+1,Opportunity Attack,Mage Armour,
Flaming Fist Wizard,Explorer,10,40,18,+1,+6,,,,,,,,,,,,,,,,8,13,16,20,10,12,-1,+1,+3,+11,+6,+1,Opportunity Attack,Mage Armour,
Flaming Fist Wizard,Tactician,10,45,18,+1,+4,,,,,,,,,,,,,,,,8,13,16,20,10,12,-1,+1,+3,+9,+4,+1,Opportunity Attack,Mage Armour,
Flinster Sunseeker,Balanced,9,86,8,-2,+4,,,,,,,,,,,,,,,,16,6,16,3,6,5,+3,-2,+3,-4,+2,-3,Opportunity Attack,Undead Fortitude,
Flinster Sunseeker,Explorer,9,60,8,-2,+6,,,,,,,,,,,,,,,,16,6,16,3,6,5,+3,-2,+3,-4,+4,-3,Opportunity Attack,Undead Fortitude,
Flinster Sunseeker,Tactician,9,111,8,-2,+4,,,,,,,,,,,,,,,,16,6,16,3,6,5,+3,-2,+3,-4,+2,-3,Opportunity Attack,Undead Fortitude,
Frightened Ox,Balanced,1,15,10,0,+2,,,,,,,,,,,,,,,,18,10,14,2,10,4,+4,0,+2,-4,0,-3,"Darkvision,Opportunity Attack",,
Frightened Ox,Explorer,1,10,10,0,+4,,,,,,,,,,,,,,,,18,10,14,2,10,4,+4,0,+2,-4,0,-3,"Darkvision,Opportunity Attack",,
Frightened Ox,Tactician,1,19,10,0,+2,,,,,,,,,,,,,,,,18,10,14,2,10,4,+4,0,+2,-4,0,-3,"Darkvision,Opportunity Attack",,
Garret Dortmell,Balanced,6,76,18,0,+3,,,Full Resistance,Full Resistance,Full Resistance,Full Resistance,Full Resistance,Full Resistance,Full Resistance,Full Resistance,Full Resistance,Immune,Full Resistance,,Full Resistance,20,10,17,6,14,5,+5,0,+3,-2,+2,-3,"Extra Attack,Opportunity Attack,Silent","Edict of the Old Lord Skull,Necrotic Veil,Undead Ward Aura",
Garret Dortmell,Explorer,6,53,18,0,+5,,,Full Resistance,Full Resistance,Full Resistance,Full Resistance,Full Resistance,Full Resistance,Full Resistance,Full Resistance,Full Resistance,Immune,Full Resistance,,Full Resistance,20,10,17,6,14,5,+5,0,+3,-2,+2,-3,"Extra Attack,Opportunity Attack,Silent","Edict of the Old Lord Skull,Necrotic Veil,Undead Ward Aura",
Garret Dortmell,Tactician,6,98,18,0,+3,,,Full Resistance,Full Resistance,Full Resistance,Full Resistance,Full Resistance,Full Resistance,Full Resistance,Full Resistance,Full Resistance,Immune,Full Resistance,,Full Resistance,20,10,17,6,14,5,+5,0,+3,-2,+2,-3,"Extra Attack,Opportunity Attack,Silent","Edict of the Old Lord Skull,Necrotic Veil,Undead Ward Aura",
Gristle,Balanced,2,42,14,+2,+2,,,,,,,,,,,,,,,,18,14,14,7,11,8,+4,+2,+2,-2,0,-1,Opportunity Attack,,
Gristle,Explorer,2,29,14,+2,+4,,,,,,,,,,,,,,,,18,14,14,7,11,8,+4,+2,+2,-2,0,-1,Opportunity Attack,,
Gristle,Tactician,2,54,14,+2,+2,,,,,,,,,,,,,,,,18,14,14,7,11,8,+4,+2,+2,-2,0,-1,Opportunity Attack,,
Grub,Balanced,1,2,12,+2,+2,,,,,,,,,,,,,,,,3,15,10,3,12,7,-4,+2,0,-4,+1,-2,"Darkvision,Feline Fall,Opportunity Attack",,
Grub,Explorer,1,1,12,+2,+4,,,,,,,,,,,,,,,,3,15,10,3,12,7,-4,+2,0,-4,+1,-2,"Darkvision,Feline Fall,Opportunity Attack",,
Grub,Tactician,1,2,12,+2,+2,,,,,,,,,,,,,,,,3,15,10,3,12,7,-4,+2,0,-4,+1,-2,"Darkvision,Feline Fall,Opportunity Attack",,
Gujj,Balanced,8,52,14,+4,+3,,,,,,,,,,,,,,,,11,18,14,11,12,14,0,+7,+2,0,+1,+2,"Darkvision,Multiattack: Morphic Ambush,Opportunity Attack",,
Gujj,Explorer,8,36,14,+4,+5,,,,,,,,,,,,,,,,11,18,14,11,12,14,0,+9,+2,0,+1,+2,"Darkvision,Multiattack: Morphic Ambush,Opportunity Attack",,
Gujj,Tactician,8,67,14,+4,+3,,,,,,,,,,,,,,,,11,18,14,11,12,14,0,+7,+2,0,+1,+2,"Darkvision,Mindreader,Multiattack: Morphic Ambush,Opportunity Attack",,
Gustav,Balanced,1,5,14,+2,+2,,,,,,,,,,,,,,,,13,14,12,3,12,7,+1,+2,+1,-4,+1,-2,,,
Orin's Mother Helena,Balanced,,,10,0,,,,,,,,,,,,,,,,,10,10,10,10,10,10,0,0,0,0,0,0,Opportunity Attack,Dead,
Orin's Mother Helena,Tactician,,1,10,0,,,,,,,,,,,,,,,,,10,10,10,10,10,10,0,0,0,0,0,0,Opportunity Attack,Dead,
High-Wire Hildeh,Balanced,1,8,10,0,+2,,,,,,,,,,,,,,,,10,10,10,10,10,10,0,0,0,0,0,0,"Darkvision,Fey Ancestry,Opportunity Attack",,
High-Wire Hildeh,Explorer,1,5,10,0,+4,,,,,,,,,,,,,,,,10,10,10,10,10,10,0,0,0,0,0,0,"Darkvision,Fey Ancestry,Opportunity Attack",,
High-Wire Hildeh,Tactician,1,10,10,0,+2,,,,,,,,,,,,,,,,10,10,10,10,10,10,0,0,0,0,0,0,"Darkvision,Fey Ancestry,Opportunity Attack",,
His Majesty,Balanced,1,2,12,+2,+2,,,,,,,,,,,,,,,,3,15,10,3,12,7,-4,+2,0,-4,+1,-2,"Darkvision,Feline Fall,Opportunity Attack",,
His Majesty,Explorer,1,1,12,+2,+4,,,,,,,,,,,,,,,,3,15,10,3,12,7,-4,+2,0,-4,+1,-2,"Darkvision,Feline Fall,Opportunity Attack",,
His Majesty,Tactician,1,2,12,+2,+2,,,,,,,,,,,,,,,,3,15,10,3,12,7,-4,+2,0,-4,+1,-2,"Darkvision,Feline Fall,Opportunity Attack",,
Hungry Ox,Balanced,1,15,10,0,+2,,,,,,,,,,,,,,,,18,10,14,2,10,4,+4,0,+2,-4,0,-3,,,
Hungry Ox,Explorer,1,10,10,0,+4,,,,,,,,,,,,,,,,18,10,14,2,10,4,+4,0,+2,-4,0,-3,,,
Hungry Ox,Tactician,1,19,10,0,+2,,,,,,,,,,,,,,,,18,10,14,2,10,4,+4,0,+2,-4,0,-3,,,
Sister Inessa,Balanced,6,48,13,+3,+3,,,,,,,,Full Resistance,,,Full Resistance,,,,,14,16,12,10,10,10,+2,+6,+1,0,0,0,Opportunity Attack,,
Sister Inessa,Explorer,6,33,13,+3,+5,,,,,,,,Full Resistance,,,Full Resistance,,,,,14,16,12,10,10,10,+2,+8,+1,0,0,0,Opportunity Attack,,
Sister Inessa,Tactician,6,62,13,+3,+3,,,,,,,,Full Resistance,,,Full Resistance,,,,,14,16,12,10,10,10,+2,+6,+1,0,0,0,"Opportunity Attack,Permanently Armed",,
Iron Consul,Balanced,11,93,18,0,+4,,,,,,,,,,,,,,,,20,11,16,10,15,16,+5,0,+3,0,+6,+3,"Extra Attack,Opportunity Attack,Tactical Discipline",,
Iron Consul,Tactician,11,93,18,0,+4,,,,,,,,,,,,,,,,20,11,16,10,15,16,+5,0,+3,0,+6,+3,"Extra Attack,Improved Extra Attack,Opportunity Attack,Tactical Discipline",,
Jacob,Balanced,9,10,9,-1,+4,,,Vulnerable,,,,,,,,,Immune,,,,10,8,8,18,8,5,0,-1,-1,+8,+3,-3,Opportunity Attack,,
Jacob,Explorer,9,7,9,-1,+6,,,Vulnerable,,,,,,,,,Immune,,,,10,8,8,18,8,5,0,-1,-1,+10,+5,-3,Opportunity Attack,,
Jacob,Tactician,9,13,9,-1,+4,,,Vulnerable,,,,,,,,,Immune,,,,10,8,8,18,8,5,0,-1,-1,+8,+3,-3,Opportunity Attack,,
Jaheira',Balanced,8,76,14,+4,+3,,,,,,,,,,,,,,,,11,18,14,11,12,14,0,+7,+2,0,+1,+2,"Darkvision,Multiattack: Morphic Ambush,Opportunity Attack",,
Jaheira',Explorer,8,53,14,+4,+5,,,,,,,,,,,,,,,,11,18,14,11,12,14,0,+9,+2,0,+1,+2,"Darkvision,Multiattack: Morphic Ambush,Opportunity Attack",,
Jaheira',Tactician,8,98,14,+4,+3,,,,,,,,,,,,,,,,11,18,14,11,12,14,0,+7,+2,0,+1,+2,"Darkvision,Mindreader,Multiattack: Morphic Ambush,Opportunity Attack",,
Executed Drow,Balanced,5,15,10,0,+3,,,,,,,,,,,,,,,,10,10,12,16,10,14,0,0,+1,+6,+3,+2,"Darkvision,Fey Ancestry,Opportunity Attack,Sunlight Sensitivity",Dead,
Executed Drow,Explorer,5,11,10,0,+5,,,,,,,,,,,,,,,,10,10,12,16,10,14,0,0,+1,+8,+5,+2,"Darkvision,Fey Ancestry,Opportunity Attack,Sunlight Sensitivity",Dead,
Executed Drow,Tactician,5,20,10,0,+3,,,,,,,,,,,,,,,,10,10,12,16,10,14,0,0,+1,+6,+3,+2,"Darkvision,Fey Ancestry,Opportunity Attack,Sunlight Sensitivity",Dead,
Sister Julia,Balanced,6,48,13,+3,+3,,,,,,,,Full Resistance,,,Full Resistance,,,,,14,16,12,10,10,10,+2,+6,+1,0,0,0,Opportunity Attack,,
Sister Julia,Explorer,6,33,13,+3,+5,,,,,,,,Full Resistance,,,Full Resistance,,,,,14,16,12,10,10,10,+2,+8,+1,0,0,0,Opportunity Attack,,
Sister Julia,Tactician,6,62,13,+3,+3,,,,,,,,Full Resistance,,,Full Resistance,,,,,14,16,12,10,10,10,+2,+6,+1,0,0,0,"Opportunity Attack,Permanently Armed",,
Keren,Balanced,7,52,15,+4,+3,,,,,,,,,,,,,,,,11,18,14,11,12,14,0,+7,+2,0,+1,+2,"Darkvision,Multiattack: Morphic Ambush,Opportunity Attack",,
Keren,Explorer,7,26,15,+4,+5,,,,,,,,,,,,,,,,11,18,14,11,12,14,0,+9,+2,0,+1,+2,"Darkvision,Multiattack: Morphic Ambush,Opportunity Attack",,
Keren,Tactician,7,67,15,+4,+3,,,,,,,,,,,,,,,,11,18,14,11,12,14,0,+7,+2,0,+1,+2,"Darkvision,Mindreader,Multiattack: Morphic Ambush,Opportunity Attack",,
Kira the Cat,Balanced,1,2,12,+2,+2,,,,,,,,,,,,,,,,3,15,10,3,12,7,-4,+2,0,-4,+1,-2,"Darkvision,Feline Fall,Opportunity Attack",,
Kira the Cat,Explorer,1,1,12,+2,+4,,,,,,,,,,,,,,,,3,15,10,3,12,7,-4,+2,0,-4,+1,-2,"Darkvision,Feline Fall,Opportunity Attack",,
Kira the Cat,Tactician,1,2,12,+2,+2,,,,,,,,,,,,,,,,3,15,10,3,12,7,-4,+2,0,-4,+1,-2,"Darkvision,Feline Fall,Opportunity Attack",,
Klaw,Balanced,2,26,13,+1,+2,,,,,,,,,,,,,,,,16,13,13,7,11,8,+3,+1,+1,-2,0,-1,Opportunity Attack,,
Klaw,Explorer,2,22,13,+1,+4,,,,,,,,,,,,,,,,16,13,13,7,11,8,+3,+1,+1,-2,0,-1,Opportunity Attack,,
Klaw,Tactician,2,33,13,+1,+2,,,,,,,,,,,,,,,,16,13,13,7,11,8,+3,+1,+1,-2,0,-1,Opportunity Attack,,
Koll,Balanced,8,52,14,+4,+3,,,,,,,,,,,,,,,,11,18,14,11,12,14,0,+7,+2,0,+1,+2,"Darkvision,Multiattack: Morphic Ambush,Opportunity Attack",,
Koll,Explorer,8,36,14,+4,+5,,,,,,,,,,,,,,,,11,18,14,11,12,14,0,+9,+2,0,+1,+2,"Darkvision,Multiattack: Morphic Ambush,Opportunity Attack",,
Koll,Tactician,8,67,14,+4,+3,,,,,,,,,,,,,,,,11,18,14,11,12,14,0,+7,+2,0,+1,+2,"Darkvision,Mindreader,Multiattack: Morphic Ambush,Opportunity Attack",,
Harper Leistine,Balanced,8,52,14,+4,+3,,,,,,,,,,,,,,,,11,18,14,11,12,14,0,+7,+2,0,+1,+2,"Darkvision,Multiattack: Morphic Ambush,Opportunity Attack",,
Harper Leistine,Explorer,8,36,14,+4,+5,,,,,,,,,,,,,,,,11,18,14,11,12,14,0,+9,+2,0,+1,+2,"Darkvision,Multiattack: Morphic Ambush,Opportunity Attack",,
Harper Leistine,Tactician,8,67,14,+4,+3,,,,,,,,,,,,,,,,11,18,14,11,12,14,0,+7,+2,0,+1,+2,"Darkvision,Mindreader,Multiattack: Morphic Ambush,Opportunity Attack",,
Harper Leysin,Balanced,8,52,14,+4,+3,,,,,,,,,,,,,,,,11,18,14,11,12,14,0,+7,+2,0,+1,+2,"Darkvision,Multiattack: Morphic Ambush,Opportunity Attack",,
Harper Leysin,Explorer,8,36,14,+4,+5,,,,,,,,,,,,,,,,11,18,14,11,12,14,0,+9,+2,0,+1,+2,"Darkvision,Multiattack: Morphic Ambush,Opportunity Attack",,
Harper Leysin,Tactician,8,67,14,+4,+3,,,,,,,,,,,,,,,,11,18,14,11,12,14,0,+7,+2,0,+1,+2,"Darkvision,Mindreader,Multiattack: Morphic Ambush,Opportunity Attack",,
Father Lorgan,Balanced,5,26,10,0,+3,,,,,,,,,,,,,,,,14,11,14,12,18,14,+2,0,+2,+1,+7,+5,Opportunity Attack,Dead,
Father Lorgan,Explorer,5,18,10,0,+5,,,,,,,,,,,,,,,,14,11,14,12,18,14,+2,0,+2,+1,+9,+7,Opportunity Attack,Dead,
Father Lorgan,Tactician,5,33,10,0,+3,,,,,,,,,,,,,,,,14,11,14,12,18,14,+2,0,+2,+1,+7,+5,Opportunity Attack,Dead,
Lucille,Balanced,9,10,9,-1,+4,,,Vulnerable,,,,,,,,,Immune,,,,10,8,8,18,8,5,0,-1,-1,+8,+3,-3,Opportunity Attack,,
Lucille,Explorer,9,7,9,-1,+6,,,Vulnerable,,,,,,,,,Immune,,,,10,8,8,18,8,5,0,-1,-1,+10,+5,-3,Opportunity Attack,,
Lucille,Tactician,9,13,9,-1,+4,,,Vulnerable,,,,,,,,,Immune,,,,10,8,8,18,8,5,0,-1,-1,+8,+3,-3,Opportunity Attack,,
Ludd,Balanced,8,52,14,+4,+3,,,,,,,,,,,,,,,,11,18,14,11,12,14,0,+7,+2,0,+1,+2,"Darkvision,Multiattack: Morphic Ambush,Opportunity Attack",,
Ludd,Explorer,8,36,14,+4,+5,,,,,,,,,,,,,,,,11,18,14,11,12,14,0,+9,+2,0,+1,+2,"Darkvision,Multiattack: Morphic Ambush,Opportunity Attack",,
Ludd,Tactician,8,67,14,+4,+3,,,,,,,,,,,,,,,,11,18,14,11,12,14,0,+7,+2,0,+1,+2,"Darkvision,Mindreader,Multiattack: Morphic Ambush,Opportunity Attack",,
Madeline,Balanced,5,7,10,+2,+3,,,,,,,,,,,,Full Resistance,,,,12,15,12,10,12,10,+4,+5,+1,0,+1,0,"Darkvision,Dwarven Resilience,Extra Attack,Opportunity Attack",Dead,
Malta,Balanced,1,2,12,+2,+2,,,,,,,,,,,,,,,,3,15,10,3,12,7,-4,+2,0,-4,+1,-2,"Darkvision,Feline Fall,Opportunity Attack",,
Malta,Explorer,1,1,12,+2,+4,,,,,,,,,,,,,,,,3,15,10,3,12,7,-4,+2,0,-4,+1,-2,"Darkvision,Feline Fall,Opportunity Attack",,
Malta,Tactician,1,2,12,+2,+2,,,,,,,,,,,,,,,,3,15,10,3,12,7,-4,+2,0,-4,+1,-2,"Darkvision,Feline Fall,Opportunity Attack",,
Messenger Rat,Balanced,,1,10,0,,,,,,,,,,,,,,,,,2,11,9,2,10,4,-4,0,-1,-4,0,-3,Darkvision,,
Mind Flayer (Nautiloid Wreck),Balanced,5,71,13,+1,+3,,,,,,,,,,,,,,,,11,12,12,19,17,17,0,+1,+1,+7,+6,+6,"Magic Resistance,Opportunity Attack",Dying,
Mind Flayer (Nautiloid Wreck),Explorer,5,49,13,+1,+5,,,,,,,,,,,,,,,,11,12,12,19,17,17,0,+1,+1,+9,+8,+8,"Magic Resistance,Opportunity Attack",Dying,
Mind Flayer (Nautiloid Wreck),Tactician,5,92,13,+1,+3,,,,,,,,,,,,,,,,11,12,12,19,17,17,0,+1,+1,+7,+6,+6,"Charm,Magic Resistance,Opportunity Attack",Dying,
Mind Flayer (Prologue),Balanced,8,85,15,+1,+3,,,,,,,,,,,,,,,,11,12,12,19,17,17,0,+1,+1,+7,+6,+6,"Magic Resistance,Opportunity Attack",,
Mind Flayer (Prologue),Explorer,8,59,15,+1,+5,,,,,,,,,,,,,,,,11,12,12,19,17,17,0,+1,+1,+9,+8,+8,"Magic Resistance,Opportunity Attack",,
Mind Flayer (Prologue),Tactician,8,110,15,+1,+3,,,,,,,,,,,,,,,,11,12,12,19,17,17,0,+1,+1,+7,+6,+6,"Magic Resistance,Opportunity Attack",,
Mind Flayer,Balanced,5,71,15,+1,+3,,,,,,,,,,,,,,,,11,12,12,19,17,17,0,+1,+1,+7,+6,+6,"Magic Resistance,Opportunity Attack",,
Mind Flayer,Explorer,5,49,15,+1,+5,,,,,,,,,,,,,,,,11,12,12,19,17,17,0,+1,+1,+9,+8,+8,"Magic Resistance,Opportunity Attack",,
Mind Flayer,Tactician,5,92,15,+1,+3,,,,,,,,,,,,,,,,11,12,12,19,17,17,0,+1,+1,+7,+6,+6,"Magic Resistance,Opportunity Attack,Charm",,
Muzz,Balanced,8,52,14,+4,+3,,,,,,,,,,,,,,,,11,18,14,11,12,14,0,+7,+2,0,+1,+2,"Darkvision,Multiattack: Morphic Ambush,Opportunity Attack",,
Muzz,Explorer,8,36,14,+4,+5,,,,,,,,,,,,,,,,11,18,14,11,12,14,0,+9,+2,0,+1,+2,"Darkvision,Multiattack: Morphic Ambush,Opportunity Attack",,
Muzz,Tactician,8,67,14,+4,+3,,,,,,,,,,,,,,,,11,18,14,11,12,14,0,+7,+2,0,+1,+2,"Darkvision,Mindreader,Multiattack: Morphic Ambush,Opportunity Attack",,
Myshka,Balanced,1,2,12,+2,+2,,,,,,,,,,,,,,,,3,15,10,3,12,7,-4,+2,0,-4,+1,-2,"Darkvision,Feline Fall,Opportunity Attack",,
Myshka,Explorer,1,1,12,+2,+4,,,,,,,,,,,,,,,,3,15,10,3,12,7,-4,+2,0,-4,+1,-2,"Darkvision,Feline Fall,Opportunity Attack",,
Myshka,Tactician,1,2,12,+2,+2,,,,,,,,,,,,,,,,3,15,10,3,12,7,-4,+2,0,-4,+1,-2,"Darkvision,Feline Fall,Opportunity Attack",,
Nimbus,Balanced,,33,18,+2,,,,,,,,,,,,,,,,,16,14,13,5,12,5,+3,+2,+1,-3,+1,-3,"Darkvision,Gloom Step,Opportunity Attack",,
Nimbus,Explorer,,23,18,+2,,,,,,,,,,,,,,,,,16,14,13,5,12,5,+3,+2,+1,-3,+1,-3,"Darkvision,Gloom Step,Opportunity Attack",,
Olfaith Olumssdottir,Balanced,8,52,14,+4,+3,,,,,,,,,,,,,,,,11,18,14,11,12,14,0,+7,+2,0,+1,+2,"Darkvision,Multiattack: Morphic Ambush,Opportunity Attack",,
Olfaith Olumssdottir,Explorer,8,36,14,+4,+5,,,,,,,,,,,,,,,,11,18,14,11,12,14,0,+9,+2,0,+1,+2,"Darkvision,Multiattack: Morphic Ambush,Opportunity Attack",,
Olfaith Olumssdottir,Tactician,8,67,14,+4,+3,,,,,,,,,,,,,,,,11,18,14,11,12,14,0,+7,+2,0,+1,+2,"Mindreader,Darkvision,Multiattack: Morphic Ambush,Opportunity Attack",,
Owlbear Cub,Balanced,1,29,9,-1,+2,,,,,,,,,,,,,,,,12,9,11,3,10,7,+1,-1,0,-4,0,-2,"Darkvision,Opportunity Attack,Skittish",,
Owlbear Cub,Explorer,1,20,9,-1,+4,,,,,,,,,,,,,,,,12,9,11,3,10,7,+1,-1,0,-4,0,-2,"Darkvision,Opportunity Attack,Skittish",,
Owlbear Cub,Tactician,1,37,9,-1,+2,,,,,,,,,,,,,,,,12,9,11,3,10,7,+1,-1,0,-4,0,-2,"Darkvision,Opportunity Attack,Skittish",,
Panther,Balanced,1,45,14,+2,+2,,,,,,,,,,,,,,,,14,15,10,3,14,7,+2,+2,0,-4,+2,-2,"Darkvision,Feline Fall,Opportunity Attack",,
Sister Patricia,Balanced,6,48,13,+3,+3,,,,,,,,Full Resistance,,,Full Resistance,,,,,14,16,12,10,10,10,+2,+6,+1,0,0,0,Opportunity Attack,,
Sister Patricia,Explorer,6,33,13,+3,+5,,,,,,,,Full Resistance,,,Full Resistance,,,,,14,16,12,10,10,10,+2,+8,+1,0,0,0,Opportunity Attack,,
Sister Patricia,Tactician,6,62,13,+3,+3,,,,,,,,Full Resistance,,,Full Resistance,,,,,14,16,12,10,10,10,+2,+6,+1,0,0,0,"Opportunity Attack,Permanently Armed",,
Pheebs Splayfoot,Balanced,1,8,10,0,+2,,,,,,,,,,,,,,,,10,10,10,10,10,10,0,0,0,0,0,0,"Brave,Halfling Luck,Opportunity Attack",,
Pheebs Splayfoot,Explorer,1,6,10,0,+4,,,,,,,,,,,,,,,,10,10,10,10,10,10,0,0,0,0,0,0,"Brave,Halfling Luck,Opportunity Attack",,
Pheebs Splayfoot,Tactician,1,10,10,0,+2,,,,,,,,,,,,,,,,10,10,10,10,10,10,0,0,0,0,0,0,"Brave,Halfling Luck,Opportunity Attack",,
Podd,Balanced,8,52,14,+4,+3,,,,,,,,,,,,,,,,11,18,14,11,12,14,0,+7,+2,0,+1,+2,"Darkvision,Multiattack: Morphic Ambush,Opportunity Attack",,
Podd,Explorer,8,36,14,+4,+5,,,,,,,,,,,,,,,,11,18,14,11,12,14,0,+9,+2,0,+1,+2,"Darkvision,Multiattack: Morphic Ambush,Opportunity Attack",,
Podd,Tactician,8,67,14,+4,+3,,,,,,,,,,,,,,,,11,18,14,11,12,14,0,+7,+2,0,+1,+2,"Darkvision,Mindreader,Multiattack: Morphic Ambush,Opportunity Attack",,
Quinton,Balanced,,8,10,0,,,,,,,,,,,,,,,,,10,10,10,10,10,10,0,0,0,0,0,0,Opportunity Attack,,
Raloric Windbane,Balanced,9,84,8,-2,+4,,,,,,,,,,,,,,,,16,6,16,3,6,5,+3,-2,+3,-4,+2,-3,Opportunity Attack,Undead Fortitude,
Raloric Windbane,Explorer,9,58,8,-2,+6,,,,,,,,,,,,,,,,16,6,16,3,6,5,+3,-2,+3,-4,+4,-3,Opportunity Attack,Undead Fortitude,
Raloric Windbane,Tactician,9,109,8,-2,+4,,,,,,,,,,,,,,,,16,6,16,3,6,5,+3,-2,+3,-4,+2,-3,Opportunity Attack,Undead Fortitude,
Rigg,Balanced,8,52,14,+4,+3,,,,,,,,,,,,,,,,11,18,14,11,12,14,0,+7,+2,0,+1,+2,"Darkvision,Multiattack: Morphic Ambush,Opportunity Attack",,
Rigg,Explorer,8,36,14,+4,+5,,,,,,,,,,,,,,,,11,18,14,11,12,14,0,+9,+2,0,+1,+2,"Darkvision,Multiattack: Morphic Ambush,Opportunity Attack",,
Rigg,Tactician,8,67,14,+4,+3,,,,,,,,,,,,,,,,11,18,14,11,12,14,0,+7,+2,0,+1,+2,"Darkvision,Mindreader,Multiattack: Morphic Ambush,Opportunity Attack",,
Robyn,Balanced,1,8,10,0,+2,,,,,,,,,,,,Full Resistance,,,,10,10,10,10,10,10,0,0,0,0,0,0,"Darkvision,Dwarven Resilience,Opportunity Attack",,
Robyn,Explorer,1,5,10,0,+4,,,,,,,,,,,,Full Resistance,,,,10,10,10,10,10,10,0,0,0,0,0,0,"Darkvision,Dwarven Resilience,Opportunity Attack",,
Robyn,Tactician,1,10,10,0,+2,,,,,,,,,,,,Full Resistance,,,,10,10,10,10,10,10,0,0,0,0,0,0,"Darkvision,Dwarven Resilience,Opportunity Attack",,
Rrripper,Balanced,2,42,14,+2,+2,,,,,,,,,,,,,,,,18,14,14,7,11,8,+4,+2,+2,-2,0,-1,Opportunity Attack,,
Rrripper,Explorer,2,29,14,+2,+4,,,,,,,,,,,,,,,,18,14,14,7,11,8,+4,+2,+2,-2,0,-1,Opportunity Attack,,
Rrripper,Tactician,2,54,14,+2,+2,,,,,,,,,,,,,,,,18,14,14,7,11,8,+4,+2,+2,-2,0,-1,Opportunity Attack,,
Rudd,Balanced,8,52,14,+4,+3,,,,,,,,,,,,,,,,11,18,14,11,12,14,0,+7,+2,0,+1,+2,"Darkvision,Multiattack: Morphic Ambush,Opportunity Attack",,
Rudd,Explorer,8,36,14,+4,+5,,,,,,,,,,,,,,,,11,18,14,11,12,14,0,+9,+2,0,+1,+2,"Darkvision,Multiattack: Morphic Ambush,Opportunity Attack",,
Rudd,Tactician,8,67,14,+4,+3,,,,,,,,,,,,,,,,11,18,14,11,12,14,0,+7,+2,0,+1,+2,"Darkvision,Mindreader,Multiattack: Morphic Ambush,Opportunity Attack",,
Rull,Balanced,8,52,14,+4,+3,,,,,,,,,,,,,,,,11,18,14,11,12,14,0,+7,+2,0,+1,+2,"Darkvision,Multiattack: Morphic Ambush,Opportunity Attack",,
Rull,Explorer,8,36,14,+4,+5,,,,,,,,,,,,,,,,11,18,14,11,12,14,0,+9,+2,0,+1,+2,"Darkvision,Multiattack: Morphic Ambush,Opportunity Attack",,
Rull,Tactician,8,67,14,+4,+3,,,,,,,,,,,,,,,,11,18,14,11,12,14,0,+7,+2,0,+1,+2,"Darkvision,Mindreader,Multiattack: Morphic Ambush,Opportunity Attack",,
Ryland,Balanced,7,52,15,+4,+3,,,,,,,,,,,,,,,,11,18,14,11,12,14,0,+7,+2,0,+1,+2,"Darkvision,Multiattack: Morphic Ambush,Opportunity Attack",,
Ryland,Explorer,7,26,15,+4,+5,,,,,,,,,,,,,,,,11,18,14,11,12,14,0,+9,+2,0,+1,+2,"Darkvision,Multiattack: Morphic Ambush,Opportunity Attack",,
Ryland,Tactician,7,67,15,+4,+3,,,,,,,,,,,,,,,,11,18,14,11,12,14,0,+7,+2,0,+1,+2,"Darkvision,Mindreader,Multiattack: Morphic Ambush,Opportunity Attack",,
Sabre-Toothed Tiger,Balanced,1,62,13,+1,+2,,,,,,,,,,,,,,,,18,13,15,3,12,8,+4,+1,+2,-4,+1,-1,"Darkvision,Feline Fall,Opportunity Attack",Animalistic Vitality,
Sceleritas Fel,Balanced,12,208,11,+1,+4,,,Full Resistance,Full Resistance,Full Resistance,,Full Resistance,Immune,,,,Immune,,,,8,12,12,13,10,6,-1,+1,+1,+1,0,-2,"Darkvision,Devil's Sight",,
Scratch,Balanced,2,11,11,+1,+2,,,,,,,,,,,,,,,,11,13,12,3,13,6,0,+1,+1,-4,+1,-2,"Opportunity Attack,Pack Tactics",,
Scratch,Explorer,2,7,11,+1,+2,,,,,,,,,,,,,,,,11,13,12,3,13,6,0,+1,+1,-4,+1,-2,"Opportunity Attack,Pack Tactics",,
Scratch,Tactician,2,14,11,+1,+2,,,,,,,,,,,,,,,,11,13,12,3,13,6,0,+1,+1,-4,+1,-2,"Opportunity Attack,Pack Tactics",,
Sharran Spider,Balanced,,24,15,+4,,,,,,,,,,,,,,,,,12,18,13,3,12,4,+1,+4,+1,-4,+1,-3,"Companion's Bond,Darkvision,Exceptional Training,Opportunity Attack,Prey's Scent,Web Walker",,
Sharran Spider,Explorer,,48,15,+4,,,,,,,,,,,,,,,,,12,18,13,3,12,4,+1,+4,+1,-4,+1,-3,"Companion's Bond,Darkvision,Exceptional Training,Opportunity Attack,Prey's Scent,Web Walker",,
Sharran Wolf,Balanced,7,31,13,+2,+3,,,,,,,,,,,,,,,,12,15,15,3,12,6,+1,+2,+2,-4,+1,-2,"Companion's Bond,Exceptional Training,Opportunity Attack,Pack Tactics,Prey's Scent",,
Sharran Wolf,Explorer,7,62,13,+2,+5,,,,,,,,,,,,,,,,12,15,15,3,12,6,+6,+7,+7,+1,+6,+3,"Companion's Bond,Exceptional Training,Opportunity Attack,Pack Tactics,Prey's Scent",,
Sharran Wolf (Viconia),Balanced,11,91,13,+4,+4,,,,,,,,,,,,,,,,12,18,15,3,12,6,+1,+4,+2,-4,+1,-2,"Bestial Fury,Companion's Bond,Exceptional Training,Extra Attack,Opportunity Attack,Pack Tactics,Prey's Scent",,
Sharran Wolf (Viconia),Explorer,11,182,13,+4,+6,,,,,,,,,,,,,,,,12,18,15,3,12,6,+7,+10,+8,+2,+7,+4,"Bestial Fury,Companion's Bond,Exceptional Training,Extra Attack,Opportunity Attack,Pack Tactics,Prey's Scent",,
Shirra Clarwen,Balanced,9,92,8,-2,+4,,,,,,,,,,,,,,,,16,6,16,3,6,5,+3,-2,+3,-4,+2,-3,Opportunity Attack,,
Shirra Clarwen,Explorer,9,64,8,-2,+6,,,,,,,,,,,,,,,,16,6,16,3,6,5,+3,-2,+3,-4,+4,-3,Opportunity Attack,,
Shirra Clarwen,Tactician,9,119,8,-2,+4,,,,,,,,,,,,,,,,16,6,16,3,6,5,+3,-2,+3,-4,+2,-3,Opportunity Attack,,
Skittle,Balanced,1,32,12,+2,+2,,,,,,,,,,,,,,,,4,15,13,4,10,4,-3,+2,+1,-3,0,-3,Darkvision,,
Small Klaw,Balanced,2,22,11,+1,+2,,,,,,,,,,,,,,,,14,13,12,7,11,8,+2,+1,+1,-2,0,-1,"Darkvision,Opportunity Attack",,
Small Klaw,Explorer,2,15,11,+1,+4,,,,,,,,,,,,,,,,14,13,12,7,11,8,+2,+1,+1,-2,0,-1,"Darkvision,Opportunity Attack",,
Small Klaw,Tactician,2,28,11,+1,+2,,,,,,,,,,,,,,,,14,13,12,7,11,8,+2,+1,+1,-2,0,-1,"Darkvision,Opportunity Attack",,
Snapp,Balanced,2,42,14,+2,+2,,,,,,,,,,,,,,,,18,14,14,7,11,8,+4,+2,+2,-2,0,-1,Opportunity Attack,,
Snapp,Explorer,2,29,14,+2,+4,,,,,,,,,,,,,,,,18,14,14,7,11,8,+4,+2,+2,-2,0,-1,Opportunity Attack,,
Snapp,Tactician,2,54,14,+2,+2,,,,,,,,,,,,,,,,18,14,14,7,11,8,+4,+2,+2,-2,0,-1,Opportunity Attack,,
Snarrrl,Balanced,2,42,14,+2,+2,,,,,,,,,,,,,,,,18,14,14,7,11,8,+4,+2,+2,-2,0,-1,Opportunity Attack,,
Snarrrl,Explorer,2,29,14,+2,+4,,,,,,,,,,,,,,,,18,14,14,7,11,8,+4,+2,+2,-2,0,-1,Opportunity Attack,,
Snarrrl,Tactician,2,54,14,+2,+2,,,,,,,,,,,,,,,,18,14,14,7,11,8,+4,+2,+2,-2,0,-1,Opportunity Attack,,
Snicker,Balanced,1,12,12,+1,+2,,,,,,,,,,,,,,,,11,13,12,2,12,5,0,+1,+1,-4,+1,-3,"Opportunity Attack,Pack Tactics",,
Snicker,Explorer,1,8,12,+1,+4,,,,,,,,,,,,,,,,11,13,12,2,12,5,0,+1,+1,-4,+1,-3,"Opportunity Attack,Pack Tactics",,
Snicker,Tactician,1,15,12,+1,+2,,,,,,,,,,,,,,,,11,13,12,2,12,5,0,+1,+1,-4,+1,-3,"Opportunity Attack,Pack Tactics",,
Soxx,Balanced,8,52,14,+4,+3,,,,,,,,,,,,,,,,11,18,14,11,12,14,0,+7,+2,0,+1,+2,"Darkvision,Multiattack: Morphic Ambush,Opportunity Attack",,
Soxx,Explorer,8,36,14,+4,+5,,,,,,,,,,,,,,,,11,18,14,11,12,14,0,+9,+2,0,+1,+2,"Darkvision,Multiattack: Morphic Ambush,Opportunity Attack",,
Soxx,Tactician,8,67,14,+4,+3,,,,,,,,,,,,,,,,11,18,14,11,12,14,0,+7,+2,0,+1,+2,"Darkvision,Mindreader,Multiattack: Morphic Ambush,Opportunity Attack",,
Spar,Balanced,2,1,10,0,+2,,,,,,,,,,,,,,,,2,11,9,2,10,4,-4,0,-1,-4,0,-3,Darkvision,,
Spar,Explorer,2,1,10,0,+4,,,,,,,,,,,,,,,,2,11,9,2,10,4,-4,0,-1,-4,0,-3,Darkvision,,
Spar,Tactician,2,1,10,0,+2,,,,,,,,,,,,,,,,2,11,9,2,10,4,-4,0,-1,-4,0,-3,Darkvision,,
Sparky,Balanced,10,5,14,+2,+4,,,,,,,,,,,,,,,,13,14,12,3,12,7,+1,+2,+1,-4,+1,-2,,,
Splintered Shadow Hound,Balanced,,19,14,+2,,,,,,,,,,,,,,,,,16,14,13,5,12,5,+3,+2,+1,-3,+1,-3,"Darkvision,Gloom Step,Opportunity Attack",,
Steelclaw,Balanced,1,2,12,+2,+2,,,,,,,,,,,,,,,,3,15,10,3,12,7,-4,+2,0,-4,+1,-2,"Darkvision,Feline Fall,Opportunity Attack",,
Steelclaw,Explorer,1,1,12,+2,+4,,,,,,,,,,,,,,,,3,15,10,3,12,7,-4,+2,0,-4,+1,-2,"Darkvision,Feline Fall,Opportunity Attack",,
Steelclaw,Tactician,1,2,12,+2,+2,,,,,,,,,,,,,,,,3,15,10,3,12,7,-4,+2,0,-4,+1,-2,"Darkvision,Feline Fall,Opportunity Attack",,
Stoney,Balanced,9,122,13,0,+4,,,,,,,Full Resistance,,,,,,,,,17,10,16,6,10,7,+3,0,+3,-2,0,-2,"Darkvision,Multiattack: Muddy,Opportunity Attack",,
Stoney,Tactician,9,158,13,0,+4,,,,,,,Full Resistance,,,,,,,,,17,10,16,6,10,7,+3,0,+3,-2,0,-2,"Darkvision,Multiattack: Muddy,Opportunity Attack",,
Strange Ox,Balanced,3,15,10,0,+2,,,,,Full Resistance,Immune,,,,Full Resistance,,,,,,18,10,14,2,10,4,+4,0,+2,-4,0,-3,"Blindsight,Darkvision,Opportunity Attack",,
Strange Ox,Explorer,3,15,10,0,+4,,,,,Full Resistance,Immune,,,,Full Resistance,,,,,,18,10,14,2,10,4,+4,0,+2,-4,0,-3,"Blindsight,Darkvision,Opportunity Attack",,
Strange Ox,Tactician,3,15,10,0,+2,,,,,Full Resistance,Immune,,,,Full Resistance,,,,,,18,10,14,2,10,4,+4,0,+2,-4,0,-3,"Blindsight,Caustic Strikes,Darkvision,Extra Attack,Opportunity Attack",,
Strange Ox (Act 2),Balanced,6,132,12,+2,+3,,,,,Full Resistance,Immune,,,,Full Resistance,,,,,,15,15,15,16,15,14,+2,+2,+2,+3,+2,+2,"Blindsight,Darkvision,Opportunity Attack",,
Strange Ox (Act 2),Explorer,6,116,12,+2,+5,,,,,Full Resistance,Immune,,,,Full Resistance,,,,,,15,15,15,16,15,14,+2,+2,+2,+3,+2,+2,"Blindsight,Darkvision,Opportunity Attack",,
Strange Ox (Act 2),Tactician,6,163,12,+2,+3,,,,,Full Resistance,Immune,,,,Full Resistance,,,,,,15,15,15,16,15,14,+2,+2,+2,+3,+2,+2,"Blindsight,Caustic Strikes,Darkvision,Extra Attack,Opportunity Attack",,
Strange Ox (Act 3),Balanced,9,212,12,0,+4,,,,,Full Resistance,Immune,,,,Full Resistance,,,,,,18,10,14,16,15,14,+4,0,+2,+3,+2,+2,"Blindsight,Darkvision,Opportunity Attack",,
Strange Ox (Act 3),Explorer,9,196,12,0,+6,,,,,Full Resistance,Immune,,,,Full Resistance,,,,,,18,10,14,16,15,14,+4,0,+2,+3,+2,+2,"Blindsight,Darkvision,Opportunity Attack",,
Strange Ox (Act 3),Tactician,9,243,12,0,+4,,,,,Full Resistance,Immune,,,,Full Resistance,,,,,,18,10,14,16,15,14,+4,0,+2,+3,+2,+2,"Blindsight,Caustic Strikes,Darkvision,Extra Attack,Opportunity Attack",,
Suttida Attana,Balanced,9,76,8,-2,+4,,,,,,,,,,,,,,,,16,6,16,3,6,5,+3,-2,+3,-4,+2,-3,Opportunity Attack,Undead Fortitude,
Suttida Attana,Explorer,9,53,8,-2,+6,,,,,,,,,,,,,,,,16,6,16,3,6,5,+3,-2,+3,-4,+4,-3,Opportunity Attack,Undead Fortitude,
Suttida Attana,Tactician,9,98,8,-2,+4,,,,,,,,,,,,,,,,16,6,16,3,6,5,+3,-2,+3,-4,+2,-3,Opportunity Attack,Undead Fortitude,
Tale,Balanced,2,26,13,+1,+2,,,,,,,,,,,,,,,,16,13,13,7,11,8,+3,+1,+1,-2,0,-1,Opportunity Attack,,
Tale,Explorer,2,22,13,+1,+4,,,,,,,,,,,,,,,,16,13,13,7,11,8,+3,+1,+1,-2,0,-1,Opportunity Attack,,
Tale,Tactician,2,33,13,+1,+2,,,,,,,,,,,,,,,,16,13,13,7,11,8,+3,+1,+1,-2,0,-1,Opportunity Attack,,
Tambourine,Balanced,1,2,12,+2,+2,,,,,,,,,,,,,,,,3,15,10,3,12,7,-4,+2,0,-4,+1,-2,"Darkvision,Feline Fall,Opportunity Attack",,
Tambourine,Explorer,1,1,12,+2,+4,,,,,,,,,,,,,,,,3,15,10,3,12,7,-4,+2,0,-4,+1,-2,"Darkvision,Feline Fall,Opportunity Attack",,
Tambourine,Tactician,1,2,12,+2,+2,,,,,,,,,,,,,,,,3,15,10,3,12,7,-4,+2,0,-4,+1,-2,"Darkvision,Feline Fall,Opportunity Attack",,
Teela,Balanced,2,3,16,+3,+2,,,,,,,,,,,,,,,,2,16,11,1,10,3,-4,+3,0,-5,0,-4,Opportunity Attack,,
Teela,Explorer,2,2,16,+3,+4,,,,,,,,,,,,,,,,2,16,11,1,10,3,-4,+3,0,-5,0,-4,Opportunity Attack,,
The Dark Urge,Balanced,,8,11,+1,,,,,,,,,,,,,,,,,8,13,15,12,10,17,-1,+1,+2,+1,0,+3,,,
Thenar,Balanced,6,53,13,+3,+3,,,,,,,,,,,Full Resistance,Immune,,,,16,17,10,11,10,8,+3,+3,0,0,0,-1,"Darkvision,Opportunity Attack",Sacred Defiance Aura,
Thenar,Explorer,6,37,13,+3,+5,,,,,,,,,,,Full Resistance,Immune,,,,16,17,10,11,10,8,+3,+3,0,0,0,-1,"Darkvision,Opportunity Attack",Sacred Defiance Aura,
Thenar,Tactician,6,68,13,+3,+3,,,,,,,,,,,Full Resistance,Immune,,,,16,17,10,11,10,8,+3,+3,0,0,0,-1,"Darkvision,Opportunity Attack",Sacred Defiance Aura,
Harper Thonos,Balanced,8,52,14,+4,+3,,,,,,,,,,,,,,,,11,18,14,11,12,14,0,+7,+2,0,+1,+2,"Darkvision,Multiattack: Morphic Ambush,Opportunity Attack",,
Harper Thonos,Explorer,8,36,14,+4,+5,,,,,,,,,,,,,,,,11,18,14,11,12,14,0,+9,+2,0,+1,+2,"Darkvision,Multiattack: Morphic Ambush,Opportunity Attack",,
Harper Thonos,Tactician,8,67,14,+4,+3,,,,,,,,,,,,,,,,11,18,14,11,12,14,0,+7,+2,0,+1,+2,"Darkvision,Mindreader,Multiattack: Morphic Ambush,Opportunity Attack",,
Timber,Balanced,,1,10,0,,,,,,,,,,,,,,,,,2,11,9,2,10,4,-4,0,-1,-4,0,-3,,,
Timber,Explorer,,1,10,0,,,,,,,,,,,,,,,,,2,11,9,2,10,4,-4,0,-1,-4,0,-3,,,
Timber,Tactician,,1,10,0,,,,,,,,,,,,,,,,,2,11,9,2,10,4,-4,0,-1,-4,0,-3,,,
Viola Silvertongue,Balanced,5,50,10,0,+3,,,,,,,,,,,,,,,,12,10,10,16,12,18,+1,+3,0,+3,+1,+7,"Bardic Inspiration,Font of Inspiration,Improved Bardic Inspiration,Opportunity Attack",,
Viola Silvertongue,Explorer,5,35,10,0,+5,,,,,,,,,,,,,,,,12,10,10,16,12,18,+1,+5,0,+3,+1,+9,"Bardic Inspiration,Font of Inspiration,Improved Bardic Inspiration,Opportunity Attack",,
Viola Silvertongue,Tactician,5,65,10,0,+3,,,,,,,,,,,,,,,,12,10,10,16,12,18,+1,+3,0,+3,+1,+7,"Bardic Inspiration,Font of Inspiration,Improved Bardic Inspiration,Opportunity Attack",,
Wobb,Balanced,8,52,14,+4,+3,,,,,,,,,,,,,,,,11,18,14,11,12,14,0,+7,+2,0,+1,+2,"Darkvision,Multiattack: Morphic Ambush,Opportunity Attack",,
Wobb,Explorer,8,36,14,+4,+5,,,,,,,,,,,,,,,,11,18,14,11,12,14,0,+9,+2,0,+1,+2,"Darkvision,Multiattack: Morphic Ambush,Opportunity Attack",,
Wobb,Tactician,8,67,14,+4,+3,,,,,,,,,,,,,,,,11,18,14,11,12,14,0,+7,+2,0,+1,+2,"Darkvision,Mindreader,Multiattack: Morphic Ambush,Opportunity Attack",,
Steel Watcher,Balanced,11,206,16,+6,+4,DEX,18,Resistance to Non-Magical,Resistance to Non-Magical,Resistance to Non-Magical,,,,,Vulnerable,,Immune,Immune,,,18,22,18,6,10,10,+4,+10,+8,-2,0,0,"Agile Chassis, Darkvision, Failsafe Protocol, Immutable Form, Magic Resistance, Opportunity Attack, Perfect Sentry",,
Steel Watcher,Tactician,11,267,16,+6,+4,DEX,20,Resistance to Non-Magical,Full Resistance,Resistance to Non-Magical,,,Full Resistance,,,,Immune,Immune,,,18,22,18,6,10,10,+4,+10,+8,-2,0,0,"Agile Chassis, Darkvision, Failsafe Protocol, Immutable Form, Magic Resistance, Opportunity Attack, Perfect Sentry",,
Woyy,Balanced,8,52,14,+4,+3,,,,,,,,,,,,,,,,11,18,14,11,12,14,0,+7,+2,0,+1,+2,"Darkvision,Multiattack: Morphic Ambush,Opportunity Attack",,
Woyy,Explorer,8,36,14,+4,+5,,,,,,,,,,,,,,,,11,18,14,11,12,14,0,+9,+2,0,+1,+2,"Darkvision,Multiattack: Morphic Ambush,Opportunity Attack",,
Woyy,Tactician,8,67,14,+4,+3,,,,,,,,,,,,,,,,11,18,14,11,12,14,0,+7,+2,0,+1,+2,"Darkvision,Mindreader,Multiattack: Morphic Ambush,Opportunity Attack",,
Yafeu,Balanced,10,234,20,+3,+4,,,,,,,,,,Immune,,,,,Immune,21,16,22,15,16,20,+5,+3,+6,+2,+3,+5,"Extra Attack,Magic Resistance,Opportunity Attack,Tenacity",,
Yafeu,Explorer,10,163,20,+3,+6,,,,,,,,,,Immune,,,,,Immune,21,16,22,15,16,20,+5,+3,+6,+2,+3,+5,"Extra Attack,Magic Resistance,Opportunity Attack,Tenacity",,
Yafeu,Tactician,10,304,20,+3,+4,,,,,,,,,,Immune,,,,,Immune,21,16,22,15,16,20,+5,+3,+6,+2,+3,+5,"Extra Attack,Magic Resistance,Opportunity Attack,Tenacity",,
Zambomba,Balanced,1,2,12,+2,+2,,,,,,,,,,,,,,,,3,15,10,3,12,7,-4,+2,0,-4,+1,-2,"Darkvision,Feline Fall,Opportunity Attack",,
Zambomba,Explorer,1,1,12,+2,+4,,,,,,,,,,,,,,,,3,15,10,3,12,7,-4,+2,0,-4,+1,-2,"Darkvision,Feline Fall,Opportunity Attack",,
Zambomba,Tactician,1,2,12,+2,+2,,,,,,,,,,,,,,,,3,15,10,3,12,7,-4,+2,0,-4,+1,-2,"Darkvision,Feline Fall,Opportunity Attack",,
Zethino,Balanced,7,62,12,+1,+3,,,,,,,,,,,,,,,,10,12,11,14,15,18,0,+1,0,+2,+2,+4,"Grasp of the Forest,Magic Resistance,Opportunity Attack",,
Zethino,Explorer,7,43,12,+1,+5,,,,,,,,,,,,,,,,10,12,11,14,15,18,0,+1,0,+2,+2,+4,"Grasp of the Forest,Magic Resistance,Opportunity Attack",,
Zethino,Tactician,7,80,12,+1,+3,,,,,,,,,,,,,,,,10,12,11,14,15,18,0,+1,0,+2,+2,+4,"Grasp of the Forest,Magic Resistance,Opportunity Attack",,
Zola,Balanced,1,5,14,+2,+2,,,,,,,,,,,,,,,,13,14,12,3,12,7,+1,+2,+1,-4,+1,-2,,,
Zola,Explorer,1,3,14,+2,+4,,,,,,,,,,,,,,,,13,14,12,3,12,7,+1,+2,+1,-4,+1,-2,,,
Zola,Tactician,1,6,14,+2,+2,,,,,,,,,,,,,,,,13,14,12,3,12,7,+1,+2,+1,-4,+1,-2,,,
Zomm,Balanced,8,52,14,+4,+3,,,,,,,,,,,,,,,,11,18,14,11,12,14,0,+7,+2,0,+1,+2,"Darkvision,Multiattack: Morphic Ambush,Opportunity Attack",,
Zomm,Explorer,8,26,14,+4,+5,,,,,,,,,,,,,,,,11,18,14,11,12,14,0,+9,+2,0,+1,+2,"Darkvision,Multiattack: Morphic Ambush,Opportunity Attack",,
Zomm,Tactician,8,67,14,+4,+3,,,,,,,,,,,,,,,,11,18,14,11,12,14,0,+7,+2,0,+1,+2,"Darkvision,Mindreader,Multiattack: Morphic Ambush,Opportunity Attack",,