Name,Image,Permanent Conditions,Skills,Skill Bonus,Skill Factor,ST Ability,ST Bonus,ST Factor,Ability,Ability Bonus,Ability Max,Skills Proficiency,Armour Proficiency,Weapon Proficiency,Initiative,Reduce Damage Type,Reduce Damage,Darkvision,AC,AC Mod,Extra HP/Level,Actions,Spells,Cantrips,Immunity,Immune to Conditions,Movement,Expertise,Resistance,Temporary HP,Critical Chance,Attack Type,Weapon DMG,Weapon DMG Type,AR Types,AR Bonus,AR Factor,Spell Save DC,Unarmed DMG Bonus,Unarmed DMG Type,Carrying capacity,Illithid Power,Condition,Condition Duration,Condition DC,Condition Ability,ST Spell Bonus,ST Proficiency,Requirements,Jump Distance,Ignore,DONE,Desc 1,Desc 2
Aberration Hunter,,,,,,INT,,ADV,,,,,,,,,,,,,,,,,,,,,,,,,,,,,,,,,,FALSE,,,,,,,Is Githyanki,,FALSE,TRUE,Aberration Hunter is a passive feature that protects against aberration attacks. ,A githyanki wearing this amulet has  Advantage on Intelligence  Saving throws. Aberrations also have  Disadvantage on Attack rolls against them. 
Ability Drain,,,,,,,,,,,,,,,,,,,,,,,,,,,,,,,,,,,,,,,,,,TRUE,"Ability Drain: Strength,Ability Drain: Dexterity",1 Turn,,,,,,,TRUE,FALSE,"Ability Drain is a passive feature and Illithid Power. Once per turn while attacking, this ability reduces the target's relevant Ability score by 1. ","Once per turn, when you make an Attack Roll, the attack reduces that target's corresponding Ability by 1. The reduced ability score cannot be decreased lower than 1. The ability that is reduced is the same as the one used to make the Attack Roll. For melee weapons, this is usually Strength, for ranged weapons usually Dexterity, and for spells usually your Spellcasting Ability. "
Ablaze,,,,,,,,,,,,,,,,,,,,,,,,,,,,,,,,,,,,,,,,,,FALSE,Flaming Sphere,,,DEX,,,,,TRUE,FALSE,Ablaze is a toggleable passive feature available to conjured Flaming Spheres. It allows the Flaming Sphere to deal AoE ⁠Fire damage and leave a trail of fire. ,"When the sphere is ablaze, it leaves behind a  Fire surface and deals 2d6⁠Fire to nearby creatures and objects. "
Absolute Night,,,,,,,,,,,,,,,,,,,,,,,,,,,,,,,,,,,,,,,,,,FALSE,Blinded,2 Turns,11,DEX,,,,,TRUE,FALSE,Absolute Night is a passive feature that lets the weapon blind its targets. ,Blind targets that fail a  Dexterity saving throw. Deals an additional 2d6⁠Piercing to certain creatures that sport multiple sets of eyes. 
Absolute's Aegis,,,,,,,,,,,,,,,,,,,,,,,,,,,,,,,,,,,,,,,,,,FALSE,,,,,,,,,TRUE,FALSE,Absolute's Aegis is a passive feature that reduces damage if you are branded. ,"If the wielder bears the Absolute's Brand, all damage received from spells is reduced by 1. "
Absolute's Bane,,,,,,,,,,,,,,,,,,,,,,,,,,,,,,,,,,,,,,,,,,FALSE,Bane,2 Turns,11,CHA,,,,,TRUE,FALSE,Absolute's Bane is a passive feature that penalizes the user's targets with Bane for 2 turns when you hit them with a weapon attack (melee or ranged). ,"On a hit with a weapon attack, possibly inflict a   -1d4 penalty to the target's Attack rolls and  Saving throws. "
Absolute's Tempest,,,,,,,,,,,,,,,,,,,,,,,,,,,,,,,,,,,,,,,,,,FALSE,,,,,,,,,TRUE,FALSE,Absolute's Tempest is a passive feature that adds 1 extra damage to thunder spells and attacks. ,"If the wearer bears the Absolute's Brand, they deal 1 additional Thunder damage with Thunder damage spells and attacks. "
Absolute's Ward,,,,,,,,,,,,,,,,,,,,,,,,,,,,,,,,,,,,,,,,,,FALSE,,,,,,,,,TRUE,FALSE,Absolute's Ward is a passive feature that grants a bonus to your defenses if you are branded with the Absolute. ,"If the wielder bears the Absolute's Brand, they gain a +1 bonus to  Saving throws. "
Absolute's Mercy,,,,,,,,,,,,,,,,,,,,,,,,,,,,,,,,,,,,,,,,,,FALSE,,,,,,,,,TRUE,FALSE,Absolute's Mercy is a passive feature that makes the wearer more likely to survive being unconscious. ,"If the wearer bears the Absolute's Brand, they have  Advantage on Death Saving Throws. "
Accursed Coins,,,,,,,,,,,,,,,,,,,,,,,,,,,,,,,,,,,,,,,,,,FALSE,,,,,,,,,TRUE,FALSE,Accursed Coins is a passive feature unique to the toll collector's visages. ,This cursed visage controls part of the coins protecting the Toll Collector. 
Accursed Spectre,,,,,,,,,,,,,,,,,,,,,,Accursed Spectre (reaction),,,,,,,,,,,,,,,,,,,,FALSE,,,,,,,,,FALSE,TRUE,Accursed Spectre is a The Hexblade warlock passive feature that raises a spectre when an enemy is killed. ,"When you or an ally within 18 m / 60 ft slay a creature that is afflicted with  Hexblade's Curse, you can raise an Accursed Spectre that will fight alongside you for a short period of time. Doesn't work with constructs, elementals, oozes, plants, or undead. "
Acolyte of Nature,,,,,,,,,,,,,,,,,,,,,,,,,,,,,,,,,,,,,,,,,,FALSE,,,,,,,,,TRUE,FALSE,Acolyte of Nature is a Nature Domain Cleric passive feature. It allows Cleric to learn one druid cantrip and get an additional proficiency. ,Learn one of the following Druid cantrips: Get one of the following proficiencies: 
Actor,,,,,,,,,CHA,1,20,,,,,,,,,,,,,,,,,"Deception, Performance",,,,,,,,,,,,,,FALSE,,,,,,,,,FALSE,TRUE,Actor is a Feat that grants bonuses to a character's ability to act. ,"You have become a true thespian. Your Charisma increases by 1, to a maximum of 20 Your  Proficiency Bonus is doubled for Deception and Performance Checks. "
Adamantine Backlash,,,,,,,,,,,,,,,,,,,,,,,,,,,,,,,,,,,,,,,,,,FALSE,Reeling,2 Turns,,,,,,,TRUE,FALSE,Adamantine Backlash is a passive feaure that sends a melee attacker reeling after a hit. ,"When a melee attack hits you, the attacker is sent  Reeling for 2 turns. Reeling creatures have a -1 penalty to Attack rolls for every turn remaining. "
Adamantine Shield,,,,,,,,,,,,,,,,,,,,,,,,,,,,,,,,,,,,,,,,,,FALSE,Reeling,2 Turns,,,,,,,TRUE,FALSE,Adamantine Shield is a passive feature that sends attacks reeling. ,"When a melee attack misses you, the attacker is sent  Reeling for 2 turns. Reeling creatures have a -1 penalty to Attack rolls for every turn remaining. "
Adamantine Skin,,,,,,,,,,,,,,,,,,,,,,,,,,,,,,,,,,,,,,,,,,FALSE,,,,,,,,,TRUE,FALSE,Adamantine Skin is a passive feature of Grym. It renders Grym invulnerable to all types of damage until weakened with intense heat. ,"Made entirely from adamantine, this mass is about as heavy as a dragon, and nearly as indestructible. Only intense heat can soften the metal enough to be shaped.  "
Adaptable Skullduggery,,,,,,,,,,,,,,,,,,,,,,,,,,,,,,,,,,,,,,,,,,FALSE,,,,,,,,,TRUE,FALSE,Adaptable Skullduggery is a passive feature that allows the user to perform Sneak Attacks with any weapon. ,"This creature can perform a Sneak Attack with any weapon, not only those marked as Finesse. "
Additional Spell Slot,,,,,,,,,,,,,,,,,,,,,,,,,,,,,,,,,,,,,,,,,,FALSE,,,,,,,,,TRUE,FALSE,Additional Spell Slot is a passive feature that gives you an extra spell slot. ,You gain 1  Level 1 Spell Slot. 
Additional Spell Slot Level 3,,,,,,,,,,,,,,,,,,,,,,,,,,,,,,,,,,,,,,,,,,FALSE,,,,,,,,,TRUE,FALSE,AdditionalSpellSlot_Level_3 is a passive feature that gives you an extra level 3 spell slot. ,You gain 1  Level 3 Spell Slot. 
Adrenaline Rush,,,,,,,,,,,,,,,,,,,,,,,,,,,,,,,,,,,,,,,,,,FALSE,Wrath,3 Turns,,,,,,,TRUE,FALSE,Adrenaline Rush is a passive feature that grants a character wrath every time they dash during combat. ,"When the wearer  Dashes or takes a similar action during combat, they gain  Wrath for 3 turns. "
Adroit Caster,,Adroit Caster,,,,,,,,,,,,,,,,,,,,,,,,,,,,,,,,,,,,,,,,FALSE,,,,,,,,,FALSE,TRUE,"Adroit Caster is a toggleable passive feature that allows you to cast a cantrip at a second creature at the same time, once per short rest. ","Cantrips targeting foes and allies can target an additional creature. The same target can be chosen twice. Usable once per short rest. Cantrips require the targets to be close together, unless those cantrips are projectiles. "
Adroit Reflexes,,,,,,,,,,,,,,,,,,,,,,,,,,,,,,,,,,,,,,,,,,FALSE,,,,,,,,,TRUE,FALSE,Adroid Reflexes is a passive feature that enhances your counterattacks. ,"When you make an Attack roll as a  Reaction, you make it with  Advantage. "
Advanced Unarmoured Movement,,,,,,,,,,,,,,,,,,,,,,,,,,,,,,,,,,,,,,,,,,FALSE,,,,,,,No Protection,6,FALSE,TRUE,"Advanced Unarmoured Movement is a Monk passive feature that allows movement through Difficult Terrain without penalty. If no armour or shield is equipped, an additional  6 m / 20 ft can be Jumped. ",Difficult Terrain doesn't slow you down and you can  Jump an additional  6 m / 20 ft while you are not wearing armour or using a shield. 
Aegis Palms,,,,,,,,,,,,,,,,,,,,,,,,,,,,,,,,,,,,,,,,,,FALSE,"Blade Ward,Death Ward",2 Turns,,,,,,,TRUE,FALSE,Aegis Palms is a passive feature that protects creatures you heal or revive. ,"When you heal a creature, it gains the effect of  Blade Ward. When you  Revive a creature it gains the effect of  Death Ward. "
After Death Do Us Part,,,,,,,,,,,,,,,,,,,,,,,,,,,,,,,,,,,,,,,,,,FALSE,,,,,,,,,TRUE,FALSE,After Death Do Us Part is a passive feature that can automatically revive the wearer but might drive them mad. ,"When the wearer is  Downed, they rise once more with half their Hit Points restored, but are gripped by  Shadow Possession. "
Agile Chassis,,,,,,DEX,,ADV,,,,,,,,,,,,,,,,,,,9,,,,,,,,,,,,,,,FALSE,,,,,,,,,FALSE,TRUE,Agile Chassis is a passive feature that grants a creature  Advantage on  Dexterity saving throw and an additional 9 m / 30 ft movement speed. ,The lightweight build of this Steel Watcher grants it Advantage on Dexterity Saving Throws and an additional 9 m / 30 ft movement speed. 
Agonising Blast,,,,,,,,,,,,,,,,,,,,,,,,,,,,,,,,,,,,,,,,,,FALSE,,,,,,,,,TRUE,FALSE,Agonising Blast is an Eldritch Invocation passive feature from the Warlock class. It allows the caster to increase their damage by adding their Charisma Modifier. ,"When you cast  Eldritch Blast, add your Charisma Modifier to the damage it deals, unless it is negative. "
Alert,,,,,,,,,,,,,,,+5,,,,,,,,,,,Surprised,,,,,,,,,,,,,,,,FALSE,,,,,,,,,FALSE,TRUE,Alert is a Feat. It gives you a bonus to your initiative and you can no longer be  Surprised. ,You gain +5 to Initiative and can no longer be surprised. 
Ambusher (+1),,,,,,,,,,,,,,,+1,,,,,,,,,,,,,,,,,,,,,,,,,,,FALSE,,,,,,,,,FALSE,TRUE,Ambusher is a passive feature that enhances the user's initiative in combat. ,Gain a +1 bonus to  Initiative Rolls. 
Ambusher (+2),,,,,,,,,,,,,,,+2,,,,,,,,,,,,,,,,,,,,,,,,,,,FALSE,,,,,,,,,FALSE,TRUE,Ambusher is a passive feature that enhances the user's initiative in combat. ,Gain a +2 bonus to  Initiative Rolls. 
Ambusher's Streak,,,,,,,,,,,,,,,,,,,,,,,,,,,,,,,,,,,,,,,,,,FALSE,,,,,,,,,TRUE,FALSE,Ambusher's Streak is a passive feature that deals more damage at the start of the battle if you act before the target does. ,"In combat, you deal an additional 1d6⁠Necrotic damage against creatures that haven't taken a turn yet. "
Angelclocker Knuckles,,,,,,,,,,,,,,,,,,,,,,,,,,,,,,,,,,,,,,,1d4,Radiant,,FALSE,,,,,,,,,FALSE,TRUE,Angelclocker Knuckles is passive feature that adds radiant damage to unarmed attacks. ,Your unarmed attacks deal an additional 1d4⁠Radiant damage. 
Antimagic Susceptibility,,,,,,,,,,,,,,,,,,,,,,,,,,,,,,,,,,,,,,,,,,FALSE,,,,,,,,,TRUE,FALSE,Antimagic Susceptibility is a passive feature that renders the creature incapacitated and unable to act when within an antimagic field. ,"Held together by the Weave itself, this armour is  Incapacitated by antimagic fields. "
Arcane Ashes,,,,,,,,,,,,,,,,,,,,,,,,,,,,,,,,,,,,,,,,,,FALSE,Heat,2 Turns,,,,,,,TRUE,FALSE,Arcane Ashes is a passive feature that heats up the user whenever they deal fire damage. ,"Whenever you deal ⁠Fire damage, you gain 2 turns of  Heat. "
Arcane Battery,,Arcane Battery,,,,,,,,,,,,,,,,,,,,,,,,,,,,,,,,,,,,,,,,FALSE,,,,,,,,,FALSE,TRUE,Arcane Battery is a toggleable passive feature which allows the user to cast a spell without using up a spell slot. ,Alleviate the arcane burden of spellcasting with the power of this staff. The next spell you cast doesn't cost a spell slot. You need to toggle this feature on in order to activate this effect. 
Arcane Echomalefaction,,,,,,,,,,,,,,,,,,,,,,,,,,,,,,,,,,,,,,,,,,FALSE,Reverberation,2 Turns,,,,,,,TRUE,FALSE,Arcane Echomalefaction is a passive feature which applies reverberation on enemies after applying a condition. ,"When the wearer inflicts a condition upon a hostile creature, they also inflict 2 turns of  Reverberation.[See: Bugs] "
Arcane Enchantment (Caitiff Staff),,,,,,,,,,,,,,,,,,,,,,,,,,,,,,,,,,,"Melee Spell, Ranged Spell",+1,,+1,,,,FALSE,,,,,,,,,FALSE,TRUE,Arcane Enchantment is a passive feature that boosts a caster's spellcasting ability. ,You gain a +1 bonus to Spell Save DC and Spell Attack rolls. 
Arcane Enchantment (Despair of Athkatla),,,,,,,,,,,,,,,,,,,,,,,,,,,,,,,,,,,"Melee Spell, Ranged Spell",+1,,+1,,,,FALSE,,,,,,,,,FALSE,TRUE,Arcane Enchantment is a passive feature that boosts a caster's spellcasting ability. ,You gain a +1 bonus to Spell Save DC and Spell Attack rolls. 
Arcane Enchantment (Markoheshkir),,,,,,,,,,,,,,,,,,,,,,,,,,,,,,,,,,,"Melee Spell, Ranged Spell",+1,,+1,,,,FALSE,,,,,,,,,FALSE,TRUE,Arcane Enchantment is a passive feature that boosts a caster's spellcasting ability. ,You gain a +1 bonus to Spell Save DC and Spell Attack rolls. 
Arcane Enchantment (Melf's First Staff),,,,,,,,,,,,,,,,,,,,,,,,,,,,,,,,,,,"Melee Spell, Ranged Spell",+1,,+1,,,,FALSE,,,,,,,,,FALSE,TRUE,Arcane Enchantment is a passive feature that boosts a caster's spellcasting ability. ,You gain a +1 bonus to Spell Save DC and Spell Attack rolls. 
Arcane Enchantment (Staff of Spellpower),,,,,,,,,,,,,,,,,,,,,,,,,,,,,,,,,,,"Melee Spell, Ranged Spell",+1,,+1,,,,FALSE,,,,,,,,,FALSE,TRUE,Arcane Enchantment is a passive feature that boosts a caster's spellcasting ability. ,You gain a +1 bonus to Spell Save DC and Spell Attack rolls. 
Arcane Enchantment (Staff of the Emperor),,,,,,,,,,,,,,,,,,,,,,,,,,,,,,,,,,,"Melee Spell, Ranged Spell",+1,,+1,,,,FALSE,,,,,,,,,FALSE,TRUE,Arcane Enchantment is a passive feature that boosts a caster's spellcasting ability. ,You gain a +1 bonus to Spell Save DC and Spell Attack rolls. 
Arcane Enchantment (Woe),,,,,,,,,,,,,,,,,,,,,,,,,,,,,,,,,,,"Melee Spell, Ranged Spell",+1,,+1,,,,FALSE,,,,,,,,,FALSE,TRUE,Arcane Enchantment is a passive feature that boosts a caster's spellcasting ability. ,You gain a +1 bonus to Spell Save DC and Spell Attack rolls. 
Arcane Enchantment (Cloak of the Weave),,,,,,,,,,,,,,,,,,,,,,,,,,,,,,,,,,,"Melee Spell, Ranged Spell",+1,,+1,,,,FALSE,,,,,,,,,FALSE,TRUE,Arcane Enchantment is a passive feature that boosts a caster's spellcasting ability. ,You gain a +1 bonus to Spell Save DC and Spell Attack rolls. 
Arcane Enchantment (Ketheric's Shield),,,,,,,,,,,,,,,,,,,,,,,,,,,,,,,,,,,"Melee Spell, Ranged Spell",+1,,+1,,,,FALSE,,,,,,,,,FALSE,TRUE,Arcane Enchantment is a passive feature that boosts a caster's spellcasting ability. ,You gain a +1 bonus to Spell Save DC and Spell Attack rolls. 
Arcane Enchantment (Robe of the Weave),,,,,,,,,,,,,,,,,,,,,,,,,,,,,,,,,,,"Melee Spell, Ranged Spell",+1,,+1,,,,FALSE,,,,,,,,,FALSE,TRUE,Arcane Enchantment is a passive feature that boosts a caster's spellcasting ability. ,You gain a +1 bonus to Spell Save DC and Spell Attack rolls. 
Arcane Enchantment (+2),,,,,,,,,,,,,,,,,,,,,,,,,,,,,,,,,,,"Melee Spell, Ranged Spell",+2,,+2,,,,FALSE,,,,,,,,,FALSE,TRUE,Arcane Enchantment is a passive feature that boosts a caster's spellcasting ability. ,You gain a +2 bonus to Spell Save DC and Spell Attack rolls. 
Arcane Radiance,,,,,,,,,,,,,,,,,,,,,,,,,,,,,,,,,,,,,,,,,,FALSE,Radiating Orb,2 Turns,,,,,,,TRUE,FALSE,Arcane Radiance is a passive feature that debuffs a target hit by spell damage while illuminated. ,"When the wearer deals spell damage while illuminated by a light source, they also inflict  Radiating Orb upon the target for 2 turns. "
Arcane Vampirism,,,,,,,,,,,,,,,,,,,,,,,,,,,,,,,,,,,,,,,,,,FALSE,,,,,,,,,TRUE,FALSE,Arcane Vampirism is a passive feature that heals the wearer whenever the wearer applies a negative effect from spells. ,"When the creatures affected by your spells fail any associated  Saving throws, you regain 1d4⁠hit points. "
Arcane Vehemence,,,,,,,,,,,,,,,,,,,,,,,,,,,,,,,,,,,,,,,,,,FALSE,,,,,,,,,TRUE,FALSE,Arcane Vehemence is a passive feature that restores a spell slot when you land a critical hit. ,"Once per Short Rest, you regain a Level 1 spell slot when you land a Critical Hit with the Spellthief. "
Arcane Vivaciousness,,,,,,,,,,,,,,,,,,,,,,,,,,,,,,,,,,,,,,,,,,FALSE,Temporary Hit Points (8),,,,,,,,TRUE,FALSE,Arcane Vivaciousness is a passive feature that grants the wearer temporary health while casting spells in melee range. ,You gain  8 temporary hit points after casting a spell while in melee. Can only have temporary hit points from one source. 
Arcane Ward,,,,,,,,,,,,,,,,,,,,,,,,,,,,,,,,,,,,,,,,,,FALSE,,,,,,,,,TRUE,FALSE,"Arcane Ward is a passive feature of the Abjuration School Wizard. Upon casting an Abjuration spell[See: Bugs], gain a charge in Arcane Ward which blocks incoming damage. Each time damage is taken, it is reduced by the charge count and the charge count decreases by one. ","The residual magic of your spells forms a ward around you that protects you from harm. Each time you cast an Abjuration spell, the intensity of the ward increases by the amount of the spell's Level, up to a maximum of 2x your Wizard level. Each time you take damage, the ward blocks an amount of damage equal to its intensity, and its intensity decreases by 1. After each Long Rest, the ward's intensity resets, and becomes the same as your Wizard level. "
Archery,,,,,,,,,,,,,,,,,,,,,,,,,,,,,,,,,,,Ranged,+2,,,,,,FALSE,,,,,,,,,FALSE,TRUE,Archery is a Fighting Style passive feature. ,You gain a +2 bonus to Attack rolls you make with ranged Weapons. 
Arctic I,,,,,,,,,,,,,,,,,,,,,,,"Hold Person, Spike Growth",,,,,,,,,,,,,,,,,,,FALSE,,,,,,,,,FALSE,TRUE,Arctic is a passive feature available to Circle of the Land Druids that pick this as their Land. ,You can cast  Hold Person and  Spike Growth. At higher levels You can cast  Sleet Storm and  Haste. You can cast  Conjure Minor Elemental and  Ice Storm. You can cast  Cone of Cold and  Contagion. 
Arctic II,,,,,,,,,,,,,,,,,,,,,,,"Sleet Storm, Haste",,,,,,,,,,,,,,,,,,,FALSE,,,,,,,,,FALSE,TRUE,Arctic is a passive feature available to Circle of the Land Druids that pick this as their Land. ,You can cast  Hold Person and  Spike Growth. At higher levels You can cast  Sleet Storm and  Haste. You can cast  Conjure Minor Elemental and  Ice Storm. You can cast  Cone of Cold and  Contagion. 
Arctic III,,,,,,,,,,,,,,,,,,,,,,,"Conjure Minor Elemental, Ice Storm",,,,,,,,,,,,,,,,,,,FALSE,,,,,,,,,FALSE,TRUE,Arctic is a passive feature available to Circle of the Land Druids that pick this as their Land. ,You can cast  Hold Person and  Spike Growth. At higher levels You can cast  Sleet Storm and  Haste. You can cast  Conjure Minor Elemental and  Ice Storm. You can cast  Cone of Cold and  Contagion. 
Arctic IV,,,,,,,,,,,,,,,,,,,,,,,"Cone of Cold, Contagion",,,,,,,,,,,,,,,,,,,FALSE,,,,,,,,,FALSE,TRUE,Arctic is a passive feature available to Circle of the Land Druids that pick this as their Land. ,You can cast  Hold Person and  Spike Growth. At higher levels You can cast  Sleet Storm and  Haste. You can cast  Conjure Minor Elemental and  Ice Storm. You can cast  Cone of Cold and  Contagion. 
Arming Enhancement,,,,,,,,,,,,,,,,,,,,,,,,,,,,,,,,,2,Weapon,"Ranged, Melee",+2,,,,,,FALSE,,,,,,,,,FALSE,TRUE,Arming Enhancement is a passive feature that adds a straight +2 enchantment to your current weapon. ,Gain a +2 Bonus to Attack roll and damage rolls with weapons. 
Armour of Agathys,,,,,,,,,,,,,,,,,,,,,,,,,,,,,,,,,,,,,,,,,,FALSE,,,,,,,,,TRUE,FALSE,Armour of Agathys is a passive feature granted by the condition and spell of the same name. ,"A spectral frost covers you and your gear. When a creature hits you with a melee attack, it takes 5 x spell level⁠Cold. "
Armour of Shadows,,,,,,,,,,,,,,,,,,,,,,,Mage Armour,,,,,,,,,,,,,,,,,,,FALSE,,,,,,,,,FALSE,TRUE,Armour of Shadows is an Eldritch Invocation from the Warlock class. It allows you to cast Mage Armour at will. ,"You can cast  Mage Armour on yourself at will, without expending a Spell Slot. Mage Armour increases your Armour Class when you are not wearing armour. Mage Armour increases your  Armour Class when you aren't wearing armour. "
Army Arcana,,,,,,,,,,,,,,,,,,,,,,,,,,,,,,,,,,,,,,,,,,FALSE,,,,,,,,,TRUE,FALSE,Army Arcana is a passive feature that prevents your allies from taking damage from your spells. ,Create pockets of safety within your spells. Allies automatically succeed their  Saving throws against these spells and take no damage from them. 
Artificer's Lore,,,History,PRO,,,,,,,,,,,,,,,,,,,,,,,,History,,,,,,,,,,,,,,FALSE,,,,,,,,,FALSE,TRUE,Artificer's Lore is a passive feature available to Rock Gnomes. They add twice their Proficiency Bonus to History checks. ,Add twice your  Proficiency Bonus to  History checks. 
Artificial Sight,,,,,,,,,,,,,,,,,,12,,,,,,,,Blinded,,,,,,,,,,,,,,,,FALSE,,,,,,,,,FALSE,TRUE,Artificial Sight is a passive feature that lets the user see even when blinded. ,The wearer can see in the dark up to  12 m / 40 ft and cannot be  Blinded. 
Aspect of the Beast: Bear,,,Athletics,,ADV,,,,,,,,,,,,,,,,,,,,,,,,,,,,,,,,,,,,2,FALSE,,,,,,,,,FALSE,TRUE,Aspect of the Beast: Bear is a Wildheart Barbarian passive feature that infuses you with the strength of a bear. ,"The Aspect of the Bear infuses you with strength. Your Carrying Capacity is doubled, and you have  Advantage on Strength Checks. "
Aspect of the Beast: Chimpanzee,,,,,,,,,,,,,,,,,,,,,,,,,,,,,,,,,,,,,,,,,,FALSE,Blinded,2 Turns,,DEX,,,,,TRUE,FALSE,Aspect of the Beast: Chimpanzee is a Wildheart Barbarian passive feature that infuses you with the nimble agility of a chimpanzee. ,"The Aspect of the Chimpanzee grants you a nimble mischievousness. You gain Resistance to falling damage, and throwing camp supplies  Blinds targets. "
Aspect of the Beast: Crocodile,,,,,,,,,,,,,,,,,,,,,,,,,,,,,,,,,,,,,,,,,,FALSE,,,,,,,,,TRUE,FALSE,Aspect of the Beast: Crocodile is a Wildheart Barbarian passive feature that infuses you with the swimming agility of a crocodile. ,"The Aspect of the Crocodile increases your agility in the water. Your Movement Speed increases by  3 m / 10 ft while standing in water-based surfaces. On slippery surfaces, you also have  Advantage on Saving Throws against being knocked  Prone "
Aspect of the Beast: Eagle,,,Perception,,ADV,,,,,,,,,,,,,12,,,,,,,,,,,,,,,,,,,,,,,,FALSE,,,,,,,,,FALSE,TRUE,Aspect of the Beast: Eagle is a Wildheart Barbarian passive feature that infuses you with eyesight of an eagle. ,"The Aspect of the Eagle enhances your eyesight. You can see in the dark up to  12 m / 40 ft, and gain  Advantage on Perception Checks. "
Aspect of the Beast: Elk,,,,,,,,,,,,,,,,,,,,,,Aspect of the Elk,,,,,,,,,,,,,,,,,,,,FALSE,,,,,,,,,FALSE,TRUE,Aspect of the Beast: Elk is a Wildheart Barbarian passive feature that infuses you with the agility of an elk. ,"The Aspect of the Elk grants you astounding swiftness. You can use  Aspect of the Elk, giving yourself and nearby allies extra Movement Speed. "
Aspect of the Beast: Honey Badger,,,,,,,,,,,,,,,,,,,,,,,,,,,,,,,,,,,,,,,,,,FALSE,,,,,,,,,TRUE,FALSE,Aspect of the Beast: Honey Badger is a Wildheart Barbarian toggleable passive feature that infuses you with the resilience of a honey badger. ,"If you're  Poisoned,  Frightened, or  Charmed at the start of your turn, you have a 50% chance to begin Raging without expending a Rage Charge. "
Aspect of the Beast: Stallion,,,,,,,,,,,,,,,,,,,,,,,,,,,,,,,,,,,,,,,,,,FALSE,,,,,,,,,TRUE,FALSE,Aspect of the Beast: Stallion is a Wildheart Barbarian passive feature that infuses you with the steadfastness of a horse. ,The Aspect of the Stallion creates safety in movement. Dashing grants you  temporary hit points equal to twice your Barbarian level. Can only have temporary hit points from one source. 
Aspect of the Beast: Tiger,,,,,,,,,,,,Survival,,,,,,,,,,,,,,,,,,,,,,,,,,,,,,FALSE,,,,,,,,,FALSE,TRUE,Aspect of the Beast: Tiger is a Wildheart Barbarian passive feature that infuses you with the ferociousness of a tiger. ,"The Aspect of the Tiger infuses you with an unrelenting ferocity. You add an additional Strength Modifier to Attack Rolls against  Bleeding or  Poisoned targets, and gain Proficiency in Survival "
Aspect of the Beast: Wolf,,,,,,,,,,,,Stealth,,,,,,,,,,Aspect of the Wolf,,,,,,,,,,,,,,,,,,,,FALSE,,,,,,,,,FALSE,TRUE,Aspect of the Beast: Wolf is a Wildheart Barbarian passive feature that infuses you with the stealthiness of a wolf. ,"The Aspect of the Wolf boosts your stealthiness. You gain Proficiency in Stealth, and can use  Aspect of the Wolf. "
Aspect of the Beast: Wolverine,,,,,,,,,,,,,,,,,,,,,,,,,,,,,,,,,,,,,,,,,,FALSE,Maimed,1 Turn,,,,,,,TRUE,FALSE,Aspect of the Beast: Wolverine is a Wildheart Barbarian passive feature that infuses you with the relentlessness of a wolverine. ,"The Aspect of the Wolverine grants you the tools to relentlessly pursue your prey. When you attack a  Bleeding or  Poisoned target, you also  Maim it for 1 turn "
Assassin's Alacrity,,,,,,,,,,,,,,,,,,,,,,,,,,,,,,,,,,,,,,,,,,FALSE,,,,,,,,,TRUE,FALSE,Assassin's Alacrity is an Assassin Rogue passive feature that greatly enhances your first turn in combat ,"Quick as an alley cat in a rain-dark city, you immediately restore your  Action and  Bonus Action at the start of combat "
Assassinate: Ambush,,,,,,,,,,,,,,,,,,,,,,,,,,,,,,,,,,,,,,,,,,FALSE,,,,,,,,,TRUE,FALSE,Assassinate: Ambush is an Assassin Rogue passive feature that greatly increases damage against foes you surprise. ,Any successful Attack Roll against a  Surprised creature is a Critical Hit. 
Assassinate: Initiative,,,,,,,,,,,,,,,,,,,,,,,,,,,,,,,,,,,,,,,,,,FALSE,,,,,,,,,TRUE,FALSE,Assassinate: Initiative is an Assassin Rogue passive feature that increases the chance of a successful attack if you act before they do. ,"You are deadliest against unprepared enemies. In combat, you have  Advantage on Attack Rolls against creatures that haven't taken a turn yet. "
Athlete: Standing Up,,,,,,,,,,,,,,,,,,,,,,,,,,,,,,,,,,,,,,,,,,FALSE,,,,,,,,,TRUE,FALSE,Athlete: Standing Up is passive feature obtainable by a Feat of the same name. You become adept at getting up and are able to leap much further than before. ,"When you are  Prone, standing up uses significantly less movement. Your  Jump distance also increases by 50%. "
Aura of Murder,,,,,,,,,,,,,,,,,,,,,,,,,,,,,,,,,,,,,,,,,,FALSE,Aura of Murder,permanent,,,,,,,TRUE,FALSE,Aura of Murder is a toggleable passive feature. It creates an aura which makes enemies Vulnerable to Piercing damage. ,"Enemies within 3 m / 10 ft become Vulnerable to ⁠Piercing damage, unless they are Immune to it. "
Authority,,,"Intimidation, Insight",,ADV,,,,,,,,,,,,,,,,,,,,,,,,,,,,,,,,,,,,,FALSE,,,,,,,,,FALSE,TRUE,Authority is a passive feature that grants improved intimidation and insight. ,You have  Advantage on Intimidation checks and Insight checks. 
Aversion of Fire,,,,,,,,,,,,,,,,,,,,,,,,,,,,,,,,,,,,,,,,,,FALSE,Aversion of Fire,1 Turn,,,,,,,TRUE,FALSE,Aversion of Fire is a Flesh passive feature that penalises him for taking ⁠Fire damage. ,"If this entity takes Fire damage, it receives  Disadvantage on Attack Rolls and Ability Checks until the end of its next turn. "
Awakened,,,,,,,,,,,,,,,,,,,,,,,,,,,,,,,,,,,,,,,,,,FALSE,,,,,,,,,TRUE,FALSE,Awakened is a passive feature that makes all Illithid Powers cost a Bonus Action instead of an Action. ,You can use all of your Illithid Powers as a Bonus Action. Your resistance to the zaith'isk in the githyanki infirmary awakened this power. 
Balance,,,"Acrobatics, Sleight of Hand, Stealth",+1,,DEX,1,,,,,,,,,,,,,,,,,,,,,,,,,,,,,,,,,,,FALSE,,,,,,,,,FALSE,TRUE,Balance is a passive feature that enhances the wearer's dexterity. ,Gain a +1 bonus to Dexterity  Saving throws and  Ability checks 
Balduran's Favour,,,,,,,1,,,,,,,,,,,,,1,,,,,,,,,,,,,,,,,,,,,,FALSE,,,,,,,,,FALSE,TRUE,Balduran's Favour is a passive feature that boosts the wearer's defenses. ,You have a +1 bonus to  Armour Class and  Saving throws. 
Balduran's Vitality,,,,,,,,,,,,,,,,,,,,,,,,,,,,,,,,,,,,,,,,,,FALSE,,,,,,,,,TRUE,FALSE,Balduran's Vitality is a passive feature that heals the wearer a little bit each turn. ,The helmet heals you 2⁠hit points at the beginning of every turn. 
Baneful Bond,,,,,,,,,,,,,,,,,,,,,,,,,,,,,,,,,,,,,,,,,,FALSE,Bane,2 Turns,14,CHA,,,,,FALSE,TRUE,Baneful Bond is a passive feature that diminishes your target's combat capabilities on each hit. ,"On a hit, possibly  Bane your target. "
Baneful Strike,,,,,,,,,,,,,,,,,,,,,,,,,,,,,,,,,,,,,,,,,,FALSE,Baneful Strike,2 Turns,,,,,,,TRUE,FALSE,Baneful Strike is a passive feature that applies a penalty to the user's targets when damaged by the user. ,"Whenever you deal damage with a weapon attack, the target receives a   -1d4 penalty to its  Saving throw against your next spell. "
Bardic Inspiration,,,,,,,,,,,,,,,,,,,,,,Bardic Inspiration,,,,,,,,,,,,,,,,,,,,FALSE,,,,,,,,,FALSE,TRUE,Bardic Inspiration is a passive feature that allows the user to bardically inspire their allies and influence the outcome of their rolls. ,Can use  Bardic Inspiration. 
Bardic Roll,,,,,,,,,,,,,,,,,,,,,,,,,,,,,,,,,,,,,,,,,,FALSE,,,,,,,,,TRUE,FALSE,Bardic Roll is a toggleable passive feature granted by having a Bardic Inspiration. ,Add a   +1d6 bonus to your next Ability Check. You expend your  Bardic Inspiration when the effect triggers. 
Battle Acuity,,,,,,,,,,,,,,,,,,,,,,,,,,,,,,,,,,,,,,,,,,FALSE,Arcane Acuity,2 Turns,,,,,,,TRUE,FALSE,Battle Acuity is a passive feature that increases your spellcasting when you deal weapon damage. ,"Whenever you deal damage with a weapon attack, you gain  Arcane Acuity for 2 turns. "
Battlemage's Power,,,,,,,,,,,,,,,,,,,,,,,,,,,,,,,,,,,,,,,,,,FALSE,Arcane Acuity,2 Turns,,,,,,,TRUE,FALSE,Battlemage's Power is a passive feature that enhances the user's spellcasting whenever they damage a foe with a weapon attack spell. ,"When you hit a target with a spell or cantrip that uses a weapon, you gain  Arcane Acuity. "
Bear Heart,,,,,,,,,,,,,,,,,,,,,,"Rage: Bear Heart, Unrelenting Ferocity",,,,,,,"Bludgeoning, Piercing, Slashing, Acid, Cold, Fire, Force, Lightning, Necrotic, Poison, Radiant, Thunder",,,,,,,,,,,,,FALSE,,,,,,,,,FALSE,TRUE,Bear Heart is a passive feature that grants a Wildheart Barbarian a special version of Rage and another ability. ,"While  Raging, you can use  Unrelenting Ferocity, and have Resistance to all damage except Psychic damage. "
Beast Speech,,,,,,,,,,,,,,,,,,,,,,,Speak with Animals,,,,,,,,,,,,,,,,,,,FALSE,,,,,,,,,FALSE,TRUE,Beast Speech is an Eldritch Invocation from the Warlock class. It allows you to cast Speak with Animals at will. ,"You can cast  Speak with Animals on yourself at will, without expending a Spell Slot. "
Beast Tamer,,,,,,,,,,,,,,,,,,,,,,,Find Familiar,,,,,,,,,,,,,,,,,,,FALSE,,,,,,,,,FALSE,TRUE,Beast Tamer is a Ranger passive feature of Natural Explorer. You gain the spell  Find Familiar and can cast it at will without using a Spell Slot. ,You have cultivated a strong bond with animals. You can cast  Find Familiar without expending a spell slot. 
Become the Bulwark,,,,,,,,,,,,,,,,,,,,2,,,,,,,,,,,,,,,,,,,,,,FALSE,,,,,,,No Protection,,FALSE,TRUE,Become the Bulwark is a passive feature that enhances the user's defence if they are not wearing any armour. ,You gain a +2 bonus to  Armour Class as long as you are not wearing armour or holding a shield. 
Beguiling Defences,,,,,,,,,,,,,,,,,,,,,,,,,,Charmed,,,,,,,,,,,,,,,,FALSE,,,,,,,,,FALSE,TRUE,Beguiling Defences is an Archfey Warlock passive feature that makes the Warlock immune to charm. ,"You have built stoic barriers in your heart and mind, and cannot be  Charmed. "
Beguiling Influence,,,,,,,,,,,,"Deception, Persuasion",,,,,,,,,,,,,,,,,,,,,,,,,,,,,,FALSE,,,,,,,,,FALSE,TRUE,Beguiling Influence is an Eldritch Invocation from the Warlock class. You gain the ability to invoke your patron's charm improve your Deception and Persuasion. ,You invoke your patron's bewitching charm. You gain Proficiency in Deception and Persuasion. 
Bend Luck,,,,,,,,,,,,,,,,,,,,,,Bend Luck,,,,,,,,,,,,,,,,,,,,FALSE,,,,,,,,,FALSE,TRUE,Bend Luck is a passive feature granted to Wild Magic Sorcerers. ,"When a creature you can see makes an Attack roll, Ability Check, or a  Saving throw, you can use your reaction and spend  2 Sorcery Points to roll 1d4, applying the number rolled as a bonus or penalty (your choice) to the creature's roll. "
Berserk,,,,,,,,,,,,,,,,,,,,,,,,,,,,,,,,,,,,,,,,,,FALSE,,,,,,,,,TRUE,FALSE,Berserk is a Flesh passive feature. This passive feature allows the entity to go  Berserk if its health diminishes. ,This entity will go  Berserk if its health diminishes. 
Bestial Fury,,,,,,,,,,,,,,,,,,,,,,,,,,,,,,,,,,,,,,,,,,FALSE,,,,,,,,,TRUE,FALSE,"Bestial Fury is a Beast Master Ranger passive feature that enhances your companions by granting them the ability to make a second attack along with their first attack, similar to the  Extra Attack class feature. ",Grants all your companions an extra attack. 
Blazing Hide,,,,,,,,,,,,,,,,,,,,,,,,,,,,,,,,,,,,,,,,,,FALSE,Burning,3 Turns,,,,,,,TRUE,FALSE,Blazing Hide is a passive feature found on Hellsboars that causes melee attackers to start burning. ,"When the hellsboar is hit with a melee attack, the attacker starts  Burning for 3 turns. "
Blessed Healer,,,,,,,,,,,,,,,,,,,,,,,,,,,,,,,,,,,,,,,,,,FALSE,,,,,,,,,TRUE,FALSE,Blessed Healer is a Life Domain Cleric passive feature that heals the Cleric whenever it heals someone other than itself for 2 + the spell's level⁠hit points. ,"Healing others heals you as well. When you cast a healing spell of Level 1 or higher on another creature, you regain hit points equal to 2 + the spell's level⁠hit points. "
Blessed Mercy,,,,,,,,,,,,,,,,,,,,,,,,,,,,,,,,,,,,,,,,,,FALSE,Bless,2 Turns,,,,,,,TRUE,FALSE,Blessed Mercy is a passive feature that adds attack bonuses and saving throw bonuses when the wearer heals them. ,"When you heal a creature, it gains a   +1d4 bonus to Attack rolls and  Saving throws for 2 turns. "
Blessings of Knowledge,,,,,,,,,,,,,,,,,,,,,,,,,,,,,,,,,,,,,,,,,,FALSE,,,,,,,,,TRUE,FALSE,Blessings of Knowledge is a passive feature gained by the Knowledge Domain Cleric. ,"Gain Expertise in two of the following Skills:  Arcana,  History,  Nature, or  Religion. Your Proficiency Bonus is doubled for Ability Checks made using these Skills. "
Blightbringer,,,,,,,,,,,,,,,,,,,,,,,,,,,,,,,,,,,,,,,,,,FALSE,,,,,,,,,TRUE,FALSE,Blightbringer is a passive feature that deals extra damage against gnomes or dwarves. ,Attacking Gnomes or Dwarves with this weapon receives a 1d4 bonus to Attack and Damage rolls. 
Blind Immunity,,,,,,,,,,,,,,,,,,,,,,,,,,Blinded,,,,,,,,,,,,,,,,FALSE,,,,,,,,,FALSE,TRUE,Blind Immunity is a passive feature that prevents the wielder from being blinded. ,The wearer cannot be  Blinded. 
Blindsight,,,,,,,,,,,,,,,,,,,,,,,,,,,,,,,,,,,,,,,,,,FALSE,,,,,,,,,TRUE,FALSE,"Blindsight is a passive feature that allows a creature to perceive its surroundings without sight. As an example, the Strange Ox has Blindsight. ",This creature can perceive its surroundings without relying on sight. 
Blood Thirst,,,,,,,,,,,,,,,,,,,,,,,,,,,,,,,,,,,,,,,,,,FALSE,,,,,,,,,TRUE,FALSE,Blood Thirst is a passive feature that allows the wearer to deal extra damage if they themselves are injured. ,"Unarmed and melee attacks will deal an extra 2⁠Necrotic damage as long as you don't have your full health. If you don't deal any damage this turn, you will take 1d4⁠Necrotic damage at the end of your turn. "
Blood-Curdling Emission,,,,,,,,,,,,,,,,,,,,,,,,,,,,,,,,,,,,,,,,,,FALSE,Frightened,2 Turns,12,WIS,,,,,TRUE,FALSE,Blood-Curdling Emission is a passive feature that allows the weapon to scare its target. It deals extra damage and increases chance to hit against frightened targets. ,"On a hit, possibly inflict  Frightened. Gain a +1d4 bonus to attack and damage against Frightened creatures. "
Body Aid,,,Athletics,+1,,STR,1,,,,,,,,,,,,,,,,,,,,,,,,,,,,,,,,,,,FALSE,,,,,,,,,FALSE,TRUE,Body Aid is a passive feature that improves the wearer's strength based abilities. ,Gain a +1 bonus to Strength  Saving throws and  Ability checks. 
Bolstering Smite,,,,,,,,,,,,,,,,,,,,,,,,,,,,,,,,,,,,,,,,,,FALSE,Temporary Hit Points (Bolstering Smite),,,,,,,,TRUE,FALSE,Bolstering Smite is a passive feature that gives the wearer temporary hit points when they inflict a condition with a smite. ,"When you apply a condition with one of your Smite spells, you gain Temporary Hit Points equal to your Charisma modifier. Can only have temporary hit points from one source. "
Book of Ancient Secrets,,,,,,,,,,,,,,,,,,,,,,,"Chromatic Orb, Ray of Sickness, Silence",,,,,,,,,,,,,,,,,,,FALSE,,,,,,,,,FALSE,TRUE,Book of Ancient Secrets is an Eldritch Invocation from the Warlock class. You can inscribe magical rituals in your Book of Shadows. ,"You can inscribe magical rituals in your Book of Shadows. Gain  Ray of Sickness,  Chromatic Orb, and  Silence spells. You can cast them once per Long Rest and they don't expend spell slots "
Booming Blows,,,,,,,,,,,,,,,,,,,,,,,,,,,,,,,,,,,,,,,1d4,Thunder,,FALSE,,,,,,,,,FALSE,TRUE,Booming Blows is a passive feature that adds thunder damage to the wielder's unarmed attacks. ,Your unarmed attacks deal an additional 1d4⁠Thunder damage. 
Boon of the Raven Queen,,,,,,,,,,,,,,,,,,,,,,,,,,,,,,,,,,,,,,,,,,FALSE,Feather Fall,Permanent,,,,,,1.5,FALSE,TRUE,Boon of the Raven Queen is a passive feature that boosts the wearer's shapeshifting ability and grants the ability to float down gracefully from a tall height. ,"While wearing the amulet, the wearer's jump and flying speed increase by  1.5 m / 5 ft, and they gain the  Feather Fall condition. Feather Fall's effect will persist while the wearer is  Polymorphed or Wild-Shaped. "
BOOOAL's Faithful,,,,,,,,,,,,,,,,,,,,,,,,,,,,,,,,,,,,,,,,,,FALSE,Bleeding,1 Turn,10,CON,,,,,FALSE,TRUE,BOOOAL's Faithful is a passive feature of the Kuo-Tua who worship BOOOAL and allows them to apply  Bleeding to their targets. ,Chance to apply Bleeding to targets. 
Booze Remedy,,,,,,,,,,,,,,,,,,,,,,,,,,,,,,,,,,,,,,,,,,FALSE,,,,,,,,,TRUE,FALSE,Booze Remedy is a passive feature that keeps the wearer drunk for longer and lets them regain health. ,"While wearing this amulet, regain 2d4⁠hit points per turn while  Drunk. Additionally, increase the duration of your inebriation by 5 rounds. "
Born into Darkness,,,,,,,,,,,,,,,,,,,,,,,,,,Blinded,,,,,,,,,,,,,,,,FALSE,,,,,,,,,FALSE,TRUE,"Born into Darkness is a passive feature that allows this creature to see through magical and non-magical darkness, and cannot be Blinded. ","This creature can see through magical and non-magical darkness, and cannot be  Blinded. "
Bounty Hunter,,,,,,,,,,,,Investigation,,,,,,,,,,,,,,,,,,,,,,,,,,,,,,FALSE,,,,,,,,,FALSE,TRUE,Bounty Hunter is a Ranger passive effect of Favoured Enemy. Your mastery at hunting bounties shines through. You gain proficiency in Investigation and enemies have Disadvantage on their saving throw vs Ensnaring Strike. ,Gain Proficiency in Investigation. Creatures you hit with  Ensnaring Strike (either ranged or melee) have  Disadvantage on their Saving Throw. 
Brand of the Absolute,,,,,,,,,,,,,,,,,,,,,,,,,,,,,,,,,,,,,,,,,,FALSE,,,,,,,,,TRUE,FALSE,The Brand of the Absolute is an optional permanent bonus that leads to unique dialogue options and powerful item interactions.,The Brand of the Absolute is an optional permanent bonus that leads to unique dialogue options and powerful item interactions.
Brave,,,,,,,,,,,,,,,,,,,,,,,,,,,,,,,,,,,,,,,,,,FALSE,,,,,,,,,TRUE,FALSE,Brave is a passive feature available to all Halflings. It grants them Advantage on Saving Throws against being Frightened. ,You have  Advantage on Saving Throws against  Frightened. 
Brave (Liara Portyr),,,,,,,,,,,,,,,,,,,,,,,,,,,,,,,,,,,,,,,,,,FALSE,,,,,,,,,TRUE,FALSE,Brave is a passive feature available to Liara Portyr. ,A stalwart heart grants the affected entity  Advantage on Saving Throws against being  Frightened. 
Break the Unbroken,,,,,,,,,,,,,,,,,,,,,,,,,,,,,,,,,,,,,,,,,,FALSE,,,,,,,,,TRUE,FALSE,Break the Unbroken is a passive feature that increase damage against undamaged targets. ,Deals an additional 1d8⁠Piercing to targets that still have all their hit points. 
Breezeswift Speed,,,,,,,,,,,,,,,,,,,,,,,,,,,,,,,,,,,,,,,,,,FALSE,Swift as Wind,1 Turn,,,,,,,TRUE,FALSE,Breezeswift Speed is a passive feature that increases a monk's attacks. ,"While using  Step of the Wind, your next Attack roll has  Advantage and deals an additional 1d8⁠Force damage. "
Browbeaten,,,,,,,,,,,,,,,,,,,,,,,,,,,,,,,,,,,,,,,,,,FALSE,Browbeaten,,,,,,,,TRUE,FALSE,Browbeaten is a passive feature that enhances defense against spells while threatened by a nearby enemy. ,The wearer gains a +1 bonus to spell save DC while  Threatened. 
Brutal Critical,,,,,,,,,,,,,,,,,,,,,,,,,,,,,,,,,,,,,,,,,,FALSE,,,,,,,,,TRUE,FALSE,Brutal Critical is a Barbarian passive feature. The barbarian makes their critical hits even deadlier. ,"You've trained to strike swift and true. When you land a Critical Hit, you roll an extra damage die as well as the normal additional critical die. "
Brute,,,,,,,,,,,,,,,,,,,,,,,,,,,,,,,,,,,,,,,,,,FALSE,,,,,,,,,TRUE,FALSE,Brute is a Bugbear passive feature that causes them to deal extra damage with melee weapons. ,Deals an extra 1d8⁠Physical when attacking with a melee weapon. 
Bull's Strength,,,,,,,,,STR,2,20,,,,,,,,,,,,,,,,,,,,,,,,,,,,,,,FALSE,,,,,,,,,FALSE,TRUE,Bull's Strength is a passive feature that increases your strength. ,"You gain  Bull's Strength and increase your  Strength by 2, to a maximum of 20. "
Burned Alive,,,,,,,,,,,,,,,,,,,,,,,,,,,,,,,,,,,,,,,,,,FALSE,,,,,,,,,TRUE,FALSE,Burned Alive is a passive feature that deals additional magical ⁠Weapon damage to targets that are Burning. ,Deals an additional 1d4⁠Weapon damage to  Burning targets. 
Callous Glow,,,,,,,,,,,,,,,,,,,,,,,,,,,,,,,,,,,,,,,,,,FALSE,,,,,,,,,TRUE,FALSE,Callous Glow is a passive feature that adds damage to targets that are illuminated. ,The wearer deals an additional 2 points of ⁠Radiant[See: Bugs] damage against creatures that are illuminated. 
Careful Veil,,,,,,,,,,,,,,,,,,,,,,,,,,,,,,,,,,,,,,,,,,FALSE,,,,,,,,,TRUE,FALSE,Careful Veil is a passive feature unique to Poltergeists. ,This creature has  Disadvantage on Dexterity  Saving throws while  Invisible. 
Caretaker's Care,,,,,,,,,,,,,,,,,,,,,,,,,,,,,Acid,,,,,,,,,,,,,FALSE,,,,,,,,,FALSE,TRUE,Caretaker's Care is a passive feature that provides protection against Acid surfaces and damage. ,"Acidic surfaces don't affect you, and you are Resistant to ⁠Acid damage. "
Cat's Grace,,Cat's Grace,,,,,,,,,,,,,,,,,,,,,,,,,,,,,,,,,,,,,,,,FALSE,,,,,,,,,FALSE,TRUE,Cat's Grace is a passive feature that enhances your dexterity as well as others. ,"You gain  Cat's Grace and increase your  Dexterity by 2, to a maximum of 20. "
Caustic Reprisal,,,,,,,,,,,,,,,,,,,,,,,,,,,,,,,,,,,,,,,,,,FALSE,,,,,,,,,TRUE,FALSE,Caustic Reprisal is a passive feature that retaliates against an attacker that hits the wearer. ,"Whenever a creature deals melee damage to the wearer, that creature takes 1d4⁠Acid Damage. "
Caustic Strikes,,,,,,,,,,,,,,,,,,,,,,,,,,,,,,,,Melee,4d8,Acid,,,,,,,,FALSE,Paralysed,1 Turn,15,CON,,,,,FALSE,TRUE,Caustic Strikes is a feature available to the Strange Ox in Tactician difficulty and above. It significantly increases the power of its melee attacks. ,This creature's attack deals additional 4d8⁠Acid damage and may inflict Paralysed. 
Cauteriser,,,,,,,,,,,,,,,,,,,,,,,,,,,,,,,,,1d4,Fire,,,,,,,,FALSE,Burning,2 Turns,13,CON,,,,,FALSE,TRUE,Cauteriser is a passive feature that causes the weapon to deal additional fire damage and burn targets. ,"Deals an additional 1d4⁠Fire. On a hit, the target starts  Burning unless it succeeds a Constitution  Saving throw. "
Cautious Healer,,,,,,,,,,,,,,,,,,,,,,,,,,,,,,,,,,,,,,,,,,FALSE,Disengage,1 Turn,,,,,,,TRUE,FALSE,Cautious Healer is a passive feature that lets the user automatically escape an enemy after healing. ,"When the wearer heals a creature, it automatically  Disengages and won't trigger  Opportunity Attacks. "
Channel Divinity: Guided Strike,,,,,,,,,,,,,,,,,,,,,,Guided Strike,,,,,,,,,,,,,,10,,,,,,FALSE,,,,,,,,,FALSE,TRUE,Channel Divinity: Guided Strike is a passive feature used by  Adrielle. It allows her to use her Channel Divinity Charges to grant +10 to their next attack roll. ,Channel the guidance of your god to strike with supernatural accuracy. You gain a +10 bonus to your Attack roll. 
Channel Divinity: Touch of Death,,,,,,,,,,,,,,,,,,,,,,Touch of Death,,,,,,,,,,,,,,,,,,,,FALSE,,,,,,,,,TRUE,FALSE,Channel Divinity: Touch of Death is a Death Domain Cleric passive feature that allows the user to deal extra Necrotic damage with your melee attack. ,"When hitting a creature with a melee attack,  Channel Divinity Charge can be used to deal extra 5 + 2 × (Cleric level)⁠Necrotic damage. "
Channel Divinity: War God's Blessing,,,,,,,,,,,,,,,,,,,,,,War God's Blessing,,,,,,,,,,,,,,,,,,,,FALSE,,,,,,,,,TRUE,FALSE,Channel Divinity: War God's Blessing is a passive feature that enables use of the reaction  War God's Blessing. ,Endow a nearby ally with the glory of your god to grant them a +10 bonus to their Attack Roll. 
Chaos,,,,,,,,,,,,,,,,,,,,,,,,,,,,,,,,,,,,,,,,,,FALSE,,,,,,,,,TRUE,FALSE,Chaos is a passive feature which heals the wielder on every hit. ,"On a hit, regain 1d6⁠hit points. "
Charger,,,,,,,,,,,,,,,,,,,,,,"Charger: Shove, Charger: Weapon Attack",,,,,,,,,,,,,,,,,,,,FALSE,,,,,,,,,FALSE,TRUE,Charger is a passive feature granted to those who take a Feat of the same name. It lets the user charge forward and either push or shove a target. ,Let your speed intensify your onslaught. You can  Shove or deal additional  Weapon Damage when you attack. 
Charm,,,,,,,,,,,,,,,,,,,,,,Tadpole Charm,,,,,,,,,,,,,,,,,,,,TRUE,,,,,,,,,TRUE,FALSE,Charm is a Passive feature/Reaction and Illithid Power that lets you charm an enemy that attacks you. ,"Channel the dark allure of the tadpole to  Charm an enemy that attacks you, preventing them from attacking you until their next turn. "
Cheeky Tipple,,,,,,,,,,,,,,,,,,,,,,,,,,Drunk,,,,,,,,,,,,,,,,FALSE,Drunk,5 Turns,,,,,,,FALSE,TRUE,Cheeky Tipple is a Way of the Drunken Master monk passive feature that prevents the effects of being intoxicated. ,"You are Immune to the negative effects of being  Drunk. Once per day, when you drink alcohol, you regain half your  Ki Points (rounded down). "
Child of the Moonmaiden,,,,,,,,,,,,,,,,,,,,,,,,,,,,,,,,,,,,,,,,,,FALSE,,,,,,,,,TRUE,FALSE,"Child of the Moonmaiden is a passive feature available to Dame Aylin, that prevents her from being permanently killed. ","Blessed with the favour of a goddess, Nightsong cannot be permanently killed. When unconscious, the start of her turn she recovers 1 hit point. "
Chilling Counter,,,,,,,,,,,,,,,,,,,,,,,,,,,,,,,,,,,,,,,,,,FALSE,Chilled,2 Turns,,,,,,,TRUE,FALSE,Chilling Counter is a passive feature that chills a creature that misses you with an attack. ,"When a creature misses you with an attack, it must succeed a DC 13  Constitution saving throw or be  Chilled for 2 turns.[See: Bugs] "
Chilling Strike,,,,,,,,,,,,,,,,,,,,,,,,,,,,,,,,,,,,,,,1d4,Cold,,FALSE,,,,,,,,,FALSE,TRUE,Chilling Strike is a passive feature that adds cold damage to every unarmed attack. ,Your unarmed attacks deal an additional 1d4⁠Cold damage. 
Chilling Strikes,,,,,,,,,,,,,,,,,,,,,,,,,,,,,,,,,,,,,,,,,,FALSE,Bone Chilled,2 Turns,,,,,,,TRUE,FALSE,Chilling Strikes is a passive feature that inflicts Bone Chill on targets you attack. ,Your strikes Bone Chill your target. They cannot regain hit points and if they are undead they have disadvantage on attack rolls. 
Cinders,,,,,,,,,,,,,,,,,,,,,,,,,,,,,,,,,,,,,,,,,,FALSE,Heat,2 Turns,,,,,,,TRUE,FALSE,Cinders is a passive feature that allows the wearer to build up heat whenever they burn an enemy. ,"Whenever you  Burn an enemy, you gain 2 turns of  Heat. "
Civil Militia,,,,,,,,,,,,,"Light, Shields","Spears, Pikes, Halberds, Glaives",,,,,,,,,,,,,,,,,,,,,,,,,,,,FALSE,,,,,,,,,TRUE,FALSE,"Civil Militia is a passive feature that grants Proficiency with spears, pikes, halberds, and glaives as well as with Light Armour and Shields. ","You have Weapon Proficiency with  Spears,  Pikes,  Halberds,  Glaives,  Light armour, and  Shields. "
Cleansing Touch,,,,,,,,,,,,,,,,,,,,,,,,,,,,,,,,,,,,,,,,,,FALSE,,,,,,,,,TRUE,FALSE,Cleansing Touch is a passive feature that removes poison from any character the user heals. ,"If the wearer heals a  Poisoned creature, it is no longer poisoned. "
Cloud of Jellyfish,,,,,,,,,,,,,,,,,,,,,,"Cloud of Jellyfish: Attack, Cloud of Jellyfish: Shocking Sting, Cloud of Jellyfish: Teleport",,,,,,,,,,,,,,,,,,,,FALSE,,,,,,,,,FALSE,TRUE,Cloud of Jellyfish is passive feature available to Swarmkeepers. It turns the Gathered Swarm into jellyfish that deal ⁠Lightning damage and can shock enemies. This feature can be switched out at level up. ,"You gain a swarm of jellyfish that fights on your side. Once per round, the swarm can assist you in one of three ways after you attack an enemy: it can attack and deal additional ⁠Lightning damage,  Shock your enemy, or teleport you to a safer location. At higher levels At level 11,  Mighty Swarm upgrades the swarm options to: "
Coast I,,,,,,,,,,,,,,,,,,,,,,,"Mirror Image, Misty Step",,,,,,,,,,,,,,,,,,,FALSE,,,,,,,,,FALSE,TRUE,Coast is a passive feature available to Circle of the Land Druids that pick this as their Land. It grants a couple extra spells every two levels ,You can cast  Mirror Image and  Misty Step. At higher levels You can cast  Sleet Storm and  Call Lightning. You can cast  Freedom of Movement and  Confusion. You can cast  Conjure Elemental and  Greater Restoration. 
Coast II,,,,,,,,,,,,,,,,,,,,,,,"Sleet Storm, Call Lightning",,,,,,,,,,,,,,,,,,,FALSE,,,,,,,,,FALSE,TRUE,Coast is a passive feature available to Circle of the Land Druids that pick this as their Land. It grants a couple extra spells every two levels ,You can cast  Mirror Image and  Misty Step. At higher levels You can cast  Sleet Storm and  Call Lightning. You can cast  Freedom of Movement and  Confusion. You can cast  Conjure Elemental and  Greater Restoration. 
Coast III,,,,,,,,,,,,,,,,,,,,,,,"Freedom of Movement, Confusion",,,,,,,,,,,,,,,,,,,FALSE,,,,,,,,,FALSE,TRUE,Coast is a passive feature available to Circle of the Land Druids that pick this as their Land. It grants a couple extra spells every two levels ,You can cast  Mirror Image and  Misty Step. At higher levels You can cast  Sleet Storm and  Call Lightning. You can cast  Freedom of Movement and  Confusion. You can cast  Conjure Elemental and  Greater Restoration. 
Coast IV,,,,,,,,,,,,,,,,,,,,,,,"Conjure Elemental, Greater Restoration",,,,,,,,,,,,,,,,,,,FALSE,,,,,,,,,FALSE,TRUE,Coast is a passive feature available to Circle of the Land Druids that pick this as their Land. It grants a couple extra spells every two levels ,You can cast  Mirror Image and  Misty Step. At higher levels You can cast  Sleet Storm and  Call Lightning. You can cast  Freedom of Movement and  Confusion. You can cast  Conjure Elemental and  Greater Restoration. 
Coin Armour,,,,,,,,,,,,,,,,,,,,,,,,,,,,,,,,,,,,,,,,,,FALSE,,,,,,,,,TRUE,FALSE,"Coin Armour is a passive feature available to Gerringothe Thorm, that gives her additional health. ","Armoured in enchanted coins, this creature is a clinking emblem of golden greed. Could there be a method of removing the armour without destroying the coins? "
Coldbrim Chill,,,,,,,,,,,,,,,,,,,,,,,,,,,,,,,,,,,,,,,,,,FALSE,Encrusted with Frost,2 Turns,,,,,,,TRUE,FALSE,Coldbrim Chill is a passive feature that chills the wearer's target whenever they apply a condition. ,"Once per turn, any condition inflicted on a target, also applies 2 turns of  Encrusted with Frost.[See: Bugs] "
Colossus Slayer,,,,,,,,,,,,,,,,,,,,,,,,,,,,,,,,,,,,,,,,,,FALSE,,,,,,,,,TRUE,FALSE,Colossus Slayer is a Hunter Ranger passive feature. This ability allows them to deal extra damage to targets whose Hit Points are below the maximum value. ,"Once per turn, your weapon attack deals an extra 1d8⁠PhysicalDRS damage if the target is below its hit point maximum. "
Combat Regeneration,,,,,,,,,,,,,,,,,,,,,,,,,,,,,,,,,,,,,,,,,,FALSE,,,,,,,,,TRUE,FALSE,Combat Regeneration is a passive feature that heals the wearer at the start of their turn ,"At the beginning of your turn, the ring activates and heals you 1d4⁠hit points. "
Companion's Bond,,,,,,,,,,,,,,,,,,,,,,,,,,,,,,,,,,,,,,,,,,FALSE,,,,,,,,,TRUE,FALSE,Companion's Bond is a Beast Master Ranger passive feature that enhances your companion. ,Your  Ranger's Companions receive a bonus to  Armour Class and damage equal to its  Proficiency Bonus. Upgraded  hit points and abilities for your companion and a new visual look. 
Conductive Strikes,,,,,,,,,,,,,,,,,,,,,,,,,,,,,,,,,,,,,,,,,,FALSE,Lightning Charges,2 Turns,,,,,,,TRUE,FALSE,Conductive Strikes is a passive feature that adds lightning charges when performing an unarmed attack. ,"On a hit with an unarmed attack, the wearer gains 2  Lightning Charges. "
Consume Life Essence,,,,,,,,,,,,,,,,,,,,,,,,,,,,,,,,,,,,,,,,,,FALSE,,,,,,,,,TRUE,FALSE,Consume Life Essence is a passive feature granted by the  Life Essence condition. ,Consume the life essence that you have collected to cast any Necromancy spell without consuming a spell slot. 
Consume the Faithful,,,,,,,,,,,,,,,,,,,,,,,,,,,,,,,,,,,,,,,,,,FALSE,Reaper's Reward,1 Turn,,,,,,,FALSE,TRUE,Consume the Faithful is a Passive feature/Reaction used by the Apostle of Myrkul. This ability consumes a Necromite that is using the ability  For the Lord of Bones! on it. Grants the ability to cast  Finger of Death once per Necromite. ,Consume a necromite's soul to gain the ability to cast  Finger of Death. Tactician and Above: Also heals the caster for 8d8⁠hit points. 
Consumed Shadow Weave,,,,,,,,,,,,,,,,,,,,,,,,,,,,,,,,,,,,,,,,,,FALSE,,,,,,,,,TRUE,FALSE,Consumed Shadow Weave is a passive feature unique to Gale Origin that grants him a  Level 3 Shadow Spell Slot. ,Gale has gained a level 3 spell slot. It restores on a Long Rest. 
Corellon's Guiding Hand,,,,,,,,,,,,,,"Longbows, Shortbows",,,,,,,,,,,,,,,,,,Ranged,2,Piercing,,,,,,,,FALSE,,,,,,,,,FALSE,TRUE,Corellon's Guiding Hand is a passive feature that guides the user on how to use various bows and to be more effective with them. ,"You gain Proficiency with  Longbows and  Shortbows. In addition, your ranged weapon attacks deal an additional 2 damage. "
Cosmic Omen,,,,,,,,,,,,,,,,,,,,,,"Cosmic Omen of Weal: Attack Roll, Cosmic Omen of Weal: Saving Throw, Cosmic Omen of Woe: Attack Roll, Cosmic Omen of Woe: Saving Throw",,Cosmic Omen: Ability Check,,,,,,,,,,,,,,,,,,FALSE,,,,,,,,,FALSE,TRUE,Cosmic Omen is a passive feature that allows Circle of the Stars druids to consult the stars. ,"Whenever you Long Rest, you consult the stars for a Cosmic Omen of Weal or of Woe. The omen grants you the ability to increase (Weal) or decrease (Woe) Attack rolls or  Saving throws, or (Weal only) to increase your allies' Ability Checks. "
Countershock,,,,,,,,,,,,,,,,,,,,,,,,,,,,,,,,,,,,,,,,,,FALSE,Shocked,1 Turn,14,DEX,,,,,TRUE,FALSE,Countershock is a passive feature that zaps enemies while they attack the user. ,"When the wearer takes damage while having  Lightning Charges, the attacker must succeed a Dexterity  Saving throw or become  Shocked. "
Covert Critical,,,,,,,,,,,,,,,,,,,,,,,,,,,,,,,,,,,,,,,,,,FALSE,Covert Critical,,,,,,,,TRUE,FALSE,Covert Critical is a passive feature that makes the wearer more likely to critical hit while in shadow. ,"While obscured, the number you need to roll a Critical Hit while attacking is reduced by 1. This effect can stack. "
Crackling Resonance,,,,,,,,,,,,,,,,,,,,,,,,,,,,,,,,,,,,,,,,,,FALSE,Reverberation,2 Turns,,,,,,,TRUE,FALSE,Crackling Resonance is a passive feature that inflicts reverberation on targets whenever you do a ranged spell attack. ,"When the wearer deals damage with a ranged Spell Attack, inflict 2 turns of  Reverberation on the target(s). "
Craterous Wounds,,,,,,,,,,,,,,,,,,,,,,,,,,,,,,,,,,,,,,,,,,FALSE,,,,,,,,,TRUE,FALSE,Craterous Wounds is a passive feature that adds additional force damage on a critical hit. ,"Whenever you score a Critical Hit, deal an additional 1d6⁠ForceDRS damage. "
Crimson Weapon,,,,,,,,,,,,,,,,,,,,,,,,,,,,,,,,,Ability Mod,Weapon,,,,,,,,FALSE,,,,,,,Off-hand Attack Only,,FALSE,TRUE,Crimson Weapon is a passive feature that adds extra damage to your attacks. ,"When you make an attack with your off-hand weapon, you can add your Ability Modifier to the damage of the attack. "
Critical Virtuoso,,,,,,,,,,,,,,,,,,,,,,,,,,,,,,,,,,,,,,,,,,FALSE,Critical Hit!,1 Turn,,,,,,,TRUE,FALSE,Critical Virtuoso is a passive feature that lets you attack again when you score a critical hit. ,When you score a Critical Hit you can spend a  Bonus Action to make an additional attack. 
Crossbow Expert: Point-Blank,,,,,,,,,,,,,,,,,,,,,,,,,,,,,,,,,,,,,,,,,,FALSE,,,,,,,,,TRUE,FALSE,Crossbow Expert: Point-Blank is a passive feature that allows you to make crossbow attacks within melee range without having Disadvantage. ,"When you make crossbow attacks within melee range, the Attack Rolls do not have  Disadvantage. "
Crossbow Expert: Wounding,,,,,,,,,,,,,,,,,,,,,,,,,,,,,,,,,,,,,,,,,,FALSE,,,,,,,,,TRUE,FALSE,Crossbow Expert: Wounding is a passive feature that inflicts  Gaping Wounds. ,Your  Piercing Shot inflicts  Gaping Wounds for twice as long. 
Crowning Glory,,,,,,,,,,,,,,,,,,,,,,,,,,,,,,,,,,,,,,,,,,FALSE,,,,,,,,,TRUE,FALSE,Crowning Glory is a passive feature that heals the wearer when they heal others. ,"When healing another, the wearer regains 1d6⁠hit points. "
Crude Frenzy,,,,,,,,,,,,,,,,,,,,,,,,,,,,,,,,,,,,,,,,,,FALSE,,,,,,,,,TRUE,FALSE,Crude Frenzy is a passive goblin feature that lets them attack multiple times with the second attack at Disadvantage. ,"This goblin can make an additional free attack after making a Main Hand Attack, but the second attack has  Disadvantage on its Attack Roll. "
Crushing Blows,,,,,,,,,,,,,,,,,,,,,,,,,,,,,,,,,,,"Melee Unarmed, Ranged Unarmed",1,,,2,Bludgeoning,,FALSE,,,,,,,,,FALSE,TRUE,Crushing Blows is a passive feature that enhances the user's unarmed accuracy and damage. ,The wearer gains a +1 bonus to unarmed Attack rolls and their unarmed attacks deal an additional 2⁠Bludgeoning damage. 
Cull the Weak,,,,,,,,,,,,,,,,,,,,,,,,,,,,,,,,,,,,,,,,,,TRUE,,,,,,,,,TRUE,FALSE,"Cull the Weak is a toggleable passive feature and Illithid Power. When a character with this passive active brings a creature down to fewer Hit Points than the character's number of evolved Illithid Powers, the creature dies and all nearby creatures take 1~4⁠Psychic damage. ","When you bring a creature down to fewer hit points than your number of evolved illithid powers, it dies and all nearby creatures take 1~4⁠Psychic damage. "
Cull the Weak (Drider),,,,,,,,,,,,,,,,,,,,,,,,,,,,,,,,,,,,,,,,,,FALSE,,,,,,,,,TRUE,FALSE,Cull the Weak is a passive feature that causes the user to deal additional Slashing damage to seriously wounded targets. ,You deal an additional 2d6⁠Slashing damage to targets below 50% of their maximum hit points. 
Culling Strikes,,,,,,,,,,,,,,,,,,,,,,,,,,,,,,,,,,,,,,,,,,FALSE,,,,,,,,,TRUE,FALSE,Culling Strikes is a passive feature unique to Ptaris' Mental Image that allows it to create new mental images. ,The Mental Image creates a new Mental Image each time it hits a character with an attack. 
Cunning Brume,,,,,,,,,,,,,,,,,,,,,,,,,,,,,,,,,,,,,,,,,,FALSE,,,,,,,,,TRUE,FALSE,Cunning Brume is a passive feature that creates a  cloud at the wearer's feet when they disengage. ,"When the wearer  Disengages, they also create a foggy cloud with 2 m / 7 ft radius that lasts for 1 turn. "
Cursed Vengeance,,Cursed Vengeance,,,,,,,,,,,,,,,,,,,,,,,,,,,,,,,,,,,,,,,,FALSE,,,,,,,,,FALSE,TRUE,Cursed Vengeance is a passive affecting Oliver's Nightdome that protects Oliver and redirects damage back to its source. ,Oliver's Nightdome won't allow for you to hurt him. Any damage done to the dome will be reflected in twofold to its attacker. 
Cutting Words,,,,,,,,,,,,,,,,,,,,,,Cutting Words,,,,,,,,,,,,,,,,,,,,FALSE,,,,,,,,,FALSE,TRUE,"Cutting Words is a passive feature available to College of Lore Bards that grants a reaction to apply a penalty die to attack rolls, saving throws, and ability checks. ",Use your wit to distract a creature and sap its confidence. 
Dagger Specialist,,,,,,,,,,,,,,,,,,,,,,,,,,,,,,,,,,,,,,,,,,FALSE,,,,,,,,,TRUE,FALSE,Dagger Specialist is passive feature that lets a creature throw up to three daggers per round. ,This creature can throw up to 3 daggers per round. 
Dagger Thrower,,,,,,,,,,,,,,,,,,,,,,,,,,,,,,,,,,,,,,,,,,FALSE,,,,,,,,,TRUE,FALSE,Dagger Thrower is passive feature that lets a creature add double their Proficiency Bonus to the damage made with ranged dagger attacks. ,This creature adds double their Proficiency Bonus to the damage they deal on ranged attacks made with daggers. 
Damp Aegis,,,,,,,,,,,,,,,,,,,,,,,,,,,,,,,,,,,,,,,,,,FALSE,Water Layer Protection,2 Turns,,,,,,,TRUE,FALSE,Damp Aegis is a passive feature that applies effects similarly to being constantly wet. ,"During Combat, once per turn, the cloak grants the wearer  Water Layer Protection[See: Bugs] until the wearer takes damage. "
Danger Sense,,,,,,,,,,,,,,,,,,,,,,,,,,,,,,,,,,,,,,,,,,FALSE,,,,,,,,,TRUE,FALSE,"Danger Sense is a Barbarian passive feature that gives you Advantage on Dexterity Saving Throws against traps, Spells, and surfaces as long as you aren't Blinded or Incapacitated. ","You sense when things aren't as they should be. You have  Advantage on  Dexterity saving throws, such as against traps, Spells, and surfaces. To gain this benefit, you can't be  Blinded or  Incapacitated. "
Daredevil Proximity,,Daredevil Proximity,,,,,,,,,,,,,,,,,,,,,,,,,,,,,,,,,,,,,,,,FALSE,,,,,,,,,FALSE,TRUE,Daredevil Proximity is a toggleable passive feature that allows the user to make ranged spell attack rolls without Disadvantage even when adjacent to an enemy. ,Your Ranged Spell Attacks are made as melee spell attacks when you are adjacent to a hostile creature. This effect can be toggled off. 
Dark Devotion,,,,,,,,,,,,,,,,,,,,,,,,,,,,,,,,,,,,,,,,,,FALSE,,,,,,,,,TRUE,FALSE,Dark Devotion is a passive feature that grants the user bonuses from being Charmed or Frightened. ,Advantage on Saving Throws against being  Charmed or  Frightened 
Dark One's Blessing,,Dark One's Blessing,,,,,,,,,,,,,,,,,,,,,,,,,,,,,,,,,,,,,,,,FALSE,,,,,,,,,FALSE,TRUE,Dark One's Blessing is a passive feature unique to The Fiend Warlock subclass that gives the Warlock temporary Hit Points when killing hostile creatures. ,"Whenever you reduce a hostile creature to 0 Hit Points, this gift from your patron grants you  Charisma modifier + Warlock level temporary hit points. Can only have temporary hit points from one source. "
Dark One's Own Luck,,,,,,,,,,,,,,,,,,,,,,,,,,,,,,,,,,,,,,,,,,FALSE,,,,,,,,,TRUE,FALSE,Dark One's Own Luck is a toggleable passive feature unique to The Fiend Warlock subclass that adds 1d10 to an Ability Check every Short Rest. ,Call on your patron to change your fate and add a  1d10 to an  Ability Check. 
Dark Vengeance,,,,,,,,,,,,,,,,,,,,,,,,,,,,,,,,,,,,,,,,,,FALSE,,,,,,,,,TRUE,FALSE,This feature gives the character advantage against targets standing in Darkness. ,The Justiciar has advantage against targets standing in darkness. 
Darkveil Precision,,,,,,,,,,,,,,,,,,,,,,,,,,,,,,,,,,,,,,,,,,FALSE,,,,,,,,,TRUE,FALSE,Darkveil Precision is a passive feature that grants a bonus chance to hit while hidden in shadow. ,"While obscured in shadow, the wielder has a +1d4 bonus to their ranged weapon attacks. "
Darkvision,,,,,,,,,,,,,,,,,,12,,,,,,,,,,,,,,,,,,,,,,,,FALSE,,,,,,,,,FALSE,TRUE,"Darkvision is a passive feature that prevents  Disadvantage when attacking creatures in the dark within 12 m / 40 ft, 24 m / 80 ft for  Superior Darkvision. Some creatures have darkvision with custom range. ",Can see in the dark up to 12 m / 40 ft. 
Dauntless,,,,,,,,,,,,,,,,,,,,,,,,,,Frightened,,,,,,,,,,,,,,,,FALSE,,,,,,,,,FALSE,TRUE,Dauntless is a passive feature that prevents you from being Frightened. ,"You can't be  Frightened, and cannot be afflicted with other emotion-altering conditions. "
Dazing Echo,,,,,,,,,,,,,,,,,,,,,,,,,,,,,,,,,,,,,,,,,,FALSE,Dazed,2 Turns,13,CON,,,,,TRUE,FALSE,Dazing Echo is a passive feature that dazes enemies if a creature with Reverberation attacks the wearer. ,"When a creature with  Reverberation deals damage to the wearer, the creature needs to make a  Constitution saving throw or become  Dazed. "
Dazing Smite,,,,,,,,,,,,,,,,,,,,,,,,,,,,,,,,,,,,,,,,,,FALSE,Dazed,2 Turns,13,CON,,,,,TRUE,FALSE,Dazing Smite is a passive feature that dazzles targets you hit with a Smite. ,"On a hit infused with one of your Smites, the target must succeed a  Constitution saving throw or become  Dazed. "
Dazzling Blows,,,,,,,,,,,,,,,,,,,,,,,,,,,,,,,,,,,,,,,,,,FALSE,Blinded,2 Turns,13,CON,,,,,TRUE,FALSE,Dazzling Blows is a passive feature that enables attacks to potentially Blind targets. Targets must pass a DC 13  Constitution saving throw or become  Blinded. ,Attacks from this creature can possibly Blind the target. 
Deadly Derivation,,,,,,,,,,,,,,,,,,,,,,,,,,,,,,,,,,,,,,,,,,FALSE,,,,,,,,,TRUE,FALSE,Deadly Derivation is a passive feature that heals the wearer a little when they poison a foe. ,"When you  Poison a foe, heal yourself for 1d4⁠hit points. "
Death Burst,,,,,,,,,,,,,,,,,,,,,,,,,,,,,,,,,,,,,,,,,,FALSE,,,,,,,,,TRUE,FALSE,"Death Burst is a family of abilities available to mephits that causes them to explode when they die. It has both a passive component that is triggered automatically on death and an active component that lets them manually trigger the explosion, typically dealing twice the damage. Death Burst is available in several different damage types depending on the type of mephit.",
Death Burst: Cold,,,,,,,,,,,,,,,,,,,,,,,,,,,,,,,,,,,,,,,,,,FALSE,,,,,,,,,TRUE,FALSE,"Death Burst: Cold is an Ice Mephit Passive Feature. If the Ice Mephit dies, it automatically explodes, dealing cold damage to all nearby creatures. This damage is less than if it willingly explodes with  Death Burst (Cold) ","When the mephit dies, it explodes in a burst of ice that deals 2d6⁠Cold damage to all creatures within  2 m / 7 ft. On a successful save, the creatures still take half damage. "
Death Burst: Fire,,,,,,,,,,,,,,,,,,,,,,,,,,,,,,,,,,,,,,,,,,FALSE,,,,,,,,,TRUE,FALSE,"Death Burst: Fire is a Magma Mephit passive feature. If the Magma Mephit dies, it automatically explodes, dealing fire damage to all nearby creatures. ","When the mephit dies, it explodes in a burst of lava that deals 2d6⁠Fire damage to all creatures within  2 m / 7 ft. On a successful save, the creatures still take half damage. "
Death Burst: Force,,,,,,,,,,,,,,,,,,,,,,,,,,,,,,,,,,,,,,,,,,FALSE,,,,,,,,,TRUE,FALSE,"Death Burst: Force is a Mud Mephit Passive Feature. If the Mud Mephit dies, it automatically explodes, dealing force damage to all nearby creatures. ","When the mephit dies, it explodes with a force that deals 2d6⁠Force damage to all creatures within  2 m / 7 ft. On a successful save, the creatures still take half damage. "
Death's Promise,,,,,,,,,,,,,,,,,,,,,,,,,,,,,,,,,,,,,,,,,,FALSE,True Strike,2 Turns,,,,,,,TRUE,FALSE,Death's Promise is a passive feature that correct's the weapon's accuracy after a miss. ,"When the spear misses its target, the wielder's next Attack roll against that target gains  True Strike. "
Deathbringer's Sight,,,,,,,,,,,,,,,,,,3,,,,,,,,,,,,,+1,,,,,,,,,,,FALSE,,,,,,,,,TRUE,FALSE,"Deathbringer's Sight is a passive feature that increases the wearer's sight in darkness, as well as their chance to critically hit. ","You gain  Darkvision up to a range of  3 m / 10 ft, or  15 m / 50 ft if you already have it. The number you need to roll a Critical Hit while attacking is reduced by 1. This effect can stack. "
Deathly Slumber,,,,,,,,,,,,,,,,,,,,,,,,,,,,,,,,,,,,,,,,,,FALSE,,,,,,,,,TRUE,FALSE,Deathly Slumber is a passive feature that adds extra Necrotic damage to creatures that are sleeping or knocked out. ,Deals an additional 1d4⁠Necrotic to creatures that are  Knocked Out or  Sleeping. 
Deepen the Wound,,,,,,,,,,,,,,,,,,,,,,,,,,,,,,,,,,,,,,,,,,FALSE,,,,,,,,,TRUE,FALSE,Deepen the Wound is a passive feature that increase the weapon's accuracy when attacking damaged targets. ,The wielder gains a +1d4 bonus to Attack rolls with this weapon when attacking creatures that have already taken damage. 
Deepened Pact,,,,,,,,,,,,,,,,,,,,,,,,,,,,,,,,,,,,,,,,,,FALSE,,,,,,,,,TRUE,FALSE,Deepened Pact is a passive feature that grants Warlocks additional bonuses depending on their chosen Pact Boon. ,"Pleased with your service, your otherworldly patron added new boons to the terms of your pact. "
Deepflesh Slice,,,,,,,,,,,,,,,,,,,,,,,,,,,,,,,,,,,,,,,,,,FALSE,Bleeding,2 Turns,,,,,,,TRUE,FALSE,Deepflesh Slice is a passive feature that may bleed the target with a good strike. ,"When the wielder attacks with  Advantage, the attack inflicts  Bleeding. "
Defence,,,,,,,,,,,,,,,,,,,,1,,,,,,,,,,,,,,,,,,,,,,FALSE,,,,,,,Has Armour,,FALSE,TRUE,Defence is a Fighting Style passive feature. ,You gain a +1 bonus to  Armour Class while wearing Armour. 
Defensive Attack,,,,,,,,,,,,,,,,,,,,,,Defensive Attack,,,,,,,,,,,,,,,,,,,,FALSE,Defensive Stance,1 Turn,,,,,,,FALSE,TRUE,Defensive Attack is a passive feature that lets the wielder of  Defender Greataxe temporarily sacrifices one Enchantment level from the axe to gain +1 bonus AC and saving throws. This choice is given when making the first attack with the axe in a round. ,"When making your first attack of the round, you can reduce this weapon's enchantment by 1 to increase your  Armour Class and  Saving throw bonus by 1. "
Defensive Duellist,,,,,,,,,,,,,,,,,,,,,,,,,,,,,,,,,,,,,,,,,,FALSE,,,,,,,,,TRUE,FALSE,"Defensive Duellist is a reaction obtainable by a feat of the same name. If you are attacked while wielding a Finesse Weapon weapon, you can temporarily increases your Armour Class Armour Class. You must have at least a 13 in Dexterity in order to take this Feat.","When attacked with a melee attack, add your Proficiency Bonus to your Armour Class Armour Class, possibly causing attacks to miss. Requires a Finesse Weapon you are Proficient in."
Defier's Rejuvenation,,,,,,,,,,,,,,,,,,,,,,,,,,,,,,,,,,,,,,,,,,FALSE,,,,,,,,,TRUE,FALSE,Defier's Rejuvenation is a passive feature that heals the user whenever they pass a check. ,"Whenever the wearer succeeds on a  Saving throw against a Spell, they regain 1d4⁠hit points. "
Deflect Missiles,,,,,,,,,,,,,,,,,,,,,,"Deflect Missiles, Deflect Missiles: Redirect",,,,,,,,,,,,,,,,,,,,FALSE,,,,,,,,,TRUE,FALSE,Deflect Missiles is a Monk passive feature that allows them to reduce the damage of an incoming ranged attack and potentially return it to the attacker. ,Use your reaction to reduce the damage from a ranged weapon attack by 1d10 + your Dexterity Modifier + your monk level. 
Defy Villainy,,,,,,,,,,,,,,,,,,,,,,,,,,,,,,,,,,,,,,,,,,FALSE,,,,,,,,,TRUE,FALSE,Defy Villainy is a passive feature that automatically cures the wearer of a few conditions ,"When the wearer becomes  Blinded,  Paralysed or  Poisoned, they automatically cast  Lesser Restoration on themselves. "
Demonspirit Aura,,,,,,,,,,,,,,,,,,,,,,,,,,,,,,,,,,,,,,,,,,FALSE,,,,,,,,,TRUE,FALSE,Demonspirit Aura is a toggleable passive feature granted by the  Abyss Beckoners. They impart damage resistance to the wearer's summons at the risk of driving them  mad. ,"The wearer's summoned creatures have resistance to all damage except ⁠Psychic damage. At the start of the summoned creatures turn, it must succeed a  Wisdom saving throw or be driven  Mad. "
Desert I,,,,,,,,,,,,,,,,,,,,,,,"Blur, Silence",,,,,,,,,,,,,,,,,,,FALSE,,,,,,,,,FALSE,TRUE,Desert is a passive feature available to Circle of the Land Druids that pick this as their Land. It grants a couple extra spells every two levels. ,You can cast  Blur and  Silence. At higher levels You can cast  Protection from Energy and  Hypnotic Pattern. You can cast  Blight and  Wall of Fire. You can cast  Wall of Stone and  Insect Plague. 
Desert II,,,,,,,,,,,,,,,,,,,,,,,"Protection from Energy, Hypnotic Pattern",,,,,,,,,,,,,,,,,,,FALSE,,,,,,,,,FALSE,TRUE,Desert is a passive feature available to Circle of the Land Druids that pick this as their Land. It grants a couple extra spells every two levels. ,You can cast  Blur and  Silence. At higher levels You can cast  Protection from Energy and  Hypnotic Pattern. You can cast  Blight and  Wall of Fire. You can cast  Wall of Stone and  Insect Plague. 
Desert III,,,,,,,,,,,,,,,,,,,,,,,"Blight, Wall of Fire",,,,,,,,,,,,,,,,,,,FALSE,,,,,,,,,FALSE,TRUE,Desert is a passive feature available to Circle of the Land Druids that pick this as their Land. It grants a couple extra spells every two levels. ,You can cast  Blur and  Silence. At higher levels You can cast  Protection from Energy and  Hypnotic Pattern. You can cast  Blight and  Wall of Fire. You can cast  Wall of Stone and  Insect Plague. 
Desert IV,,,,,,,,,,,,,,,,,,,,,,,"Wall of Stone, Insect Plague",,,,,,,,,,,,,,,,,,,FALSE,,,,,,,,,FALSE,TRUE,Desert is a passive feature available to Circle of the Land Druids that pick this as their Land. It grants a couple extra spells every two levels. ,You can cast  Blur and  Silence. At higher levels You can cast  Protection from Energy and  Hypnotic Pattern. You can cast  Blight and  Wall of Fire. You can cast  Wall of Stone and  Insect Plague. 
Destroy Undead,,,,,,,,,,,,,,,,,,,,,,,,,,,,,,,,,,,,,,,,,,FALSE,,,,,,,,,TRUE,FALSE,Destroy Undead is a Cleric passive feature that deals 4d6⁠Radiant damage to creatures affected by  Turn Undead. ,"When you successfully  Turn an Undead creature, it also takes 4d6⁠Radiant. "
Devil's Sight,,,,,,,,,,,,,,,,,,24,,,,,,,,,,,,,,,,,,,,,,,,FALSE,,,,,,,,,FALSE,TRUE,Devil's Sight is an Eldritch Invocation from the Warlock class. It allows the wearer to see through both natural and magical darkness. ,"You can see normally in darkness, both magical and non-magical, to a distance of  24 m / 80 ft. "
Dextrous Evasion,,,,,,,,,,,,,,,,,,,,,,,,,,,,,,,,,,,,,,,,,,FALSE,,,,,,,,,TRUE,FALSE,Dextrous Evasion is a passive feature that lets the wearer force a successful dexterity saving throw. ,"When you fail a  Dexterity saving throw, you can use your  Reaction to succeed instead. Grants: "
Diamondsbane,,,,,,,,,,,,,,,,,,,,,,,,,,,,,,,,,,,,,,,,,,FALSE,,,,,,,,,TRUE,FALSE,Diamondsbane is a passive feature that makes every strike on an object deal a lot of damage. ,"If an adamantine weapon hits an object, the hit is always critical. "
Dig Deep,,,,,,,,,,,,,,,,,,,,,,,,,,,,,,,,,,,,,,,,,,FALSE,Shattered,3 Turns,,,,,,,TRUE,FALSE,Dig Deep is a passive feature that adds extra 1d4⁠Piercing damage to targets previously hit by Deep Delver. ,Inflicts  Shattered on hit. Deep Delver deals an additional 1d4⁠Piercing against shattered targets. 
Disciple of Life,,,,,,,,,,,,,,,,,,,,,,,,,,,,,,,,,,,,,,,,,,FALSE,,,,,,,,,TRUE,FALSE,Disciple Of Life is a Life Domain Cleric passive feature that makes all healing spells stronger. ,"Your devotion empowers your healing Spells. When casting a healing spell, the target regains additional hit points equal to 2 + the spell's level⁠hit points. "
Displace,,,,,,,,,,,,,,,,,,,,,,,,,,,,,,,,,,,,,,,,,,TRUE,Displace,1 Turn,,,,,,,TRUE,FALSE,Displace is a passive feature and Illithid Power. This feature deals an extra 1d8⁠Psychic damage to any creature that suffers Falling damage as a result of the character's actions. ,Creatures suffering Falling damage because of your actions take an additional 1d8⁠Psychic damage. 
Displacement,,,,,,,,,,,,,,,,,,,,,,,,,,,,,,,,,,,,,,,,,,FALSE,Displaced,2 Turns,,,,,,,TRUE,FALSE,Displacement is a passive feature that makes it difficult for enemies to hit the wearer in combat. ,"At the beginning of the wearer's turn, the cloak activates, granting enemies  Disadvantage on Attack rolls that target the wearer. This effect lasts until the wearer takes damage. "
Divine Allegiance,,,,,,,,,,,,,,,,,,,,,,,,,,,,,,,,,,,,,,,,,,FALSE,,,,,,,,,TRUE,FALSE,Divine Allegiance is a passive feature available to  Oath of the Crown paladins which allows them to redirect damage dealt to nearby allies to themselves. ,"When an ally within 1.5 m / 5 ft of you takes damage, you can use your  Reaction to magically substitute your own health for your ally's, healing them by 2 × (Paladin level)⁠hit points at the cost of taking 2 × (Paladin level)⁠Radiant damage yourself. "
Divine Health,,,,,,,,,,,,,,,,,,,,,,,,,,,,,,,,,,,,,,,,,,FALSE,,,,,,,,,TRUE,FALSE,Divine Health is a Paladin passive feature that makes them immune to disease. ,The divine magic flowing within you prevents disease from affecting you. 
Dolor Amarus,,,,,,,,,,,,,,,,,,,,,,,,,,,,,,,,,,,,,,,,,,FALSE,,,,,,,,,TRUE,FALSE,Dolor Amarus is a passive feature that deals extra damage when you make a critical hit. ,"When you land a Critical Hit with a weapon or unarmed attack, it deals an additional 7 damage. "
Domain Spells,,,,,,,,,,,,,,,,,,,,,,,,,,,,,,,,,,,,,,,,,,FALSE,,,,,,,,,TRUE,FALSE,Domain Spells is a cleric passive feature. ,You gain spells from your domain. They are Always Prepared. 
Doom Lobber,,,,,,,,,,,,,,,,,,,,,,,,,,,,,,,,,,,"Melee Spell,Ranged Spell",+1,,,,,,FALSE,,,,,,,,,FALSE,TRUE,Doom Lobber is a passive feature that boosts the user's spell attacks. ,The wearer gains a +1 bonus to Spell Attack Rolls. 
Draconic Ancestry (Acid),,,,,,,,,,,,,,,,,,,,,,,,,,,,,Acid,,,,,,,,,,,,,FALSE,,,,,,,,,FALSE,TRUE,Draconic Ancestry is a Dragonborn passive feature; it grants them Resistance to ⁠Acid damage. ,The blood of ancient dragons flow through your veins. You are Resistant to ⁠Acid damage. 
Draconic Ancestry (Cold),,,,,,,,,,,,,,,,,,,,,,,,,,,,,Cold,,,,,,,,,,,,,FALSE,,,,,,,,,FALSE,TRUE,Draconic Ancestry is a Dragonborn passive feature; it grants them Resistance to ⁠Cold damage. ,The blood of ancient dragons flow through your veins. You are Resistant to ⁠Cold damage. 
Draconic Ancestry (Fire),,,,,,,,,,,,,,,,,,,,,,,,,,,,,Fire,,,,,,,,,,,,,FALSE,,,,,,,,,FALSE,TRUE,Draconic Ancestry is a Dragonborn passive feature; it grants them Resistance to ⁠Fire damage. ,The blood of ancient dragons flow through your veins. You are Resistant to ⁠Fire damage. 
Draconic Ancestry (Lightning),,,,,,,,,,,,,,,,,,,,,,,,,,,,,Lightning,,,,,,,,,,,,,FALSE,,,,,,,,,FALSE,TRUE,Draconic Ancestry is a Dragonborn passive feature; it grants them Resistance to ⁠Lightning damage. ,The blood of ancient dragons flow through your veins. You are Resistant to ⁠Lightning damage. 
Draconic Ancestry (Poison),,,,,,,,,,,,,,,,,,,,,,,,,,,,,Poison,,,,,,,,,,,,,FALSE,,,,,,,,,FALSE,TRUE,Draconic Ancestry is a Dragonborn passive feature; it grants them Resistance to ⁠Poison damage. ,The blood of ancient dragons flow through your veins. You are Resistant to ⁠Poison damage. 
Draconic Ancestry: Black (Acid),,,,,,,,,,,,,,,,,,,,,,,Grease,,,,,,,,,,,,,,,,,,,FALSE,,,,,,,,,FALSE,TRUE,Draconic Ancestry: Black (Acid) is a passive feature available to Draconic Bloodline Sorcerers. The Acid damage type associated with your ancestry is used by features that you gain later. ,"Starting at Level 6, spells that deal ⁠Acid damage deal additional damage equal to your Charisma modifier, and you can become resistant to acid via Elemental Affinity: Resistance. "
Draconic Ancestry: Blue (Lightning),,,,,,,,,,,,,,,,,,,,,,,Witch Bolt,,,,,,,,,,,,,,,,,,,FALSE,,,,,,,,,FALSE,TRUE,Draconic Ancestry: Blue (Lightning) is a passive feature available to Draconic Bloodline Sorcerers. The Lightning damage type associated with your ancestry is used by features that you gain later. ,"Starting at Level 6, spells that deal ⁠Lightning damage deal additional damage equal to your Charisma modifier, and you can become resistant to lightning via Elemental Affinity: Resistance. "
Draconic Ancestry: Brass (Fire),,,,,,,,,,,,,,,,,,,,,,,Sleep,,,,,,,,,,,,,,,,,,,FALSE,,,,,,,,,FALSE,TRUE,Draconic Ancestry: Brass (Fire) is a passive feature available to Draconic Bloodline Sorcerers. The Fire damage type associated with your ancestry is used by features that you gain later. ,"Starting at Level 6, spells that deal ⁠Fire damage deal additional damage equal to your Charisma modifier, and you can become resistant to fire via Elemental Affinity: Resistance. "
Draconic Ancestry: Bronze (Lightning),,,,,,,,,,,,,,,,,,,,,,,Fog Cloud,,,,,,,,,,,,,,,,,,,FALSE,,,,,,,,,FALSE,TRUE,Draconic Ancestry: Bronze (Lightning) is a passive feature available to Draconic Bloodline Sorcerers. The Lightning damage type associated with your ancestry is used by features that you gain later. ,"Starting at Level 6, spells that deal ⁠Lightning damage deal additional damage equal to your Charisma modifier, and you can become resistant to lightning via Elemental Affinity: Resistance. "
Draconic Ancestry: Copper (Acid),,,,,,,,,,,,,,,,,,,,,,,Tasha's Hideous Laughter,,,,,,,,,,,,,,,,,,,FALSE,,,,,,,,,FALSE,TRUE,Draconic Ancestry: Copper (Acid) is a passive feature available to Draconic Bloodline Sorcerers. The Acid damage type associated with your ancestry is used by features that you gain later. ,"Starting at Level 6, spells that deal ⁠Acid damage deal additional damage equal to your Charisma modifier, and you can become resistant to acid via Elemental Affinity: Resistance. "
Draconic Ancestry: Gold (Fire),,,,,,,,,,,,,,,,,,,,,,,Disguise Self,,,,,,,,,,,,,,,,,,,FALSE,,,,,,,,,FALSE,TRUE,Draconic Ancestry: Gold (Fire) is a passive feature available to Draconic Bloodline Sorcerers. The Fire damage type associated with your ancestry is used by features that you gain later. ,"Starting at Level 6, spells that deal ⁠Fire damage deal additional damage equal to your Charisma modifier, and you can become resistant to fire via Elemental Affinity: Resistance. "
Draconic Ancestry: Green (Poison),,,,,,,,,,,,,,,,,,,,,,,Ray of Sickness,,,,,,,,,,,,,,,,,,,FALSE,,,,,,,,,FALSE,TRUE,Draconic Ancestry: Green (Poison) is a passive feature available to Draconic Bloodline Sorcerers. The Poison damage type associated with your ancestry is used by features that you gain later. ,"Starting at Level 6, spells that deal ⁠Poison damage deal additional damage equal to your Charisma modifier, and you can become resistant to poison via Elemental Affinity: Resistance. "
Draconic Ancestry: Red (Fire),,,,,,,,,,,,,,,,,,,,,,,Burning Hands,,,,,,,,,,,,,,,,,,,FALSE,,,,,,,,,FALSE,TRUE,Draconic Ancestry: Red (Fire) is a passive feature available to Draconic Bloodline Sorcerers. The Fire damage type associated with your ancestry is used by features that you gain later. ,"Starting at Level 6, spells that deal ⁠Fire damage deal additional damage equal to your Charisma modifier, and you can become resistant to fire via Elemental Affinity: Resistance. "
Draconic Ancestry: Silver (Cold),,,,,,,,,,,,,,,,,,,,,,,Feather Fall,,,,,,,,,,,,,,,,,,,FALSE,,,,,,,,,FALSE,TRUE,Draconic Ancestry: Silver (Cold) is a passive feature available to Draconic Bloodline Sorcerer. The Cold damage type associated with your ancestry is used by features that you gain later. ,"Starting at Level 6, spells that deal ⁠Cold damage deal additional damage equal to your Charisma modifier, and you can become resistant to cold via Elemental Affinity: Resistance. "
Draconic Ancestry: White (Cold),,,,,,,,,,,,,,,,,,,,,,,Armour of Agathys,,,,,,,,,,,,,,,,,,,FALSE,,,,,,,,,FALSE,TRUE,Draconic Ancestry: White (Cold) is a passive feature available to Draconic Bloodline Sorcerer. The Cold damage type associated with your ancestry is used by features that you gain later. ,"Starting at Level 6, spells that deal ⁠Cold damage deal additional damage equal to your Charisma modifier, and you can become resistant to cold via Elemental Affinity: Resistance. "
Draconic Resilience,,,,,,,,,,,,,,,,,,,,3,1,,,,,,,,,,,,,,,,,,,,,FALSE,,,,,,,No Armour,,FALSE,TRUE,Draconic Resilience is a Draconic Bloodline Sorcerer passive feature that raises the Sorcerer's base Armour Class to 13 when not wearing armour. ,"Dragon-like scales cover parts of your skin. When you aren't wearing armour, your base  Armour Class is 13. "
Dragonfire Fists,,,,,,,,,,,,,,,,,,,,,,,,,,,,,,,,,,,,,,,1d4,Fire,,FALSE,,,,,,,,,FALSE,TRUE,Dragonfire Fists is a passive feature that adds extra fire damage to the user's unarmed attacks. ,Your unarmed attacks deal an additional 1d4⁠Fire. 
Dread Ambusher,,,,,,,,,,,,,,,+3,,,,,,,,,,,,,,,,,,,,,,,,,,,FALSE,Dread Ambusher,1 Turn,,,,,,,TRUE,FALSE,Dread Ambusher is a Gloom Stalker Ranger passive feature that makes you deadly on the first turn of combat. ,"You specialise in taking out foes swiftly and ruthlessly. You gain a +3 bonus to Initiative. On the first turn of combat, your Movement Speed increases by  3 m / 10 ft, and you can also make an extra weapon attack that deals an additional  1d8 damage "
Dread Iron Ambush,,,,,,,,,,,,,,,,,,,,,,,,,,,,,,,,,,,,,,,,,,FALSE,,,,,,,,,TRUE,FALSE,Dread Iron Ambush is a passive feature that increases the damage of your weapon while you are hidden. ,"While its wielder is hidden, this weapon deals an extra 1d6⁠Necrotic. "
Dreadful Hewer,,,,,,,,,,,,,,,,,,,,,,,,,,,,,,,,,,,,,,,,,,FALSE,,,,,,,,,TRUE,FALSE,Dreadful Hewer is a passive feature that makes it difficult for enemies to resist your fearful abilities. ,Your foes have  Disadvantage on Saving Throws to resist your spells or actions that inflict  Fear. 
Dreadful Word,,,,,,,,,,,,,,,,,,,,,,,Confusion,,,,,,,,,,,,,,,,,,,FALSE,,,,,,,,,FALSE,TRUE,Dreadful Word is an Eldritch Invocation from the Warlock class. You learn how to cast Confusion. ,You can cast  Confusion with a Warlock spell slot. 
Drow Weapon Training,,,,,,,,,,,,,,"Rapiers, Shortswords, Hand Crossbows",,,,,,,,,,,,,,,,,,,,,,,,,,,,FALSE,,,,,,,,,FALSE,TRUE,"Drow Weapon Training is a passive feature that grants Drow Proficiency with the Rapier, Shortsword, and Hand Crossbow. ","You have Proficiency with  Rapiers,  Shortswords, and  Hand Crossbows. "
Drunken Performance,,,,,,,,,,,,Performance,,,,,,,,,,,,,,,,,,,,,,,,,,,,,,FALSE,,,,,,,,,FALSE,TRUE,Drunken Performance is a Way of the Drunken Master monk passive feature that grants Performance proficiency. ,You gain Proficiency in  Performance. 
Dual Wielder,,,,,,,,,,,,,,,,,,,,,,,,,,,,,,,,,,,,,,,,,,FALSE,,,,,,,,,TRUE,FALSE,Dual Wielder is a passive feature obtainable by the Dual Wielder Feat. It allows you to use Two-Weapon Fighting while wielding two non-Heavy weapons even if they aren't Light. ,You can use Two-Weapon Fighting even if the weapons you are wielding aren't Light. You cannot dual-wield Two-Handed weapons. 
Dual Wielder: Bonus Armour Class,,,,,,,,,,,,,,,,,,,,,,,,,,,,,,,,,,,,,,,,,,FALSE,,,,,,,,,TRUE,FALSE,"Dual Wielder: Bonus Armour Class is a passive feature obtainable by the Dual Wielder Feat. If you have a melee weapon equipped in both hands, gain +1  Armour Class ",You have a +1 bonus to  Armour Class while wielding a melee weapon in each hand. 
Duelling,,,,,,,,,,,,,,,,,,,,,,,,,,,,,,,,,2,Weapon,,,,,,,,FALSE,,,,,,,Free off-hand,,FALSE,TRUE,Duelling is a fighting style passive feature. ,"When you are wielding a melee weapon that is not Two-Handed in one hand, and no weapon in the other, you deal an additional 2 damage with that weapon. You can carry a shield in your free hand and still gain this bonus. "
Duelling Gloves,,,,,,,,,,,,,,,,,,,,,,,,,,,,,,,,,,,,,,,,,,FALSE,,,,,,,,,TRUE,FALSE,Duelling Gloves is a passive feature  that grants a bonus to single handed melee weapons. ,"While only holding one weapon in your main hand and nothing in your free hand, gain a +2 bonus to melee weapon Attack rolls. "
Duergar Resilience,,,,,,,,,,,,,,,,,,,,,,,,,,,,,,,,,,,,,,,,,,FALSE,,,,,,,,,TRUE,FALSE,Duergar Resilience is a passive feature available to all Duergar characters. It grants Advantage on Saving Throws against illusions and against being Charmed or Paralysed. ,An affected creature has  Advantage on  Saving throws  against Illusions and against being Charmed or  Paralysed. 
Dungeon Delver: Perception,,,Perception,,ADV,,,,,,,,,,,,,,,,,,,,,,,,,,,,,,,,,,,,,FALSE,,,,,,,,,FALSE,TRUE,Dungeon Delver: Perception is a passive feature obtainable by the Dungeon Delver Feat. It gives you a bonus to your Perception when it comes to finding hidden objects. ,You have  Advantage on Perception Checks made to detect hidden objects. 
Dungeon Delver: Resist Traps,,,,,,,,,,,,,,,,,,,,,,,,,,,,,,,,,,,,,,,,,,FALSE,,,,,,,,,TRUE,FALSE,Dungeon Delver: Resist Traps is a passive feature obtainable by the Dungeon Delver Feat. It makes the wearer more likely to avoid traps as well as resist the damage from them. ,You have  Advantage on Saving Throws made to avoid traps and Resistance to trap damage. 
Durable,,,,,,,,,CON,1,20,,,,,,,,,,,,,,,,,,,,,,,,,,,,,,,FALSE,,,,,,,,,TRUE,FALSE,Durable is a Passive Feature obtainable by the Feat of the same name. You regain full HP every time you take a Short Rest ,Regain full Hit Points every time you take a Short Rest. 
Dwarven Armour Training,,,,,,,,,,,,,"Light, Medium",,,,,,,,,,,,,,,,,,,,,,,,,,,,,FALSE,,,,,,,,,FALSE,TRUE,Dwarven Armour Training is a passive feature that grants Shield Dwarves Proficiency with Light Armour and Medium Armour. ,You have Armour Proficiency with  Light armour and  Medium armour. 
Dwarven Combat Training,,,,,,,,,,,,,,"Battleaxes, Handaxes, Light Hammers, Warhammers",,,,,,,,,,,,,,,,,,,,,,,,,,,,FALSE,,,,,,,,,FALSE,TRUE,"Dwarven Combat Training is a passive feature that grants Dwarves Proficiency with the Battleaxe, Handaxe, Light Hammer, and Warhammers. ","You have Proficiency with  Battleaxes,  Handaxes,  Light Hammers, and  Warhammers. "
Dwarven Resilience,,,,,,,,,,,,,,,,,,,,,,,,,,,,,Poison,,,,,,,,,,,,,FALSE,,,,,,,,,FALSE,TRUE,Dwarven Resilience is a Dwarf passive feature that grants Advantage on Saving Throws against Poison and Resistance to Poison damage. ,You have  Advantage on  Saving throws against being  Poisoned and you have Resistance against ⁠Poison damage. 
Dwarven Thrower,,,,,,,,,,,,,,,,,,,,,,,,,,,,,,,,,,,,,,,,,,FALSE,,,,,,,,,TRUE,FALSE,"Dwarven Thrower is a passive feature that grants extra damage on oversized creatures, if the wielder is a Dwarf. ","A Dwarf throwing this warhammer deals an extra 1d8⁠Bludgeoning damage. If the target is a Large, Huge or Gargantuan creature, the strike deals an additional 2d8⁠Bludgeoning damage. "
Dwarven Toughness,,,,,,,,,,,,,,,,,,,,,1,,,,,,,,,,,,,,,,,,,,,FALSE,,,,,,,,,FALSE,TRUE,"Dwarven Toughness is a passive feature that increases a creature's Hit Point maximum by 1, and again by 1 every time they gain a level. It is a Subrace Trait for all Gold Dwarf characters. ",You have 1 extra maximum  Hit Point per level. 
Eagle Heart,,,,,,,,,,,,,,,,,,,,,,"Rage: Eagle Heart, Diving Strike",,,,,,,,,,,,,,,,,,,,FALSE,,,,,,,,,FALSE,TRUE,Eagle Heart is a passive feature that grants a Wildheart Barbarian a special version of Rage and another ability. ,"While  Raging, you can use  Diving Strike. Foes also have  Disadvantage on  Opportunity Attacks against you, and you can use  Dash as a bonus action. "
Edge of Terror,,,,,,,,,,,,,,,,,,,,,,,,,,,,,,,,,,,,,,,,,,FALSE,Bone Chilled,2 Turns,,,,,,,TRUE,FALSE,Edge of Terror is a passive feature that applies  Bone Chilled to the target on every hit. ,Each strike fills the target with a chilling dread that prevents it from regaining hit points. Undead creatures also get  Disadvantage on Attack rolls. 
Effective Transmitter,,,,,,,,,,,,,,,,,,,,,,,,,,,,,,,,,,,,,,,,,,FALSE,,,,,,,,,TRUE,FALSE,Effective Transmitter is a passive feature that grants hit bonuses against constructs and enemies wearing metal armour. ,"While imbued with  Lightning Charges, attacks against metal constructs and foes wearing metal armour gain  Advantage. "
Eight Legged Waltz,,,,,,,,,,,,,,,,,,,,,,,,,,,,,,,,,,,,,,,,,,FALSE,,,,,,,,,TRUE,FALSE,Eight Legged Waltz is a Beast Master Hunter's  Wolf Spider Companion passive feature that increases the speed of your Wolf Spider while on webs. ,"Whenever you start your turn on a web surface, you now gain extra Movement Speed and become Resistant to ⁠Poison. "
Eldritch Spear,,,,,,,,,,,,,,,,,,,,,,,,,,,,,,,,,,,,,,,,,,FALSE,,,,,,,,,TRUE,FALSE,Eldritch Spear is a passive feature that gives users a range boost on their Eldritch Blast cantrip. ,The range of your  Eldritch Blast increases by half. 
Eldritch Strike,,,,,,,,,,,,,,,,,,,,,,,,,,,,,,,,,,,,,,,,,,FALSE,Stricken with Eldritch Inertia,2 Turns,,,,,,,TRUE,FALSE,Eldritch Strike is an Eldritch Knight Fighter passive feature. This allows the Fighter to force a creature to have Disadvantage on its next Saving Throw by a mere weapon attack. ,"When you hit a creature with a weapon attack, it has  Disadvantage on its next  Saving throw against a spell you cast before the end of your next turn. "
Electric Blood,,,,,,,,,,,,,,,,,,,,,,,,,,,,,,,,,,,,,,,,,,FALSE,Lightning Charges,2 Turns,,,,,,,TRUE,FALSE,Electric Blood is a passive feature that that adds lightning charges when dealing damage. ,"When the wielder deals damage using this weapon, they gain 2  Lightning Charges. "
Electric Veins,,,,,,,,,,,,,,,,,,,,,,,,,,,,,,,,,,,,,,,,,,FALSE,Lightning Charges,2 Turns,,,,,,,TRUE,FALSE,Electric Veins is a passive feature that grants you a bonus when you deal damage with a spell or cantrip. ,"When the wielder deals damage with a spell or cantrip, they gain 2  Lightning Charges. "
Electrify Water,,,,,,,,,,,,,,,,,,,,,,,,,,,,,,,,,,,,,,,,,,FALSE,,,,,,,,,TRUE,FALSE,Electrify Water is a passive feature that turns water surfaces into electrified water surfaces. ,"When the wearer stands in  Water during combat, it becomes  Electrified Water. "
Electrocution Immunity,,,,,,,,,,,,,,,,,,,,,,,,,,Electrocuted,,,,,,,,,,,,,,,,FALSE,,,,,,,,,FALSE,TRUE,This passive protects its user from Electrocution. ,Years of ambushing ships during lightning storms means that this creature cannot be  Electrocuted. 
Elegant Duellist,,,,,,,,,,,,,,,,,,,,,,,,,,,,,,,+1,,,,,,,,,,,FALSE,,,,,,,Free off-hand,,FALSE,TRUE,Elegant Duellist is a passive feature that increases your critical hit chance and reactivity. ,"While your off-hand is empty, you score a Critical Hit when rolling a 19. Moreover, you gain an additional  Reaction per turn. "
Elemental Adept: Acid,,,,,,,,,,,,,,,,,,,,,,,,,,,,,,,,,,,,,,,,,,FALSE,,,,,,,,,TRUE,FALSE,"Elemental Adept: Acid is a passive feature obtainable by the Elemental Adept Feat. Your spells ignore Resistance to ⁠Acid. When you cast spells of that type, you cannot roll a 1. ","Spells you cast and attacks you make ignore Resistance to ⁠Acid damage. In addition, when you deal Acid damage with a spell, you cannot roll a 1. "
Elemental Adept: Cold,,,,,,,,,,,,,,,,,,,,,,,,,,,,,,,,,,,,,,,,,,FALSE,,,,,,,,,TRUE,FALSE,"Elemental Adept: Cold is a passive feature obtainable by the Elemental Adept Feat. Your spells ignore Resistance to ⁠Cold. When you cast spells of that type, you cannot roll a 1. ","Spells you cast and attacks you make ignore Resistance to ⁠Cold damage. In addition, when you deal Cold damage with a spell, you cannot roll a 1. "
Elemental Adept: Fire,,,,,,,,,,,,,,,,,,,,,,,,,,,,,,,,,,,,,,,,,,FALSE,,,,,,,,,TRUE,FALSE,"Elemental Adept: Fire is a passive feature obtainable by the Elemental Adept Feat. Your spells ignore Resistance to ⁠Fire. When you cast spells of that type, you cannot roll a 1. ","Spells you cast and attacks you make ignore Resistance to ⁠Fire damage. In addition, when you deal Fire damage with a spell, you cannot roll a 1. "
Elemental Adept: Lightning,,,,,,,,,,,,,,,,,,,,,,,,,,,,,,,,,,,,,,,,,,FALSE,,,,,,,,,TRUE,FALSE,"Elemental Adept: Lightning is a passive feature obtainable by the Elemental Adept Feat. Your spells ignore Resistance to ⁠Lightning. When you cast spells of that type, you cannot roll a 1. ","Spells you cast and attacks you make ignore Resistance to ⁠Lightning damage. In addition, when you deal Lightning damage with a spell, you cannot roll a 1. "
Elemental Adept: Thunder,,,,,,,,,,,,,,,,,,,,,,,,,,,,,,,,,,,,,,,,,,FALSE,,,,,,,,,TRUE,FALSE,"Elemental Adept: Thunder is a Passive Feature obtainable by the Elemental Adept Feat. Your spells ignore Resistance to ⁠Thunder. When you cast spells of that type, you cannot roll a 1. ","Spells you cast and attacks you make ignore Resistance to ⁠Thunder damage. In addition, when you deal Thunder damage with a spell, you cannot roll a 1. "
Elemental Affinity: Damage,,,,,,,,,,,,,,,,,,,,,,,,,,,,,,,,,,,,,,,,,,FALSE,,,,,,,,,TRUE,FALSE,Elemental Affinity: Damage is a Draconic Bloodline Sorcerer passive feature that adds extra damage based on your Charisma Modifier to every spell you cast so long as it is the same type as your bloodline. ,"When you cast a spell that deals damage of the type associated with your draconic ancestry, you add your Charisma Modifier to the damage. "
Elemental Augmentation,,,,,,,,,,,,,,,,,,,,,,,,,,,,,,,,,,,,,,,,,,FALSE,,,,,,,,,TRUE,FALSE,Elemental Augmentation is a passive feature which adds damage to the caster's elemental cantrips. ,"When one of your cantrips deals ⁠Acid, ⁠Cold, ⁠Fire, ⁠Lightning, or ⁠Thunder damage, add your Spellcasting Modifier to the damage dealt. "
Elemental Infusion,,,,,,,,,,,,,,,,,,,,,,,,,,,,,,,,,,,,,,,,,,FALSE,,2 Turns,,,,,,,TRUE,FALSE,"Elemental Infusion is a passive feature that adds elemental damage to the wearer's next weapon attack, after dealing elemental damage with a spell. ","When you deal ⁠Acid, ⁠Cold, ⁠Fire, ⁠Lightning, or ⁠Thunder damage using a Spell or a Cantrip, that element infuses your weapon. Until the end of your next turn, you deal an additional   1d4 damage of that element on your first successful weapon attack. "
Elemental Momentum,,,,,,,,,,,,,,,,,,,,,,,,,,,,,,,,,,,,,,,,,,FALSE,,2 Turns,,,,,,,TRUE,FALSE,Elemental Momentum is a passive feature that temporarily increases the wearer's speed after casting an elemental spell. ,"Whenever the wearer deals ⁠Acid, ⁠Cold, ⁠Fire, ⁠Lightning or ⁠Thunder damage with Spells or Cantrip, they gain  Momentum for 2 turns. "
Elemental Resonance,,,,,,,,,,,,,,,,,,,,,,,,,,,,,,,,,,,,,,,,,,FALSE,"Resistant to Acid Damage,Resistant to Fire Damage,Resistant to Lightning Damage,Resistant to Necrotic Damage,Resistant to Radiant Damage",2 Turns,,,,,,,TRUE,FALSE,Elemental Resonance is a passive feature that grants you resistance to the same damage type you deal. ,"If the wielder deals ⁠Acid, ⁠Fire, ⁠Lightning, ⁠Radiant, or ⁠Necrotic damage, it becomes resistant to that damage type for 2 turns. "
Elemental Retort,,,,,,,,,,,,,,,,,,,,,,,,,,,,,,,,,,,,,,,,,,FALSE,,,,,,,,,TRUE,FALSE,Elemental Retort is a special passive feature that grants a special reaction when attacked. ,"When attacked, the affected entity can draw on  Siphoned magic to cast  Elemental Retort. "
Elemental Siphon,,,,,,,,,,,,,,,,,,,,,,,,,,,,,,,,,,,,,,,,,,FALSE,,,,,,,,,TRUE,FALSE,Elemental Siphon is a passive feature lets you draw power from nearby myrmidons. ,The affected entity draws elemental power from any myrmidons within  Range: 30 m / 100 ft 
Elements of an Epoch,,,,,,,,,,,,,,,,,,,,,,,,,,,,,,,,,,,,,,,,,,FALSE,"Acid,Chilled,Burning",2 Turns,13,CON,,,,,TRUE,FALSE,Elements of an Epoch is a passive feature that inflicts a condition based on the elemental damage done. ,"Depending on what kind of damage this weapon does, it also inflicts:  Acid condition,  Chilled condition, or  Burning condition. "
Elk Heart,,,,,,,,,,,,,,,,,,,,,,"Rage: Elk Heart, Primal Stampede",,,,,,,,,,,,,,,,,,,,FALSE,,,,,,,,,FALSE,TRUE,Elk Heart is a passive feature that grants a Wildheart Barbarian a special version of Rage and another ability. ,"While  Raging, you can use  Primal Stampede, and your movement speed increases by  4.5 m / 15 ft. "
Elven Agility,,,,,,DEX,,ADV,,,,,,,+2,,,,,,,,,,,,,,,,,,,,,,,,,,,FALSE,,,,,,,,,FALSE,TRUE,Elven Agility is a passive feature that enhances the user's speed and agility. ,The wearer has a +2 bonus to Initiative Rolls and  Advantage on Dexterity  Saving throws. 
Elven Chain,,,,,,,,,,,,,,,,,,,,,,,,,,,,,,,,,,,,,,,,,,FALSE,,,,,,,,,TRUE,FALSE,Elven Chain is a passive feature that lets anyone wear this armour. ,You are considered Proficient with this armour while wearing it. 
Elven Weapon Training,,,,,,,,,,,,,,"Longswords, Shortswords, Longbows, Shortbows",,,,,,,,,,,,,,,,,,,,,,,,,,,,FALSE,,,,,,,,,FALSE,TRUE,"Elven Weapon Training is a passive feature that grants Elves proficiency with the Longsword, Shortsword, Shortbow, and Longbow. ","You have Proficiency with  Longswords,  Shortswords,  Longbows, and  Shortbows. "
Empowered Evocation,,,,,,,,,,,,,,,,,,,,,,,,,,,,,,,,,,,,,,,,,,FALSE,,,,,,,,,TRUE,FALSE,Empowered Evocation is an Evocation School Wizard passive feature which increases the damage of the caster's Evocation spells by their Intelligence modifier. ,"Your grasp of Evocation magic has tightened, and you can add your Intelligence Modifier to damage rolls with any Evocation spells. "
Endurance by Fire,,,,,,,2,,,,,,,,,,,,,,,,,,,,,,Fire,,,,,,,,,,,,,FALSE,,,,,,,,,FALSE,TRUE,Endurance by Fire is a passive feature that provides resistance to fire and better protection against certain abilities. ,You have Resistance to ⁠Fire damage and a +2 bonus to  Saving throws. 
Enervating Suffusion,,,,,,,,,,,,,,,,,,,,,,,,,,,,,,,,,,,,,,,1d4,Force,,FALSE,,,,,,,,,FALSE,TRUE,Enervating Suffusion is a passive feature that adds force damage to unarmed attacks. ,Your unarmed attacks deal an additional 1d4⁠Force damage. 
Envenom,,,,,,,,,,,,,,,,,,,,,,,,,,,,,,,,,,,,,,,,,,FALSE,Poisoned,3 Turns,13,CON,,,,,TRUE,FALSE,Envenom is a passive feature that inflicts  Poisoned on targets whenever the wearer deals poison type damage. ,"Whenever you deal ⁠Poison damage, the target needs to succeed a  Constitution saving throw or become  Poisoned. "
Escape the Horde,,,,,,,,,,,,,,,,,,,,,,,,,,,,,,,,,,,,,,,,,,FALSE,,,,,,,,,TRUE,FALSE,Escape the Horde is a Hunter Ranger passive feature that allow you to more safely escape the reach of an enemy. ,Opportunity Attacks against you have  Disadvantage. 
Ethel's Twisted Blessing,,,,,,,,,"STR, CON",2,,,,,,,,,,,,,,,,,,,,,,,1d12,Slashing,,,,,,,,FALSE,,,,,,,,,FALSE,TRUE,"Ethel's Twisted Blessing is a passive feature available to Ethel's Redcap servants that gives them additional health, strength and constitution scores, and damage to their attacks. ","As one of Ethel's loyal servants, this redcap has an additional 40 hit points, their Strength and Constitution scores are increased +2, and their attacks deal an additional 1~12⁠Slashing damage. "
Ethereal,,,,,,,,,,,,,,,,,,,,,,,,,,Pushed*,,,,,,,,,,,,,,,,FALSE,,,,,,,,,TRUE,FALSE,Ethereal is a passive feature that marks this entity as a ghost. ,"Affected entity is incorporeal and can't be  Shoved,  Thrown, or used as an  Improvised Melee Weapon "
Ethereal Escape,,,,,,,,,,,,,,,,,,,,,,,,,,,,,,,,,,,,,,,,,,FALSE,Ethereal Escape,1 Turn,,,,,,,TRUE,FALSE,"Ethereal Escape is a Passive feature/Reaction that grants the creature the ability to automatically disappear when damaged. It is similar to the effect of  Blink, except this effect is guaranteed. ","When damaged, the Incubus escapes to the Ethereal Plane. He returns to the battlefield at the start of his next turn. "
Ethereal Form,,,,,,,,,,,,,,,,,8,,,,,,,,,,,,,,,,,,,,,,,,,FALSE,,,,,,,,,FALSE,TRUE,Ethereal Form is a passive feature that reduces all incoming damage by 8. ,All incoming damage is reduced by 8. 
Evasion,,,,,,,,,,,,,,,,,,,,,,,,,,,,,,,,,,,,,,,,,,FALSE,,,,,,,,,TRUE,FALSE,"Evasion is a Monk and Rogue passive feature that lets them evade area of effect damage which require Dexterity Saving Throws[See Notes], reducing or entirely negating the damage. ","Your agility lets you dodge out of the way of certain spells. When a spell or effect would deal half damage on a successful  Dexterity saving throw, it deals no damage if you succeed, and only half damage if you fail. "
Evasive Instinct,,,,,,,1,,,,,,,,,,,,,1,,,,,,,,,,,,,,,,,,,,,,FALSE,,,,,,,No Protection,,FALSE,TRUE,Evasive Instinct is a passive feature that increases your defenses so long as you're not wearing armor. ,You have a +1 bonus to  Armour Class and  Saving throws as long as you are not wearing armour or holding a shield. 
Ever Vigilant,,,,,,,,,,,,,,,,,,,,,,,,,,,,,,,,,,,,,,,,,,FALSE,,,,,,,,,TRUE,FALSE,Ever Vigilant is a passive feature that grants extra hit points when the user end's their rage intentionally. ,"When the wearer chooses to  End their Rage, they gain  15 temporary hit points. Can only have temporary hit points from one source. "
Exceptional Plate,,,,,,,,,,,,,,,,"Bludgeoning, Piercing, Slashing",2,,,,,,,,,,,,,,,,,,,,,,,,,FALSE,,,,,,,,,FALSE,TRUE,Exceptional Plate is a passive feature that reduces physical damage significantly. ,"You take 2 less damage from ⁠Slashing, ⁠Piercing and ⁠Bludgeoning sources. "
Exceptional Training,,,,,,,,,,,,,,,,,,,,,,,,,,,,,,,,,,,,,,,,,,FALSE,,,,,,,,,TRUE,FALSE,Exceptional Training is a Beast Master Ranger passive feature that enhances your companion. They can now take several common actions as bonus actions. ,"Your summoned companions can now  Dash,  Disengage, and  Help as a  Bonus Action. "
Executioner,,,,,,,,,,,,,,,,,,,,,,,,,,,,,,,,,,,,,,,,,,FALSE,,,,,,,,,TRUE,FALSE,Executioner is a passive feature that lets the wearer critical hit the next target after getting a kill. ,"When you kill a creature, your next Attack roll will be a Critical Hit. Once spent, this effect refreshes after a Long Rest. "
Exoskeletal Endurance,,,,,,,,,,,,,,,,,2,,,,,,,,,,,,,,,,,,,,,,,,,FALSE,,,,,,,,,FALSE,TRUE,Exoskeletal Endurance is a passive feature that decreases the damage you take and retaliates against melee attacks. ,"Reduce all incoming damage by 2. When the wearer is struck by a melee attack, the attacker takes Constitution modifier⁠Piercing damage. "
Exoskeletal Reinforcement,,,,,,,,,,,,,,,,,,,,,,,,,,,,,,,,,,,,,,,,,,FALSE,,,,,,,,,TRUE,FALSE,Exoskeletal Reinforcements is passive feature that grants the wearer the ability to pierce resistances to physical attacks. ,"Your attacks ignore Resistance to ⁠Slashing, ⁠Piercing, and ⁠Bludgeoning damage. "
Exotic Material,,,,,,,,,,,,,,,,,,,,DEX,,,,,,,,,,,,,,,,,,,,,,FALSE,,,,,,,,,FALSE,TRUE,"Exotic Material is a passive feature that makes the armor more flexible, and prevents stealth penalties. ","Add your full Dexterity Modifier to your  Armour Class. Additionally, this armour does not impose  Disadvantage on Stealth Ability Checks. "
Experienced And Deadly,,,,,,,,,,,,,,,,,,,,,,,,,,,,,,,,,,,,,,,WIS,Bludgeoning,,FALSE,,,,,,,,,FALSE,TRUE,Experienced And Deadly is a passive feature that boosts the wielder's unarmed strikes by using their wisdom. ,The wearer deals additional damage equal to their  Wisdom Modifier with unarmed strikes. 
Experimental Alchemy,,,,,,,,,,,,,,,,,,,,,,,,,,,,,,,,,,,,,,,,,,FALSE,,,,,,,,,TRUE,FALSE,"Experimental Alchemy is a Transmutation School Wizard passive feature that enhances your mastery over alchemy. Whenever you combine extracts, you can brew two solutions instead of one provided you succeed a Medicine check. ","You brew two Alchemical Solutions instead of one when combining extracts, if you succeed a Difficulty Class 15 Medicine Check. "
Expert Divination,,,,,,,,,,,,,,,,,,,,,,,,,,,,,,,,,,,,,,,,,,FALSE,,,,,,,,,TRUE,FALSE,Expert Divination is a Divination School Wizard passive feature which grants an additional Portent Die and allows its user to fulfill prophecies to restore any spent Portent Dice each short rest. These prophecies typically entail casting a spell from a specific school or dealing a specific type of damage. ,You gain an additional Portent Die. When taking a Short Rest you receive a set of Prophecies. Complete them to regain missing Portent Dice. 
Expertise,,,,,,,,,,,,,,,,,,,,,,,,,,,,,,,,,,,,,,,,,,FALSE,,,,,,,,,TRUE,FALSE,Expertise is a passive feature that allows a character to double their Proficiency bonus on a Skill. ,Choose a Skill you are Proficient in. Your Proficiency Bonus is doubled for any Ability Check you make in that Skill. 
Exploit Weakness,,,,,,,,,,,,,,,,,,,,,,,,,,,,,,,,,,,,,,,,,,FALSE,Aura of Murder,1 Turn,,,,,,,TRUE,FALSE,Exploit Weakness is a passive feature that makes targets vulnerable to being pierced. ,Creatures hit with this weapon receive Vulnerability to ⁠Piercing damage. 
Exquisite Focus,,,,,,,,,,,,,,,,,,,,,,,,,,,,,,,,,,,,,,,,,,FALSE,,,,,,,,,TRUE,FALSE,Exquisite Focus is a passive feature that increases your AC as a precaution ,"While concentrating, you add your Spellcasting Modifier to your  Saving throws and gain a +1 bonus to your  Armour Class. "
External Digestion,,,,,,,,,,,,,,,,,,,,,,,,,,,,,,,,,,,,,,,,,,FALSE,,,,,,,,,TRUE,FALSE,External Digestion is a passive feature that allows its user to Devour certain enemies. ,Can  Devour any creature that is  Restrained and steeping in its  Digestive Juices. 
Extinguishing Malice,,Aura of Vile Oblivion,,,,,,,,,,,,,,,,,,,,,,,,,,,,,,,,,,,,,,,,FALSE,,,,,,,,,FALSE,TRUE,Extinguishing Malice is a passive feature that plunges the surrounding area into darkness. ,Nearby lights are extinguished in the presence of this creature's roiling darkness. 
Extra Attack,,,,,,,,,,,,,,,,,,,,,,,,,,,,,,,,,,,,,,,,,,FALSE,,,,,,,,,TRUE,FALSE,Extra Attack is a passive feature that allows you to make an additional attack when making an Attack Action. ,You can make an additional free attack after making an unarmed or weapon attack. 
Eyes of the Dark,,,,,,,,,,,,,,,,,,24,,,,,,,,,,,,,,,,,,,,,,,,FALSE,,,,,,,,,FALSE,TRUE,"Eyes of the Dark is a passive feature that prevents  Disadvantage when attacking creatures in the dark within 24 m / 80 ft, double the distance of normal  Darkvision. ",You can see in the dark up to 24 m / 80 ft. 
Faceless Masquerade,,,"Deception, Persuasion",,ADV,,,,,,,,,,,,,,,,,,,,,,,,,,,,,,,,,,,,,FALSE,,,,,,,,,FALSE,TRUE,Faceless Masquerade is a passive feature that enhances the user's deception and persuasion ability. ,You have  Advantage on  Deception Checks and  Persuasion Checks. 
Failsafe Protocol,,,,,,,,,,,,,,,,,,,,,,,,,,,,,,,,,,,,,,,,,,FALSE,,,,,,,,,TRUE,FALSE,Failsafe Protocol is a passive feature which grants a creature the ability to self-destruct in an explosion. ,"After losing a significant amount of Hit Points, this creature will begin a  Self-Detonation Protocol to eliminate all nearby threats. If it dies, it instantly  detonates. "
Faithwarden's Stride,,,,,,,,,,,,,,,,,,,,,,,,,,Ensnared,,,,,,,,,,,,,,,,FALSE,,,,,,,,,FALSE,TRUE,Faithwarden's Stride is a passive feature that allows the wielder to move through vines unopposed. ,Druidic vines cannot  Ensnare you and do not count as  difficult terrain. 
Fancy Footwork,,,,,,,,,,,,,,,,,,,,,,,,,,,,,,,,,,,,,,,,,,FALSE,,,,,,,,,TRUE,FALSE,Fancy Footwork is a passive feature available to Swashbuckler rogues which prevents the targets of their melee attacks from taking opportunity attacks against them. ,"If you make a melee attack against a target, that target can't make Opportunity Attacks against you for the rest of your turn. "
Fast Hands,,,,,,,,,,,,,,,,,,,,,,,,,,,,,,,,,,,,,,,,,,FALSE,,,,,,,,,TRUE,FALSE,Fast Hands is a Thief Rogue passive feature that grants an extra Bonus Action ,"You gain an extra  Bonus Action, which you can use with any of your existing Bonus Actions. "
Fast Movement,,,,,,,,,,,,,,,,,,,,,,,,,,,3,,,,,,,,,,,,,,,FALSE,,,,,,,,,TRUE,FALSE,Fast Movement is a Barbarian passive feature that increases your Movement Speed by 3m / 10ft while not wearing Heavy Armour. ,Your Movement Speed increases by 3 m / 10 ft while not wearing Heavy Armour. 
Favourable Beginnings,,,,,,,,,,,,,,,,,,,,,,,,,,,,,,,,,,,,,,,,,,TRUE,,,,,,,,,TRUE,FALSE,Favourable Beginnings is a passive feature and Illithid Power. This feature applies a character's Proficiency Bonus to the first Attack Roll or Ability Check made against a target. ,The first Attack roll or  Ability check you make against any target gains a bonus equal to your Proficiency Bonus. 
Favoured Weapon,,Favoured Weapon,,,,,,,,,,,,,,,,,,,,,,,,,,,,,,,,,Melee,+1,,,,,,FALSE,,,,,,,,,FALSE,TRUE,Favoured Weapon is a passive feature that boosts the wielder's chance to hit and damage. ,This weapon has a +1 bonus to damage and Attack rolls. 
Fear of Wolves,,,,,,,,,,,,,,,,,,,,,,,,,,,,,,,,,,,,,,,,,,FALSE,,,,,,,,,TRUE,FALSE,"Fear of Wolves is one of Shadowheart's passive features. When approaching a lupine creature, she may become Frightened. ","Shadowheart's scalp prickles with fear when she encounters wolves. If she steps within 9 m / 30 ft of a lupine creature, she must make a DC 15 Wisdom  Saving throw or become  Frightened. "
Feline Fall,,,,,,,,,,,,,,,,,,,,,,,,,,,,,,,,,,,,,,,,,,FALSE,,,,,,,,,TRUE,FALSE,Feline Fall is a passive feature in Baldur's Gate 3 that grants a creature the ability to resist falling damage. ,"Due to their natural feline grace, cats are Resistant to Falling damage. "
Feller of Monsters,,,,,,,,,,,,,,,,,,,,,,,,,,,,,,,,,,,,,,,,,,FALSE,,,,,,,,,TRUE,FALSE,Feller of Monsters is a passive feature that improves hit chance against Monstrosities. ,You have  Advantage against Monstrosity type enemies. 
Feral Instinct,,,,,,,,,,,,,,,+3,,,,,,,,,,,Surprised,,,,,,,,,,,,,,,,FALSE,,,,,,,,,FALSE,TRUE,Feral Instinct is a Barbarian passive feature. The barbarian is always ready for battle and can't be caught off-guard. ,You have honed your instincts to the utmost degree. You gain a +3 to Initiative and can't be Surprised. 
Fervent Flames,,,,,,,,,,,,,,,,,,,,,,,,,,,,,,,,,,,,,,,,,,FALSE,Heat,2 Turns,,,,,,,TRUE,FALSE,Fervent Flames is a passive feature that heats up the wearer whenever you take fire damage. ,"Whenever you take ⁠Fire damage dealt by another creature, you gain 2 turns of  Heat. "
Fey Ancestry,,,,,,,,,,,,,,,,,,,,,,,,,,Sleeping,,,,,,,,,,,,,,,,FALSE,,,,,,,,,FALSE,TRUE,Fey Ancestry is a passive feature that grants immunity to  Sleep effects and Advantage against  Charm effects. ,"The Feywild casts a veil over your mind. You have  Advantage on  Saving throws against being  Charmed, and magic can't put you to  Sleep. "
Fey Life,,,,,,,,,,,,,,,,,,,,,,,,,,,,,,,,,,,,,,,,,,FALSE,,,,,,,,,TRUE,FALSE,Fey Life is a passive feature that makes the wearer more likely to survive unconsciousness. ,Makes it easier for the wearer to succeed on death saving throws. 
Feywild Sparks,,,,,,,,,,,,,,,,,,,,,,,,,,,,,,,,,,,,,,,,,,FALSE,,,,,,,,,TRUE,FALSE,Feywild Sparks is a passive feature that always triggers a wild magic surge if Tides of Chaos is active. ,"While your sorcerous  Tides of Chaos feature is active, you will always trigger  Wild Magic when casting spells. "
Fiendish Blessing,,,,,,,,,,,,,,,,,,,,2,,,,,,,,,,,,,,,,,,,,,,FALSE,,,,,,,,,FALSE,TRUE,Fiendish Blessing is a Cambion passive feature that grants them an increase to their Armour Class. ,"Protected by the blood of their fiendish ancestors, cambions have a +2 bonus to their Armour Class. "
Fiendish Fire,,,,,,,,,,,,,,,,,,,,,,,,,,,,,,,,,,,,,,,,,,FALSE,Faerie Fire,1 Turn,13,DEX,,,,,TRUE,FALSE,Fiendish Fire is a passive feature that can reveal enemies and make them easier to hit. ,"Once per turn, a creature hit by this weapon will possibly be afflicted with  Faerie Fire. "
Fiendish Vigour,,,,,,,,,,,,,,,,,,,,,,,False Life,,,,,,,,,,,,,,,,,,,FALSE,,,,,,,,,FALSE,TRUE,Fiendish Vigour is an Eldritch Invocation from the Warlock class. It allows the wearer protect themselves with extra Temporary Hit Points. ,"You can cast  False Life on yourself at will as a 1st-level spell, without expending a Spell Slot. False Life grants you  7 temporary hit points. "
Fiery Return,,,,,,,,,,,,,,,,,,,,,,,,,,,,,,,,,,,,,,,,,,FALSE,"Extra Bonus Action,Burning",1 Turn,,,,,,,TRUE,FALSE,Fiery Return is a passive feature that grants extra bonus actions when you deal fire damage with a leveled spell. ,"When you deal ⁠Fire damage with a levelled spell, you  Burn yourself and gain an additional  Bonus Action this round. "
Fire Acuity,,,,,,,,,,,,,,,,,,,,,,,,,,,,,,,,,,,,,,,,,,FALSE,Arcane Acuity,2 Turns,,,,,,,TRUE,FALSE,Fire Acuity is a passive feature that increases your spell power after dealing fire damage. ,"Whenever you deal ⁠Fire damage, you gain  Arcane Acuity for 2 turns. "
First Blood,,,,,,,,,,,,,,,,,,,,,,,,,,,,,,,,,,,,,,,,,,FALSE,Bleeding,2 Turns,,,,,,,TRUE,FALSE,First Blood is a passive feature that causes targets to bleed. ,"On a hit, inflict  Bleeding upon targets that have maximum Hit Points. "
Fishfolk Faithful,,,,,,,,,,,,,,,,,,,,,,,,,,,,,,,,,,,,,,,,,,FALSE,Bleeding,1 Turn,10,CON,,,,,TRUE,FALSE,Fishfolk Faithful is a passive feature obtainable by the  Invigorating Fanaticism condition. ,Chance to apply Bleeding to targets. 
Fit to Burst,,,,,,,,,,,,,,,,,,,,,,,,,,,,,,,,,,,,,,,,,,FALSE,,,,,,,,,TRUE,FALSE,Fit to Burst is a Passive Feature available only to Intellect Gluttons. It uses this ability to explode when it dies. ,"When the intellect glutton dies, it bursts in a  Morphic Brine Explosion. "
Flames of Avernus,,,,,,,,,,,,,,,,,,,,,,,,,,,,,,,,,,,,,,,,,,FALSE,Flame-Feeble,3 Turns,,,,,,,TRUE,FALSE,Flames of Avernus is a passive feature that makes their targets vulnerable to Fire damage. ,This merregon's attacks make a target  Flame-Feeble. 
Flaming Revenge,,,,,,,,,,,,,,,,,,,,,,,,,,,,,,,,,,,,,,,,,,FALSE,,,,,,,,,TRUE,FALSE,Flaming Revenge is a passive feature that raises combat abilities. ,"On a successful  Saving throw against a foe's spell, deal 1d4 + proficiency bonus⁠Fire damage to them. "
Flaming Shroud,,,,,,,,,,,,,,,,,,,,,,,,,,,,,,,,,,,,,,,,,,FALSE,Burning,2 Turns,12,DEX,,,,,TRUE,FALSE,Flaming Shroud is a passive feature that burns enemies that damage the wearer. ,A creature that damages the wearer within  2 m / 7 ft receives  Burning. 
Flurry of Moths,,,,,,,,,,,,,,,,,,,,,,"Flurry of Moths: Attack, Flurry of Moths: Blinding Swarm, Flurry of Moths: Teleport",,,,,,,,,,,,,,,,,,,,FALSE,,,,,,,,,FALSE,TRUE,Flurry of Moths is passive feature available to Swarmkeepers. It turns the Gathered Swarm into moths that deal ⁠Psychic damage and can blind enemies. This feature can be switched out at level up. ,"You gain a swarm of moths that fights on your side. Once per round, the swarm can assist you in one of three ways after you attack an enemy: it can attack and deal additional ⁠Psychic damage,  Blind your enemy, or teleport you to a safer location. At higher levels At level 11,  Mighty Swarm upgrades the swarm options to: "
Fly Trap,,,,,,,,,,,,,,,,,,,,,,,,,,,,,,,,,,,,,,,,,,FALSE,Ensnared,2 Turns,12,STR,,,,,TRUE,FALSE,Fly Trap is a passive feature that attempts to prevent a target from moving. ,Chance to  Ensnare target if it is not a plant or a beast. 
Flying Strike,,,,,,,,,,,,,,,,,,,,,,,,,,,,,,,,,,,,,,,,,,FALSE,Flying Strike,1 Turn,,,,,,,FALSE,TRUE,"Flying Strike is a passive feature that enhances the user's damage when they fly, if they are a githyanki. ","When a githyanki casts  Fly, their next melee weapon attack deals an additional 1d4⁠Psychic damage. "
Focused Conjuration,,,,,,,,,,,,,,,,,,,,,,,,,,,,,,,,,,,,,,,,,,FALSE,,,,,,,,,TRUE,FALSE,Focused Conjuration is a Conjuration School Wizard passive feature prevents you from losing concentration on Conjuration spells. ,Damage taken while you are Concentrating on a Conjuration spell will not break your  Concentration. Conjuration Wizard Spells that require Concentrating: 
Focused Stride,,,,,,,,,,,,,,,,,,,,,,,,,,,,,,,,,,,,,,,,,,FALSE,"Momentum,Unmovable",1 Turn,,,,,,,TRUE,FALSE,"Focused Stride is a passive feature that prevents the wearer from being moved against their will, or being knocked prone. ","When you cast a spell that requires  Concentration, you gain  Momentum for 1 turn. While you are concentrating, you cannot be knocked  Prone or moved against your will. "
Fond Caress,,,,,,,,,,,,,,,,,,,,,,,,,,,,,,,,,,,,,,,,,,FALSE,,,,,,,,,TRUE,FALSE,Fond Caress is a passive feature allowing the ring wearer to receive a defensive bonus. ,"One of a magical pair of rings, this allows the wearer to receive  Warding Bond from a creature wearing the  matching ring. "
Font of Inspiration,,,,,,,,,,,,,,,,,,,,,,,,,,,,,,,,,,,,,,,,,,FALSE,,,,,,,,,TRUE,FALSE,Font of Inspiration is a Bard passive feature that causes you to regain all of your  Bardic Inspiration Charges after a Long or Short Rest. ,You regain all of your  Bardic Inspirations after a Long or Short Rest. 
Forbidden Knowledge,,,"Animal Handling, Insight, Medicine, Perception, Survival",+1,,WIS,1,,,,,,,,,,,,,,,,,,,,,,,,,,,,,,,,,,,FALSE,,,,,,,,,FALSE,TRUE,Forbidden Knowledge is a permanent passive feature granted by the Necromancy of Thay that increases a character's Wisdom Saving Throws and Ability checks by +1. ,"From partially deciphering the  Necromancy of Thay, you gain a +1 bonus to Wisdom Saving Throws and Ability Checks. "
Auntie Ethel's Boon (Strength),,,,,,,,,STR,1,,,,,,,,,,,,,,,,,,,,,,,,,,,,,,,,FALSE,,,,,,,,,FALSE,TRUE,Auntie Ethel's Hair is a common item that can be used to permanently increase a character's Ability Score by 1. The player character must choose which ability score the hair will increase when receiving it.,Eating Ethel's airy scalp has granted you a permanent boost to Strength.
Auntie Ethel's Boon (Dexterity),,,,,,,,,DEX,1,,,,,,,,,,,,,,,,,,,,,,,,,,,,,,,,FALSE,,,,,,,,,FALSE,TRUE,Auntie Ethel's Hair is a common item that can be used to permanently increase a character's Ability Score by 1. The player character must choose which ability score the hair will increase when receiving it.,Eating Ethel's airy scalp has granted you a permanent boost to Dexterity.
Auntie Ethel's Boon (Constitutionh),,,,,,,,,CON,1,,,,,,,,,,,,,,,,,,,,,,,,,,,,,,,,FALSE,,,,,,,,,FALSE,TRUE,Auntie Ethel's Hair is a common item that can be used to permanently increase a character's Ability Score by 1. The player character must choose which ability score the hair will increase when receiving it.,Eating Ethel's airy scalp has granted you a permanent boost to Constitution.
Auntie Ethel's Boon (Intelligence),,,,,,,,,INT,1,,,,,,,,,,,,,,,,,,,,,,,,,,,,,,,,FALSE,,,,,,,,,FALSE,TRUE,Auntie Ethel's Hair is a common item that can be used to permanently increase a character's Ability Score by 1. The player character must choose which ability score the hair will increase when receiving it.,Eating Ethel's airy scalp has granted you a permanent boost to Intelligence.
Auntie Ethel's Boon (Wisdom),,,,,,,,,WIS,1,,,,,,,,,,,,,,,,,,,,,,,,,,,,,,,,FALSE,,,,,,,,,FALSE,TRUE,Auntie Ethel's Hair is a common item that can be used to permanently increase a character's Ability Score by 1. The player character must choose which ability score the hair will increase when receiving it.,Eating Ethel's airy scalp has granted you a permanent boost to Wisdom.
Auntie Ethel's Boon (Charisma),,,,,,,,,CHA,1,,,,,,,,,,,,,,,,,,,,,,,,,,,,,,,,FALSE,,,,,,,,,FALSE,TRUE,Auntie Ethel's Hair is a common item that can be used to permanently increase a character's Ability Score by 1. The player character must choose which ability score the hair will increase when receiving it.,Eating Ethel's airy scalp has granted you a permanent boost to Charisma.
Force Absorption,,,,,,,,,,,,,,,,,,,,,,,,,,,,,,,,,,,,,,,,,,FALSE,Force Conduit,2 Turns,,,,,,,TRUE,FALSE,Force Absorption is a passive feature that increases your defenses as you get hit. ,"Gain 2 turns of  Force Conduit when taking ⁠Slashing, ⁠Piercing, or ⁠Bludgeoning damage. "
Forest I,,,,,,,,,,,,,,,,,,,,,,,"Barkskin, Hold Person",,,,,,,,,,,,,,,,,,,FALSE,,,,,,,,,FALSE,TRUE,Forest is a passive feature available to Circle of the Land Druids that pick this as their Land. It grants a couple extra spells every two levels ,You can cast  Barkskin and  Hold Person. At higher levels You can cast  Call Lightning and  Plant Growth. You can cast  Conjure Minor Elemental and  Grasping Vine. You can cast  Mass Cure Wounds and  Contagion. 
Forest II,,,,,,,,,,,,,,,,,,,,,,,"Call Lightning, Plant Growth",,,,,,,,,,,,,,,,,,,FALSE,,,,,,,,,FALSE,TRUE,Forest is a passive feature available to Circle of the Land Druids that pick this as their Land. It grants a couple extra spells every two levels ,You can cast  Barkskin and  Hold Person. At higher levels You can cast  Call Lightning and  Plant Growth. You can cast  Conjure Minor Elemental and  Grasping Vine. You can cast  Mass Cure Wounds and  Contagion. 
Forest III,,,,,,,,,,,,,,,,,,,,,,,"Conjure Minor Elemental, Grasping Vine",,,,,,,,,,,,,,,,,,,FALSE,,,,,,,,,FALSE,TRUE,Forest is a passive feature available to Circle of the Land Druids that pick this as their Land. It grants a couple extra spells every two levels ,You can cast  Barkskin and  Hold Person. At higher levels You can cast  Call Lightning and  Plant Growth. You can cast  Conjure Minor Elemental and  Grasping Vine. You can cast  Mass Cure Wounds and  Contagion. 
Forest IV,,,,,,,,,,,,,,,,,,,,,,,"Mass Cure Wounds, Contagion",,,,,,,,,,,,,,,,,,,FALSE,,,,,,,,,FALSE,TRUE,Forest is a passive feature available to Circle of the Land Druids that pick this as their Land. It grants a couple extra spells every two levels ,You can cast  Barkskin and  Hold Person. At higher levels You can cast  Call Lightning and  Plant Growth. You can cast  Conjure Minor Elemental and  Grasping Vine. You can cast  Mass Cure Wounds and  Contagion. 
Forest Aegis,,,,,,,,,,,,,,,,,,,16,,,,,,,,,,,,,,,,,,,,,,,FALSE,,,,,,,,,FALSE,TRUE,"Forest Aegis is a passive feature that grants the user  Barkskin, setting their AC to 16. It’s not active while in  Wild Shape. ","You are invested with the power of the meadows and woods of the land, and have the effect of  Barkskin, increasing your  Armour Class to 16. "
Forever Indebted,,,,,,,,,,,,,,,,,,,,,,Forever Indebted,,,,,,,,,,,,,,,,,,,,FALSE,,,,,,,,,TRUE,FALSE,"Forever Indebted is a passive feature available to various debtors in the House of Hope. When damaged the user detonates, creating a big explosion and summoning a random fiendish creature. ","A debt to Raphael must be paid - even in death. Upon dying, the debtor explodes in damaging flames and is reincarnated as a fiendish creature bound to Raphael. "
Formless Slaughter,,,,,,,,,,,,,,,,,,,,,,,,,,,,,,,,,,,,,,,,,,FALSE,,,,,,,,,TRUE,FALSE,Formless Slaughter is a passive feature that enhances the user's combat while the user is transformed. ,You gain a +1 to Attack and Damage rolls while shapeshifting or disguised. 
Frantic Urgency,,,,,,,,,,,,,,,,,,,,,,,,,,,,,,,,,,,,,,,,,,FALSE,Momentum,1 Turn,,,,,,,TRUE,FALSE,Frantic Urgency is a passive feature that grants increased movement when severely injured. ,"During combat, when the wearer starts their turn with 50% Hit Points or less, they gain  Momentum for 1 turn. "
Freecast,,,,,,,,,,,,,,,,,,,,,,,,,,,,,,,,,,,,,,,,,,TRUE,,,,,,,,,TRUE,FALSE,"Freecast is a toggleable passive feature and a power available to Partial-Illithids. It allows them to bypass the normal expenditure of spell slots, charges or other similar resource costs for their next chosen  Action, once per Long Rest. ","You have discovered a marvellous adaptability within yourself. Spell slots, charges, and similar resource costs for your next action or spell are removed. Refreshes after a Long Rest. "
Frightened Immunity,,,,,,,,,,,,,,,,,,,,,,,,,,Frightened,,,,,,,,,,,,,,,,FALSE,,,,,,,,,FALSE,TRUE,Frightened Immunity is a passive feature that keeps the wearer brave. ,You can't be  Frightened 
Fungal Resistance,,Fungal Resistance,,,,,5,,,,,,,,,,,,,,,,,,,,,,,,,,,,,,,,,,,FALSE,,,,,,,,,FALSE,TRUE,Fungal Resistance is a passive feature affecting Pearlspore Bell. It provides a passive buff to Auntie Ethel when alive. ,A Pearlspore Bell grants the hag +5 bonus to all Saving Throws. 
Fury In The Marrow,,,,,,,,,,,,,,,,,,,,,,,,,,,,,,,,,,,,,,,,,,FALSE,,,,,,,,,TRUE,FALSE,Fury In The Marrow is a passive feature that damages enemies when you rage. ,"When you  Rage, hostile creatures in a  3 m / 10 ft radius must succeed a Weapon action DC  Wisdom saving throw or take 2d4⁠Psychic damage. The targets receive half damage on a save. "
Fury of the Small,,,,,,,,,,,,,,,,,,,,,,,,,,,,,,,,,,,,,,,,,,FALSE,,,,,,,,,TRUE,FALSE,Fury of the Small is a racial ability of Goblins. This ability allows a goblin to deal extra damage against an enemy larger than the goblin once per combat. ,"When you damage a creature larger than you, you can choose to deal 1d6⁠Physical extra. Limited to once per combat. "
Galvanic Currents,,Galvanic Currents,,,,,,,,,,,,,,,,,,,,,,,,,,,,,,,1d6,Lightning,,,,,,,,FALSE,,,,,,,,,FALSE,TRUE,Galvanic Currents is a passive feature that adds lightning damage to each attack. ,This weapon deals an additional 1d6⁠Lightning damage. 
Genial Strider,,,,,,,,,,,,,,,,,,,,,,,,,,,,,,,,,,,,,,,,,,FALSE,,,,,,,,,TRUE,FALSE,Genial Strider is a passive feature that makes difficult terrain easy to traverse. ,The wearer's Movement Speed is unimpeded by  Difficult Terrain. 
Giantslayer,,,,,,,,,,,,,,,,,,,,,,,,,,,,,,,,Melee,STR,Weapon,,,,,,,,FALSE,,,,,,,,,TRUE,FALSE,Giantslayer is a passive feature that does extra damage and has greater accuracy against oversized creatures. ,"On a hit, double the damage from your Strength modifier. This weapon grants you  Advantage on Attack rolls against Large, Huge or Gargantuan creatures. "
Githborn Psionic Resistance,,,,,,"INT, WIS, CHA",,ADV,,,,,,,,,,,,,,,,,,Charmed,,,Psychic,,,,,,,,,,,,,FALSE,,,,,,,Is Githyanki,,FALSE,TRUE,Githborn Psionic Resistance is a passive feature available to githyanki that grants protection against mind based spells. ,"A githyanki holding this weapon has  Advantage on Intelligence, Wisdom, and Charisma  Saving throws, resistance to Psychic damage, and cannot be Charmed. "
Githborn Psionic Weapon,,,,,,,,,,,,,,,,,,,,,,,,,,,,,,,,Melee,1d4,Psychic,,,,,,,,FALSE,,,,,,,Is Githyanki,,FALSE,TRUE,Githborn Psionic Weapon is a passive feature granted by certain Githyanki weapons when wielded by a githyanki. ,When wielded by a githyanki this weapon deals an additional 1d4⁠Psychic damage. 
Githborn Psionic Weapon (1d6),,,,,,,,,,,,,,,,,,,,,,,,,,,,,,,,Melee,1d6,Psychic,,,,,,,,FALSE,,,,,,,Is Githyanki,,FALSE,TRUE,Githborn Psionic Weapon is a passive feature granted by certain Githyanki weapons when wielded by a githyanki. ,When wielded by a githyanki this weapon deals an additional 1d6⁠Psychic damage. 
Githyanki Parry,,,,,,,,,,,,,,,,,,,,,,,,,,"Blinded, Incapacitated, Restrained",,,,,,,,,,,,,,,,FALSE,Ready To Parry,1 Turn,,,,,,,FALSE,TRUE,"Githyanki Parry is an NPC-exclusive passive feature and reaction that allows githyanki warriors to parry attacks with their greatswords, reducing incoming damage by 10. ","Parry unarmed and weapon attacks to reduce their damage by 10. You must be wielding a Greatsword and you can't be Incapacitated, Blinded[See Notes], or Restrained. "
Githyanki War Magic,,,,,,,,,,,,,,,,,,,,,,,,,,,,,,,,,,,,,,,,,,FALSE,,,,,,,,,TRUE,FALSE,Githyanki War Magic is a passive feature that allows a githyanki to make a follow up weapon attack after casting a spell or cantrip. ,"After the githyanki casts a spell or cantrip, they can make a weapon attack using a  Bonus Action. "
Gleamdance Dagger: Glowing,,Light,,,,,,,,,,,,,,,,,,,,,,,,,,,,,,,,,,,,,,,,FALSE,,,,,,,,,FALSE,TRUE,Gleamdance Dagger: Glowing is a toggleable passive feature that sheds light. ,This object shines with a glowing light in a radius of  6 m / 20 ft. Toggle this to douse and rekindle the light. 
Gleamdancer,,,,,,,,,,,,,,,,,,,,1,,,,,,,,,,,,,,,,,,,,,,FALSE,,,,,,,Off-hand Attack Only,,FALSE,TRUE,Gleamdancer is a passive feature that increases your armour while wielded in the off-hand. ,"When this dagger is wielded in the off-hand, the wielder gains a +1 bonus to  Armour Class. "
Gloom Step,,,,,,,,,,,,,,,,,,,,,,,,,,,,,,,,,,,,,,,,,,FALSE,,,,,,,,,TRUE,FALSE,Gloom Step is a passive feature that increases the user's movement speed in darkness. ,Movement is increased by 3 m / 10 ft when starting a turn in darkness. 
Glorious Pointy Hat,,,Persuasion,INT,,,,,,,,,,,,,,,,,,,,,,,,,,,,,,,,,,,,,,FALSE,,,,,,,,,FALSE,TRUE,Glorious Pointy Hat is a passive feature that improves the wearer's persuasion using their intelligence. ,You gain a bonus to your  Persuasion checks equal to your  Intelligence Modifier. 
Gnome Cunning,,,,,,"INT, WIS, CHA",,ADV,,,,,,,,,,,,,,,,,,,,,,,,,,,,,,,,,,FALSE,,,,,,,,,FALSE,TRUE,"Gnome Cunning is a passive feature that grants  Advantage on Intelligence, Wisdom, and Charisma  Saving throws. It is available to all Gnome characters. ","You have  Advantage on Intelligence, Wisdom, and Charisma Saving Throws. "
Goblin's Undoing,,,,,,,,,,,,,,,,,,,,,,,,,,,,,,,,,,,,,,,,,,FALSE,,,,,,,,,TRUE,FALSE,Goblin's Undoing is a passive feature that makes it difficult for goblin's to attack the user. ,Goblins have  Disadvantage on Attack rolls against the wielder. 
Godswill,,,,,,,,,,,,,,,,,,,,,,,,,,,,,,,,,,,,,,,,,,FALSE,,,,,,,,,TRUE,FALSE,Godswill is a passive feature that boots the user's ability to channel their god's power. ,"You gain an additional use of  Channel Divinity Charge. Once used, it is restored upon taking a Long Rest[See: Bugs]. "
Gold Plating,,,,,,,,,,,,,,,,,,,,,,,,,,,,,,,,,,,,,,,,,,FALSE,,,,,,,,,TRUE,FALSE,"Gold Plating is a passive feature that grants increased Constitution, Armour Class, and Hit Points ","This creature has been blessed by Mammon, giving them a second skin of gold that increases their Constitution to 20 and their base  Armour Class to 15, and grants an additional 66 hit points⁠hit points. "
Gontr Mael: Glowing,,Light,,,,,,,,,,,,,,,,,,,,,,,,,,,,,,,,,,,,,,,,FALSE,,,,,,,,,FALSE,TRUE,Gontr Mael: Glowing is a toggleable passive feature granted by  Gontr Mael. It causes the bow to emit a light around the equipped weapon. ,This object shines with a glowing light in a radius of  6 m / 20 ft. Toggle this to douse and rekindle the light. Toggle this to douse and rekindle the light. 
Grasp of the Forest,,,,,,,,,,,,,,,,,,,,,,,,,,,,,,,,,,,,,,,,,,FALSE,Entangled,1 Turn,10,DEX,,,,,TRUE,FALSE,Grasp of the Forest is a passive feature that makes weapon attacks Entangle the target on hit. ,Weapon attacks can  Entangle the target. 
Grassland I,,,,,,,,,,,,,,,,,,,,,,,"Invisibility, Pass Without Trace",,,,,,,,,,,,,,,,,,,FALSE,,,,,,,,,FALSE,TRUE,Grassland is a passive feature available to Circle of the Land Druids that pick this as their Land. It grants a couple extra spells every two levels ,You can cast  Invisibility and  Pass Without Trace. At higher levels You can cast  Daylight and  Haste. You can cast  Freedom of Movement and  Polymorph. You can cast  Greater Restoration and  Insect Plague. 
Grassland II,,,,,,,,,,,,,,,,,,,,,,,"Daylight, Haste",,,,,,,,,,,,,,,,,,,FALSE,,,,,,,,,FALSE,TRUE,Grassland is a passive feature available to Circle of the Land Druids that pick this as their Land. It grants a couple extra spells every two levels ,You can cast  Invisibility and  Pass Without Trace. At higher levels You can cast  Daylight and  Haste. You can cast  Freedom of Movement and  Polymorph. You can cast  Greater Restoration and  Insect Plague. 
Grassland III,,,,,,,,,,,,,,,,,,,,,,,"Freedom of Movement, Polymorph",,,,,,,,,,,,,,,,,,,FALSE,,,,,,,,,FALSE,TRUE,Grassland is a passive feature available to Circle of the Land Druids that pick this as their Land. It grants a couple extra spells every two levels ,You can cast  Invisibility and  Pass Without Trace. At higher levels You can cast  Daylight and  Haste. You can cast  Freedom of Movement and  Polymorph. You can cast  Greater Restoration and  Insect Plague. 
Grassland IV,,,,,,,,,,,,,,,,,,,,,,,"Greater Restoration, Insect Plague",,,,,,,,,,,,,,,,,,,FALSE,,,,,,,,,FALSE,TRUE,Grassland is a passive feature available to Circle of the Land Druids that pick this as their Land. It grants a couple extra spells every two levels ,You can cast  Invisibility and  Pass Without Trace. At higher levels You can cast  Daylight and  Haste. You can cast  Freedom of Movement and  Polymorph. You can cast  Greater Restoration and  Insect Plague. 
Grave Magic,,,,,,,,,,,,,,,,,,,,,,,,,,,,,,,,,,,,,,,,,,FALSE,,,,,,,,,TRUE,FALSE,Grave Magic is a passive feature available to Cult of the Absolute Necromancers. It gives them an extra 1d8 Necrotic damage to their spell attacks. ,"Whenever you deal damage with a spell, deal an additional 1d8⁠Necrotic damage. "
Great Weapon Fighting,,,,,,,,,,,,,,,,,,,,,,,,,,,,,,,,,,,,,,,,,,FALSE,,,,,,,,,TRUE,FALSE,Great Weapon Fighting is a Fighting Style passive feature. ,"When you roll a 1 or 2 on a damage die for an attack with a Two-Handed melee weapon, that die is rerolled once. "
Great Weapon Master: All In,,,,,,,,,,,,,,,,,,,,,,,,,,,,,,,,,,,,,,,,,,FALSE,,,,,,,,,TRUE,FALSE,Great Weapon Master: All In is a toggleable passive feature provided by the Great Weapon Master Feat that allows Two-Handed or Versatile weapon users to deal extra damage at the cost of reduced accuracy. ,"When attacking with a melee weapon you are Proficient with and are wielding in both hands, Attack Rolls take a -5 penalty, but their damage increases by 10. "
Great Weapon Master: Bonus Attack,,,,,,,,,,,,,,,,,,,,,,,,,,,,,,,,,,,,,,,,,,FALSE,Great Weapon Master: Bonus Attack,1 Turn,,,,,,,TRUE,FALSE,"Great Weapon Master: Bonus Attack is a passive feature obtainable by the Great Weapon Master Feat. If you kill a target or land a Critical Hit with a melee weapon, you can use a Bonus Action to make another melee weapon attack. ","When you land a Critical Hit or kill a target with a melee weapon attack, you can make another melee weapon attack as a  Bonus Action that turn. "
Great Wyrm's Scales,,,,,,,,,,,,,,,,,2,,,,,,,,,,,,,,,,,,,,,,,,,FALSE,,,,,,,,,FALSE,TRUE,Great Wyrm's Scales is a passive feature that grants a creature damage reduction against all incoming attacks ,All incoming damage is reduced by 2. 
Greater Kushigo Counter,,,,,,,,,,,,,,,,,,,,,,,,,,,,,,,,,,,,,,,,,,FALSE,,,,,,,,,TRUE,FALSE,Greater Kushigo Counter is a passive feature that lets users retaliate against melee attacks that miss. ,The wearer can use a  Reaction to make an  Unarmed Strike against any attacker that misses. 
Greater Wyrm's Scales,,,,,,,,,,,,,,,,,4,,,,,,,,,,,,,,,,,,,,,,,,,FALSE,,,,,,,,,FALSE,TRUE,Greater Wyrm's Scales is a passive feature that grants a creature damage reduction against all incoming attacks ,All incoming damage is reduced by 4. 
Green Bed Regeneration,,,,,,,,,,,,,,,,,,,,,,,,,,,,,,,,,,,,,,,,,,FALSE,,,,,,,,,TRUE,FALSE,Green Bed Regeneration is a passive feature that heals the wearer while surrounded by plants. ,When starting your turn on  Plant Growth or  Vines regain 1d4⁠hit points hit points. 
Gregarious Caster,,,,,,,,,,,,,,,,,,,,,,,,,,,,,,,,,,,,,,,,,,FALSE,,,,,,,,,TRUE,FALSE,Gregarious Caster is a passive feature that increases your cantrip damage significantly. ,Your cantrips deal additional damage equal to your Charisma Modifier. 
Grievous Retribution,,,,,,,,,,,,,,,,,,,,,,,,,,,,,,,,,,,,,,,,,,FALSE,Wrath,2 Turns,,,,,,,TRUE,FALSE,Grievous Retribution is a passive feature that penalizes enemies that strike you. ,"When an enemy damages the wearer, the wearer gains  Wrath for 2 turns. "
Grim Harvest,,,,,,,,,,,,,,,,,,,,,,,,,,,,,,,,,,,,,,,,,,FALSE,,,,,,,,,TRUE,FALSE,"Grim Harvest is a Necromancy School Wizard passive feature. It allows the caster to regain hit points every time they kill a creature with a spell. The amount regained is based on the spell slot level used, and is increased if a Necromancy spell is used. ","Once per turn, if you kill a creature with a spell, you regain Hit Points equal to twice the Spell Slot level used - thrice if it's a Necromancy spell. Undead and Constructs are unaffected. "
Grim Irony,,,,,,,,,,,,,,,,,,,,,,,,,,,,,,,,,,,,,,,,,,FALSE,Hideous Laughter,2 Turns,17,WIS,,,,,TRUE,FALSE,Grim Irony is a passive feature that can incapacitate both the target and user in fits of laughter. ,"Whenever this weapon lands a critical hit, both target and attacker must succeed a Wisdom Saving Throw, or be affected by  fits of laughter. "
Grit,,,,,,,,,,,,,,,,,,,,,,,,,,,,,,,,,,,,,,,,,,FALSE,Extra Bonus Action,1 Turn,,,,,,,TRUE,FALSE,Grit is a passive feature that boosts the wearer's actions if they are severely injured. ,"When the wearer has 50% Hit Points or less, they have an additional  Bonus Action. "
Guardian of Faith,,,,,,,,,,,,,,,,,,,,,,,,,,,,,,,,,,,,,,,,,,FALSE,,,,,,,,,TRUE,FALSE,Guardian of Faith is a passive feature used by the summons of the same name. It allows them to automatically attack enemies entering their range with  Strike of the Guardian. This is the inverse of how Opportunity Attacks normally work. ,"When an enemy enters your attack range, you can strike them. "
Halfling Luck,,,,,,,,,,,,,,,,,,,,,,,,,,,,,,,,,,,,,,,,,,FALSE,,,,,,,,,TRUE,FALSE,"Halfling Luck is a passive feature in Baldur's Gate 3 which allows all halflings to reroll any (d20) dice once when it lands on a 1 for an Attack Roll, Ability Check, or Saving Throw. ","When you roll a 1 for an Attack roll,  Ability check, or  Saving throw, you can reroll the dice and must use the new roll. "
Haroldish Doom,,,,,,,,,,,,,,,,,,,,,,,,,,,,,,,,,,,,,,,,,,FALSE,Bane,2 Turns,13,CHA,,,,,FALSE,TRUE,Haroldish Doom is a passive feature that diminishes a target's combat prowess whenever you deal damage to the target. ,"When dealing damage to a target with a ranged weapon, the target must succeed a Charisma  Saving throw or be  Baned for 2 turns. "
Harrowing Presence,,,,,,,,,,,,,,,,,,,,,,,,,,,,,,,,,,,,,,,,,,FALSE,,,,,,,,,TRUE,FALSE,Harrowing Presence is a passive feature that breaks the spirit of nearby creatures. ,
Heart Ablaze,,,,,,,,,,,,,,,,,,,,,,,,,,"Charmed, Hypnotised",,,,,,,,,,,,,,,,FALSE,,,,,,,,,TRUE,FALSE,Heart Ablaze grants Karlach Immunity to  Charmed effects. ,"Infernal iron has anchored the war machine that is Karlach's heart. She can touch others without burning them, and can no longer be  Charmed. "
Heart of Ice,,,,,,,,,,,,,,,,,,,,,,,,,,,,,,,,,,,,,,,,,,FALSE,,,,,,,,,FALSE,TRUE,Heart of Ice is a passive feature that lets the wielder deal extra cold damage when dealing cold damage. ,"When dealing ⁠Cold damage, the wielder deals an additional 1⁠Cold. A Frostbitten creature that takes Cold damage will take an additional 1 Cold damage per turn of Frostbite remaining. "
Heart of Iron,,,,,,,,,,,,,,,,,,,,,,,,,,,,,,,,,,,,,,,,,,FALSE,,,,,,,,,TRUE,FALSE,Heart of Iron grants Karlach  Advantage on Saving Throws against  Charmed effects. ,The infernal engine that is Karlach's heart is burning more evenly. She has  Advantage on Saving Throws against being  Charmed. 
Heart of the Storm,,,,,,,,,,,,,,,,,,,,,,"Heart of the Storm: Lightning, Heart of the Storm: Thunder",,,,,,,,,,,,,,,,,,,,FALSE,,,,,,,,,FALSE,TRUE,"Heart of the Storm is a set of two Storm Sorcery Sorcerer passive features that create a storm that deals half your Sorcerer level, rounded down, when you cast a lightning or thunder spell. ","When you cast a Spell of Level 1 or higher that deals Lightning or Thunder damage, you cause a small, local storm. All enemies within  6 m / 20 ft take (Sorcerer Level / 2)⁠Lightning or (Sorcerer Level / 2)⁠Thunder. "
Heart of the Storm: Resistance,,,,,,,,,,,,,,,,,,,,,,,,,,,,,"Lightning, Thunder",,,,,,,,,,,,,FALSE,,,,,,,,,FALSE,TRUE,Heart of the Storm: Resistance is a Storm Sorcery Sorcerer passive that gives you resistance to both Lightning and Thunder damage. ,You are Resistant to ⁠Lightning and ⁠Thunder damage 
Heat Convergence,,,,,,,,,,,,,,,,,,,,,,,,,,,,,,,,,,,,,,,,,,FALSE,,,,,,,,,TRUE,FALSE,Heat Convergence is a toggleable passive feature available to entities with the  Heat condition. It allows them to consume all turns of  Heat to deal extra Fire damage on their next spell or attack. ,"Consume your  Heat to fuel a powerful attack. The next time you deal Fire damage, you deal an additional 1⁠Fire damage for every turn of  Heat remaining. "
Heavily Armoured,,,,,,,,,STR,1,20,,Heavy,,,,,,,,,,,,,,,,,,,,,,,,,,,,,FALSE,,,,,,,,,FALSE,TRUE,Heavily Armoured is a passive feature provided by the Feat of the same name. You gain Proficiency with Heavy Armour and your Strength increases by 1. ,"You gain Proficiency with Heavy Armour and your Strength increases by 1, to a maximum of 20. You must have Medium Armour Proficiency before you can take this feat. "
Heavy Armour Master,,,,,,,,,STR,1,20,,,,,,,,,,,,,,,,,,,,,,,,,,,,,,,FALSE,,,,,,,,,FALSE,TRUE,"Heavy Armour Master is a passive feature provided by the Feat of the same name. Your mastery over heavy armour increases, granting you damage reduction of incoming non-magical damage by 3. ","Your Strength increases by 1, to a maximum of 20. Incoming damage from non-magical attacks also decreases by 3 while you're wearing heavy armour. Requires Proficiency with Heavy Armour "
Heavy Hitter,,,,,,,,,,,,,,,,,,,,,,,,,,,,,,,,,,,,,,,,,,FALSE,Reeling,2 Turns,,,,,,,TRUE,FALSE,Heavy Hitter is a passive feature that sends opponents reeling on every hit. ,Your weapon hits hard enough to send your target  Reeling for 2 turns. 
Heightened Awareness,,,Perception,,ADV,,,,,,,,,,+3,,,,,,,,,,,,,,,,,,,,,,,,,,,FALSE,,,,,,,,,FALSE,TRUE,Heightened Awareness is a passive feature that increases the user's initiative and perception of their surroundings. ,Gain a +3 bonus to Initiative rolls and  Advantage on  Perception checks. 
Heightened Manoeuvre,,,,,,,,,,,,,,,,,,,,,,,,,,,,,,,,,,,,,,,,,,FALSE,,,,,,,,,TRUE,FALSE,Heightened Manoeuvre is a passive feature that gives enemies disadvantage against battle master manoeuvre saves. ,Targets have  Disadvantage on  Saving throws against your Manoeuvre and Weapon Actions. 
Heightened Necromancy,,,,,,,,,,,,,,,,,,,,,,,,,,,,,,,,,,,,,,,,,,FALSE,,,,,,,,,TRUE,FALSE,Heightened Necromancy is a passive feature that causes creatures to be more likely to fail against your necromancy spells. ,Creatures have  Disadvantage on  Saving throws against your necromancy spells. 
Helldusk Armour,,,,,,,,,,,,,Heavy,,,,,,,,,,,,,,,,,,,,,,,,,,,,,FALSE,,,,,,,,,FALSE,TRUE,Helldusk Armour is a passive feature that enables this piece of equipment to be worn by everybody ,You are considered Proficient with this armour while wearing it. 
Hellish Rebuke,,,,,,,,,,,,,,,,,,,,,,,Hellish Rebuke,,,,,,,,,,,,,,,,,,,FALSE,,,,,,,,,FALSE,TRUE,Hellish Rebuke is a passive feature that allows using a reaction to retaliate against an enemy that damaged the user. ,React to your next attacker with flames that deal 2d10⁠Fire. At higher levels Upcast: Deals an additional 1d10⁠Fire damage per level. 
Hellish Resistance,,,,,,,,,,,,,,,,,,,,,,,,,,,,,Fire,,,,,,,,,,,,,FALSE,,,,,,,,,FALSE,TRUE,Hellish Resistance is a passive feature that grants Tieflings Resistance to ⁠Fire damage from magical and non-magical sources. ,"Your blood protects you from flame, abyssal or otherwise. Gain Resistance to ⁠Fire damage, taking only half damage from it. "
Hellstalker,,,,,,,,,,,,,,,,,,,,,,,,,,,,,,,,,,,,,,,,,,FALSE,Burning,2 Turns,15,CON,,,,,TRUE,FALSE,Hellstalker is a passive feature that can set your targets on fire if you are hiding. ,Possibly inflict  Burning when attacking while  Hiding or  Invisible. 
Helm's Protection,,,,,,,,,,,,,,,,,,,,,,,,,,,,,,,,,,,,,,,,,,FALSE,Blade Ward,2 Turns,,,,,,,TRUE,FALSE,Helm's Protection is a passive feature that protects the user's targets after healing them. ,"When you heal another creature, it gains Resistance to ⁠Bludgeoning, ⁠Piercing, and ⁠Slashing damage dealt by weapon attacks for 2 turns. "
Hex Warrior,,,,,,,,,,,,,"Shields, Medium","Flails, Morningstars, Rapiers, Scimitars, Shortswords, War Picks, Battleaxes, Longswords, Tridents, Warhammers, Glaives, Greataxes, Greatswords, Halberds, Mauls, Pikes, Hand Crossbows, Heavy Crossbows, Longbows",,,,,,,,,,,,,,,,,,,,,,,,,,,,FALSE,,,,,,,,,FALSE,TRUE,Hex Warrior is a passive feature granted to The Hexblade warlocks at level 1. ,"You gain proficiency with  Medium armour,  Shields, and  Martial weapons. You gain  Bind Hexed Weapon, which lets you use your Charisma modifier instead of Strength or Dexterity when attacking with weapons that you are proficient with. "
High Spellcasting (Infernal Rapier),,,,,,,,,,,,,,,,,,,,,,,,,,,,,,,,,,,,,,+1,,,,FALSE,,,,,,,,,FALSE,TRUE,High Spellcasting is a passive feature that makes the wearers spells more potent and difficult to defend against. ,You gain a +1 bonus to Spell Save DC. 
High Spellcasting (+1),,,,,,,,,,,,,,,,,,,,,,,,,,,,,,,,,,,,,,+1,,,,FALSE,,,,,,,,,FALSE,TRUE,High Spellcasting is a passive feature that makes the wearers spells more potent and difficult to defend against. ,You gain a +1 bonus to Spell Save DC. 
High Spellcasting (+2),,,,,,,,,,,,,,,,,,,,,,,,,,,,,,,,,,,,,,+2,,,,FALSE,,,,,,,,,FALSE,TRUE,High Spellcasting is a passive feature that makes the wearers spells more potent and difficult to defend against. ,You gain a +2 bonus to Spell Save DC. 
Hoarfrost Balance,,,,,,,,,,,,,,,,,,,,,,,,,,Prone,,,,,,,,,,,,,,,,FALSE,,,,,,,,,FALSE,TRUE,Hoarfrost Balance is a passive feature that prevents the user from slipping on ice. ,You cannot fall  Prone while traversing  Icy terrain. 
Homing Weapon,,,,,,,,,,,,,,,,,,,,,,,,,,,,,,,,,,,,,,,,,,FALSE,,,,,,,,,TRUE,FALSE,Homing Weapon is a passive feature that sends the weapon back to its owner after being thrown. ,This weapon will return to its owner when thrown. 
Horde Breaker,,,,,,,,,,,,,,,,,,,,,,"Horde Breaker (Melee), Horde Breaker (Ranged)",,,,,,,,,,,,,,,,,,,,FALSE,,,,,,,,,FALSE,TRUE,Horde Breaker is a Hunter Ranger passive feature that grants you the ability to target two creatures next to each other. ,"Target two creatures standing close to each other, attacking them in quick succession. "
Human Versatility,,,,,,,,,,,,,,,,,,,,,,,,,,,,,,,,,,,,,,,,,1.25,FALSE,,,,,,,,,TRUE,FALSE,Human Versatility is a passive feature that grants Humans Proficiency in a skill of their choice and Carrying Capacity is increased by a quarter. ,Select an additional Skill to be Proficient in. Your carrying capacity is increased by a quarter. 
Hunter's Camouflage,,,,,,,,,,,,,,,,,,,,,,,,,,,,,,,,,,,,,,,,,,FALSE,Blurred,1 Turn,,,,,,,TRUE,FALSE,"This passive increases the user's defense after they receive damage, at the expense of their reaction. ","After receiving damage, the creature immediately uses their reaction to  Blur "
Hunter's Eye,,,,,,,,,,,,,,,,,,,,,,,,,,,,,,,,,,,,,,,,,,FALSE,,,,,,,,,TRUE,FALSE,Hunter's Eye is a passive feature that increases the damage against creatures marked by certain spells. ,"You gain a +1d4 bonus to Attack rolls against creatures marked by Hunter's Mark,  True Strike,  Faerie Fire, or  Guiding Bolt. "
Ichorous Corrosion,,,,,,,,,,,,,,,,,,,,,,,,,,,,,,,,,,,,,,,,,,FALSE,Noxious Fumes,3 Turns,13,DEX,,,,,TRUE,FALSE,Ichorous Corrosion is a passive feature that applies noxious fumes on the user's targets when the user deals acid damage to them. ,"When the wearer deals ⁠Acid damage, they also inflict  Noxious Fumes on the target(s). "
Illithid Euphoria,,,,,,,,,,,,,,,,,,,,,,,,,,,,,,,,,,,,,,,,,,FALSE,Lieges of the Underdark Blessing,3 Turns,,,,,,,TRUE,FALSE,Illithid Euphoria is a passive feature that grants the user improved combat abilities after charming or frightening a creature. ,Charm or Frighten a creature to gain a 1d4 bonus to Attack rolls and Saving throws. 
Illithid Expertise,,,,,,,,,,,,,,,,,,,,,,,,,,,,"Persuasion, Deception, Intimidation",,,,,,,,,,,,,,TRUE,,,,,,,,,FALSE,TRUE,"Illithid Expertise is a passive feature and Illithid Power available to Partial-Illithids. This feature gives a character Expertise in Persuasion, Deception and Intimidation Checks. ","You have deepened your sense of self, gaining Expertise in Persuasion, Deception, and Intimidation Checks. "
Illithid Persuasion,,,,,,,,,,,,,,,,,,,,,,,,,,,,,,,,,,,,,,,,,,FALSE,,,,,,,,,TRUE,FALSE,"Illithid Persuasion is a unique illithid power which allows Origin characters, as well as  Minthara and  Minsc, to impose their will onto others with the Brand of the Absolute through conversation. This ability is unlocked automatically. ","Impose your authority onto those with the Brand of the Absolute. Properties During certain conversations just before dialog choices come up, the Narrator states As the symbol glows"
Illithid Protection,,,,,,"INT, WIS, CHA",1,,,,,,,,,,,,,,,,,,,,,,,,,,,,,,,,,,,FALSE,,,,,,,Tadpole infested,,FALSE,TRUE,Illithid Protection is a passive feature that provides a bit of mind protection but only if infested by a tadpole. ,"If the wearer is infested by a mind flayer tadpole, they gain +1 to Intelligence, Wisdom, and Charisma  Saving throws. "
Illusion Quickening,,,,,,,,,,,,,,,,,,,,,,,,,,,,,,,,,,,,,,,,,,FALSE,Quickening Incantation,1 Turn,,,,,,,TRUE,FALSE,Illusion Quickening is a passive feature that lets the wearer cast illusion or enchantment spells after making a weapon attack. ,"After hitting a creature with a weapon attack, you can cast illusion or enchantment spells as a  Bonus Action. "
Immune to Control Undead,,,,,,,,,,,,,,,,,,,,,,,,,,,,,,,,,,,,,,,,,,FALSE,,,,,,,,,TRUE,FALSE,Immune To Control Undead is a passive feature that prevents this Undead creature from being magically controlled by others. Most noticeable example is the Control Undead oath paladins might have. ,"This creature is so powerful, it simply cannot be controlled by the magical whim of others. "
Immutable Existence,,,,,,,,,,,,,,,,,,,,,,,,,,,,,,,,,,,,,,,,,,FALSE,,,,,,,,,TRUE,FALSE,"Immutable Existence makes the user immune to effects like Polymorphed. Furthermore, the user cannot be removed from this plane of existence. ","Spells that alter someone's form have no effect on the affected entity, and it cannot be removed from this plane of existence. "
Immutable Form,,,,,,,,,,,,,,,,,,,,,,,,,,,,,,,,,,,,,,,,,,FALSE,,,,,,,,,TRUE,FALSE,"Immutable Form makes the wearer immune to effects like Polymorphed. Furthermore, gets a +5 bonus to saving throws against  Banishment. ","Spells that alter someone's form have no effect on the affected entity, and it has a +5 bonus to  Saving throws against spells that would remove it from this plane.[See: Bugs] "
Impenetrable Shadow,,,,,,,,,,,,,,,,,,,,,,,,,,,,,,,,,,,,,,,,,,FALSE,,,,,,,,,TRUE,FALSE,Impenetrable Shadow is a passive feature available to Viconia DeVir on Honour Mode. ,"If Viconia ends her turn in darkness, she receives  Sanctuary of Loss. Viconia can use  Heartwrench and still keep this protection. "
Imperial Retaliation,,,,,,,,,,,,,,,,,,,,,,,,,,,,,,,,,,,,,,,,,,FALSE,Stunned,1 Turn,15,INT,,,,,TRUE,FALSE,Imperial Retaliation is a passive feature that retaliates against an attacker by stunning them. ,"When the wielder succeeds a  Saving throw, the foe that caused the throw needs to make an  Intelligence saving throw or be  Stunned for 1 turn. "
Improved Abjuration,,,,,,,,,,,,,,,,,,,,,,,,,,,,,,,,,,,,,,,,,,FALSE,,,,,,,,,TRUE,FALSE,"Improved Abjuration is a passive feature of the Abjuration School Wizard. When you take a Short Rest, you can boost your Arcane Ward charges by your wizard level. ","Each time you take a Short Rest, the intensity of your  Arcane Ward increases by an amount equal to your wizard level. "
Improved Bardic Inspiration,,,,,,,,,,,,,,,,,,,,,,,,,,,,,,,,,,,,,,,,,,FALSE,,,,,,,,,TRUE,FALSE,Improved Bardic Inspiration is a passive feature that improves the user's Bardic Inspiration. ,"The bonus gained from  Bardic Inspiration increases to  +1d8. At higher levels When the Bard reaches Level 10, the bonus increases to  +1d10. "
Improved Bardic Inspiration: Attack Roll or Ability Check,,,,,,,,,,,,,,,,,,,,,,,,,,,,,,,,,,,,,,,,,,FALSE,,,,,,,,,TRUE,FALSE,Improved Bardic Inspiration: Attack Roll or Ability Check is a passive feature that allows the user to improve the success of their next attack or ability roll. ,Add a +1d12 bonus to your next Attack roll or Ability Check. 
Improved Bardic Inspiration: Saving Throw,,,,,,,,,,,,,,,,,,,,,,,,,,,,,,,,,,,,,,,,,,FALSE,,,,,,,,,TRUE,FALSE,Improved Bardic Inspiration: Saving Throw is a passive feature that allows the user to improve the chance of success on their next saving throw when active. ,Add a +1d12 bonus to your next  Saving throw. 
Improved Combat Superiority,,,,,,,,,,,,,,,,,,,,,,,,,,,,,,,,,,,,,,,,,,FALSE,,,,,,,,,TRUE,FALSE,Improved Combat Superiority is a Battle Master Fighter passive feature that increases the strength of their Maneuvers. ,The size of your  Superiority Die increases to a   d10 
Improved Critical,,,,,,,,,,,,,,,,,,,,,,,,,,,,,,,+1,,,,,,,,,,,FALSE,,,,,,,,,FALSE,TRUE,Improved Critical is a passive feature that increases the wielder's critical hit chance. ,The number you need to roll a Critical Hit while attacking is reduced by 1. This effect can stack. 
Improved Critical Hit,,,,,,,,,,,,,,,,,,,,,,,,,,,,,,,+1,,,,,,,,,,,FALSE,,,,,,,,,FALSE,TRUE,Improved Critical Hit is a Champion Fighter passive feature that reduces the number they need to roll for a critical hit by 1. ,The number you need to roll a Critical Hit while attacking is reduced by 1. This effect can stack. 
Improved Divine Smite,,,,,,,,,,,,,,,,,,,,,,,,,,,,,,,,Melee,1d8,Radiant,,,,,,,,FALSE,,,,,,,,,FALSE,TRUE,Improved Divine Smite is a passive feature available to Paladins that adds extra damage to all of their weapon strikes. This damage stacks with all other sources. ,Your attacks are suffused with divine might.  Melee weapon attacks deal an additional 1d8⁠Radiant damage. 
Improved Elemental Casting,,,,,,,,,,,,,,,,,,,,,,,,,,,,,,,,,,,,,,,,,,FALSE,,,,,,,,,TRUE,FALSE,Improved Elemental Casting is a Way of the Four Elements Monk passive feature that improves the strength and damage of your Four Elements Spells. ,"Your affinity with elemental ki deepens. Several of your offensive Four Elements features deal an additional dice of damage, your  Clench of the North Wind can hold an additional creature, and your  Embrace of the Inferno fires an extra ray. "
Improved Extra Attack,,,,,,,,,,,,,,,,,,,,,,,,,,,,,,,,,,,,,,,,,,FALSE,,,,,,,,,TRUE,FALSE,Improved Extra Attack is a Fighter passive feature that allows you to make 2 additional attacks when making an Attack Action. ,You can make two additional attacks after attacking with your main-hand weapon. 
Improved Minor Illusion,,,,,,,,,,,,,,,,,,,,,,,,Improved Minor Illusion,,,,,,,,,,,,,,,,,,FALSE,,,,,,,,,FALSE,TRUE,Improved Minor Illusion is a passive feature granted to Illusion School Wizards. It grants them an improved version of Minor Illusion. ,You can cast  Minor Illusion as a bonus action. 
Improved Wild Strike,,,,,,,,,,,,,,,,,,,,,,,,,,,,,,,,,,,,,,,,,,FALSE,,,,,,,,,TRUE,FALSE,Improved Wild Strike is a Druid passive feature that lets you make further multiple unarmed attacks while Wildshaped. ,You can make 2 additional attacks after making an unarmed or weapon strike while in wildshape. 
Impulse Blast,,,,,,,,,,,,,,,,,,,,,,,,,,,,,,,,,,,,,,,,,,FALSE,Prone,2 Turns,14,DEX,,,,,TRUE,FALSE,Impulse Blast is a passive feature that sends a shockwave when killing or landing critical hits. ,Knocks nearby creatures  Prone after killing a target or landing a Critical Hit. 
Incorporeal Movement,,,,,,,,,,,,,,,,,,,,,,,,,,,,,,,,,,,,,,,,,,FALSE,,,,,,,,,TRUE,FALSE,Incorporeal Movement is a passive feature available to Poltergeists. ,Opportunity attacks against you have Disadvantage. 
Inescapable Destruction,,,,,,,,,,,,,,,,,,,,,,,,,,,,,,,,,,,,,,,,,,FALSE,,,,,,,,,TRUE,FALSE,Inescapable Destruction is a Death Domain cleric passive feature. It allows ⁠Necrotic dealt by the cleric to bypass Resistance to ⁠Necrotic damage. ,Damage you deal ignores Resistance to ⁠Necrotic damage. 
Inevitable Resolve,,,,,,,,,,,,,,,,,,,,,,,,,,,,,,,,,,,,,,,,,,FALSE,Inevitable Resolve,1 Turn,,,,,,,TRUE,FALSE,Inevitable Resolve is a unique  Raphael passive feature that prevents him from being controlled or incapacitated. ,Effects that control or incapacitate creatures only last 1 turn against this being of pure infernal ambition. 
Infectious Greed,,,,,,,,,,,,,,,,,,,,,,,,,,,,,,,,,,,,,,,,,,FALSE,,,,,,,,,TRUE,FALSE,Infectious Greed is a passive feature used by Helsik that gives the user and its allies a boost in damage as long as they remain close by. ,"Tempted by the riches that Mammon offers to those most faithful to him, all allies in the presence of this creature are affected by  Infectious Greed "
Infectious Madness,,,,,,,,,,,,,,,,,,,,,,,,,,,,,,,,,,,,,,,,,,FALSE,confused,2 Turns,13,INT,,,,,TRUE,FALSE,"Infectious Madness is a passive feature available to Cranium Rats, which causes attackers to become  Confused unless they pass an Intelligence  Saving throw. ","After the cranium rat takes damage, the attacker must make an Intelligence Saving Throw or become Confused. "
Infernal Acuity,,,,,,,,,,,,,,,,,,,,,,,,,,,,,,,,,,,"Melee Spell, Ranged Spell",+1,,+1,,,,FALSE,,,,,,,,,FALSE,TRUE,Infernal Acuity is a passive feature that grants a bonus to your spells. ,You gain +1 bonus to Spell Attack Rolls and Spell Save DC. 
Infernal Evasion,,,,,,,,,,,,,,,,,,,,,,Infernal Resistance,,,,,,,,,,,,,,,,,,,,FALSE,,,,,,,,,FALSE,TRUE,Infernal Evasion is a passive feature that lets the user use a reaction to make a saving throw. ,"When you fail a  Saving throw, you may use your  Reaction to succeed instead. "
Infernal Legion,,Infernal Legion,,,,,,,,,,,,,,,,,,,,,,,,,,,,,,,,,,,,,,,,FALSE,,,,,,,,,FALSE,TRUE,Infernal Legion is a passive feature that makes the wearer a part of the legion. ,Grants the  Infernal Legion condition while worn. 
Infernal Retribution,,,,,,,,,,,,,,,,,,,,,,,,,,,,,,,,,,,,,,,,,,FALSE,Burning,3 Turns,,,,,,,TRUE,FALSE,Infernal Retribution is a passive feature that burns an attacker whenever the wearer succeeds a Saving Throw. ,"When you succeed a  Saving throw, the caster receives  Burning (Orthonic) for 3 turns. "
Infernal Sight,,,,,,,,,,,,,,,,,,12,,,,,,,,Blinded,,,,,,,,,,,,,,,,FALSE,,,,,,,,,FALSE,TRUE,"Infernal Sight is a passive feature that lets the wearer see in normal darkness, and provides immunity against blindness. ",You can see in magical and ordinary darkness up to a range of  12 m / 40 ft. You cannot be  Blinded. 
Infernal Touch,,,,,,,,,,,,,,,,,,,,,,,,,,,,,,,,,1d6,Fire,,,,,1d6,Necrotic,,FALSE,Bleeding,2 Turns,15,CON,,,,,FALSE,TRUE,Infernal Touch is a passive feature that adds fire damage to the wearer's weapon attacks or necrotic damage to unarmed attacks. ,"Your weapon attacks deal an additional 1d6⁠Fire damage. Your unarmed attacks deal an additional 1d6⁠Necrotic damage, and can possibly inflict  Bleeding. "
Infernal Weapon,,,,,,,,,,,,,,,,,,,,,,,,,,,,,,,,Melee,3,Poison,,,,,,,,FALSE,Poisoned,2 Turns,12,CON,,,,,FALSE,TRUE,Infernal Weapon is a passive feature that poisons your target an addition to your regular damage. ,"On a hit, this weapon deals an additional 3⁠Poison damage and can possibly  Poison its target. "
Infernal Weapon (merregon),,Dipped in Fire,,,,,,,,,,,,,,,,,,,,,,,,,,,,,,,,,,,,,,,,FALSE,,,,,,,,,FALSE,TRUE,Infernal Weapon is a passive feature only available to Vengeful Merregons that constantly ignites their weapons in fire. ,"This creature's weapon will ignite at the start of its turns, dealing an additional 1d4⁠Fire. "
Infested,,,,,,,,,,,,,,,,,,,,,,,,,,,,,,,,,,,,,,,,,,FALSE,Infested,5 Turns,13,DEX,,,,,TRUE,FALSE,Infested is a passive feature available to ettercaps which lets them Infest nearby creatures. ,"Crawling with tiny spiders that deal 1~4⁠Piercing and 1~4⁠Poison each turn. When hit with a melee attack, the infestation spreads to the attacker. Upon death, the infestation spreads to all nearby creatures. Removed by fire or acid. Doesn't harm ettercaps or spiders. "
Innate Fortitude,,,,,,,,,,,,,,,,,,,,,,,,,,,,,,,,,,,,,,,,,,FALSE,,,,,,,,,TRUE,FALSE,Innate Fortitude is a passive feature that lets you reroll attacks and saing throws. ,"Once per Long Rest, you can use a  Reaction to make an Attack roll or  Saving throw with  Advantage. Grants: "
Innate Invisibility,,,,,,,,,,,,,,,,,,,,,,,,,,,,,,,,,,,,,,,,,,FALSE,,,,,,,,,TRUE,FALSE,Innate Invisibility is a passive feature that grants permanent invisibility. ,"Invisible by nature, this creature can only be seen through magical means. "
Insidious Cold,,,,,,,,,,,,,,,,,,,,,,,,,,,,,,,,,,,,,,,,,,FALSE,Chilled,2 Turns,12,CON,,,,,TRUE,FALSE,Insidious Cold is a passive feature that chills your targets whenever you deal cold damage. ,Dealing Cold damage with a spell possibly inflicts  Chilled upon the target. 
Intense Adamantine Backlash,,,,,,,,,,,,,,,,,,,,,,,,,,,,,,,,,,,,,,,,,,FALSE,Reeling,3 Turns,,,,,,,TRUE,FALSE,Intense Adamantine Backlash is a passive feature that can cause melee attackers to be sent  Reeling. ,"When a melee attack hits you, the Attacker is sent  Reeling for 3 turns. Reeling creatures have a -1 penalty to Attack Rolls for every turn remaining. "
Interplanar Slayer,,,,,,,,,,,,,,,,,,,,,,,,,,,,,,,,,,,,,,,,,,FALSE,,,,,,,,,TRUE,FALSE,Interplanar Slayer is a passive feature that increases damage against otherworldly creatures. ,"This weapon grants a +1d4 bonus to damage and Attack rolls against githyanki, aberrations, fiends, and elementals. "
Intimate Embrace,,,,,,,,,,,,,,,,,,,,,,,,,,,,,,,,,,,,,,,,,,FALSE,,,,,,,,,TRUE,FALSE,Intimate Embrace is a passive feature allowing the other ring wearer to receive a defensive bonus. ,"One of a magical pair of rings, this allows the wearer to cast  Warding Bond once per Long Rest on a creature wearing the  matching ring. "
Inured to Undeath,,,,,,,,,,,,,,,,,,,,,,,,,,,,,Necrotic,,,,,,,,,,,,,FALSE,,,,,,,,,FALSE,TRUE,Inured to Undeath is a Necromancy School Wizard passive feature that enhances your mastery over death. You become resistant to Necrotic damage and cannot have your maximum hit points reduced. ,"You have steeped yourself so completely in death that you are Resistant to Necrotic damage, and moreover your hit point maximum cannot be reduced. "
Invisible Weapon,,Invisible Weapon,,,,,,,,,,,,,,,,,,,,,,,,"Disarmed, Weapon Dropped!",,,,,,,,,,,,,,,,FALSE,,,,,,,,,FALSE,TRUE,"Invisible Weapon is a passive feature that prevents the wielder from being disarmed, until it becomes visible on a missed attack. ",This weapon is  Invisible while equipped. It has  Advantage on Attack rolls. It loses this property for 2 rounds on a missed Attack roll. The weapon also scores a critical hit when rolling a 19. 
Iron Mind,,,,,,,,,,,,,,,,,,,,,,,,,,,,,,,,,,,,,,,,,,FALSE,,,,,,"WIS, INT",,,FALSE,TRUE,Iron Mind is a Gloom Stalker Ranger passive feature that increases your defenses against certain mental attacks. ,You gain Proficiency in Wisdom and Intelligence  Saving throws. 
Ironvine,,,,,,,,,,,,,,,,,,,,,,,,,,,,,,,,,,,,,,,,,,FALSE,,,,,,,,,TRUE,FALSE,Ironvine is a passive feature that automatically damages an attacker as long as you are using Shillelagh. ,"While the wielder is holding a weapon empowered with  Shillelagh, and when they are hit by a melee attack, the attacker takes ⁠Piercing Damage equal to the wielder's Wisdom modifier. "
Isolated Prey,,,,,,,,,,,,,,,,,,,,,,,,,,,,,,,,,,,,,,,,,,FALSE,,,,,,,,,TRUE,FALSE,Isolated Prey is passive feature gives a creature  Advantage on Attack Rolls against targets that do not have allies within 5m. ,This creature has Advantage on Attack Rolls against targets that do not have allies within 5m. 
Jack of All Trades,,,,,,,,,,,,,,,,,,,,,,,,,,,,,,,,,,,,,,,,,,FALSE,,,,,,,,,TRUE,FALSE,Jack of All Trades is a Bard passive feature that makes you add half your Proficiency Bonus to Ability Checks that you aren't Proficient in. ,Your vast experiences make you more likely to succeed in any undertaking. Add half of your Proficiency Bonus (rounded down) to Ability Checks that you are not Proficient in. 
Keen Attack,,,,,,,,,,,,,,,,,,,,,,,,,,,,,,,,,,,Ranged,PRO,,,,,,FALSE,,,,,,,,,FALSE,TRUE,Keen Attack is a passive feature that greatly increases their chance to hit. ,"The wielder doubles their Proficiency Bonus when rolling ranged attacks with this weapon, unless they have Disadvantage. "
Keen Senses,,,,,,,,,,,,Perception,,,,,,,,,,,,,,,,,,,,,,,,,,,,,,FALSE,,,,,,,,,FALSE,TRUE,Keen Senses is a passive feature that grants Elves and Drow Proficiency in Perception. ,You are Proficient in Perception. 
Keeper of the Veil,,,,,,,,,,,,Arcana,,,,,,,,,,,Protection from Evil and Good,,,,,,,,,,,,,,,,,,,FALSE,,,,,,,,,FALSE,TRUE,Keeper of the Veil is a Ranger passive feature of Favoured Enemy. You gain proficiency in Arcana and can cast the spell  Protection from Evil and Good once per long rest. ,"You specialise in hunting creatures from other planes of existence. You gain Proficiency in Arcana and can grant protection against aberrations, celestials, elementals, fey, fiends, and undead. "
Ki-Empowered Strikes,,,,,,,,,,,,,,,,,,,,,,,,,,,,,,,,,,,,,,,,,,FALSE,,,,,,,,,TRUE,FALSE,"Ki-Empowered Strikes is a Monk passive feature that allows unarmed attacks to count as magical while attacking enemies with resistance to physical attacks. In effect, unarmed attacks will ignore resistance and immunity to ⁠Slashing, ⁠Piercing, ⁠Bludgeoning non magical damage of the corresponding type. ",Your unarmed attacks count as magical for the purpose of overcoming enemies' Resistance and Immunity to non-magical damage. 
Knockdown Jaws,,,,,,,,,,,,,,,,,,,,,,,,,,,,,,,,,,,,,,,,,,FALSE,,,,,,,,,TRUE,FALSE,Knockdown Jaws is a passive feature that allows the user's bite attacks to knock targets Prone. ,Bite attacks from this creature can possibly knock the target  Prone. 
Kushigo's Might,,,,,,,,,,,,,,,,,,,,,,,,,,,,,,,,,,,,,,,,,,FALSE,,,,,,,,,TRUE,FALSE,Uninhibited Kushigo is a passive feature that increases throwing and improvised weapon damage. ,The wearer deals an additional   1d4 damage with  Throw Attacks and attacks made with  Improvised Weapons. 
Land's Stride: Advantage,,,,,,,,,,,,,,,,,,,,,,,,,,,,,,,,,,,,,,,,,,FALSE,,,,,,,,,TRUE,FALSE,Land's Stride: Advantage is a passive feature which grants advantage when resisting some to plant-based effects. It is an unlisted component of the Land's Stride feature. ,You have become an expert at moving through the wilderness. You have  Advantage on  Saving throws against plants that are magically created to impede your movement. 
Land's Stride: Difficult Terrain,,,,,,,,,,,,,,,,,,,,,,,,,,,,,,,,,,,,,,,,,,FALSE,,,,,,,,,TRUE,FALSE,Land's Stride: Difficult Terrain is a passive feature that makes it so that you are not slowed when traversing Difficult Terrain. It is a component of Land's Stride. ,You have become an expert at moving through the wilderness. Difficult Terrain no longer slows you down. 
Land's Stride: Plants,,,,,,,,,,,,,,,,,,,,,,,,,,,,,,,,,,,,,,,,,,FALSE,,,,,,,,,TRUE,FALSE,Land's Stride: Plants is a passive feature which confers immunity to many plant-based hazards. It is an unlisted component of the Land's Stride feature. ,"You have become an expert at moving through the wilderness. Plant-based surfaces with thorns, spines, or similar hazards no longer harm you. "
Last Hope,,Death Ward,,,,,,,,,,,,,,,,,,,,,,,,,,,,,,,,,,,,,,,,FALSE,,,,,,,,,FALSE,TRUE,Last Hope is a passive feature that grants Hope Death Ward at the start of combat. ,Hope always begins combat under the effects of  Death Ward. 
Last Stand,,,,,,,,,,,,,,,,,,,,,,,,,,,,,,,,,,,,,,,,,,FALSE,Wrath,2 Turns,,,,,,,TRUE,FALSE,Last Stand is a passive feature that increases your damage when you are severely wounded. ,"During combat, when the wearer starts their turn with 50% Hit Points or less, they gain  Wrath for 2 turns. "
Lathander's Blessing,,,,,,,,,,,,,,,,,,,,,,,,,,,,,,,,,,,,,,,,,,FALSE,,,,,,,,,TRUE,FALSE,Lathander's Blessing is a passive feature that protects the wielder should they fall in combat. ,"Once per Long Rest, when your hit points are reduced to 0, you regain 2d6⁠hit points. Allies within 9 m / 30 ft also regain 1d6⁠hit points. "
Lathander's Light,,,,,,,,,,,,,,,,,,,,,,,,,,,,,,,,,,,,,,,,,,FALSE,Lathander's Light,Permanent,,,,,,,TRUE,FALSE,Lathander's Light is a toggleable passive feature that sheds light and blinds enemies. ,"Sheds holy light in a  6 m / 20 ft radius. In combat, fiends and undead standing in the light are  Blinded if they fail a DC 14 Constitution throw. "
Lay Bare Their Weakness,,,,,,,,,,,,,,,,,,,,,,,,,,,,,,,,,,,,,,,,,,FALSE,Those Laid Bare,1 Turn,,,,,,,TRUE,FALSE,Lay Bare Their Weakness is a passive feature that increases the difficulty to resist the wearer's spells. ,"After dealing damage with an unarmed attack, the wearer gains a +1 bonus to their spell save DC until the end of their turn. "
Leap to Your Feet,,,,,,,,,,,,,,,,,,,,,,,,,,,,,,,,,,,,,,,,,,FALSE,,,,,,,,,TRUE,FALSE,Leap to Your Feet is a Way of the Drunken Master monk passive feature that helps them get up quicker from being prone. ,"When you are  Prone, standing up uses only 1.5 m / 5 ft of your  Movement Speed speed. "
Legendary Action: Adamantine Reverberation,,,,,,,,,,,,,,,,,,,,,,,,,,,,,,,,,,,,,,,,,,FALSE,,,,,,,,,TRUE,FALSE,"Legendary Action: Adamantine Reverberation is a legendary action passive feature available to Grym in Honour mode. Once per turn when struck by an attack, Grym reverberates, granting  10 temporary hit points and doubled movement speed until the temporary hit points are depleted. ","Once per round, Grym can use its Legendary Action to  Reverberate when it is struck, doubling its movement and granting it 10 temporary hit points. Losing these temporary hit points triggers a shockwave that knocks targets back  4 m / 13 ft and deals 4d8⁠Thunder damage. Legendary Actions restore at the start of each round. "
Legendary Action: Beguiling Rebuke,,,,,,,,,,,,,,,,,,,,,,,,,,,,,,,,,,,,,,,,,,FALSE,,,,,,,,,TRUE,FALSE,"Legendary Action: Beguiling Rebuke is a passive feature available to Raphael while he is not in his  Fiendish Ascension form. It lets him expend a legendary action to use Beguiling Rebuke, after he or his allies are attacked. ",Raphael can spend a Legendary Action to immediately  Beguile a hostile creature and its allies after being attacked. Raphael may use this Legendary Action as many times per round as there are Soul Pillars standing at the start of the round. Legendary Actions restore at the start of each round. 
Legendary Action: Bhaal's Edict,,,,,,,,,,,,,,,,,,,,,,,,,,,,,,,,,,,,,,,,,,FALSE,,,,,,,,,TRUE,FALSE,"Legendary Action: Bhaal's Edict is a passive feature available to the Boon of Bhaal during combat with Orin in Honour mode, provided she is not being duelled alone. ","If Orin has not used her Legendary Action by the end of a round, and Orin is not duelling her opponent alone, the Dread Lord places a creature under  Bhaal's Edict. Legendary Actions restore at the start of each round. "
Legendary Action: Blinding Ambush,,,,,,,,,,,,,,,,,,,,,,,,,,,,,,,,,,,,,,,,,,FALSE,,,,,,,,,TRUE,FALSE,"Legendary Action: Blinding Ambush is a passive feature available to Yurgir in Honour mode, that lets him use Blinding Ambush and Watchful Hunt. ","Once per round, Yurgir can spend a Legendary Action to  Blinding Ambush a  Hunted creature when it attempts to attack or cast a spell. Legendary Actions restore at the start of each round. "
Legendary Action: Call Consort,,,,,,,,,,,,,,,,,,,,,,,,,,,,,,,,,,,,,,,,,,FALSE,,,,,,,,,TRUE,FALSE,"Legendary Action: Call Consort is a passive feature available to the Owlbear mother in her nest in Honour mode. It gives her access to  Call Consort to call her  mate, who has the same base stats and can use  Vengeful Father. ","Once per combat, the Owlbear mother can spend a Legendary Action to  summon her mate when she is attacked. Although Legendary Actions normally restore at the start of each round, this one may only be used once. "
Legendary Action: Devoted Galvanism,,,,,,,,,,,,,,,,,,,,,,,,,,,,,,,,,,,,,,,,,,FALSE,,,,,,,,,TRUE,FALSE,Legendary Action: Devoted Galvanism is a passive feature used by Dror Ragzlin in Honour mode that lets him use  Galvanise nearby allies when they are attacked. ,"Once per round when an enemy targets their ally with an ability, Dror Ragzlin can use a Legendary Action to  Galvanise Absolutists within  5 m / 17 ft, granting them  Action Surge. Legendary Actions restore at the start of each round. "
Legendary Action: Draconic Fury,,,,,,,,,,,,,,,,,,,,,,,,,,,,,,,,,,,,,,,,,,FALSE,"Burning,Legendary Action: Draconic Fury",2 Turns,17,DEX,,,,,TRUE,FALSE,This legendary action allows use of a dragon's breath weapon once per round as a free reaction. ,The dragon can retaliate against an attacker with its breath weapon once per round. 
Legendary Action: Draconic Wrath,,,,,,,,,,,,,,,,,,,,,,,,,,,,,,,,,,,,,,,,,,FALSE,,,,,,,,,TRUE,FALSE,"Legendary Action: Draconic Wrath is a passive feature available to Ansur, that lets him use a legendary action to react with his  Lightning Breath once per round after being attacked ",The dragon can retaliate against an attacker with its breath weapon once per round. 
Legendary Action: Fanatic Retaliation,,,,,,,,,,,,,,,,,,,,,,,,,,,,,,,,,,,,,,,,,,FALSE,,,,,,,,,TRUE,FALSE,"Legendary Action: Fanatic Retaliation is a passive feature available to Kar'niss in Honour mode, which lets him use the legendary action  Fanatic Retaliation immediately after one of his spindleweb fanatics is killed. He will target the killer. ","Once per round when a  Spindleweb Fanatic is killed, Kar'niss can use a Legendary Action to possibly deal 6d10⁠Psychic and  Silence the attacker. Legendary Actions restore at the start of each round. "
Legendary Action: Gaze of the Dead,,,,,,,,,,,,,,,,,,,,,,,,,,,,,,,,,,,,,,,,,,FALSE,,,,,,,,,TRUE,FALSE,Legendary Action: Gaze of the Dead is a passive feature available to Apostle of Myrkul in Honour Mode that allows him to use a Legendary action to retaliate against an attacker. ,"Once per round, Myrkul's Apostle can spend a Legendary Action to cast  Gaze of the Dead on a creature when attacked. Legendary Actions restore at the start of each round. "
Legendary Action: Gossamer Tomb,,,,,,,,,,,,,,,,,,,,,,,,,,,,,,,,,,,,,,,,,,FALSE,,,,,,,,,TRUE,FALSE,"Legendary Action: Gossamer Tomb is a passive feature available to the Phase Spider Matriarch in Honour mode, that lets her entomb in web a creature attacking one of her spiderlings. ","Once per round if her offspring is attacked, the Phase Spider Matriarch can spend a Legendary Action to use  Gossamer Tomb. Legendary Actions restore at the start of each round. "
Legendary Action: Grasping Appendage,,,,,,,,,,,,,,,,,,,,,,,,,,,,,,,,,,,,,,,,,,FALSE,,,,,,,,,TRUE,FALSE,"Legendary Action: Grasping Appendage is a legendary action passive feature available to Malus Thorm, that lets him pull an enemy towards him. ","Once per round, Malus Thorm can use his Legendary Action to  Grasp a creature and pull it closer. Legendary Actions restore at the start of each round. "
Legendary Action: Heartwrench,,,,,,,,,,,,,,,,,,,,,,,,,,,,,,,,,,,,,,,,,,FALSE,,,,,,,,,TRUE,FALSE,Legendary Action: Heartwrench is a passive feature available to Viconia DeVir on Honour Mode. ,"Once per round, Viconia can use a Legendary Action to  Heartwrench a  Heartform Mapped creature after it strikes her or her allies. Legendary Actions restore at the start of each round. "
Legendary Action: Hordestrike,,,,,,,,,,,,,,,,,,,,,,,,,,,,,,,,,,,,,,,,,,FALSE,,,,,,,,,TRUE,FALSE,Legendary Action: Hordestrike is a passive feature available to Ketheric in Honour mode. ,"Once per round, Ketheric can spend a Legendary Action to  Hordestrike an enemy when it is attacked by one of his minions following  Deadly Orders. Legendary Actions restore at the start of each round. "
Legendary Action: Leaping Static,,,,,,,,,,,,,,,,,,,,,,,,,,,,,,,,,,,,,,,,,,FALSE,,,,,,,,,TRUE,FALSE,Legendary Action: Leaping Static is a passive feature available to Bernard in Honour mode. It lets Bernard use the legendary action Leaping Static as a reaction to being attacked. ,"Once per round, Bernard can spend a Legendary Action to immediately launch  Leaping Static at a foe after being attacked. Legendary Actions restore at the start of each round. "
Legendary Action: Mind-Claw of Tu'narath,,,,,,,,,,,,,,,,,,,,,,,,,,,,,,,,,,,,,,,,,,FALSE,,,,,,,,,TRUE,FALSE,Legendary Action: Mind-Claw of Tu'narath is a passive feature affecting Ch'r'ai W'wargaz on Honour mode. It allows him to use a Legendary action to summons a deadly psionic blade in response to the inquisitor or an ally being attacked. ,"Twice per round, Inquisitor W'wargaz can spend a Legendary Action to summon a Mind-Claw of Tu'narath after he or his allies are struck. When the claw strikes, W'wargaz may  Mindsteal Link with a target not already affected by this condition. Legendary Actions restore at the start of each round. "
Legendary Action: Murderous Retort,,,,,,,,,,,,,,,,,,,,,,,,,,,,,,,,,,,,,,,,,,FALSE,,,,,,,,,TRUE,FALSE,Legendary Action: Murderous Retort is a passive feature that lets its user use the Legendary Action  Murderous Retort to strike back at attackers. ,"Once per round, Orin or Sarevok can use their Legendary Action to immediately strike back at their attacker. If  Deathbringer's Legacy is active, they use  Deathbringer's Assault (Sarevok) or  Deathbringer's Assault (Orin) instead. Legendary Actions restore at the start of each round. "
Legendary Action: Ocular Nightmare,,,,,,,,,,,,,,,,,,,,,,,,,,,,,,,,,,,,,,,,,,FALSE,,,,,,,,,TRUE,FALSE,"Legendary Action: Ocular Nightmare is a passive feature available to the Spectator, that lets it use a legendary action to attack all creatures nearby with eye beams. ","After accumulating five  Paranoid Dreams, the Spectator will spend a Legendary Action to cast  Ocular Nightmare. "
Legendary Action: Overflowing Brew,,,,,,,,,,,,,,,,,,,,,,,,,,,,,,,,,,,,,,,,,,FALSE,,,,,,,,,TRUE,FALSE,"Legendary Action: Overflowing Brew is a passive feature used by Thisobald Thorm in Honour Mode, which lets him use his legendary action  Overflowing Brew. ","Once per round, Thisobald Thorm can use his Legendary Action when his brew is changed by a foe's attack to make it overflow, dealing 3d6 of the corresponding damage type. The overflow also grants his allies +5 bonus to Strength or an additional +1d6 damage of the corresponding damage type. Legendary Actions restore at the start of each round. "
Legendary Action: Psionic Visage,,,,,,,,,,,,,,,,,,,,,,,,,,,,,,,,,,,,,,,,,,FALSE,,,,,,,,,TRUE,FALSE,"Legendary Action: Psionic Visage is a legendary passive feature available to Nere in Honour mode. When attacked, Nere can cast Psionic Visage to protect himself from ⁠Physical damage with 3 psionic copies of himself. ","Once per round, Nere can use his Legendary Action to cast  Psionic Visage on himself when attacked. When he is attacked, Nere's summoned visages will  Detonate. Legendary Actions restore at the start of each round. "
Legendary Action: Ptarian Dogma,,,,,,,,,,,,,,,,,,,,,,,,,,,,,,,,,,,,,,,,,,FALSE,Ptarian Pacifism,2 Turns,,,,,,,TRUE,FALSE,Legendary Action: Ptarian Dogma is a passive feature available to Ptaris in Honour mode which lets him pacify a foe that strikes him. ,"Once per round, after being hit, Ptaris can spend a Legendary Action to surround his attacker in  Ptarian Pacifism. "
Legendary Action: Sanctuary of Loss,,,,,,,,,,,,,,,,,,,,,,,,,,,,,,,,,,,,,,,,,,FALSE,,,,,,,,,TRUE,FALSE,Legendary Action: Sanctuary of Loss is a passive feature available to Viconia DeVir on Honour Mode. ,"Once per round, Viconia can use a Legendary Action to cast  Sanctuary of Loss when an ally is struck. Legendary Actions restore at the start of each round. "
Legendary Action: Sanguine Lash,,,,,,,,,,,,,,,,,,,,,,,,,,,,,,,,,,,,,,,,,,FALSE,,,,,,,,,TRUE,FALSE,"Legendary Action: Sanguine Lash is a passive feature available to Orin, that lets her use Sanguine Lash after being attacked, or places Bhaal's Edict on a creature if she does not. Although the in-game text does not mention it, Orin will only activate this attack against foes who hit her with melee attacks. ","Once per round, Orin can use her Legendary Action to  Sanguine Lash after being attacked. If Orin does not use her Legendary Action in a round and is not dueling her opponent alone,  Bhaal's Edict is placed on a creature. Legendary Actions restore at the start of each round. "
Legendary Action: Shredding Scales,,,,,,,,,,,,,,,,,,,,,,,,,,,,,,,,,,,,,,,,,,FALSE,,,,,,,,,TRUE,FALSE,Legendary Action: Shredding Scales is a passive feature available to the Bulette in Honour Mode. ,"Once per turn, the Bulette can spend a Legendary Action to use  Shredding Scales after being hit if its  Diamond Scales are active. Legendary Actions restore at the start of each round. "
Legendary Action: Soul Ascension,,,,,,,,,,,,,,,,,,,,,,,,,,,,,,,,,,,,,,,,,,FALSE,,,,,,,,,TRUE,FALSE,"Legendary Action: Soul Ascension is a passive feature available to Raphael while he is in his  Fiendish Ascension form. It lets him expend a legendary action to use Soul Ascension, after he or his allies are attacked. ",Raphael can spend a Legendary Action to immediately cast  Soul Ascension when he or his allies are attacked. Raphael may use this Legendary Action as many times per round as there are Soul Pillars standing at the start of the round. Legendary Actions restore at the start of each round. 
Legendary Action: Soul Sacrifice,,,,,,,,,,,,,,,,,,,,,,,,,,,,,,,,,,,,,,,,,,FALSE,,,,,,,,,TRUE,FALSE,"Legendary Action: Soul Sacrifice is a passive feature available to Ch'r'ai Tska'an in Honour mode, which lets her use the legendary action  Sacrifice Soul immediately after a humanoid has died. ","Once per round when a humanoid dies, the Ch'r'ai can spend a legendary action to  Sacrifice its soul to  Vlaakith in return for great power. Once 3 souls have been sacrificed, the Ch'r'ai takes on  Vlaakith's Undying Aspect. Legendary Actions restore at the start of each round. "
Legendary Action: Spectral Aspect,,,,,,,,,,,,,,,,,,,,,,,,,,,,,,,,,,,,,,,,,,FALSE,,,,,,,,,TRUE,FALSE,Legendary Action: Spectral Aspect is a passive feature that can grant a special spectral form after being struck. ,"Once per round, Balthazar can use his Legendary Action to adopt a  Spectral Aspect after being struck. Legendary Actions restore at the start of each round. "
Legendary Action: Sublimation,,,,,,,,,,,,,,,,,,,,,,,,,,,,,,,,,,,,,,,,,,FALSE,,,,,,,,,TRUE,FALSE,"Legendary Action: Sublimation is a passive feature used by Gerringothe Thorm on Honour Mode. After losing a piece of armour, Gerringothe can use a Legendary action to try to  Sublimate a foe. A creature that fails its save against this effect cannot move or take actions, bonus actions, or reactions. ","Once per round, if she loses a piece of armour, Gerringothe Thorm can spend a Legendary Action to try and turn her enemies into gold, incapacitating them for 4 turns. Legendary Actions restore at the start of each round. "
Legendary Action: The Dead Wastes,,,,,,,,,,,,,,,,,,,,,,,,,,,,,,,,,,,,,,,,,,FALSE,,,,,,,,,TRUE,FALSE,Legendary Action: The Dead Wastes is a passive feature used by Balthazar that lets him use  The Dead Wastes to create a rift that heals undead and damages living creatures. ,"Once per round when a creature dies, Balthazar can use his Legendary Action to create a necrotic miasma where it fell that heals Undead 4d6⁠hit points and deals 4d6⁠Necrotic to living creatures at the start of their turns. Legendary Actions restore at the start of each round. "
Legendary Action: Torrential Undeath,,,,,,,,,,,,,,,,,,,,,,,,,,,,,,,,,,,,,,,,,,FALSE,,,,,,,,,TRUE,FALSE,Legendary Action: Torrential Undeath is a passive feature available to Mystic Carrion in Honour Mode. ,"Once per turn, Mystic Carrion can use his Legendary Action to release  Torrential Undeath at his foes when hit. This grants Undead  Guardian Wraiths while haunting other creatures with  Wrathful Spirits. Legendary Actions restore at the start of each round. "
Legendary Action: Tu'narath's Embrace,,,,,,,,,,,,,,,,,,,,,,,,,,,,,,,,,,,,,,,,,,FALSE,,,,,,,,,TRUE,FALSE,Legendary Action: Tu'narath's Embrace is a passive feature used by Har'rak in Honour mode that lets him use  Tu'narath's Embrace on nearby allies when they are attacked with an incapacitating condition. ,"Once per round, Ch'r'ai Har'rak can spend a Legendary Action to cast  Tu'narath's Embrace on an ally to prevent an Incapacitating Condition. Legendary Actions restore at the start of each round. "
Legendary Action: Tyrannical Branding,,,,,,,,,,,,,,,,,,,,,,,,,,,,,,,,,,,,,,,,,,FALSE,,,,,,,,,TRUE,FALSE,Legendary Action: Tyrannical Branding is a passive feature available to Enver Gortash in Honour Mode that lets him use a Legendary action to retaliate against his attacker. ,"Once per round, Gortash can use his Legendary Action to immediately  Brand his attacker after being struck. Legendary Actions restore at the start of each round. "
Legendary Action: Vampiric Swarm,,,,,,,,,,,,,,,,,,,,,,,,,,,,,,,,,,,,,,,,,,FALSE,,,,,,,,,TRUE,FALSE,Legendary Action: Vampiric Swarm is a passive feature available to Cazador on Honour Mode. ,"Once per round, Cazador can spend a Legendary Action to conjure a  Vampiric Swarm. Legendary Actions restore at the start of each round. "
Legendary Action: Vengeful Playmate,,,,,,,,,,,,,,,,,,,,,,,,,,,,,,,,,,,,,,,,,,FALSE,,,,,,,,,TRUE,FALSE,Legendary Action: Vengeful Playmate is a passive feature available to Oliver in Honour Mode. ,"Once per round, Oliver can spend a Legendary Action to summon  The Wasting Quiet in an area after a summoned shadow is slain. Legendary Actions restore at the start of each round. "
Legendary Action: Wail of Loss,,,,,,,,,,,,,,,,,,,,,,,,,,,,,,,,,,,,,,,,,,FALSE,,,,,,,,,TRUE,FALSE,Legendary Action: Wail of Loss is a passive feature available to Malus Thorm in Honour Mode. ,"Once per round, Malus Thorm can use his Legendary Action after being attacked to make every assistant cast  Wail of Loss simultaneously. Legendary Actions restore at the start of each round. "
Legendary Action: Weird Magic Surge,,,,,,,,,,,,,,,,,,,,,,,,,,,,,,,,,,,,,,,,,,FALSE,,,,,,,,,TRUE,FALSE,"Legendary Action: Weird Magic Surge is a passive feature available to Ethel in Honour mode, which lets her use the legendary action  Weird Magic Surge immediately after a spell is cast. A higher level spell will produce more illusory duplicates. ","Once per round, Auntie Ethel can spend a Legendary Action to summon more illusory duplicates and shuffle herself among them after a spell is cast. A higher level spell will result in more illusory duplicates being summoned. Legendary Actions restore at the start of each round. "
Legendary Action: Wretched Growth,,,,,,,,,,,,,,,,,,,,,,,,,,,,,,,,,,,,,,,,,,FALSE,"Legendary Action: Wretched Growth,Wretched Growth",,16,DEX,,,,,TRUE,FALSE,Legendary Action: Wretched Growth is a unique passive feature available to the Shadow-Cursed Shambling Mound. ,"If a creature ends its turn within  5 m / 17 ft of the Shambling Mound, it will take 3d10⁠Necrotic and Shadow-Cursed Vines will grow at its feet, possibly  Entangling it. Legendary Actions restore at the start of each round. "
Legendary Mobility,,"Freedom of Movement,Longstrider",,,,,,,,,,,,,,,,,,,,,,,,,,,,,,,,,,,,,,,,FALSE,,,,,,,,,FALSE,TRUE,Legendary Mobililty is a passive feature that increases the wearer's movement ,You gain  Freedom of Movement and  Longstrider. 
Legendary Persistence,,"Blade Ward, Resistance",,,,,,,,,,,,,,,,,,,,,,,,,,,,,,,,,,,,,,,,FALSE,,,,,,,,,FALSE,TRUE,Legendary Persistence is a passive feature that grants permanent resistance to physical damage and a bonus to saving throws. ,You gain  Resistance and  Blade Ward. 
Legion of Bees,,,,,,,,,,,,,,,,,,,,,,"Legion of Bees: Attack, Legion of Bees: Knockback, Legion of Bees: Teleport",,,,,,,,,,,,,,,,,,,,FALSE,,,,,,,,,FALSE,TRUE,Legion of Bees is passive feature available to Swarmkeepers. It turns the Gathered Swarm into bees that deal ⁠Piercing damage and can push enemies away. This feature can be switched out at level up. ,"You gain a swarm of bees that fights on your side. Once per round, the swarm can assist you in one of three ways after you attack an enemy: it can attack and deal additional ⁠Piercing damage, push the enemy away from you, or teleport you to a safer location. At higher levels At level 11,  Mighty Swarm upgrades the swarm options to: "
Lesser Infernal Retribution,,,,,,,,,,,,,,,,,,,,,,,,,,,,,,,,,,,,,,,,,,FALSE,,,,,,,,,TRUE,FALSE,Lesser Infernal Retribution is a passive feature that retaliates against enemies with a bit of fire. ,"When you are hit by a foe within  2 m / 7 ft, it might take 1d4⁠Fire damage. "
Lesser Infernal Touch,,,,,,,,,,,,,,,,,,,,,,,,,,,,,,,,,1d4,Fire,,,,,1d4,Necrotic,,FALSE,Bleeding,2 Turns,13,CON,,,,,FALSE,TRUE,Lesser Infernal Touch is a passive feature that deals extra fire damage if armed or extra necrotic damage if unarmed. ,"Your weapon attacks deal an additional 1d4⁠Fire damage. Your unarmed attacks deal an additional 1d4⁠Necrotic damage, and can possibly inflict  Bleeding. "
Let The Undead Blanch With Fear,,,,,,,,,,,,,,,,,,,,,,,,,,,,,,,,,,,,,,,,,,FALSE,,,,,,,,,TRUE,FALSE,Let The Undead Blanch With Fear! is a passive feature that makes it difficult for undead to hit you or apply special effects on you. ,"Undead have  Disadvantage on attack rolls against you, and you have  Advantage on  Saving throws against their actions and spells. "
Lethal Weapon (Bludgeoning),,,,,,,,,,,,,,,,,,,,,,,,,,,,,,,,,,,,,,,,,,FALSE,,,,,,,,,TRUE,FALSE,Lethal Weapon is a passive feature that bypasses defenses against bludgeoning damage. ,This weapon ignores resistance to ⁠Bludgeoning damage. 
Lethal Weapon (Piercing),,,,,,,,,,,,,,,,,,,,,,,,,,,,,,,,,,,,,,,,,,FALSE,,,,,,,,,TRUE,FALSE,Lethal Weapon is a passive feature that bypasses defenses against piercing damage. ,This weapon ignores Resistance to ⁠Piercing damage. 
Lethal Weapon (Slashing),,,,,,,,,,,,,,,,,,,,,,,,,,,,,,,,,,,,,,,,,,FALSE,,,,,,,,,TRUE,FALSE,Lethal Weapon is a passive feature that bypasses defenses against slashing damage. ,This weapon ignores Resistance to ⁠Slashing damage. 
Liberated Spellcasting,,,,,,,,,,,,,,,,,,,,,,,,,,,,,,,,,,,,,,,,,,FALSE,,,,,,,,,TRUE,FALSE,"Liberated Spellcasting is a toggleable passive feature that lets you cast a spell without using up a slot, after killing a creature. ","When you kill a creature, you can cast a Level 1 spell without expending a spell slot. "
Lickspittle's Alertness,,,,,,,,,,,,,,,,,,,,,,,,,,,,,,,,,,,,,,,,,,FALSE,Momentum,1 Turn,,,,,,,TRUE,FALSE,Lickspittle's Alertness is a passive feature that increases the wearer's speed at the start of combat. ,"At the start of combat, the wearer gains  Momentum equal to their  Charisma Modifier. "
Life Essence Harvest,,,,,,,,,,,,,,,,,,,,,,,,,,,,,,,,,,,,,,,,,,FALSE,Life Essence,Long Rest,,,,,,,TRUE,FALSE,Life Essence Harvest is a passive feature that causes creatures killed by spells to give the wielder Spell Slots. They can only be used for Necromancy Spells. ,"When the wielder kills a hostile creature with a spell, they greedily absorb its energy and gain  Life Essence until their next Long Rest. "
Life of the Party,,,,,,,,,,,,,,,,,,,,,,,,,,,,,,,,,,,,,,,,,,FALSE,Life of the Party,1 Turn,,,,,,,TRUE,FALSE,Life of the Party is a Way of the Drunken Master monk passive feature that grants bonuses against Drunk targets. ,"Every time  Intoxicating Strike hits, the monk gains  Life of the Party, which increases Armour Class and Attack Rolls against  Drunk targets. "
Life Stealing Critical,,,,,,,,,,,,,,,,,,,,,,,,,,,,,,,,,,,,,,,,,,FALSE,,,,,,,,,TRUE,FALSE,Life Stealing Critical is a passive feature that deals extra damage on a critical hit and also gives you temporary hp. ,"On a Critical Hit, the target takes an extra 10⁠NecroticDRS damage as long as it isn't a construct or an undead. You also gain  10 temporary hit points. Can only have temporary hit points from one source. "
Lifecharger,,,,,,,,,,,,,,,,,,,,,,,,,,,,,,,,,,,,,,,,,,FALSE,,,,,,,,,TRUE,FALSE,Lifecharger is a passive feature that gives you a bit of extra durability. ,"When the wearer gains  Lightning Charges, they also gain 3 Temporary Hit Points. The temporary hit points disappear if the wearer runs out of Lightning Charges. Can only have temporary hit points from one source. "
Lifedrinker,,,,,,,,,,,,,,,,,,,,,,,,,,,,,,,,Melee,CHA,Necrotic,,,,,,,,FALSE,,,,,,,,,FALSE,TRUE,Lifedrinker is an Eldritch Invocation passive feature from the Warlock class. It grants the user's melee attacks additional ⁠Necrotic damage equal to their Charisma modifier. ,Attacks made with your melee weapon deal additional necrotic damage equal to your Charisma modifier. 
Light Sensitivity,,,,,,,,,,,,,,,,,,,,,,,,,,,,,,,,,,,,,,,,,,FALSE,,,,,,,,,TRUE,FALSE,Light Sensitivity is a passive feature that causes penalties while in bright light. ,"While in bright light, this creature has  Disadvantage on Attack Rolls and Perception Checks that rely on sight. "
Lightly Armoured,,,,,,,,,,,,,Light,,,,,,,,,,,,,,,,,,,,,,,,,,,,,FALSE,,,,,,,,,FALSE,TRUE,"Lightly Armoured is a passive feature provided by the Feat of the same name. You gain Light Armour Proficiency if you didn't have it already, and +1 to Strength or Dexterity. ","You gain Armour Proficiency with Light Armour and your Strength or Dexterity increases by 1, to a maximum of 20. "
Living Shadow,,,,,,,,,,,,,,,,,,,,,,,,,,,,,,,,,,,,,,,,,,FALSE,,,,,,,,,TRUE,FALSE,Living Shadow is a passive feature which gives a creature damage resistance while obscured. ,"While Lightly or Heavily Obscured, this character has Resistance to all damage except ⁠Force,  ⁠Psychic or ⁠Radiant. "
Loving Protection,,,,,,,,,,,,,,,,,,,,,,,,,,,,,,,,,,,,,,,,,,FALSE,,,,,,,,,TRUE,FALSE,Loving Protection is a passive feature that heals you a bit when your hit points get low. ,"Once per Short Rest, if you are below 50% Hit Points and take damage, you gain  8 temporary hit points. Can only have temporary hit points from one source. "
Luck of the Far Realms,,,,,,,,,,,,,,,,,,,,,,,,,,,,,,,,,,,,,,,,,,FALSE,,,,,,,,,TRUE,FALSE,Luck of the Far Realms is a passive feature/reaction and Illithid Power. This feature allows a character to change a successful Attack Roll into a Critical Hit once per long rest. ,"Once per Long Rest, you can change a successful Attack Roll against a foe into a Critical Hit. "
Lucky,,,,,,,,,,,,,,,,,,,,,,"Lucky: Reroll with Advantage, Lucky: Reroll Attacker's Die",,,,,,,,,,,,,,,,,,,,FALSE,,,,,,,,,FALSE,TRUE,"Lucky is a passive feature provided by the Feat of the same name. It grants the user 3 Luck Points, which can be can be used to manipulate either their rolls, or an enemy's rolls. ","You gain 3  Luck Points, which you can use to gain  Advantage on Attack rolls,  Ability checks, or  Saving throws, or to make an enemy reroll their Attack rolls. "
Lunar Bestial Fortitude,,,,,,,,,,,,,,,,,,,,2,,,,,,,,,,,,,,,,,,,,,,FALSE,,,,,,,,,FALSE,TRUE,Lunar Bestial Fortitude is a passive feature granted by  Armour of Moonbasking. ,You have a +2 bonus to  Armour Class. You also have  Advantage on  Saving throws against spells. This effect persists while using your druidic  Wild Shape ability. 
Lunar Bestial Vitality,,,,,,,,,,,,,,,,,,,,,,,,,,,,,,,,,,,,,,,,,,FALSE,,,,,,,,,TRUE,FALSE,Lunar Bestial Vitality is a passive feature that boosts a druid's wildshape. ,You gain  22 temporary hit points after casting  Wild Shape. While those temporary hit points are active reduce all incoming damage by 1. Can only have temporary hit points from one source. 
Mage Breaker,,,,,,,,,,,,Arcana,,,,,,,,,,,,True Strike,,,,,,,,,,,,,,,,,,FALSE,,,,,,,,,FALSE,TRUE,Mage Breaker is a Ranger passive effect of Favoured Enemy. You gain proficiency in Arcana and gain the  True Strike cantrip. ,You have a history of battling spellcasters. You gain Proficiency in Arcana and can cast  True Strike. 
Mage Hand Legerdemain,,,,,,,,,,,,,,,,,,,,,,,,,,,,,,,,,,,,,,,,,,FALSE,,,,,,,,,TRUE,FALSE,"Mage Hand Legerdemain is an Arcane Trickster Rogue passive feature. This ability enhances your  Mage Hand, allowing it to remain permanently and granting it invisibility. ","When you cast Mage Hand, the spectral hand is invisible and permanent. "
Mage Slayer: Attack Caster,,,,,,,,,,,,,,,,,,,,,,,,,,,,,,,,,,,,,,,,,,FALSE,,,,,,,,,TRUE,FALSE,"Mage Slayer: Attack Caster is a passive feature provided by the Mage Slayer Feat. When a creature casts a spell near you, you can attack the caster as a Reaction. ","When a creature casts a spell within melee range of you, you can use a  Reaction to immediately make an attack against the caster. "
Mage Slayer: Break Concentration,,,,,,,,,,,,,,,,,,,,,,,,,,,,,,,,,,,,,,,,,,FALSE,,,,,,,,,TRUE,FALSE,"Mage Slayer: Break Concentration is a Passive Feature provided by the Mage Slayer Feat. When you attack a creature, they have Disadvantage on any Concentration Saving Throws they make that turn. ",Enemies you hit have  Disadvantage on Concentration Saving Throws.
Mage Slayer: Saving Throw Advantage,,,,,,,,,,,,,,,,,,,,,,,,,,,,,,,,,,,,,,,,,,FALSE,,,,,,,,,TRUE,FALSE,"Mage Slayer: Saving Throw Advantage is a passive feature provided by the Mage Slayer Feat. When a creature casts a spell near you, you have  Advantage on any Saving Throws against it. ","When a creature casts a spell within melee range of you, you have  Advantage on any Saving Throws against it. "
Magic Arrow,,,,,,,,,,,,,,,,,,,,,,,,,,,,,,,,,,,,,,,,,,FALSE,,,,,,,,,TRUE,FALSE,Magic Arrow is an Arcane Archer fighter passive feature that makes their arrows considered magical. ,All of your ranged attacks are considered magical to overcome Resistance. 
Magic Club,,,,,,,,,,,,,,,,,,,,,,,,,,,,,,,,Melee,3d4,Bludgeoning,,,,,,,,FALSE,,,,,,,,,FALSE,TRUE,Magic Club is a passive feature applied to Twisting Branches clubs carried by Wood Woads. It causes the clubs to become magical weapons and deal extra damage. ,"In the Wood Woad's hand, a common club becomes magical and deals 3d4⁠Bludgeoning damage extra. "
Magic Initiate: Bard,,,,,,,,,,,,,,,,,,,,,,,,,,,,,,,,,,,,,,,,,,FALSE,,,,,,,,,TRUE,FALSE,Magic Initiate: Bard is a passive feature provided by the Feat of the same name. It grants you spells and cantrips from that particular class. ,You have learnt 2 cantrips and a Level 1 spell from the Bard spell list. You can cast the Level 1 spell once per Long Rest. Your Spellcasting Modifier for all 3 spells is  Charisma. 
Magic Initiate: Cleric,,,,,,,,,,,,,,,,,,,,,,,,,,,,,,,,,,,,,,,,,,FALSE,,,,,,,,,TRUE,FALSE,Magic Initiate: Cleric is a Passive Feature provided by the Feat of the same name. It grants you spells and cantrips from that particular class. ,You have learnt 2 cantrips and a Level 1 spell from the Cleric spell list. You can cast the Level 1 spell once per Long Rest. Your Spellcasting Modifier for all 3 spells is  Wisdom. 
Magic Initiate: Druid,,,,,,,,,,,,,,,,,,,,,,,,,,,,,,,,,,,,,,,,,,FALSE,,,,,,,,,TRUE,FALSE,Magic Initiate: Druid is a passive feature provided by the Feat of the same name. It grants you spells and cantrips from that particular class. ,You have learnt 2 cantrips and a Level 1 spell from the Druid spell list. You can cast the Level 1 spell once per Long Rest. Your Spellcasting Modifier for all 3 spells is  Wisdom. 
Magic Initiate: Sorcerer,,,,,,,,,,,,,,,,,,,,,,,,,,,,,,,,,,,,,,,,,,FALSE,,,,,,,,,TRUE,FALSE,Magic Initiate: Sorcerer is a passive feature provided by the Feat of the same name. It grants you spells and cantrips from that particular class. ,You have learnt 2 cantrips and a Level 1 spell from the Sorcerer spell list. You can cast the Level 1 spell once per Long Rest. Your Spellcasting Modifier for all 3 spells is  Charisma. 
Magic Initiate: Warlock,,,,,,,,,,,,,,,,,,,,,,,,,,,,,,,,,,,,,,,,,,FALSE,,,,,,,,,TRUE,FALSE,Magic Initiate: Warlock is a passive feature provided by the Feat of the same name. It grants you spells and cantrips from that particular class. ,You have learnt 2 cantrips and a Level 1 spell from the Warlock spell list. These spells cannot be upcast. You can cast the Level 1 spell once per Long Rest. Your Spellcasting Modifier for all 3 spells is  Charisma. 
Magic Initiate: Wizard,,,,,,,,,,,,,,,,,,,,,,,,,,,,,,,,,,,,,,,,,,FALSE,,,,,,,,,TRUE,FALSE,Magic Initiate: Wizard is a passive feature provided by the Feat of the same name. It grants you spells and cantrips from that particular class. ,You have learnt 2 cantrips and a Level 1 spell from the Wizard spell list. You can cast the Level 1 spell once per Long Rest. Your Spellcasting Modifier for all 3 spells is  Intelligence. 
Magic Resistance,,,,,,,,,,,,,,,,,,,,,,,,,,,,,,,,,,,,,,,,,,FALSE,,,,,,,,,TRUE,FALSE,Magic Resistance is a passive feature that grants a creature advantage on saving throws against magical effects. ,Has  Advantage on Saving Throws against Spells and other magical effects. 
Magical Ambush,,,,,,,,,,,,,,,,,,,,,,,,,,,,,,,,,,,,,,,,,,FALSE,,,,,,,,,TRUE,FALSE,Magical Ambush is a togglable passive gained by Arcane Tricksters at Level 9. Magical Ambush allows the Rogue to circumvent their target's defenses when casting spells while hidden. ,"While you are  Hiding, your targets have  Disadvantage on  Saving throws against your Spells. "
Magical Durability (+1),,,,,,,,,,,,,,,,,,,,,,,,,,,,,,,,,,,,,,,,,,FALSE,,,,,1,,,,FALSE,TRUE,Magical Durability is a passive feature that increases the user's defenses against spells. ,The wielder has a +1 bonus to  Saving throws against spells. 
Magical Durability (Sword of the Emperor),,,,,,,,,,,,,,,,,,,,,,,,,,,,,,,,,,,,,,,,,,FALSE,,,,,2,,,,FALSE,TRUE,Magical Durability is a passive feature that increases the user's defenses against spells. ,The wielder has a +2 bonus to  Saving throws against spells. 
Magical Durability (Flawed Helldusk Helmet),,,,,,,,,,,,,,,,,,,,,,,,,,,,,,,,,,,,,,,,,,FALSE,,,,,2,,,,FALSE,TRUE,Magical Durability is a passive feature that increases the user's defenses against spells. ,The wielder has a +2 bonus to  Saving throws against spells. 
Magical Durability (Helldusk Helmet),,,,,,,,,,,,,,,,,,,,,,,,,,,,,,,,,,,,,,,,,,FALSE,,,,,2,,,,FALSE,TRUE,Magical Durability is a passive feature that increases the user's defenses against spells. ,The wielder has a +2 bonus to  Saving throws against spells. 
Magical Plate (-1),,,,,,,,,,,,,,,,,1,,,,,,,,,,,,,,,,,,,,,,,,,FALSE,,,,,,,,,FALSE,TRUE,Magical Plate is a passive feature that reduces incoming damage by 1. ,All incoming damage is reduced by 1 
Magical Plate (-2),,,,,,,,,,,,,,,,,2,,,,,,,,,,,,,,,,,,,,,,,,,FALSE,,,,,,,,,FALSE,TRUE,Magical Plate is a passive feature that reduces incoming damage by 2. ,All incoming damage is reduced by 2. 
Malefic Excretion,,,,,,,,,,,,,,,,,,,,,,,,,,,,,,,,,2,Acid,,,,,,,,FALSE,,,,,,,,,FALSE,TRUE,Malefic Excretion is a passive feature that adds acid damage to the wearer's weapon attacks. ,Your weapon attacks also deal 2⁠Acid damage. 
Malefic Funghi,,,,,,,,,,,,,,,,,,,,,,,,,,,,,,,,,,,,,,+1,,,,FALSE,,,,,,,,,FALSE,TRUE,Malefic Funghi is a passive feature that boosts a druid's spells and damage. ,"The wearer gains a +1 bonus to Spell Save DC and when dealing ⁠Necrotic damage, they deal an additional 1⁠Necrotic Damage. "
Man's Best Friend,,,,,,,,,,,,,,,,,,,,,,,,,,,,,,,,,,,,,,,,,,FALSE,,,,,,,,,TRUE,FALSE,"Man's Best Friend is a passive feature which boosts the offence and defence of a hunting dog, according to the proficiency bonus of their master. ",This hunting dog's Armour Class and damage increase by an amount equal to the Proficiency Bonus of its houndmaster. 
Manifestation of Body,,,,,,,,,,,,,,,,,,,,,,,,,,,,,,,,,,,,,,,,,,FALSE,,,,,,,,,TRUE,FALSE,"Manifestation of Body is a togglable passive feature unique to Way of the Open Hand Monks at Level 6, that adds extra ⁠Necrotic damage based on your Wisdom Modifier to unarmed attacks. ",Your hands sap the ki from your enemies' bodies. Your unarmed attacks deal an additional 1d4 + Wisdom Modifier⁠Necrotic damage. Can't be used at the same time as  Manifestation of Mind or  Manifestation of Soul. 
Manifestation of Mind,,,,,,,,,,,,,,,,,,,,,,,,,,,,,,,,,,,,,,,,,,FALSE,,,,,,,,,TRUE,FALSE,"Manifestation of Mind is a togglable passive feature unique to Way of the Open Hand Monks at Level 6, that adds extra ⁠Psychic damage based on your Wisdom Modifier to unarmed attacks. ",Your hands sap the ki from your enemies' bodies. Your unarmed attacks deal an additional 1d4 + Wisdom Modifier⁠Psychic damage. Can't be used at the same time as  Manifestation of Body or  Manifestation of Soul. 
Manifestation of Soul,,,,,,,,,,,,,,,,,,,,,,,,,,,,,,,,,,,,,,,,,,FALSE,,,,,,,,,TRUE,FALSE,"Manifestation of Soul is a togglable passive feature unique to Way of the Open Hand Monks at Level 6, that adds extra ⁠Radiant damage based on your Wisdom Modifier to unarmed attacks. ",Your hands sap the ki from your enemies' bodies. Your unarmed attacks deal an additional 1d4 + Wisdom Modifier⁠Radiant damage. Can't be used at the same time as  Manifestation of Body or  Manifestation of Mind. 
Marksmanship,,,,,,,,,,,,,,,,,,,,,,,,,,,,,,,,,,,Ranged,+1,,,,,,FALSE,,,,,,,,,FALSE,TRUE,Marksmanship is a passive feature that increases the hit chance of ranged attacks. ,You gain a +1 bonus to Ranged Attack rolls and Thrown Attack Rolls. 
Martial Adept,,,,,,,,,,,,,,,,,,,,,,,,,,,,,,,,,,,,,,,,,,FALSE,,,,,,,,,TRUE,FALSE,Martial Adept is a passive feature provided by the Feat of the same name. You learn two manoeuvres and gain a Superiority Die to use them. ,Learn two manoeuvres from the Battle Master Fighter subclass and receive 1 (additional)  Superiority Die to fuel them. You regain expended Superiority Dice after a Short or Long Rest. 
Martial Advantage,,,,,,,,,,,,,,,,,,,,,,,,,,,,,,,,,,,,,,,,,,FALSE,,,,,,,,,TRUE,FALSE,Martial Advantage is a passive feature available to Hobgoblins. ,"Once per turn, the Hobgoblin can deal an extra 2d6⁠Physical damage to a creature it hits with a weapon attack. The hobgoblin must have an ally who is within 2 m / 7 ft of the target and isn't  Incapacitated. "
Martial Arts: Bonus Unarmed Strike,,,,,,,,,,,,,,,,,,,,,,,,,,,,,,,,,,,,,,,,,,FALSE,,,,,,,,,TRUE,FALSE,Martial Arts: Bonus Unarmed Strike is a Monk passive feature that grants a single follow-up  Unarmed Strike (Monk) using a  Bonus Action. The initial attack must be unarmed or use a Monk Weapon. ,"After making an attack with a Monk weapon or while unarmed, you can make another unarmed attack as a bonus action. "
Martial Arts: Deft Strikes,,,,,,,,,,,,,,,,,,,,,,,,,,,,,,,,,,,,,,,Ki Strike,Bludgeoning,,FALSE,,,,,,,,,FALSE,TRUE,Martial Arts: Deft Strikes is a Monk passive feature that raises the minimum damage dealt with Monk Weapons and unarmed attacks to 1d4⁠Bludgeoning. ,"Attacks with Monk Weapons and unarmed attacks deal 1d4⁠Bludgeoning damage, unless their normal damage is higher. At Monk Level 3, the damage increases to 1d6⁠ Bludgeoning. At Monk Level 9, the damage increases to 1d8⁠ Bludgeoning."
Martial Arts: Dextrous Attacks,,,,,,,,,,,,,,,,,,,,,,,,,,,,,,,,,,,,,,,STR or DEX,Bludgeoning,,FALSE,,,,,,,,,FALSE,TRUE,"Martial Arts: Dextrous Attacks is a Monk passive which makes attacks with Monk Weapons and unarmed attacks scale with Dexterity instead of Strength, if the user's  Dexterity is higher. ",Attacks with Monk weapons and unarmed attacks scale with your Dexterity instead of your Strength if your Dexterity is higher. 
Martial Bravery,,,,,,,,,,,,,,,,,,,,,,,,,,,,,,,,,,,,,,,,,,FALSE,,,,,,,,,TRUE,FALSE,Martial Bravery is a passive feature that grants the wearer increased damage when surrounded by 2 or more enemies. ,Your weapon and unarmed attacks deal an additional 2 damage while surrounded by 2 or more foes. 
Martial Prodigy,,,,,,,,,,,,,"Light, Medium","Shortswords, Longswords, Greatswords",,,,,,,,,,,,,,,,,,,,,,,,,,,,FALSE,,,,,,,,,FALSE,TRUE,"Martial Prodigy is a passive feature that grants Githyanki Proficiency with the Light Armour, Medium Armour, Shortswords, Longswords, and Greatswords. ","A lifetime of relentless training gave you Armour proficiency with  Light armour and  Medium armour, as well as Proficiency with  Shortswords,  Longswords, and  Greatswords. "
Mask of Many Faces,,,,,,,,,,,,,,,,,,,,,,,Disguise Self,,,,,,,,,,,,,,,,,,,FALSE,,,,,,,,,FALSE,TRUE,Mask of Many Faces is an Eldritch Invocation from the Warlock class. It allows the wearer to repeatedly disguise themselves at will. ,"You can cast  Disguise Self on yourself at will, without expending a Spell Slot. "
Medium Armour Master,,,,,,,,,,,,,,,,,,,,,,,,,,,,,,,,,,,,,,,,,,FALSE,,,,,,,,,TRUE,FALSE,"Medium Armour Master is a passive feature provided by the Feat of the same name. Your mastery over Medium Armour increases, granting you increased  Armour Class and the ability to Stealth without  Disadvantage from the Medium Armour. ","When you wear medium armour, it doesn't impose  Disadvantage on Stealth checks. The bonus to  Armour Class you can gain from your Dexterity modifier also becomes +3 instead of +2. You must have Proficiency in Medium Armour to take this feat "
Melee Caster,,,,,,,,,,,,,,,,,,,,,,,,,,,,,,,,,,,,,,,,,,FALSE,,,,,,,,,TRUE,FALSE,Melee Caster is a passive feature that allows a magic user to use its casting ability to attack targets more accurately. ,"Instead of its Dexterity Modifier, the affected entity add its Spellcasting Ability Modifier to Attack rolls. "
Mental Inhibition,,,,,,,,,,,,,,,,,,,,,,,,,,,,,,,,,,,,,,,,,,FALSE,Mental Fatigue,2 Turns,,,,,,,TRUE,FALSE,Mental Inhibition is a passive feature that tires out the wearer's target's mind. ,"When a foe fails a  Saving throw against one of your spells or actions, they gain  Mental Fatigue for 2 turns. "
Mental Interference,,,,,,,,,,,,,,,,,,,,,,,,,,,,,,,,,,,,,,,,,,FALSE,Mental Fatigue,2 Turns,,,,,,,TRUE,FALSE,Mental Interference is a passive feature that tires out the user's targets when dealing psychic damage to them. ,"When you deal ⁠Psychic damage, you also inflict  Mental Fatigue for 2 turns. "
Merry Revelry,,,,,,,,,,,,,,,,,,,,,,,,,,,,,,,,,,,,,,,,,,FALSE,,,,,,,,,TRUE,FALSE,"Merry Revelry is a passive feature available to Ethel's Redcap servants, that reduces the effect of their  Bloodlust when attacking characters with  Alcohol in their blood. ","This Redcap's Bloodlust is subdued when there are traces of alcohol in a target's blood, which means they will primarily target creatures who are sober. "
Metamagic: Careful Spell,,,,,,,,,,,,,,,,,,,,,,,,,,,,,,,,,,,,,,,,,,FALSE,,,,,,,,,TRUE,FALSE,Metamagic: Careful Spell is a toggleable passive feature used by Sorcerers. This Metamagic ability allows Sorcerers to prevent harmful Spell effects affecting their allies. ,Allies automatically succeed Saving Throws against spells that required them. 
Metamagic: Distant Spell,,,,,,,,,,,,,,,,,,,,,,,,,,,,,,,,,,,,,,,,,,FALSE,,,,,,,,,TRUE,FALSE,Metamagic: Distant Spell is a toggleable passive feature used by Sorcerers. This Metamagic ability allows Sorcerers to increase the range of their Spells. ,Increases the range of the spell by 50%. Melee spells are increased to  Range: 9 m / 30 ft. 
Metamagic: Extended Spell,,,,,,,,,,,,,,,,,,,,,,,,,,,,,,,,,,,,,,,,,,FALSE,,,,,,,,,TRUE,FALSE,Metamagic: Extended Spell  is a toggleable passive feature used by Sorcerers. This Metamagic ability allows Sorcerers to extend the duration of magical effects caused by their Spells. ,"Double the duration of conditions, summons, and surfaces caused by spells. "
Metamagic: Heightened Spell,,,,,,,,,,,,,,,,,,,,,,,,,,,,,,,,,,,,,,,,,,FALSE,,,,,,,,,TRUE,FALSE,"Metamagic: Heightened Spell is a toggleable passive feature used by Sorcerers. This Metamagic ability allows Sorcerers to empower the magical effects of their Spells, making it harder for targeted creatures to resist the spell. ",Targets of spells that require Saving Throws have  Disadvantage on their first Saving Throw. 
Metamagic: Quickened Spell,,,,,,,,,,,,,,,,,,,,,,,,,,,,,,,,,,,,,,,,,,FALSE,,,,,,,,,TRUE,FALSE,Metamagic: Quickened Spell is a toggleable passive feature used by Sorcerers. This Metamagic ability allows Sorcerers to cast multiple Spells in a turn. ,Spells that take an  Action take a  Bonus Action instead. 
Metamagic: Subtle Spell,,,,,,,,,,,,,,,,,,,,,,,,,,,,,,,,,,,,,,,,,,FALSE,,,,,,,,,TRUE,FALSE,"Metamagic: Subtle Spell is a toggleable passive feature used by Sorcerers. This Metamagic ability allows Sorcerers to cast Spells without chanting or hand movements and allows them to ignore the  Silenced condition. However, spells cast with Subtle Spell can still be countered by enemy casters using Counterspell. ",You can cast spells while  Silenced. 
Metamagic: Twinned Spell,,,,,,,,,,,,,,,,,,,,,,,,,,,,,,,,,,,,,,,,,,FALSE,,,,,,,,,TRUE,FALSE,Metamagic: Twinned Spell is a toggleable passive feature used by Sorcerers. This ability allows Sorcerers to target two creatures with certain Spells. ,"Spells that only target 1 creature can target an additional creature. Costs 1  Sorcery Point per Spell Slot level used. Cantrips also cost 1  Sorcery Point. For spells that don't shoot a projectile, the targets need to be close enough together. "
Mighty Swarm,,,,,,,,,,,,,,,,,,,,,,,,,,,,,,,,,,,,,,,,,,FALSE,,,,,,,,,TRUE,FALSE,Mighty Swarm is a Swarmkeeper ranger passive feature that increases the power of their swarm. ,"Your swarm has grown stronger. The swarm's regular attack now deals 1d8 damage, its special attack has one additional feature, and teleporting with your swarm now also increases your  Armour Class for the rest of the round. "
Mindless Rage,,,,,,,,,,,,,,,,,,,,,,,,,,,,,,,,,,,,,,,,,,FALSE,,,,,,,,,TRUE,FALSE,"Mindless Rage is a Berserker Barbarian passive feature. While raging, these barbarians cannot be Charmed or Frightened. ","Your rage becomes all-consuming, repelling outside influence. While  Frenzied, you can't be  Charmed or  Frightened, and  Calm Emotions no longer ends your rage. "
Mindreader,,Mindreader,,,,,,,,,,,,,,,,,,,,,,,,,,,,,,,,,,,,,,,,FALSE,,,,,,,,,FALSE,TRUE,Mindreader is a passive feature that gives Ranged Attacks against the creature  Disadvantage. ,Ranged attacks have  Disadvantage against this creature. 
Minions of Chaos,,,,,,,,,,,,,,,,,,,,,,,Conjure Elemental,,,,,,,,,,,,,,,,,,,FALSE,,,,,,,,,FALSE,TRUE,Minions of Chaos is an Eldritch Invocation from the Warlock class. You learn how to cast Conjure Elemental. ,You can cast  Conjure Elemental with a Warlock spell slot. 
Mire the Mind,,,,,,,,,,,,,,,,,,,,,,,Slow,,,,,,,,,,,,,,,,,,,FALSE,,,,,,,,,FALSE,TRUE,Mire the Mind is an Eldritch Invocation from the Warlock class. You learn how to cast Slow on enemies. ,You can cast  Slow with a Warlock spell slot. 
Misty Presence,,,,,,,,,,,,,,,,,,,,,,,,,,,,,,,,,,,,,,,,,,FALSE,,,,,,,,,TRUE,FALSE,Misty Presence is a passive feature that protects the user by turning invisible. ,After taking damage this character may turn  Invisible. 
Mobile,,,,,,,,,,,,,,,,,,,,,,,,,,,3,,,,,,,,,,,,,,,FALSE,,,,,,,,,FALSE,TRUE,"Mobile is a passive feature given by the feat of the same name, which grants an additional 3m of Movement Speed. ",Your movement speed increases by 3m. 
Mobile: Evade Difficult Terrain,,,,,,,,,,,,,,,,,,,,,,,,,,,,,,,,,,,,,,,,,,FALSE,,,,,,,,,TRUE,FALSE,Mobile: Evade Difficult Terrain is a passive feature that allows a character to ignore Difficult Terrain after Dashing. ,"When you Dash,  Difficult Terrain doesn't slow you down. "
Mobile: Evade Opportunity Attack,,,,,,,,,,,,,,,,,,,,,,,,,,,,,,,,,,,,,,,,,,FALSE,Sluggardly,1 Turn,,,,,,,TRUE,FALSE,"Mobile: Evade Opportunity Attack is a passive feature that lets a creature move away from a target without provoking Opportunity Attacks, after they have made a melee attack. ","If you move after making a melee attack, you don't provoke Opportunity Attacks from your target. The effect still works if your attack misses. "
Moderately Armoured,,,,,,,,,,,,,"Medium, Shields",,,,,,,,,,,,,,,,,,,,,,,,,,,,,FALSE,,,,,,,,,TRUE,FALSE,Moderately Armoured is a passive feature provided by the Feat of the same name. You gain Proficiency with Medium Armour and your Strength or Dexterity increases by 1. ,"You gain Proficiency with Medium Armour and Shields, and your  Strength or  Dexterity increases by 1, to a maximum of 20. You must have Light Armour Proficiency before you can take this feat. "
Monsterslayer,,,,,,,,,,,,,,,,,,,,,,,,,,,,,,,,,,,,,,,,,,FALSE,,,,,,,,,TRUE,FALSE,Monsterslayer is a passive feature that increases attack rolls and your weapon's damage against monsters. ,This weapon deals an additional   1d4 damage against Monstrosity type foes. 
Moonlight Glaive: Glowing,,Light,,,,,,,,,,,,,,,,,,,,,,,,,,,,,,,,,,,,,,,,FALSE,,,,,,,,,FALSE,TRUE,Moonlight Glaive: Glowing is a toggleable passive feature that causes this object to glow. ,This object shines with a glowing light in a radius of  6 m / 20 ft. Toggle this to douse and rekindle the light. 
Morphic Ambush,,,,,,,,,,,,,,,,,,,,,,,,,,,,,,,,,,,,,,,,,,FALSE,,,,,,,,,TRUE,FALSE,"Morphic Ambush is a passive feature available to Dolor, which gives him automatic critical hits against  Ambushed enemies. ",Any successful Attack Roll against a creature that has been Ambushed by a Doppelganger is a Critical Hit. 
Morphic Evasion,,,,,,,,,,,,,,,,,,,,,,,,,,,,,,,,,,,,,,,,,,FALSE,,,,,,,,,TRUE,FALSE,Morphic Evasion is a passive feature that significantly prevents attacks and damage from ambushes. ,"Whenever you fail a  Saving throw against an attack from a non-hostile creature, you may succeed instead. If any damage is inflicted from succeeding a Dexterity  Saving throw, the damage is nullified. "
Mortal Reminder,,,,,,,,,,,,,,,,,,,,,,,,,,,,,,,,,,,,,,,,,,FALSE,Frightened,1 Turn,,WIS,,,,,TRUE,FALSE,Mortal Reminder is a passive feature unique to The Great Old One Warlock subclass that Frightens creatures upon a critical hit. ,"When you land a Critical Hit against a creature, that creature and any nearby enemies must succeed a  Wisdom saving throw or become  Frightened until the end of their next turn. "
Mountain I,,,,,,,,,,,,,,,,,,,,,,,"Mirror Image, Spike Growth",,,,,,,,,,,,,,,,,,,FALSE,,,,,,,,,FALSE,TRUE,Mountain is a passive feature available to Circle of the Land Druids that pick this as their Land. It grants a couple extra spells every two levels ,You can cast  Mirror Image and  Spike Growth. At higher levels You can cast  Lightning Bolt and  Grant Flight. You can cast  Stoneskin and  Dominate Beast. You can cast  Wall of Stone and  Conjure Elemental. 
Mountain II,,,,,,,,,,,,,,,,,,,,,,,"Lightning Bolt, Grant Flight",,,,,,,,,,,,,,,,,,,FALSE,,,,,,,,,FALSE,TRUE,Mountain is a passive feature available to Circle of the Land Druids that pick this as their Land. It grants a couple extra spells every two levels ,You can cast  Mirror Image and  Spike Growth. At higher levels You can cast  Lightning Bolt and  Grant Flight. You can cast  Stoneskin and  Dominate Beast. You can cast  Wall of Stone and  Conjure Elemental. 
Mountain III,,,,,,,,,,,,,,,,,,,,,,,"Stoneskin, Dominate Beast",,,,,,,,,,,,,,,,,,,FALSE,,,,,,,,,FALSE,TRUE,Mountain is a passive feature available to Circle of the Land Druids that pick this as their Land. It grants a couple extra spells every two levels ,You can cast  Mirror Image and  Spike Growth. At higher levels You can cast  Lightning Bolt and  Grant Flight. You can cast  Stoneskin and  Dominate Beast. You can cast  Wall of Stone and  Conjure Elemental. 
Mountain IV,,,,,,,,,,,,,,,,,,,,,,,"Wall of Stone, Conjure Elemental",,,,,,,,,,,,,,,,,,,FALSE,,,,,,,,,FALSE,TRUE,Mountain is a passive feature available to Circle of the Land Druids that pick this as their Land. It grants a couple extra spells every two levels ,You can cast  Mirror Image and  Spike Growth. At higher levels You can cast  Lightning Bolt and  Grant Flight. You can cast  Stoneskin and  Dominate Beast. You can cast  Wall of Stone and  Conjure Elemental. 
Mountainous Poise,,,,,,,,,,,,,,,,,,,,,,,,,,,,,,,,,,,,,,,,,,FALSE,Blade Ward,1 Turn,,,,,,,TRUE,FALSE,Mountainous Poise is a passive feature that increases a monk's defenses ,"While using  Patient Defence, you also benefit from the effect of  Blade Ward. "
Multiattack (Cloaker),,,,,,,,,,,,,,,,,,,,,,,,,,,,,,,,,,,,,,,,,,FALSE,,,,,,,,,TRUE,FALSE,Multiattack is a passive feature of the Cloaker that lets them attack multiple times if the target is Frightened. ,Can  Multiattack if the target is  Frightened. 
Multiattack (Giant Eagle),,,,,,,,,,,,,,,,,,,,,,,,,,,,,,,,,,,,,,,,,,FALSE,,,,,,,,,TRUE,FALSE,Multiattack is a passive feature of the Giant Eagle's that lets them attack a target multiple times if it is Prone or Restrained. ,The giant eagle can  Multiattack if its target is  Prone or  Restrained. 
Multiattack Defence,,,,,,,,,,,,,,,,,,,,,,,,,,,,,,,,,,,,,,,,,,FALSE,,,,,,,,,TRUE,FALSE,Multiattack Defence is a Hunter Ranger passive feature which strengthens its user's defenses against enemies that attack them more than once per turn. ,"When a enemy attacks you, they suffer -4 penalty to additional Attack Rolls against you until the start of their next turn. "
Multiattack: Bloodlust,,,,,,,,,,,,,,,,,,,,,,,,,,,,,,,,,,,,,,,,,,FALSE,,,,,,,,,TRUE,FALSE,Multiattack: Bloodlust is a passive feature of Redcap's that lets them attack multiple times with one  Action if affected by the Bloodlust condition. ,The redcap can make a  Multiattack while under the effects of  Bloodlust. 
Multiattack: Enraged,,,,,,,,,,,,,,,,,,,,,,,,,,,,,,,,,,,,,,,,,,FALSE,,,,,,,,,TRUE,FALSE,Multiattack: Enraged is a passive feature of Owlbears that lets them attack multiple times while raging. ,The owlbear can make a  Multiattack while under the effects of  Owlbear's Rage 
Multiattack: Enwebbed,,,,,,,,,,,,,,,,,,,,,,,,,,,,,,,,,,,,,,,,,,FALSE,,,,,,,,,TRUE,FALSE,Multiattack: Enwebbed is a passive feature that lets creatures Multiattack an  Enwebbed enemy. ,The ettercap can make a  Multiattack if the target is  Enwebbed. 
Multiattack: Frightened,,,,,,,,,,,,,,,,,,,,,,,,,,,,,,,,,,,,,,,,,,FALSE,,,,,,,,,TRUE,FALSE,Multiattack: Frightened is a passive feature that lets them attack a Frightened enemy. ,The Mummy can  Multiattack if the target is  Frightened. 
Multiattack: Last Resort,,,,,,,,,,,,,,,,,,,,,,,,,,,,,,,,,,,,,,,,,,FALSE,,,,,,,,,TRUE,FALSE,Multiattack: Last Resort is a passive feature available to Raphael while he is  ascended. ,Raphael can Multiattack in his Ascended Fiend form if all of his Soul Pillars have been destroyed and he has no Soul Charges. 
Multiattack: Lured,,,,,,,,,,,,,,,,,,,,,,,,,,,,,,,,,,,,,,,,,,FALSE,,,,,,,,,TRUE,FALSE,Multiattack: Lured is a passive feature of the Harpy that lets them attack multiple times with one  Action if their targets are  Lured. ,The harpy can make a  Multiattack if the target is  Lured. 
Multiattack: Morphic Ambush,,,,,,,,,,,,,,,,,,,,,,,,,,,,,,,,,,,,,,,,,,FALSE,,,,,,,,,TRUE,FALSE,Multiattack: Morphic Ambush is a passive feature of Doppelgangers that lets them attack multiple times with one  Action if a target is Ambushed. ,Can  Multiattack if the target is  Ambushed. 
Multiattack: Muddy,,,,,,,,,,,,,,,,,,,,,,,,,,,,,,,,,,,,,,,,,,FALSE,,,,,,,,,TRUE,FALSE,Multiattack: Muddy is a passive feature that allows an Earth Elemental to attack more than once when using their attack action against a muddy enemy. ,Can  Multiattack if the target is  Muddy or is standing in Mud. 
Multiattack: Prone (Glut),,,,,,,,,,,,,,,,,,,,,,,,,,,,,,,,,,,,,,,,,,FALSE,,,,,,,,,TRUE,FALSE,Multiattack: Prone is a passive feature that allows a creature to attack more than once when attacking an enemy that is Prone. ,Sovereign Glut can use  Multiattack against a target that's  Prone. 
Multiattack: Prone (Hook Horror),,,,,,,,,,,,,,,,,,,,,,,,,,,,,,,,,,,,,,,,,,FALSE,,,,,,,,,TRUE,FALSE,Multiattack: Prone is a passive feature that allows a Hook Horror to make two attacks against a prone target with a single action. ,The hook horror can make a  Multiattack if the target is  Prone. 
Multiattack: Prone Restrained or Maimed,,,,,,,,,,,,,,,,,,,,,,,,,,,,,,,,,,,,,,,,,,FALSE,,,,,,,,,TRUE,FALSE,"Multiattack: Prone, Restrained, or Maimed is a passive feature of the Steel Watcher Titan that lets them attack a target multiple times if they have the Prone, Restrained, or Maimed conditions. ","This Steel Watcher can  Multiattack any  Prone,  Maimed, or  Restrained creature. "
Multiattack: Spores,,,,,,,,,,,,,,,,,,,,,,,,,,,,,,,,,,,,,,,,,,FALSE,,,,,,,,,TRUE,FALSE,Multiattack: Spores is a passive feature that allows a Sovereign Spaw to attack more than once when attacking an enemy that is Prone. ,The sovereign myconid can use  Multiattack against a target that's  Befuddled or under the influence of either  Noxious Fumes or  Haste Spores. 
Multiattack: Static Discharge,,,,,,,,,,,,,,,,,,,,,,,,,,,,,,,,,,,,,,,,,,FALSE,,,,,,,,,TRUE,FALSE,Multiattack: Static Discharge is a passive feature that lets creatures Multiattack a creature that's under a  Static Discharge Aura. ,Benard can  Multiattack while under the effects of his  Static Discharge Aura. 
Multiattack: Wounded (Malus Thorm),,,,,,,,,,,,,,,,,,,,,,,,,,,,,,,,,,,,,,,,,,FALSE,,,,,,,,,TRUE,FALSE,Multiattack: Wounded is a passive feature of Malus Thorm that lets him attack twice with a single  Action once he drops to 40% hit points or below. ,Malus Thorm can  Multiattack if his hit points are at 40% or less.[Needs Verification] 
Multiattack: Wounded (Werewolf),,,,,,,,,,,,,,,,,,,,,,,,,,,,,,,,,,,,,,,,,,FALSE,,,,,,,,,TRUE,FALSE,Multiattack: Wounded is a passive feature of a Werewolf that lets them attack multiple times if its target is Prone or hit points are less than 60%. ,Can  Multiattack if the target is  Prone or if its hit points are at 60% or less. 
Multiattack: Wounded Target,,,,,,,,,,,,,,,,,,,,,,,,,,,,,,,,,,,,,,,,,,FALSE,,,,,,,,,TRUE,FALSE,Multiattack: Wounded Target is a passive feature that allows a Drider to attack more than once when using their attack action against a wounded enemy. ,The drider can  Multiattack if its target has fewer than all of its hit points. 
Multitasking,,,,,,,,,,,,,,,,,,,,,,,,,,,,,,,,,,,,,,,,,,FALSE,,,,,,,,,TRUE,FALSE,Multitasking is a passive feature that improves the wearer's ability to hold onto concentrating on a spell. ,You gain  Advantage on  Concentration  Saving throws. 
Murder Hungry,,,,,,,,,,,,,,,,,,,,,,,,,,,,,,,,,,,,,,,,,,FALSE,,,,,,,,,TRUE,FALSE,"Murder Hungry is a passive feature related to the condition  Unstoppable. Each time a creature with this feature kills another creature, they gain another charge of Unstoppable. ","Each time you kill a creature, gain 1 charge of Unstoppable. "
Murderous Sight,,,,,,,,,,,,,,,+2,,,3,,,,,,,,,,,,,,,,,,,,,,,,FALSE,,,,,,,,,FALSE,TRUE,Murderous Sight is a passive feature that lets the wearer see in the dark and move earlier during combat. ,"You can see in the dark up to  3 m / 10 ft. In addition, you gain a +2 bonus to  Initiative. "
Muscular,,,Athletics,,ADV,,,,,,,,,,,,,,,,,,,,,,,,,,,,,,,,,,,,,FALSE,,,,,,,,,FALSE,TRUE,Muscular is a passive feature that grants Advantage when using Athletics. ,This creature is very strong. It has  Advantage on Ability Checks and Saving Throws using Athletics. 
Mystra's Blessing,,,,,,,,,,,,,,,,,,,,,,,,,,,,,,,,,,,,,,,,,,FALSE,Mystra's Blessing,10 Turns,,,,,,,TRUE,FALSE,Mystra's Blessing is a passive feature which boosts the wielder's  Bless spell. ,Creatures you  Bless also gain Mystra's Blessing for an additional 1d4 bonus to spell attack rolls.
Natural Pugilist,,,,,,,,,,,,,,,,,,,,,,,,,,,,,,,,,,,"Melee Unarmed, Ranged Unarmed",+1,,,1,Unarmed,,FALSE,,,,,,,,,FALSE,TRUE,Natural Pugilist is a passive feature that increases the user's Unarmed Attack Rolls and damage. ,You gain a +1 bonus to Unarmed Attack rolls and damage. 
Naturally Stealthy,,,Stealth,,ADV,,,,,,,,,,,,,,,,,,,,,,,,,,,,,,,,,,,,,FALSE,,,,,,,,,FALSE,TRUE,Naturally Stealthy is a passive feature available to all Lightfoot Halflings. ,Your nimble nature makes you skilled at concealment. You have  Advantage on  Stealth Checks. 
Nature's Embrace,,,,,,,,,,,,,,,,,,,,,,,,,,,,,,,,,,,,,,,,,,FALSE,,,,,,,,,TRUE,FALSE,Nature's Embrace is a passive feature that increase's a druid's ability to wild shape. ,Increase your  Wild Shape Charge by 1. This additional charge is restored upon taking a Long Rest. 
Nature's Step,,,,,,,,,,,,,,,,,,,,,,,,,,,,,,,,,,,,,,,,,,FALSE,,,,,,,,,TRUE,FALSE,"Nature's Step is a Dryad toggleable passive feature. You and your allies near the Dryad are protected from Difficult Terrain and Poison, and can't be Restrained or Paralysed. ","Alter the terrain around you, allowing nearby allies in the area to travel with ease. You and your allies within 4 m / 13 ft of range aren't affected by  Difficult Terrain, can't be  Restrained or  Paralysed, and gain Resistance to ⁠Poison damage. "
Nature's Vengeance,,,,,,,,,,,,,,,,,,,,,,,,,,,,,,,,,,,,,,,,,,FALSE,"Burning,Caustic Brine,Poisoned,Acid",2 Turns,,,,,,,TRUE,FALSE,Nature's Vengeance is a passive feature that inflicts extra conditions based on the type of surface the wearer is standing on. ,"When the wearer stands in certain surfaces and casts a spell that deals damage, the target also suffers the surface's effects. Affected surfaces are  Fire,  Acid,  Caustic Brine, and  Simple Toxin. "
Nature's Ward,,,,,,,,,,,,,,,,,,,,,,,,,,"Frightened, Charmed",,,,,,,,,,,,,,,,FALSE,,,,,,,,,FALSE,TRUE,Nature's Ward is a Circle of the Land Druid passive feature that grants immunity to Charm and Frighten effects from elementals and fey creatures. The Druid also becomes immune to Disease and Poison. ,You can't be  Charmed or  Frightened by elementals and fey. Disease and poison also no longer affect you. 
Necrotic Claws,,,,,,,,,,,,,,,,,,,,,,,,,,,,,,,,,1d6,Necrotic,,,,,,,,FALSE,,,,,,,,,FALSE,TRUE,Necrotic Claws is a passive feature available to Crawling Claws. It allows their attacks to deal an additional 1d6⁠Necrotic damage. ,Your attacks deal an extra 1d6⁠Necrotic damage. 
Needle Burst,,,,,,,,,,,,,,,,,,,,,,,,,,,,,,,,,,,,,,,,,,FALSE,,,,,,,,,TRUE,FALSE,Needle Burst is a Passive Feature that makes a creature explode on death. ,Explode in a  Needle Burst upon dying. 
Night Walker,,,,,,,,,,,,,,,,,,,,,,,,,,"Enwebbed, Entangled, Ensnared",,,,,,,,,,,,,,,,FALSE,,,,,,,,,FALSE,TRUE,Night Walker is a passive feature that allows the user freedom of movement without any common restrictions. ,"The affected creature cannot be  Enwebbed,  Entangled, or  Ensnared and cannot slip on  Grease or  Ice. "
Nightsinger's Reply,,,,,,,,,,,,,,,,,,,,,,,,,,,,,,,,,,,,,,,,,,FALSE,,,,,,,,,TRUE,FALSE,Nightsinger's Reply is a passive feature that retaliates against enemies that hit the user with a melee attack. ,"While Obscured by shadow, the wearer deals 1d4⁠Necrotic to attackers that hit them with a melee attack. "
Nimble Alchemist,,,,,,,,,,,,,,,,,,,,,,,,,,,,,,,,,,,,,,,,,,FALSE,,,,,,,,,TRUE,FALSE,Nimble Alchemist is a passive feature only found on Dolor ,"A potions master, Dolor can throw or drink potions as a free action. "
Nimble As a Cat,,,,,,DEX,1,,,,,,,,,,,,,,,,,,,,,,,,,,,,,,,,,,,FALSE,,,,,,,,1.5,FALSE,TRUE,Nimble as a Cat is a passive feature that enhances your dexteriy as well as your jump distance. ,You gain a +1 bonus to your Dexterity  Saving throws and also increase your  Jump distance by  1.5 m / 5 ft. 
Nimble Attack,,,,,,,,,,,,,,,,,,,,,,,,,,,,,,,,,,,,,,,,,,FALSE,Momentum,2 Turns,,,,,,,TRUE,FALSE,Nimble Attack is a passive feature that increases the movement speed of the user after hitting a target. ,"When the wielder hits an enemy with this weapon, they gain  Momentum for 2 turns. "
Nimblefinger,,,,,,,,,DEX,2,,,,,,,,,,,,,,,,,,,,,,,,,,,,,,,,FALSE,,,,,,,Is Gnome,,FALSE,TRUE,Nimblefinger is a passive feature that grants bonuses to small size races. ,Gnomes are granted +2 to Dexterity. Halflings and Dwarves gain +1 Dexterity. 
Nyrulna: Glowing,,Light,,,,,,,,,,,,,,,,,,,,,,,,,,,,,,,,,,,,,,,,FALSE,,,,,,,,,FALSE,TRUE,Nyrulna: Glowing is a toggleable passive feature that controls whether or not this weapon glows with light. ,This object shines with a glowing light in a radius of  6 m / 20 ft. Toggle this to douse and rekindle the light. 
Oath of Devotion Tenets,,,,,,,,,,,,,,,,,,,,,,,,,,,,,,,,,,,,,,,,,,FALSE,,,,,,,,,TRUE,FALSE,Oath of Devotion Tenets is a passive feature that describes the tenets that Oath of Devotion paladins must adhere to. ,"Oath of Devotion paladins abide by the following tenets: Compassion. Show clemency when prudent, and lend your arm to those in need. Failure to abide by their tenets will result in a paladin forsaking their Oath, and becoming something very different. "
Oath of the Ancients Tenets,,,,,,,,,,,,,,,,,,,,,,,,,,,,,,,,,,,,,,,,,,FALSE,,,,,,,,,TRUE,FALSE,Oath of the Ancients Tenets is a passive feature that describes the tenets that Oath of the Ancients paladins must adhere to. ,"Oath of the Ancients paladins abide by the following tenets: Shelter the Light. Where there is good, beauty, love, and laughter in the world, stand against the wickedness that would swallow it. Where life flourishes, stand against the forces that would render it barren. Preserve Your Own Light. Delight in song and laughter, in beauty and art. If you allow the light to die in your own heart, you can’t preserve it in the world.  Failure to abide by their tenets will result in a paladin forsaking their Oath, and becoming something very different. "
Oath of the Crown Tenets,,,,,,,,,,,,,,,,,,,,,,,,,,,,,,,,,,,,,,,,,,FALSE,,,,,,,,,TRUE,FALSE,Oath of the Crown Tenets is a passive feature that describes the tenets that Oath of the Crown paladins must adhere to. ,"Oath of the Crown paladins abide by the following tenets: Loyalty. Your word is your bond; without loyalty, oaths and laws are meaningless. Failure to abide by their tenets will result in a paladin forsaking their Oath, and becoming something very different. "
Oath of Vengeance Tenets,,,,,,,,,,,,,,,,,,,,,,,,,,,,,,,,,,,,,,,,,,FALSE,,,,,,,,,TRUE,FALSE,Oath of Vengeance Tenets is a passive feature that describes the tenets that Oath of Vengeance paladins must adhere to. ,"Oath of Vengeance paladins abide by the following tenets: Fight the Greater Evil. Exerting your wisdom, identify the higher morality in any given instance, and fight for it. No Mercy for the Wicked. Chasten those who dole out their villainy by wiping their blight from the world forever. Failure to abide by their tenets will result in a paladin forsaking their Oath, and becoming something very different. "
Odd Gift,,,,,,,,,,,,,,,,,,,,,,,,,,,,,,,,,,,,,,,,,,FALSE,,,,,,,,,TRUE,FALSE,Odd Gift is a passive feature that prevents Jaheira from being cursed. ,"While wearing Khalid's Gift, Jaheira cannot be Cursed. "
Ogre's Mark,,,,,,,,,,,,,,,,,,,,,,,,,,,,,,,,,1d6,Weapon,,,,,,,,FALSE,,,,,,,,,FALSE,TRUE,Ogre's Mark is a passive feature available to Ogres that grants an additional 1d6⁠Bludgeoning damage. ,Damage is increased by 1d6. 
One with Shadows,,,,,,,,,,,,,,,,,,,,,,One with Shadows (class action),,,,,,,,,,,,,,,,,,,,FALSE,,,,,,,,,FALSE,TRUE,One with Shadows is an Eldritch Invocation from the Warlock class. It allows you to vanish into the darkness and become  Invisible. ,You learn how to cast  One with Shadows. 
Opportune Predator,,,,,,,,,,,,,,,,,,,,,,,,,,,,,,,,,,,,,,,,,,FALSE,,,,,,,,,TRUE,FALSE,Opportune Predator is a passive feature that allows a displacer beast illusion to pre-emptively attack enemies that move near them. ,"When an entity enters your attack range, you can strike them. "
Opportunity Attack,,,,,,,,,,,,,,,,,,,,,,,,,,,,,,,,,,,,,,,,,,FALSE,,,,,,,,,TRUE,FALSE,Opportunity Attack or Attack of Opportunity is a common Passive feature /  Reaction. This ability allows a creature to make a melee Attack roll against enemies when they move out of the creature's melee range. ,Automatically attack an enemy moving out of your reach. 
Order of Nature,,,,,,,,,,,,,,,,,,,,,,,,,,,,,,,,,,,,,,,,,,FALSE,,,,,,,,,TRUE,FALSE,Order of Nature is a passive feature that retaliates against undead and beast creatures that hit the wearer. ,Undead creatures that hit the wearer receive 1d6⁠Radiant. Beasts that hit the wearer deal an additional 1d6⁠Radiant. 
Organ Rearranger,,,,,,,,,,,,,,,,,,,,,,,,,,,,,,,+1,,,,,,,,,,,FALSE,,,,,,,,,TRUE,FALSE,Organ Rearranger is a passive feature that makes its wielder more deadly. ,"Reduce the number you need to roll a Critical Hit while attacking by 1. This effect can stack. When you roll 2 damage or less, reroll the dice, taking the highest result. "
Otherworldly Leap,,,,,,,,,,,,,,,,,,,,,,,Enhance Leap,,,,,,,,,,,,,,,,,,,FALSE,,,,,,,,,FALSE,TRUE,Otherworldly Leap is an Eldritch Invocation from the Warlock class. It allows a character to cast the Enhance Leap spell without expending a warlock spell slot. [note 1] ,You can cast the  Enhance Leap spell without expending a spell slot. 
Overcharge,,,,,,,,,,,,,,,,,,,,,,,,,,,,,,,,,,,,,,,,,,FALSE,Stunned,1 Turn,10,CON,,,,,TRUE,FALSE,Overcharge is a passive feature that is intended to be used by a construct. ,"Chance to  Stun the wielder, unless it is a Construct. "
Pack Tactics,,,,,,,,,,,,,,,,,,,,,,,,,,,,,,,,,,,,,,,,,,FALSE,,,,,,,,,TRUE,FALSE,Pack Tactics is a passive feature that grants Advantage to attacks when an ally is close to the target. ,"When an ally is within 3 m / 10 ft of your target and is not  Incapacitated, your Attack rolls against the target have  Advantage. "
Pact Boon,,,,,,,,,,,,,,,,,,,,,,,,,,,,,,,,,,,,,,,,,,FALSE,,,,,,,,,TRUE,FALSE,Pact Boon is a passive feature that grants you abilities depending on your choice of Boon. ,"Your otherworldly patron bestows a gift upon you for your loyal service. You gain one of the following features of your choice: Gain the service of a familiar, a fey spirit that takes a form you choose. This can be an animal, imp, or quasit. You can Summon a pact weapon, or Bind the one you are wielding, making it magical. Pact weapons use the wielder's Spellcasting Ability Modifier instead of Strength or Dexterity. Your patron grants you a grimoire called 'The Book of Shadows', which allows you to cast several spells. "
Pact of the Blade,,,,,,,,,,,,,,,,,,,,,,"Pact of the Blade, Bind Pact Weapon",,,,,,,,,,,,,,,,,,,,FALSE,,,,,,,,,FALSE,TRUE,"Pact of the Blade is a Pact Boon granted by the Warlock class. It allows a Warlock to specialise in melee combat by using a special Pact Weapon, granting two actions for this purpose. ","You can  Summon a pact weapon, or  Bind the one you are wielding as one, making it magical. Pact weapons use the wielder's Charisma modifier instead of Strength or Dexterity. At higher levels At level 5, Warlocks gain  Deepened Pact which grants an  Extra Attack with your pact weapon. "
Pact of the Chain,,,,,,,,,,,,,,,,,,,,,,,"Find Familiar, Find Familiar: Imp, Find Familiar: Quasit",,,,,,,,,,,,,,,,,,,FALSE,,,,,,,,,FALSE,TRUE,Pact of the Chain is a Pact Boon from the Warlock class. ,"Gain the service of a familiar, a fey spirit that takes a form of your choosing. This can be an animal, imp, or quasit. At higher levels At level 5, Warlocks gain  Deepened Pact which grants an  Extra Attack to your familiars. "
Pact of the Tome,,,,,,,,,,,,,,,,,,,,,,,,"Guidance, Vicious Mockery, Thorn Whip",,,,,,,,,,,,,,,,,,FALSE,,,,,,,,,FALSE,TRUE,Pact of the Tome is a Pact Boon from the Warlock class. You receive a book that allows you to cast several spells. ,"Your patron grants you a grimoire called The Book of Shadows"""
Paragon of Charisma,,,,,,CHA,,ADV,,,,,,,,,,,,,,,,,,,,,,,,,,,"Melee Spell, Ranged Spell",,ADV,,,,,FALSE,,,,,,,,,FALSE,TRUE,Paragon of Charisma is a passive feature unique to the Charismatic Sentinel which gives them boosts to their Charisma Saving Throws and Spell Attack Rolls. ,"This Dark Justiciar was anointed by Shar as a sentinel of Charisma, representing one of her most valued attributes in a follower. They have  Advantage on all  Charisma saving throws and Spell Attack rolls. "
Paragon of Intelligence,,,,,,INT,,ADV,,,,,,,,,,,,,,,,,,,,,,,,,,,"Melee Spell, Ranged Spell",,ADV,,,,,FALSE,,,,,,,,,FALSE,TRUE,Paragon of Intelligence is a passive feature unique to the Intelligent Sentinel which gives them boosts to their Intelligence Saving Throws and Spell Attack Rolls. ,"This Dark Justiciar was anointed by Shar as a sentinel of Intelligence, representing one of her most valued attributes in a follower. They have  Advantage on all  Intelligence saving throws and Spell Attack rolls. "
Paragon of Wisdom,,,,,,WIS,,ADV,,,,,,,,,,,,,,,,,,,,,,,,,,,"Melee Spell, Ranged Spell",,ADV,,,,,FALSE,,,,,,,,,FALSE,TRUE,Paragon of Wisdom is a passive feature unique to the Wise Sentinel which gives them boosts to their Wisdom Saving Throws and Spell Attack Rolls. ,"This Dark Justiciar was anointed by Shar as a sentinel of Wisdom, representing one of her most valued attributes in a follower. They have  Advantage on all  Wisdom saving throws and Spell Attack rolls. "
Paralysing Critical,,,,,,,,,,,,,,,,,,,,,,,,,,,,,,,,,,,,,,,,,,FALSE,,2 Turns,,,,,,,TRUE,FALSE,,Properties Technical details  
Parry,,,,,,,,,,,,,,,,,,,,,,,,,,,,,,,,,,,,,,,,,,FALSE,,,,,,,,,TRUE,FALSE,Parry is a toggleable passive feature that lets you automatically reduce the damage of the next melee attack. ,Parry the next melee attack that hits you by 1d8+Dexterity Modifier. 
Part of the Flock,,,,,,,,,,,,,,,,,,,,,,,,,,,,,,,,,,,,,,,,,,FALSE,Ephemeral Whispers,,13,WIS,,,,,TRUE,FALSE,Part of the Flock is a passive feature granted while wearing a Whispering Mask that can turn the wearer into Auntie Ethel's Pawn. ,"Auntie Ethel welcomes you, dearie. "
Partial Ceremorphosis,,,,,,,,,,,,,,,,,,,,,,,,,,,,,,,,,,,,,,,,,,FALSE,,,,,,,,,TRUE,FALSE,Partial Ceremorphosis is a special passive feature gained after consuming the  Astral-Touched Tadpole. ,You are in the early stages of transformation - gaining access to more aberrant powers as you evolve your illithid potential. 
Perfect Sentry,,,,,,,,,,,,,,,,,,,,,,,,,,Surprised,,,,,,,,,,,,,,,,FALSE,,,,,,,,,FALSE,TRUE,Perfect Sentry is a passive feature that makes it impossible to be surprised. ,You can't be  Surprised. 
Performer,,,,,,,,,CHA,1,20,,,,,,,,,,,,,,,,,,,,,,,,,,,,,,,FALSE,,,,,,,,,FALSE,TRUE,Performer is a passive feature that grants proficiency with musical instruments. ,"You gain Musical Instrument Proficiency, and your Charisma increases by 1, to a maximum of 20. "
Permanent Mind Sanctuary,,,,,,,,,,,,,,,,,,,,,,,,,,,,,,,,,,,,,,,,,,FALSE,,,,,,,,,TRUE,FALSE,Permanent Mind Sanctuary is a passive feature and Illithid Power. This passive lets the creature use actions and bonus actions interchangeably. ,You can use actions and bonus actions interchangeably. 
Permanently Armed,,,,,,,,,,,,,,,,,,,,,,,,,,"Disarmed, Weapon Dropped!",,,,,,,,,,,,,,,,FALSE,,,,,,,,,FALSE,TRUE,Permanently Armed is a passive feature that prevents the user from being disarmed. ,Creature can't be disarmed. 
Personal Space,,,,,,,,,,,,,,,,,,,,,,,,,,,,,,,,,,,,,,,,,,FALSE,Enhanced Armour Class,1 Turn,,,,,,,TRUE,FALSE,Personal Space is a passive feature that improves the wearer's Armor Class after shoving. ,"After shoving an enemy, the wearer gains a +1 to their  Armour Class until their next turn. "
Phalanx Formation,,,,,,,,,,,,,,,,,,,,,,,,,,,,,,,,,,,,,,,,,,FALSE,,,,,,,,,TRUE,FALSE,Phalanx Formation is a passive feature that grants bonuses if next to a Shield using ally. ,Has  Advantage on Attack Rolls if within  3 m / 10 ft of an ally that carries a shield and isn't Incapacitated. 
Poison Trails,,,,,,,,,,,,,,,,,,,,,,,,,,,,,,,,,,,,,,,,,,FALSE,,,,,,,,,TRUE,FALSE,Poison Trails is a passive feature that boosts the damage of your poison spells. ,"When the wearer casts a spell that deals ⁠Poison damage, it deals an additional 1d4⁠Poison damage. "
Poisonous Synergy,,,,,,,,,,,,,,,,,,,,,,,,,,,,,,,,,,,,,,,,,,FALSE,,,,,,,,,TRUE,FALSE,Poisonous Synergy is a passive feature that increases your damage while focusing on a spell. ,"While concentrating, your melee weapon attacks deal an additional 1d4⁠Poison. "
Polearm Master: Bonus Attack,,,,,,,,,,,,,,,,,,,,,,Polearm Clout,,,,,,,,,,,,,,,,,,,,FALSE,,,,,,,,,FALSE,TRUE,"Polearm Master: Bonus Attack is a passive feature provided by the Polearm Master Feat. When attacking with a polearm, you can make an additional weaker attack with the butt of the polearm using a  Bonus Action. ","When attacking with a  Glaive,  Halberd,  Pike,  Quarterstaff, or  Spear, you can use a Bonus Action to attack with the butt of your weapon. "
Polearm Master: Opportunity Attack,,,,,,,,,,,,,,,,,,,,,,,,,,,,,,,,,,,,,,,,,,FALSE,,,,,,,,,TRUE,FALSE,"Polearm Master: Opportunity Attack is a passive feature provided by the Polearm Master Feat. When an enemy approaches your melee range, you can spend a  Reaction to make an attack. ","When wielding a glaive, halberd, quarterstaff, or spear, you can make an  Opportunity Attack when a target comes within range. Prerequisite: Must be wielding a glaive, halberd, quarterstaff, or spear. "
Portent,,,,,,,,,,,,,,,,,,,,,,Portent Die,,,,,,,,,,,,,,,,,,,,FALSE,,,,,,,,,TRUE,FALSE,Portent is a Divination School Wizard passive feature which offers the user glimpses into the future. They gain two random Portent Dice which they can use as a  Reaction to substitute into Attack Rolls and Saving Throws rolled in range. ,"Your dreams grant you glimpses that let you influence the future. After each Long Rest, the user gains two random Portent Dice. During the day, they can use their reaction to change the die of an Attack Roll or Saving Throw rolled near them to one of their Portent Dice. Each Portent Die can only be used once; unused Portent Dice are lost at the end of the day. "
Potent Cantrip,,,,,,,,,,,,,,,,,,,,,,,,,,,,,,,,,,,,,,,,,,FALSE,,,,,,,,,TRUE,FALSE,Potent Cantrip is an Evocation School Wizard passive feature increases the reliability of your damaging Cantrips such that even a miss hurts your target. ,"Your cantrips become harder to evade entirely. When a creature succeeds its  Saving throw against one of your cantrips, it still takes half the cantrip's damage, but suffers no additional effects. "
Potent Healing,,,,,,,,,,,,,,,,,,,,,,,,,,,,,,,,,,,,,,,,,,FALSE,,,,,,,,,TRUE,FALSE,Potent Healing is a passive feature that maximises healing. ,"Whenever you are healed, you restore the maximum number of possible hit points. "
Potent Spellcasting,,,,,,,,,,,,,,,,,,,,,,,,,,,,,,,,,,,,,,,,,,FALSE,,,,,,,,,TRUE,FALSE,Potent Spellcasting is a Light Domain and Knowledge Domain Cleric passive feature that adds the Cleric's Wisdom Modifier to the damage of Cleric Cantrips. ,Your god grants you even more intense power. You can add your Wisdom Modifier to the damage you deal with Cleric cantrips. 
Prey Decelerator,,,,,,,,,,,,,,,,,,,,,,,,,,,,,,,,,,,,,,,,,,FALSE,Slowed,2 Turns,,,,,,,TRUE,FALSE,Prey Decelerator is a passive feature that slows down targets you critically hit. ,"When this weapon lands a Critical Hit, it also  Slows the target creature. "
Prey Upon the Weak,,,,,,,,,,,,,,,,,,,,,,,,,,,,,,,,,,,,,,,,,,FALSE,,,,,,,,,TRUE,FALSE,Prey Upon the Weak is a passive feature that deals more damage to severely injured targets. ,This weapon deals an additional 1d4⁠Piercing damage against targets with 50% of their hit points or fewer. 
Prey's Scent,,,,,,,,,,,,,,,,,,,,,,,,,,,,,,,,,,,,,,,,,,FALSE,,,,,,,,,TRUE,FALSE,Prey's Scent is a passive feature only found on Beast Master Hunter's  Summon Companion. ,You deal an additional 1d6⁠Physical damage to creatures marked by your Ranger's  Hunter's Mark. 
Prey's Scent (Swarmkeeper),,,,,,,,,,,,,,,,,,,,,,,,,,,,,,,,,,,,,,,,,,FALSE,,,,,,,,,TRUE,FALSE,Prey's Scent is passive feature available to Swarmkeepers which lets their swarms benefit from  Hunter's Mark. ,Your swarm deals additional damage to creatures marked by  Hunter's Mark 
Primal Strike,,,,,,,,,,,,,,,,,,,,,,,,,,,,,,,,,,,,,,,,,,FALSE,,,,,,,,,TRUE,FALSE,Primal Strike is a Circle of the Moon Druid passive feature that makes their beast form attacks count as magical damage. ,"While in beast form, your attacks count as magical for the purpose of overcoming Resistance and Immunity to non-magical damage. "
Prime Aegis of Fire,,,,,,,,,,,,,,,,,,,,,,,,,,Burning,,,Fire,,,,,,,,,,,,,FALSE,,,,,,,,,FALSE,TRUE,Prime Aegis of Fire is a passive feature that raises your resistances and prevents you from burning. ,You have Resistance to ⁠Fire damage and cannot be  Burned. You take 3 less damage from all sources. 
Promised Victory,,,,,,,,,,,,,,,,,,,,,,,,,,,,,,,,,,,,,,,,,,FALSE,Guiding Bolt,1 Turn,15,DEX,,,,,TRUE,FALSE,Promised Victory is a passive feature that highlights enemies you hit. ,"On a hit, possibly inflict  Guiding Bolt upon the target. "
Propelling Strike,,,,,,,,,,,,,,,,,,,,,,,,,,,,,,,,,,,,,,,,,,FALSE,,,,,,,,,TRUE,FALSE,Propelling Strike is a passive feature which pushes targets  4.5 m / 15 ft away on a hit. ,"On a hit, push the target  4.5 m / 15 ft away from you. "
Protection,,,,,,,,,,,,,,,,,,,,,,,,,,,,,,,,,,,,,,,,,,FALSE,,,,,,,,,TRUE,FALSE,Protection is a Fighting Style reaction/passive feature. Users can interfere with an enemy targetting one of your nearby allies. ,"When you have a Shield, impose  Disadvantage on an enemy who attacks one of your allies when you are within  1.5 m / 5 ft. You must be able to see the enemy. "
Psionic Backlash,,,,,,,,,,,,,,,,,,,,,,Psionic Backlash,,,,,,,,,,,,,,,,,,,,TRUE,,,,,,,,,FALSE,TRUE,"Psionic Backlash is a passive feature and Illithid Power. This feature allows a character to, when a nearby enemy casts a spell, use their  Reaction to deal 1d4⁠Psychic damage for every level of that spell. ","When a nearby enemy casts a spell, you use your reaction to deal 1d4⁠Psychic damage for every level of that spell. "
Psionic Dominance,,,,,,,,,,,,,,,,,,,,,,Psionic Dominance,,,,,,,,,,,,,,,,,,,,TRUE,,,,,,,,,FALSE,TRUE,Psionic Dominance is a passive feature and Illithid Power. This feature allows a character to use a reaction to nullify a spell of lower or equal level to their Proficiency Bonus when targeted by an enemy within 18m. ,"When an enemy within  18 m / 60 ft targets you with a spell of a Level that is lower than or equal to your Proficiency Bonus, you can use your reaction to nullify the spell. "
Psionic Empowerment,,,,,,,,,,,,,,,,,,,,,,,,,,,,,,,,,1d6,Psychic,,,,,,,,FALSE,,,,,,,,,FALSE,TRUE,Psionic Empowerment is a passive feature that grants an extra 1d6 Psychic damage on attacks. ,Your attacks deal an extra 1d6⁠Psychic damage - the scars of illithid enslavement run deep. 
Psionic Retribution,,,,,,,,,,,,,,,,,,,,,,,,,,,,,,,,,,,,,,,,,,FALSE,,,,,,,,,TRUE,FALSE,Psionic Retribution is a toggleable passive feature available to the Netherbrain that lets it release a  Retributive Brainquake as a reaction to taking damage. ,"The Netherbrain permits no interference - as a reaction to taking damage, it releases Brainquakes. "
Psionic Revenge,,,,,,"INT, WIS, CHA",1,,,,,,,,,,,,,,,,,,,,,,,,,,,,,,,,,,,FALSE,,,,,,,Is Githyanki,,FALSE,TRUE,Psionic Revenge is a passive feature that retaliates against an enemy that made the wearer make a saving throw. ,"When you succeed a  Saving throw, the foe that caused the throw takes 1d4⁠Psychic. Githyanki also gain a +1 bonus to Intelligence, Wisdom, and Charisma  Saving throws. "
Psionic Skin,,,,,,,,,,,,,,,,,,,,,,,,,,,,,,,,,,,,,,,,,,FALSE,,,,,,,,,TRUE,FALSE,Psionic Skin is a passive feature that automatically removes all conditions. ,Removes all conditions at the start of its turns. 
Psionic Ward,,,,,,,,,,,,,,,,,,,,,,,,,,,,,,,,,,,,,,,,,,FALSE,,,,,,,,,TRUE,FALSE,Psionic Ward is a passive feature that protects its user by dealing psychic damage and healing. ,"If the item detects that the wearer is gith, they have Resistance to ⁠Psychic damage. Whenever the wearer succeeds on a  Saving throw against a spell, they regain 1d4⁠hit points. "
Psychic Leech,,,,,,,,,,,,,,,,,,,,,,,,,,,,,,,,,,,,,,,,,,FALSE,,,,,,,,,TRUE,FALSE,Psychic Leech is a passive feature that heals the wearer whenever an enemy succumbs to one of your spells targetting their mind. ,"When an enemy fails a  Charisma,  Intelligence, or  Wisdom  Saving throw against one of your spells or cantrips, you regain 1d4⁠hit points. "
Psychic Missiles,,,,,,,,,,,,,,,,,,,,,,,,,,,,,,,,,,,,,,,,,,FALSE,,,,,,,,,TRUE,FALSE,Psychic Missiles is a passive feature that enhances magic missile. ,Shoot an additional dart whenever you cast  Magic Missile. 
Psychic Steel Virtuoso,,,,,,,,,,,,,,,,,,,,,,,,,,,,,,,,,,,,,,,,,,FALSE,,,,,,,,,TRUE,FALSE,Psychic Steel Virtuoso is a passive feature that increases damage if you attack with advantage. ,"When the wielder attacks with  Advantage, they deal an additional 1d8⁠Psychic. "
Purity of Body,,,,,,,,,,,,,,,,,,,,,,,,,Poison,Poisoned,,,,,,,,,,,,,,,,FALSE,,,,,,,,,FALSE,TRUE,"Purity of Body is a Monk passive feature that gives immunity to ⁠Poison damage and to being  Poisoned, and makes disease have no effect. ",You are Immune to Poison damage and can't be Poisoned or affected by disease thanks to the purifying ki flowing through your meridians. 
Quickened Mage Hand,,,,,,,,,,,,,,,,,,,,,,,,,,,,,,,,,,,,,,,,,,FALSE,,,,,,,,,TRUE,FALSE,Quickened Mage Hand is a passive feature that modifies the cantrip Mage Hand to cost a bonus action instead of a regular action. ,You can cast  Mage Hand as a  Bonus Action. 
Quickspell Flinger,,,,,,,,,,,,,,,,,,,,,,,,,,,,,,,,,,,,,,,,,,FALSE,Quickspell Flinger,Long Rest,,,,,,,TRUE,FALSE,Quickspell Flinger is a toggleable passive feature that allows the wearer to cast a cantrip as a bonus action. ,Cantrips that cost an  Action cost a  Bonus Action instead. This effect can be used once per Short Rest. 
Radiant Strike,,,,,,,,,,,,,,,,,,,,,,,,,,,,,,,,,,,,,,,,,,FALSE,Radiating Orb,1 Turn,,,,,,,TRUE,FALSE,Radiant Strike is a passive feature that lights up enemies struck with this weapon. ,"On a hit, inflict 1 turn of  Radiating Orb upon the target. "
Radiating Orb Gloves,,,,,,,,,,,,,,,,,,,,,,,,,,,,,,,,,,,,,,,,,,FALSE,Radiating Orb,2 Turns,,,,,,,TRUE,FALSE,Radiating Orb Gloves is a passive feature that surrounds targets with globes of light every time the user deals radiant damage to them. ,"When the wearer deals ⁠Radiant damage, the target receives 2 turn of  Radiating Orb. "
Radiating Shockwave,,,,,,,,,,,,,,,,,,,,,,,,,,,,,,,,,,,,,,,,,,FALSE,,,,,,,,,TRUE,FALSE,Radiating Shockwave is a passive feature that causes small explosions when dealing radiant damage. ,"When the wearer deals ⁠Radiant damage, they cause a  Radiant Shockwave. "
Rage Becomes Frenzy,,,,,,,,,,,,,,,,,,,,,,"Frenzy, Frenzied Strike, Enraged Throw, Improvised Melee Weapon (Bonus Action)",,,,,,,,,,,,,,,,,,,,FALSE,,,,,,,,,FALSE,TRUE,Rage Becomes Frenzy is a passive feature that changes Rage into Frenzy. ,"Your bloodthirst transforms your rage, making it stronger. "
Rakish Audacity,,,,,,,,,,,,,,,+2,,,,,,,,,,,,,,,,,,,,,,,,,,,FALSE,,,,,,,,,FALSE,TRUE,Rakish Audacity is a passive feature available to Swashbuckler rogues which grants a scaling bonus to initiative and relaxes some of the requirements for triggering Sneak Attack. ,You gain a +2 bonus to initiative rolls. This scales with your rogue level. You no longer need  Advantage to trigger Sneak Attack as long as you are within 1.5 m / 5 ft of the target and don't have  Disadvantage.[See: Bugs] At higher levels 
Rampage,,,,,,,,,,,,,,,,,,,,,,,,,,,,,,,,,,,,,,,,,,FALSE,Rampage,1 Turn,,,,,,,TRUE,FALSE,Rampage is a passive feature available to some Gnolls that gives them the ability to quickly move and bite a foe after downing a creature. ,"When a Gnoll  Downs a creature with a melee attack, the gnoll can use a Bonus Action to move up to half its Movement Speed and make a bite attack. "
Ranger Knight,,,,,,,,,,,,History,Heavy,,,,,,,,,,,,,,,,,,,,,,,,,,,,,FALSE,,,,,,,,,FALSE,TRUE,Ranger Knight is a Ranger passive feature of Favoured Enemy. You gain proficiency with History and Heavy Armour as a result of your history with nations. ,You have sworn to serve a crown or nation and seek to bring its foes to ruin. Gain Proficiency with History and Proficiency with Heavy Armour. 
Rapid Caster,,,,,,,,,,,,,,,,,,,,,,,,,,,,,,,,,,,,,,,,,,FALSE,Arcane Charge,2 Turns,,,,,,,TRUE,FALSE,Rapid Caster is a passive feature that grants bonuses to spellcasting every time the wearer dashes. ,"Each time they  Dash, the wearer gains  Arcane Charge for 2 turns. "
Rat Catcher,,,,,,,,,,,,,,,,,,,,,,,,,,,,,,,,,,,,,,,,,,FALSE,,,,,,,,,TRUE,FALSE,Rat Catcher is a passive feature that makes this weapon adept at killing beasts. ,Attack Rolls against beasts have  Advantage. 
Raven Sight,,,,,,,,,,,,,,,,,,,,,,,,,,Blinded,,,,,,,,,,,,,,,,FALSE,,,,,,,,,FALSE,TRUE,Raven Sight is a passive feature gained by the  Dire Raven Companion at level 11 that makes them immune to being blinded. ,The raven cannot be  Blinded. 
Reaper,,,,,,,,,,,,,,,,,,,,,,,,,,,,,,,,,,,,,,,,,,FALSE,,,,,,,,,TRUE,FALSE,Reaper is a Death Domain cleric passive feature that allows the cleric to target two creatures with Necromancy cantrips. ,Your Necromancy cantrips that only target 1 creature can target an additional creature. 
Reaper's Rigidity,,,,,,,,,,,,,,,,,,,,,,,,,,,,,,,,,,,,,,,,,,FALSE,,,,,,,,,TRUE,FALSE,Reaper's Rigidity is a toggleable passive feature that controls whether or not you can be moved against your will by any spell or action. ,"When activated, you can't be moved against your will by any spell or action, but have  Disadvantage on Dexterity  Saving throws. "
Rebuke of the Mighty,,,,,,,,,,,,,,,,,,,,,,Bulwark Rebuke,,,,,,,,,,,,,,,,,,,,FALSE,,,,,,,,,FALSE,TRUE,"Rebuke of the Mighty is a passive feature that allows you to strike back at an enemy that hits you, dealing ⁠Force damage and knocking them  Prone. ","When a foe hits you with a melee attack, you can use your reaction, dealing 2d4⁠Force damage and knock it  Prone unless they succeed a  Dexterity saving throw. "
Redirect Attack,,,,,,,,,,,,,,,,,,,,,,Redirect Attack,,,,,,,,,,,,,,,,,,,,FALSE,,,,,,,,,FALSE,TRUE,Redirect Attack is a Way of the Drunken Master monk reaction/passive feature that allows the monk to make an unarmed attack against the attacker. ,"When a creature misses you with a melee attack, you can spend 1  Ki Point as a reaction to make an unarmed attack against the attacker. "
Redvein Savagery,,,,,,,,,,,,,,,,,,,,,,,,,,,,,,,,,,,,,,,,,,FALSE,,,,,,,,,TRUE,FALSE,Redvein Savagery is a passive feature that deals more damage to targets. ,"When you make an attack with  Advantage, the target takes an additional 7⁠PiercingDRS damage. "
Refined Vaulting (Monster Slayer Glaive),,,,,,,,,,,,,,,,,,,,,,,,,,,,,,,,,,,,,,,,,,FALSE,,,,,,,,1.5,FALSE,TRUE,Refined Vaulting is a passive feature that increases your jump distance. ,Jump distance is increased by  1.5 m / 5 ft. 
Refined Vaulting (Bonespike Boots),,,,,,,,,,,,,,,,,,,,,,,,,,,,,,,,,,,,,,,,,,FALSE,,,,,,,,1.5,FALSE,TRUE,Refined Vaulting is a passive feature that increases your jump distance. ,Jump distance is increased by  1.5 m / 5 ft. 
Refined Vaulting (Swiresy Shoes),,,,,,,,,,,,,,,,,,,,,,,,,,,,,,,,,,,,,,,,,,FALSE,,,,,,,,1.5,FALSE,TRUE,Refined Vaulting is a passive feature that increases your jump distance. ,Jump distance is increased by  1.5 m / 5 ft. 
Regeneration,,,,,,,,,,,,,,,,,,,,,,,,,,,,,,,,,,,,,,,,,,FALSE,,,,,,,,,TRUE,FALSE,Regeneration is a toggleable passive feature that helps the Wood Woad regain HP. ,"The wood woad regains 10 hit points if it walks through a vine surface, unless it recently took ⁠Fire damage. "
Relentless Avenger,,,,,,,,,,,,,,,,,,,,,,,,,,,,,,,,,,,,,,,,,,FALSE,Relentless Avenger,1 Turn,,,,,,,TRUE,FALSE,Relentless Avenger is an Oath of Vengeance Paladin passive feature. This ability allows a Paladin to pursue fleeing enemies. ,"If you hit an enemy with an Opportunity Attack, your movement speed increases by 4.5 m / 15 ft on your next turn. "
Relentless Endurance,,,,,,,,,,,,,,,,,,,,,,,,,,,,,,,,,,,,,,,,,,FALSE,,,,,,,,,TRUE,FALSE,"Relentless Endurance is a passive feature available to Half-Orc characters. Once per Long Rest, when they are reduced to 0 Hit Points but not killed outright, they can drop to 1 Hit Point instead. ","If you reach 0 hit points, you regain 1⁠hit points instead of becoming  Downed. "
Relentless Rage,,,,,,,,,,,,,,,,,,,,,,,,,,,,,,,,,,,,,,,,,,FALSE,,,,,,,,,TRUE,FALSE,"Relentless Rage is a Barbarian passive feature. While raging, the barbarian is harder to defeat. ","Once per Short Rest, if you drop to 0 hit points while  Enraged, you regain 1⁠hit points instead of being  Downed. "
Relentless Revenge,,,,,,,,,,,,,,,,,,,,,,,,,,,,,,,,,,,,,,,,,,FALSE,,,,,,,,,TRUE,FALSE,Relentless Revenge is a passive feature that increases the wielder's damage whenever they are severely injured. ,"When the wielder has 50%  hit points or less, they deal an additional 1d4⁠Slashing damage. "
Reliable Talent,,,,,,,,,,,,,,,,,,,,,,,,,,,,,,,,,,,,,,,,,,FALSE,,,,,,,,,TRUE,FALSE,Reliable Talent is a passive feature gained by Rogues at level 11. It treats any roll under 10 as a 10. ,"When you make an Ability Check with a Skill you are Proficient with, the lowest result you can roll on the die is 10. "
Remarkable Athlete: Jump,,,,,,,,,,,,,,,,,,,,,,,,,,,,,,,,,,,,,,,,,,FALSE,,,,,,,,3,FALSE,TRUE,Remarkable Athlete: Jump is a Champion Fighter passive feature that increases their jump distance by  3 m / 10 ft. ,"You're a master of your own body, your athletic prowess extended beyond the usual. Your Jump distance is increased by  3 m / 10 ft. "
Remarkable Athlete: Proficiency,,,,,,,,,,,,,,,,,,,,,,,,,,,,,,,,,,,,,,,,,,FALSE,,,,,,,,,TRUE,FALSE,"Remarkable Athlete: Proficiency is a Champion Fighter passive feature that adds half of their Proficiency Bonus to any Strength, Dexterity, and Constitution Checks they are not Proficient in. ","You're a master of your own body, your athletic prowess extended beyond the usual. You can add half of your Proficiency Bonus to any Strength, Dexterity, and Constitution Checks that you are not Proficient in. "
Remedial Rhymes,,,,,,,,,,,,,,,,,,,,,,,,,,,,,,,,,,,,,,,,,,FALSE,,,,,,,,,TRUE,FALSE,Remedial Rhymes is a passive feature that grants a bit of extra health when you inspire an ally. ,"When you inspire an ally using  Bardic Inspiration, you gain  4 temporary hit points. Can only have temporary hit points from one source. "
Rend With White Lightning,,,,,,,,,,,,,,,,,,,,,,,,,,,,,,,,,1d8,Lightning,,,,,,,,FALSE,,,,,,,,,FALSE,TRUE,This passive feature empowers its user with extra lightning damage. ,Successful weapon attacks deal an additional 1d8⁠Lightning. 
Repelling Blast,,,,,,,,,,,,,,,,,,,,,,,,,,,,,,,,,,,,,,,,,,FALSE,,,,,,,,,TRUE,FALSE,Repelling Blast is an Eldritch Invocation from the Warlock class. It allows you to push creatures around with Eldritch Blast ,"When you hit a creature with  Eldritch Blast, you can push the creature up to  4.5 m / 15 ft away from you. "
Resilient: Charisma,,,,,,CHA,PRO,,CHA,1,20,,,,,,,,,,,,,,,,,,,,,,,,,,,,,,,FALSE,,,,,,,,,FALSE,TRUE,Resilient: Charisma is a passive feature provided by the Resilient Feat. You gain a +1 to your Charisma and can add your proficiency bonus to your Charisma Saving Throws. ,
Resilient: Constitution,,,,,,CON,PRO,,CON,1,20,,,,,,,,,,,,,,,,,,,,,,,,,,,,,,,FALSE,,,,,,,,,FALSE,TRUE,Resilient: Constitution is a passive feature provided by the Resilient Feat. You gain a +1 to your Constitution and can add your proficiency bonus to your Constitution Saving Throws. ,
Resilient: Dexterity,,,,,,DEX,PRO,,DEX,1,20,,,,,,,,,,,,,,,,,,,,,,,,,,,,,,,FALSE,,,,,,,,,FALSE,TRUE,Resilient: Dexterity is a passive feature provided by the Resilient Feat. You gain a +1 to your Dexterity and can add your proficiency bonus to your Dexterity Saving Throws. ,
Resilient: Intelligence,,,,,,INT,PRO,,INT,1,20,,,,,,,,,,,,,,,,,,,,,,,,,,,,,,,FALSE,,,,,,,,,FALSE,TRUE,Resilient: Intelligence is a passive feature provided by the Resilient Feat. You gain a +1 to your Intelligence and can add your proficiency bonus to your Intelligence Saving Throws. ,
Resilient: Strength,,,,,,STR,PRO,,STR,1,20,,,,,,,,,,,,,,,,,,,,,,,,,,,,,,,FALSE,,,,,,,,,FALSE,TRUE,Resilient: Strength is a passive feature provided by the Resilient Feat. You gain a +1 to your Strength and can add your proficiency bonus to your Strength Saving Throws. ,
Resilient: Wisdom,,,,,,WIS,PRO,,WIS,1,20,,,,,,,,,,,,,,,,,,,,,,,,,,,,,,,FALSE,,,,,,,,,FALSE,TRUE,Resilient: Wisdom is a passive feature provided by the Resilient Feat. You gain a +1 to your Wisdom and can add your proficiency bonus to your Wisdom Saving Throws. ,
Retaliation,,,,,,,,,,,,,,,,,,,,,,,,,,,,,,,,,,,,,,,,,,FALSE,,,,,,,,,TRUE,FALSE,Retaliation is a passive feature that allows the creature being attacked to immediately strike back. ,Strike back at the next enemy that attacks you. 
Revenant Scourge,,,,,,,,,,,,,,,,,,,,,,,,,,,,,,,,,,,,,,,,,,FALSE,,,,,,,,,TRUE,FALSE,Revenant Scourge is a passive feature that grants a bonus to attacks and damage on undead creatures. ,When used against undead creatures this weapon has +1d4 bonus to Attack and Damage rolls. 
Revenant's Ire,,,,,,,,,,,,,,,,,,,,,,,,,,,,,,,,,4d8,Necrotic,,,,,,,,FALSE,,,,,,,,,FALSE,TRUE,Revenant's Ire is a passive feature that increases the damage of their weapon attacks. ,This profane entity's weapon attacks deal an additional 4d8⁠Necrotic damage. 
Ring of Veracity,,,Insight,,ADV,,,,,,,,,,,,,,,,,,,,,,,,,,,,,,,,,,,,,FALSE,,,,,,,,,FALSE,TRUE,Ring of Veracity is a passive feature that helps the wearer discern lies. ,You gain an  Advantage on Insight Checks. 
Riposte,,,,,,,,,,,,,,,,,,,,,,Riposte,,,,,,,,,,,,,,,,,,,,FALSE,,,,,,,,,FALSE,TRUE,Riposte is a Battle Master Fighter passive feature and reaction. This ability allows the Battle Master to counterattack with their melee weapon when an enemy misses them with a melee attack. ,"When a hostile creature misses you with a melee attack, expend a superiority die to retaliate with a powerful strike that deals an additional  Superiority Die damage. "
Risky Attack,,,,,,,,DIS,,,,,,,,,,,,,,,,,,,,,,,,,,,,,ADV,,,,,FALSE,,,,,,,,,FALSE,TRUE,Risky Attack is a passive feature that trades disadvantage on saving throws for advantage on attack rolls. ,You gain  Advantage on Attack rolls and receive  Disadvantage on  Saving throws. 
Ritual Caster: Free Spells,,,,,,,,,,,,,,,,,,,,,,,,,,,,,,,,,,,,,,,,,,FALSE,,,,,,,,,TRUE,FALSE,"Ritual Caster: Free Spells is a passive feature provided by the Ritual Caster Feat. You learn 2 Ritual spells, which you can cast at any time outside of combat. ",You learn two  Ritual Spells of your choice from the following: 
Ruintamer Heart,,,,,,,,,,,,,,,,,,,,,,,,,,,,,,,,,,,,,,,,,,FALSE,,,,,,,,,TRUE,FALSE,Ruintamer Heart is a passive feature that enhances your rage. ,"While  Raging, the wearer generates 2 turns of  Wrath.[See: Bugs] "
Running Jump,,,,,,,,,,,,,,,,,,,,,,Jump (Running),,,,,,,,,,,,,,,,,,,,FALSE,,,,,,,,,FALSE,TRUE,Running Jump is a passive feature that lets the user jump for free after they dash. ,"Once per turn, after the wearer  Dashes or takes a similar action, they can  Jump without using a  Bonus Action. "
Rupturing,,,,,,,,,,,,,,,,,,,,,,,,,,,,,,,,,,,,,,,,,,FALSE,Ruptured,3 Turns,,,,,,,TRUE,FALSE,Rupturing is a passive feature that causes a target to take damage whenever they move. ,"On a hit, the target becomes  Ruptured for 3 turns. "
Sanctified Stalker,,,,,,,,,,,,Religion,,,,,,,,,,,,Sacred Flame,,,,,,,,,,,,,,,,,,FALSE,,,,,,,,,FALSE,TRUE,Sanctified Stalker is a Ranger passive feature of Favoured Enemy. You gain proficiency with Religion and can cast  Sacred Flame as a result of your religious training. ,You swore to hunt the enemies of a holy or druidic order. You gain Proficiency in Religion and can cast  Sacred Flame. 
Sanctified Weapon,,,,,,,,,,,,,,,,,,,,,,,,,,,,,,,,,,,,,,,,,,FALSE,Turned,3 Turns,13,WIS,,,,,TRUE,FALSE,Sanctified Weapon is a passive feature that causes undead creatures to flee. ,Undead creatures struck by this weapon are possibly  Turned. 
Savage Attacker,,,,,,,,,,,,,,,,,,,,,,,,,,,,,,,,,,,,,,,,,,FALSE,,,,,,,,,TRUE,FALSE,"Savage Attacker is a passive feature provided by the feat of the same name. Your attacks become more fierce, and you deal damage at a higher level than usual when dealing melee weapon damage. ","When making melee weapon attacks, you roll your damage dice twice and use the highest result. "
Savage Attacks,,,,,,,,,,,,,,,,,,,,,,,,,,,,,,,,,,,,,,,,,,FALSE,,,,,,,,,TRUE,FALSE,"Savage Attacks is a passive feature available to half-orcs. When they score a critical hit with a melee weapon attack, they can roll one of the weapon’s damage dice one additional time and add it to the extra damage of the critical hit. ","When you land a Critical Hit with a melee weapon attack, you deal an extra dice of weapon damage. "
Saviour's Allure,,,,,,,,,,,,,,,,,,,,,,,,,,,,,,,,,,,,,,,,,,FALSE,,,,,,,,,TRUE,FALSE,Saviour's Allure is a passive feature that increases the wearer's healing. ,You restore an additional 2⁠hit points every time you heal another creature. 
Scar of Dark Thirst,,,,,,,,,,,,,,,,,,,,,,,,,,,,,,,,,,,,,,,,,,FALSE,Bleeding,2 Turns,14,CON,,,,,TRUE,FALSE,Scar of Dark Thirst is a passive feature that applies bleeding on hit if character is below %90 HP. ,This character's attacks may apply Bleeding if its HP are less than 90%. 
Scar of Fury,,,,,,,,,,,,,,,,,,,,,,,,,,,,,,,,,,,,,,,,,,FALSE,,,,,,,,,TRUE,FALSE,Scar of Fury is a passive feature that grants a creature a Critical Hit when their health is below 40%. ,Score a Critical Hit when you health is lower than 40%. 
Scar of Mirages,,,,,,,,,,,,,,,,,,,,,,,,,,,,,,,,,,,,,,,,,,FALSE,Confused,2 Turns,14,WIS,,,,,TRUE,FALSE,Scar of Mirages is a passive feature that may apply  Confused to their attacks. ,This character's attacks may apply Confused if its hit points are less than 90%. 
Scar of the Agave,,,,,,,,,,,,,,,,,,,,,,,,,,,,,,,,,,,,,,,,,,FALSE,,,,,,,,,TRUE,FALSE,Scar of the Agave is a passive feature found only on Gur clerics. ,"When this character is struck by a melee attack while at less than 60% of their hit points, the attacker takes 2d8⁠Piercing damage. "
Scar of the Dunes,,,,,,,,,,,,,,,,,,,,,,,,,,,,,,,,,,,,,,,,,,FALSE,,,,,,,,,TRUE,FALSE,Scar of the Dunes is a passive feature found only on Tactician difficulty. ,"This character's movement speed is doubled and it cannot be targeted by attacks of opportunity, if its hit points are lower than 90%. "
Scar of the Sand Eclipse,,,,,,,,,,,,,,,,,,,,,,,,,,,,,,,,,,,,,,,,,,FALSE,,,,,,,,,TRUE,FALSE,Scar of the Sand Eclipse is a passive feature that grants attacks an extra 4d8 slashing damage when a creatures Hit Points are at 20% or lower. ,Your attacks deal an additional 4d8⁠Slashing damage when your hit points are at 20% or lower. 
Scar of the Sirocco,,,,,,,,,,,,,,,,,,,,,,,,,,,,,,,,,,,,,,,,,,FALSE,Prone,2 Turns,14,STR,,,,,TRUE,FALSE,Scar of the Sirocco is a passive feature grants a character's attack the potential to apply Prone when their Hit Points are less than 90%. ,This character's attacks may apply Prone if its hit points are less that 90%. 
Scarlet Remittance,,,,,,,,,,,,,,,,,,,,,,,,,,,,,,,,,,,,,,,,,,FALSE,,,,,,,,,TRUE,FALSE,Scarlet Remittance is a passive feature that increases your attack potency. ,"Gain a +1 bonus to Attack rolls, damage, and Spell Save DC for every foe you slay, up to a maximum of +3. "
Scenting Blood,,,,,,,,,,,,,,,,,,,,,,,,,,,,,,,,,,,,,,,,,,FALSE,,,,,,,,,TRUE,FALSE,Scenting Blood is a Sahuagin passive feature. This ability triggers the sahuagin to become Blood Frenzied when it sees blood. ,"If the sahuagin sees a wounded creature, it becomes  Blood Frenzied. "
Scintillating,,,"Deception, Intimidation, Performance, Persuasion",+1,,CHA,1,,,,,,,,,,,,,,,,,,,,,,,,,,,,,,,,,,,FALSE,,,,,,,,,FALSE,TRUE,Scintillating is a passive feature that grants bonuses to Charisma abilities. ,You gain a +1 bonus to Charisma  Ability checks and  Saving throws. 
Scourge of Pests,,,,,,,,,,,,,,,,,,,,,,,,,,,,,,,,,,,,,,,,,,FALSE,,,,,,,,,TRUE,FALSE,Scourge of Pests is a passive feature found on the  Exterminator's Axe. ,"Deals an additional 1d6⁠Fire damage to Plants, Myconids[See: Bugs], and Small creatures. "
Sculpt Spells,,,,,,,,,,,,,,,,,,,,,,,,,,,,,,,,,,,,,,,,,,FALSE,,,,,,,,,TRUE,FALSE,Sculpt Spells is an Evocation School passive feature prevents your allies from taking damage from some of your spells. ,Create pockets of safety within your Evocation spells. Allies automatically succeed their  Saving throws against these spells and take no damage from them. 
Sculptor of Flesh,,,,,,,,,,,,,,,,,,,,,,,Polymorph,,,,,,,,,,,,,,,,,,,FALSE,,,,,,,,,TRUE,FALSE,Sculptor of Flesh is an Eldritch Invocation from the Warlock class. You learn how to cast Polymorph. ,You can cast  Polymorph with a Warlock spell slot. 
Second-Story Work,,,,,,,,,,,,,,,,,,,,,,,,,,,,,,,,,,,,,,,,,,FALSE,,,,,,,,,TRUE,FALSE,Second-Story Work is a Thief Rogue passive feature that grants Resistance against falling damage. ,You've mastered the art of falling and gain Resistance to Falling damage. 
Seeking Blood,,,,,,,,,,,,,,,,,,,,,,,,,,,,,,,,,,,,,,,,,,FALSE,,,,,,,,,TRUE,FALSE,Seeking Blood is a passive feature that makes the wearer more likely to hit a damaged target. ,You gain a +2 bonus to Attack rolls when attacking creatures that have already taken damage. 
Seeking Spell,,,,,,,,,,,,,,,,,,,,,,,,,,,,,,,,,,,,,,,,,,FALSE,,,,,,,,,TRUE,FALSE,Seeking Spell is a toggleable passive feature that grants the ability to use a sorcery point to get advantage on a spell attack roll. ,"When you make a Spell Attack Roll, you can spend a  Sorcery Point to gain  Advantage. This costs 1 Sorcery Point per spell slot Level. Cantrips cost 1 Sorcery Point. "
Seldom Caught Unawares (Bow of Awareness),,,,,,,,,,,,,,,+1,,,,,,,,,,,,,,,,,,,,,,,,,,,FALSE,,,,,,,,,FALSE,TRUE,Seldom Caught Unawares is a passive feature that grants a bonus to initiative rolls. ,You gain a +1 bonus to  Initiative rolls. 
Seldom Caught Unawares (Fistbreaker Helm),,,,,,,,,,,,,,,+1,,,,,,,,,,,,,,,,,,,,,,,,,,,FALSE,,,,,,,,,FALSE,TRUE,Seldom Caught Unawares is a passive feature that grants a bonus to initiative rolls. ,You gain a +1 bonus to  Initiative rolls. 
Seldom Caught Unawares (Stalker Gloves),,,,,,,,,,,,,,,+1,,,,,,,,,,,,,,,,,,,,,,,,,,,FALSE,,,,,,,,,FALSE,TRUE,Seldom Caught Unawares is a passive feature that grants a bonus to initiative rolls. ,You gain a +1 bonus to  Initiative rolls. 
Seldom Caught Unawares (+2),,,,,,,,,,,,,,,+2,,,,,,,,,,,,,,,,,,,,,,,,,,,FALSE,,,,,,,,,FALSE,TRUE,Seldom Caught Unawares is a passive feature that grants a bonus to initiative rolls. ,You gain a +2 bonus to  Initiative rolls. 
Selûne's Blessing,,,Perception,,ADV,WIS,,ADV,,,,,,,,,,,,,,,,,,,,,,,,,,,,,,,,,,FALSE,,,,,,,,,FALSE,TRUE,Selûne's Blessing is a passive feature that grants the wielder enhanced wisdom and eyesight. ,You gain  Advantage on Wisdom  Saving throws and Perception Checks. 
Selûne's Ire,,,,,,,,,,,,,,,,,,,,,,,,,,,,,,,,,,,,,,,,,,FALSE,,,,,,,,,TRUE,FALSE,"Selûne's Ire is a passive feature available to Moonlight Slivers, that lets them immediately deal Radiant damage to an attacker with  Selûne's Ire. ",The Sliver can immediately deal 12d12⁠Radiant damage to an attacker. It can use Selûne's Ire again after its next turn. 
Selûne's Protection,,,,,,,,,,,,,,,,,,,,,,,,,,,,,,,,,,,,,,,,,,FALSE,,,,,,,,,TRUE,FALSE,Selûne's Protection is a passive feature that increases your defenses against spells. ,"While the wearer has  Mage Armour, each successful  Saving throw causes the source of the Saving Throw to take 1-4⁠Radiant damage. "
Semblance of Fey,,,,,,"WIS, CHA, INT",,ADV,,,,,,,,,,,,,,,,,,,,,,,,,,,,,,,,,,FALSE,,,,,,,,,FALSE,TRUE,Semblance of Fey is a passive feature that increases the wearer's defenses against attacks against their mind. ,"You have  Advantage on Intelligence, Wisdom, and Charisma  Saving throws. "
Sentinel Weapon,,,Perception,,ADV,,,,,,,,,,+1,,,,,,,,,,,,,,,,,,,,,,,,,,,FALSE,,,,,,,,,FALSE,TRUE,Sentinel Weapon is a passive feature that lets the wielder move earlier and pay closer attention to their surroundings. ,Gain a +1 bonus to Initiative rolls and  Advantage on Perception Ability Checks. 
Sentinel: Opportunity Advantage,,,,,,,,,,,,,,,,,,,,,,,,,,,,,,,,,,,,,,,,,,FALSE,,,,,,,,,TRUE,FALSE,Sentinel: Opportunity Advantage is a passive feature obtainable by the Sentinel Feat. Users of this feature gain  Advantage on Opportunity Attacks. ,You gain  Advantage on Opportunity Attacks. 
Sentinel: Snare,,,,,,,,,,,,,,,,,,,,,,,,,,,,,,,,,,,,,,,,,,FALSE,,,,,,,,,TRUE,FALSE,Sentinel: Snare is a passive feature obtainable by the Sentinel Feat. Users of this feature are able to stop enemies in their tracks if you hit them with an Opportunity Attack. ,"When you hit a creature with an Opportunity Attack, it can no longer move for the rest of its turn. "
Sentinel: Vengeance,,,,,,,,,,,,,,,,,,,,,,,,,,,,,,,,,,,,,,,,,,FALSE,,,,,,,,,TRUE,FALSE,Sentintel: Vengeance is a passive feature obtainable by the Sentinel Feat. Users of this feature can attack enemies who attacks an ally within your melee range. ,"When an enemy in melee range attacks an ally, you can use a Reaction to make a weapon attack against that enemy. Target ally must not have the Sentinel feat. "
Shadeclinger,,,,,,,,,,,,,,,,,,,,,,,,,,,,,,,,,,,,,,,,,,FALSE,,,,,,,,,TRUE,FALSE,Shadeclinger is a passive feature that improves survivability while in shadow. ,"While Obscured, the wearer has  Advantage on  Saving throws. "
Shadespell,,,,,,,,,,,,,,,,,,,,,,,,,,,,,,,,,,,,,,,,,,FALSE,,,,,,,,,TRUE,FALSE,Shadespell is a passive feature that enhances your spells while in shadow. ,"While the wearer is obscured in shadow, their spells gain a +1 bonus to Spell Save DC, making them more likely to succeed. "
Shadow Ambush,,,,,,,,,,,,,,,,,,,,,,,,,,,,,,,,,,,,,,,,,,FALSE,,,,,,,,,TRUE,FALSE,Shadow Ambush is a passive feature that allows this creature to deal 4d8⁠Necrotic damage when attacking from the shadows. ,This creature deals an additional 4d8⁠Necrotic damage when attacking from the shadows. 
Shadow Blade,,,,,,,,,,,,,,,,,,,,,,,,,,,,,,,,,,,,,,,,,,FALSE,,,,,,,,,TRUE,FALSE,Shadow Blade is a passive feature that makes it easier to hit a target in shadow. ,You have  Advantage on Attack rolls against Lightly or Heavily Obscured targets when using this blade. 
Shadow Stealth,,,,,,,,,,,,,,,,,,,,,,,,,,,,,,,,,,,,,,,,,,FALSE,,,,,,,,,TRUE,FALSE,Shadow Stealth is a passive feature that allows its user to avoid  Opportunity Attacks when obscured. ,"While Lightly or Heavily Obscured, this creature does not provoke opportunity attacks when they move away from a foe. "
Shadow Veil,,,,,,,,,,,,,,,,,,,,,,,,,,,,,,,,,,,,,,,,,,FALSE,,,,,,,,,TRUE,FALSE,Shadow Veil is a Shadow Mastiff passive feature granting  Shadow Veil while obscured. ,"While Lightly or Heavily Obscured, the shadow mastiff is Resistant to non-magical ⁠Bludgeoning, ⁠Piercing, and ⁠Slashing damage. "
Shadow-Blinding,,,,,,,,,,,,,,,,,,,,,,,,,,,,,,,,,,,,,,,,,,FALSE,Blinded,2 Turns,14,CON,,,,,TRUE,FALSE,Shadow-Blinding is a passive feature that lets you blind your target. ,"If you attack with  Advantage, you have a chance to  Blind your target.[See: Bugs] "
Shadowblend,,,,,,,,,,,,,,,,,,,,,,,,,,,,,,,,,,,,,,,,,,FALSE,,,,,,,,,TRUE,FALSE,Shadowblend is a passive feature that allows the user to automatically become Invisible while obscured by darkness. ,"While Lightly or Heavily Obscured, this creature gains the ability to blend with shadows and become  Invisible. "
Shadowthief,,,,,,,,,,,,,,,,,,,,,,,,,,,,,,,,,,,,,,,,,,FALSE,,,,,,,,,TRUE,FALSE,Shadowthief is a passive feature that grants extra damage against obscured targets. ,"The wearer's weapon and unarmed attacks deal an additional   1d4 damage against  Lightly or  Heavily Obscured creatures, and creatures made of shadow. "
Shapechanger,,,,,,,,,,,,,,,,,,,,,,Shapechanger,,,,,,,,,,,,,,,,,,,,FALSE,,,,,,,,,FALSE,TRUE,Shapechanger lets a Transmutation wizard transform into a Blue Jay at will. ,You can cast the  Polymorph spell without expending a spell slot. 
Shapeshifter Slayer,,,,,,,,,,,,,,,,,,,,,,,,,,,,,,,,,,,,,,,,,,FALSE,,,,,,,,,TRUE,FALSE,Shapeshifter Slayer is a passive feature that increases damage against shapeshifted creatures. ,This weapon deals an additional   1d4 damage against shapeshifters or polymorphed creatures. 
Shapeshifter's Boon,,,,,,,,,,,,,,,,,,,,,,,,,,,,,,,,,,,,,,,,,,FALSE,,,,,,,,,TRUE,FALSE,Shapeshifter's Boon is a passive feature granted by  Shapeshifter's Boon Ring. ,"While shapeshifting or disguising yourself, gain a +1d4 bonus to all  Ability checks. "
Shar's Blessing,,,,,,,,,,,,,,,,,,,,,,,,,,,,,,,,,,,,,,,,,,FALSE,,,,,,,,,TRUE,FALSE,Shar's Blessing is a special passive feature granted to this weapon. ,"If Shar allows it, use this spear to kill Nightsong. "
Shar's Blessing (Shar's Spear of Evening),,,,,,,,,,,,,,,,,,,,,,,,,,,,,,,,,,,,,,,,,,FALSE,,,,,,,,,TRUE,FALSE,Shar's Blessing is a passive feature that protects the wielder from all harmful effects while obscured. ,You gain  Advantage on  Saving throws while Lightly or Heavily Obscured. This weapon deals an additional 1d6 damage to creatures that are Lightly or Heavily Obscured. 
Shar's Protection,,,,,,,,,,,,,,,,,,,,,,,,,,,,,,,,,,,,,,,,,,FALSE,,,,,,,,,TRUE,FALSE,Shar's Protection is a passive feature that further enhances Shield of Faith. ,"While the wearer has  Shield of Faith active, reduce all incoming damage by 2 and reflect damage received back at the attacker, who takes 1d4⁠Necrotic. "
Shar's Rules,,,,,,,,,,,,,,,,,,,,,,,,,,,,,,,,,,,,,,,,,,FALSE,,,,,,,,,TRUE,FALSE,Shar's Rules is a passive feature that reduces Ability Scores by 1 if player attacks different reflection. ,"Damaging a Reflection that is not your own causes Shar to intervene, reducing all Ability Scores by 1 until your next Long Rest. This reduction can stack up to 4 times. "
Shar's Sight,,,,,,,,,,,,,,,,,,,,,,,,,,Blinded,,,,,,,,,,,,,,,,FALSE,,,,,,,,,FALSE,TRUE,Shar's Sight is a passive feature that grants immunity to Blinded. ,The Justiciar can't be  Blinded. 
Shar's Umbrae,,,,,,,,,,,,,,,,,,,,,,,,,,,,,,,,,,,,,,,,,,FALSE,,,,,,,,,TRUE,FALSE,Shar's Umbrae is a passive feature that helps the wearer stay undetected. ,"While obscured, the wearer has  Advantage on Stealth Checks. "
Sharp Caster,,,,,,,,,,,,,,,,,,,,,,,,,,,,,,,,,,,,,,,,,,FALSE,,,,,,,,,TRUE,FALSE,"Sharp Caster is a passive feature that rerolls low damage die, once. ","When you roll a 1 or 2 on a damage die(s) for a Spell Attack, that die(s) is rerolled once. "
Sharpened Snare,,,,,,,,,,,,,,,,,,,,,,,,,,,,,,,,,,,,,,,,,,FALSE,,,,,,,,,TRUE,FALSE,Sharpened Snare is a passive feature that makes enemies more susceptible to damage. ,Creatures have  Disadvantage on  Saving throws when resisting your attacks and spells that inflict  Restrained. 
Sharpshooter: All In,,,,,,,,,,,,,,,,,,,,,,,,,,,,,,,,,,,,,,,,,,FALSE,,,,,,,,,TRUE,FALSE,Sharpshooter: All In is a toggleable passive feature obtainable by the Sharpshooter Feat. Users of this feature are able to deal great damage at the cost of accuracy. ,"Ranged weapon attacks with weapons you are Proficient with have a -5 penalty to their Attack roll, but deal an additional 10 damage. "
Sharpshooter: Low Ground,,,,,,,,,,,,,,,,,,,,,,,,,,,,,,,,,,,,,,,,,,FALSE,,,,,,,,,TRUE,FALSE,Sharpshooter: Low Ground is a passive feature obtainable by the Sharpshooter Feat. Users of this feature don't receive any penalty when attacking from below their target. ,Your ranged weapon attacks are not penalized for High Ground Rules. 
Sharran Veil,,,,,,,2,,,,,,,,,,,,,,,,,,,,,,,,,,,,,,,,,,,FALSE,,,,,,,,,FALSE,TRUE,Sharran Veil is a passive feature that enhances one of your existing spells. ,Shield of Faith also grants you a +2 to all  Saving throws. 
Shelter,,,,,,,,,,,,,,,,,,,,,,,,,,,,,,,,,,,,,,,,,,FALSE,,,,,,,,,TRUE,FALSE,Shelter is a passive feature that increases defenses against being charmed. ,You have  Advantage on  Saving throws against  Charmed. 
Shield Bash,,,,,,,,,,,,,,,,,,,,,,Shield Blow,,,,,,,,,,,,,,,,,,,,FALSE,,,,,,,,,FALSE,TRUE,"Shield Bash is a passive feature granted by many Shields that allows you to strike back at an enemy that hits you, knocking them  Prone. ","When a foe hits you with a melee attack, you can use your reaction to knock it  Prone unless they succeed a  Dexterity saving throw. "
Shield Conduit,,,,,,,,,,,,,,,,,,,,,,,,,,,,,,,,,,,,,,,,,,FALSE,Force Conduit,2 Turns,,,,,,,TRUE,FALSE,Shield Conduit is a passive feature that reduces physical damage taken. ,The shield shrouds the wearer with  Force Conduit at the start of its turn in combat. 
Shield Master,,,,,,,,,,,,,,,,,,,,,,,,,,,,,,,,,,,,,,,,,,FALSE,,,,,,,,,TRUE,FALSE,Shield Master is a passive feature obtainable by the Shield Master Feat. Users of this feature gain bonuses to their  Dexterity saving throw while wielding a Shield. ,Gain a +2 bonus to  Dexterity  Saving throws when wielding a Shield. 
Shield Master: Block,,,,,,,,,,,,,,,,,,,,,,,,,,,,,,,,,,,,,,,,,,FALSE,,,,,,,,,TRUE,FALSE,,"If a spell forces you to make a  Dexterity saving throw, you can use your Reaction to shield yourself and diminish the effect's damage. Properties Technical details  "
Shocking Sting,,,,,,,,,,,,,,,,,,,,,,,,,,,,,,,,,,,,,,,,,,FALSE,Shocking Grasp,2 Turns,13,CON,,,,,TRUE,FALSE,Shocking Sting is a passive feature that lets the weapon shock your target. ,"On a hit, possibly  Shock[See: Bugs] your target. "
Shockwave,,,,,,,,,,,,,,,,,,,,,,,,,,,,,,,,,,,,,,,,,,FALSE,,,,,,,,,TRUE,FALSE,Shockwave is a toggleable passive feature that causes a shockwave after you jump. ,"When the wearer  Jumps, they deal 1d4⁠Thunder damage in a  3 m / 10 ft radius upon landing. "
Shoe Slinger,,,,,,,,,,,,,,,,,,,,,,,,,,,,,,,,,2d4,Psychic,,,,,,,,FALSE,,,,,,,,,FALSE,TRUE,Shoe Slinger is a passive feature that allows the shoes to be thrown at an enemy. ,Returns to its owner when thrown. On a hit deal an additional 2d4⁠Psychic damage. 
Shortened Stride,,,,,,,,,,,,,,,,,,,,,,,,,,,,,,,,,,,,,,,,,,FALSE,,,,,,,,,TRUE,FALSE,Shortened Stride is a passive feature that shortens a creature's movement speed. ,Your movement speed is  7.5 m / 25 ft. 
Shunt Through Space,,,,,,,,,,,,,,,,,,,,,,,,,,,,,,,,,,,,,,,,,,FALSE,,,,,,,,,TRUE,FALSE,Shunt Through Space is a passive feature unique to Ptaris that lets him teleport after being damaged. ,"Using a  Reaction after being damaged, Ptaris teleports as far as he can from the attacker. "
Sign of Ill Omen,,,,,,,,,,,,,,,,,,,,,,,Bestow Curse,,,,,,,,,,,,,,,,,,,FALSE,,,,,,,,,FALSE,TRUE,Sign of Ill Omen is an Eldritch Invocation from the Warlock class. You learn how to cast Bestow Curse. ,You can cast  Bestow Curse with a Warlock Spell Slot. 
Silent,,,,,,,,,,,,,,,,,,,,,,,,,,,,,,,,,,,,,,,,,,FALSE,,,,,,,,,TRUE,FALSE,Silent is a Passive Feature that prevent a creature from casting spells. ,This creature can't speak or cast spells that have a verbal component 
Skilled,,,,,,,,,,,,,,,,,,,,,,,,,,,,,,,,,,,,,,,,,,FALSE,,,,,,,,,TRUE,FALSE,Skilled is a passive feature obtainable by a Feat of the same name. You gain Proficiency in 3 Skills of your choice. ,You gain Proficiency in 3 Skills of your choice. 
Skinburster Force,,,,,,,,,,,,,,,,,,,,,,,,,,,,,,,,,,,,,,,,,,FALSE,Force Conduit,2 Turns,,,,,,,TRUE,FALSE,Skinburster Force is a passive feature. ,"When the wielder deals melee damage with this weapon, they gain 2 turns of  Force Conduit. "
Skittish,,,,,,,,,,,,,,,,,,,,,,,,,,,,,,,,,,,,,,,,,,FALSE,Frightened,2 Turns,,,,,,,TRUE,FALSE,Skittish is a passive feature of Owlbear Cubs that lets them flee for 2 turns when badly injured ,Will flee for 2 turns when badly hurt. 
Skullduggery Attack,,,,,,,,,,,,,,,,,,,,,,,,,,,,,,,,,,,,,,,,,,FALSE,,,,,,,,,TRUE,FALSE,Skullduggery Attack is a passive feature that adds force damage to a rogue's sneak attack. ,Your  Sneak Attack deals an additional 1d4⁠ForceDRS damage. 
Slabjaw Determination,,,,,,,,,,,,,,,,,,,,,,,,,,,,,,,,,,,,,,,,,,FALSE,,,,,,,,,TRUE,FALSE,Slabjaw Determination is a passive feature that increases your health while you rage. ,You gain  15 temporary hit points whenever you  Rage. 
Slay the Wicked,,,,,,,,,,,,,,,,,,,,,,,,,,,,,,,,,,,,,,,,,,FALSE,,,,,,,,,TRUE,FALSE,Slay the Wicked is a passive feature that increases damage against Fiends and Undead. ,This weapon deals an additional 1d6⁠Slashing damage against Fiends and Undead. 
Slay the Wicked (Bludgeoning),,,,,,,,,,,,,,,,,,,,,,,,,,,,,,,,,,,,,,,,,,FALSE,,,,,,,,,TRUE,FALSE,Slay the Wicked is a passive feature that increases damage against Fiends and Undead. ,This weapon deals an additional 1d6⁠Bludgeoning damage against Fiends and Undead. 
Slayer Knowledge,,,,,,,,,,,,,,,,,,,,,,,,,,,,,,,,,,,,,,,,,,FALSE,,,,,,,,,TRUE,FALSE,Slayer Knowledge is a special passive feature granted to you by a book from Volo. ,You have Advantage on Saving Throws against being  Frightened by a Bhaalspawn Slayer - the tome Volo found was very informative. 
Slayer's Extra Attack,,,,,,,,,,,,,,,,,,,,,,,,,,,,,,,,,,,,,,,,,,FALSE,,,,,,,,,TRUE,FALSE,"Slayer's Extra Attack is a passive feature available to the Slayer, granting it two additional attacks. ",You can make one additional attack after attacking with your main-hand weapon. 
Slayer's Improved Extra Attack,,,,,,,,,,,,,,,,,,,,,,,,,,,,,,,,,,,,,,,,,,FALSE,,,,,,,,,TRUE,FALSE,"Slayer's Improved Extra Attack is a passive feature available to the Slayer, granting it two additional attacks. ",You can make two additional attacks after attacking with your main-hand weapon. 
Slow Fall,,,,,,,,,,,,,,,,,,,,,,Slow Fall,,,,,,,,,,,,,,,,,,,,FALSE,,,,,,,,,FALSE,TRUE,Slow Fall is a toggleable passive feature gained by Monks at Level 4. Slow Fall allows the Monk to gain Resistance to falling damage. ,"When you fall, you can use your reaction to gain Resistance to Falling damage. "
Slow: Actions,,,,,,,,,,,,,,,,,,,,,,,,,,,,,,,,,,,,,,,,,,FALSE,,,,,,,,,TRUE,FALSE,Slow: Actions is a passive feature applied to a target afflicted with  Slowed and is a component of the Slow effect. ,"You can't take both an action and a bonus action. If you take an action, you lose a bonus action, and vice versa. You also can't make more than 1 attack per turn. "
Slow: Casting,,,,,,,,,,,,,,,,,,,,,,,,,,,,,,,,,,,,,,,,,,FALSE,,,,,,,,,TRUE,FALSE,Slow: Casting is a passive feature applied to a target afflicted with  Slowed and is a component of the Slow effect. ,"If you cast a spell that costs 1  Action, roll a d20. On 11 or higher, you hang in prepare phase and skip turn. On your next turn you must spend an action point and finish casting. If you don't have an action point, the spell is cancelled. "
Smite the Graceless,,,,,,,,,,,,,,,,,,,,,,,,,,,,,,,,,,,,,,,,,,FALSE,,,,,,,,,TRUE,FALSE,Smite the Graceless is a passive feature that retaliates against attackers with radiant damage. ,Creatures who miss their Attack rolls against the wearer must make a DC 14  Dexterity saving throw or take 1d4⁠Radiant damage. 
Smooth Start,,,,,,,,,,,,,,,,,,,,,,,,,,,,,,,,,,,,,,,,,,FALSE,Momentum,3 Turns,,,,,,,TRUE,FALSE,Smooth Start is a passive feature that allows the wearer to move quickly at the start of combat. ,"At the start of combat, the wearer gains  Momentum for 3 turns. "
Sneaky Riposte,,,,,,,,,,,,,,,,,,,,,,,,,,,,,,,,,,,,,,,,,,FALSE,,,,,,,,,TRUE,FALSE,Sneaky Riposte is a passive feature that lets a character make a reaction which deals Sneak Attack damage if they have  Advantage ,"Strike a foe that just missed you with an attack, inflicting Sneak Attack damage if you have Advantage. "
Snowburst,,,,,,,,,,,,,,,,,,,,,,,,,,,,,,,,,,,,,,,,,,FALSE,,,,DEX,,,,,TRUE,FALSE,Snowburst is a passive feature that creates ice surfaces wherever the wearer deals cold damage. ,"When the wearer deals ⁠Cold damage, they also create a  4.5 m / 15 ft circle of  Ice around the target(s). "
Snowy Liver,,,,,,,,,,,,,,,,,,,,,,,,,,,,,,,,,,,,,,,,,,FALSE,,,,,,,,,TRUE,FALSE,Snowy Liver is a passive feature that grants enahnced constitution damage and resistance. ,"While  Drunk you have  Advantage on Constitution  Saving throws, and you gain Temporary Hit Points equal to your Constitution Modifier at the start of your turn. "
Song of Defence,,,,,,,,,,,,,,,,,,,,,,,,,,,,,,,,,,,,,,,,,,FALSE,,,,,,,,,TRUE,FALSE,Song of Defence is a passive feature/reaction available to Bladesinging wizards which lets them expend spell slots to reduce incoming damage. ,"When you take damage during your  Bladesong, you can expend a spell slot to subtract 5 damage per spell slot. "
Soothing Songs,,,,,,,,,,,,,,,,,,,,,,,,,,,,,,,,,,,,,,,,,,FALSE,,,,,,,,,TRUE,FALSE,Soothing Songs is a passive feature that adds healing every time they inspire an ally. ,"When you inspire an ally using  Bardic Inspiration, they also regain 1d6⁠hit points. "
Soul Catching,,,,,,,,,,,,,,,,,,,,,,"Soul Catching Boon, Soul Catching Prowess, Soul Snare: Heal",,,,,,,,,,,,,,,,,,,,FALSE,Grasp Essence,2 Turns,,,,,,,FALSE,TRUE,"Soul Catching is a passive feature granted to the wearer of the  Gloves of Soul Catching. After landing an unarmed or throwing attack, the wearer can heal 10 hit points or gain a +5 bonus to a single attack roll or saving throw. Only one of these options can be used each turn. ","Once per turn, on an unarmed hit, you regain 10⁠hit points. Alternatively, you may forego healing to gain a +5 bonus on an Attack roll or  Saving throw until the end of your next turn.[See: Bugs] "
Soul Fist,,,,,,,,,,,,,,,,,,,,,,,,,,,,,,,,,,,,,,,1d10,Force,,FALSE,,,,,,,,,FALSE,TRUE,Soul Fist is a passive feature that adds force damage to their wearer's arsenal. ,Your unarmed attacks deal an additional 1d10⁠Force damage. 
Soul Perception,,,Perception,+2,,,,,,,,,,,+2,,,,,,,,,,,,,,,,,,,,,+2,,,,,,FALSE,,,,,,,,,FALSE,TRUE,"Soul Perception is a passive feature that gives the wearer bonuses to their hit chance, initiative and perception. ","Gain a +2 bonus to Attack rolls,  Initiative Rolls, and Perception Checks. "
Soul Pillar Proximity,,,,,,,,,,,,,,,,,,,,,,,,,,,,,,,,,,,,,,,,,,FALSE,,,,,,,,,TRUE,FALSE,Soul Pillar Proximity is a unique Raphael passive feature that grants him bonuses for being close to his Soul Pillars. ,"For each remaining Soul Pillar, Raphael's attacks deal an additional 1d12⁠Fire damage and he has a +3 bonus to his Dexterity Checks and Saving Throws. "
Soul Reaper,,,,,,,,,,,,,,,,,,,,,,,,,,,,,,,,,,,,,,,,,,FALSE,,,,,,,,,TRUE,FALSE,Soul Reaper is a unique Raphael passive feature makes him extra deadly when he Downs a creature. ,"When Raphael reduces an enemy's hit points to 0, he  Severs the soul from their body. "
Spark Blocker,,,,,,,,,,,,,,,,,,,,,,,,,,Electrocuted,,,,,,,,,,,,,,,,FALSE,,,,,,,,,FALSE,TRUE,Spark Blocker is a passive feature that prevents the wearer from being electrocutted. ,The wearer can't be  Electrocuted. 
Sparkswall Armour,,,,,,,,,,,,,,,,,,,,,,,,,,,,,,,,,,,,,,,,,,FALSE,,,,,,,,,TRUE,FALSE,Sparkswall Armour is a passive feature that boosts the benefits of having lightning charges. ,The wearer has +1 to  Armour Class and  Saving throws as long as they have  Lightning Charges. 
Speedy Sparks,,,,,,,,,,,,,,,,,,,,,,,,,,,,,,,,,,,,,,,,,,FALSE,Lightning Charges,3 Turns,,,,,,,TRUE,FALSE,Speedy Sparks is a passive feature that grants lightning charges to the wearer when they dash. ,"When the wearer  Dashes or takes a similar action in combat, they gain 3  Lightning Charges "
Spell Amplification,,,,,,,,,,,,,,,,,,,,,,,,,,,,,,,,,,,,,,,,,,FALSE,,,,,,,,,TRUE,FALSE,Spell Amplification is a passive feature that grants extra spells. ,You gain an additional  Level 2 Spell Slot. 
Spell Resistance,,,,,,,,,,,,,,,,,,,,,,,,,,,,,,,,,,,,,,,,,,FALSE,,,,,,,,,TRUE,FALSE,Spell Resistance is a passive feature that grants the wielder resistance against magical spells. ,You have  Advantage on  Saving throws against spells. 
Spell Sniper,,,,,,,,,,,,,,,,,,,,,,,,,,,,,,,+1,,,,,,,,,,,FALSE,,,,,,,,,TRUE,FALSE,"Spell Sniper is a passive feature obtainable by a Feat of the same name. Users with this feature have learned an additional cantrip, and are more likely to critical hit with a spell. ","You learn a cantrip, and the number you need to roll a Critical Hit while attacking with a Spell is reduced by 1. This effect can stack. The cantrip must be one of: "
Spellguard,,,,,,,,,,,,,,,,,,,,,,,,,,,,,,,,,,,,,,,,,,FALSE,,,,,,,,,TRUE,FALSE,Spellguard is a passive feature that offers excellent protection against spells. ,You gain  Advantage on  Saving throws against spells. Spell Attack Rolls against you have  Disadvantage. 
Spellmight,,,,,,,,,,,,,,,,,,,,,,,,,,,,,,,,,,,,,,,,,,FALSE,,,,,,,,,TRUE,FALSE,"Spellmight is a toggleable passive feature that allows a caster to steady their hand, dealing excellent damage if it hits, ","When casting a spell that requires an Attack roll, you can take a -5 penalty to the roll to deal an additional   1d8 damage. "
Spider Fall,,,,,,,,,,,,,,,,,,,,,,,,,,,,,,,,,,,,,,,,,,FALSE,,,,,,,,,TRUE,FALSE,Spider Fall is a passive feature available to druids using the  Giant Spider wild shape. ,"A network of spider silk slows the spider's fall, making it Resistant to Falling damage. "
Spider Step,,,,,,,,,,,,,,,,,,,,,,,,,,Enwebbed,,,,,,,,,,,,,,,,FALSE,,,,,,,,,FALSE,TRUE,Spider Step is a passive feature that prevents the user from being affected by web surfaces. ,Immune to being  Enwebbed. Your Movement Speed is not affected by  Web surfaces. 
Spiteful Thunder,,,,,,,,,,,,,,,,,,,,,,,,,,,,,,,,,,,,,,,,,,FALSE,Dazed,2 Turns,13,CON,,,,,TRUE,FALSE,Spiteful Thunder is a passive feature that can daze the wearer's reverberating targets. ,"When the wearer deals ⁠Thunder damage to a  Reverberating creature, it becomes  Dazed unless it succeeds a  Constitution saving throw. "
Splinters of a Giant's Might,,,,,,,,,STR,19,19,,,,,,,,,,,,,,,,,,,,,,,,,,,,,,,FALSE,,,,,,,,,FALSE,TRUE,"Splinters of a Giant's Might is a passive feature that increases the user's Strength, up to a minimum of 19. ",Increases Strength to 19. 
Split Enchantment,,,,,,,,,,,,,,,,,,,,,,,,,,,,,,,,,,,,,,,,,,FALSE,,,,,,,,,TRUE,FALSE,Split Enchantment is an Enchantment School Wizard toggleable passive feature that enables you to target 2 creatures when casting an Enchantment school spell that normally only targets 1. ,You know your enchantments inside and out. You can target 2 creatures with Enchantment spells that would normally only target 1 creature. Single target Enchantment Wizard Spells: 
Spore Sacks,,,,,,,,,,,,,,,,,,,,,,,,,,,,,,,,,,,,,,,,,,FALSE,,,,,,,,,TRUE,FALSE,Spore Sacks is a passive feature that grants extra spore druid abilities. ,"While imbued with  Symbiotic Entity, you can spread  Bibberbang Spores,  Timmask Spores, and  Haste Spores. "
Spreading Spores,,,,,,,,,,,,,,,,,,,,,,Spreading Spores,,,,,,,,,,,,,,,,,,,,FALSE,,,,,,,,,FALSE,TRUE,Spreading Spores is a Circle of the Spores Druid passive feature that allows you to attack an area with a cloud of Spreading Spores ,"While  Symbiotic Entity is active, you can create a cloud of  Spreading Spores. "
Sprouting Necrosis,,Sprouting Necrosis,,,,,,,,,,,,,,,,,,,,,,,,,,,,,,,,,,,,,,,,FALSE,,,,,,,,,FALSE,TRUE,Sprouting Necrosis is a passive feature found on a couple Shadow-Cursed Blight creatures. ,"At the end of its turns, Shadow-Cursed Vines will sprout at this creature's feet. "
Staff of the Ram,,,,,,,,,,,,,,,,,,,,,,,,,,,,,,,,,,,,,,,,,,FALSE,Stunned,1 Turn,8,CON,,,,,TRUE,FALSE,Staff of the Ram is a passive feature that knocks back and stuns targets. ,"Once per turn, the blow possibly knocks a foe back  2 m / 7 ft and  Stuns them. This has no effect on dragons or Huge creatures. "
Stalker's Flurry,,,,,,,,,,,,,,,,,,,,,,,,,,,,,,,,,,,,,,,,,,FALSE,,,,,,,,,TRUE,FALSE,Stalker's Flurry is a Gloom Stalker Ranger passive feature that lets you continue attacking when you miss. ,"When you miss with a weapon attack, you can make another one for free. "
Starry Form,,,,,,,,,,,,,,,,,,,,,,"Starry Form: Archer, Starry Form: Chalice, Starry Form: Dragon",,,,,,,,,,,,,,,,,,,,FALSE,,,,,,,,,FALSE,TRUE,Starry Form is a passive feature that grants starry forms to Circle of the Stars druids. ,"You can expend a  Wild Shape Charge to take on a Starry Form rather than transforming into a beast. You can take on  Starry Form: Archer,  Starry Form: Chalice, or  Starry Form: Dragon. "
Steadfast,,,,,,,,,,,,,,,,,,,,,,,,,,,,,,,,,,,,,,,,,,FALSE,,,,,,,,,TRUE,FALSE,Steadfast is a passive feature that prevents the wearer from being forcibly moved. Also ignores difficult terrain. ,"You cannot be forcibly moved by a foe's spells or actions, and you ignore the effects of  Difficult Terrain. "
Stealthier,,,,,,,,,,,,,,,,,,,,,,,,,,,,,,,,,,,,,,,,,,FALSE,,,,,,,,,TRUE,FALSE,Stealthier is a passive feature that helps the wearer hide and move undetected while in shadow. ,"While Obscured, the wearer gains +3 bonus to Stealth Checks "
Stealthy,,,Stealth,+1,,,,,,,,,,,,,,,,,,,,,,,,,,,,,,,,,,,,,,FALSE,,,,,,,,,FALSE,TRUE,Stealthy is a passive feature that improves the wielders ability to sneak around undetected. ,Gain a +1 bonus to Stealth Checks. 
Stealthy Critical,,,,,,,,,,,,,,,,,,,,,,,,,,,,,,,,,,,,,,,,,,FALSE,,,,,,,,,TRUE,FALSE,Stealthy Critical is a passive feature that increases the wearer's critical chance when hiding. ,"While  Hiding, the number you need to roll a Critical Hit while attacking is reduced by 1. This effect can stack. "
Steel Physiology,,,,,,,,,,,,,,,,"Bludgeoning, Piercing, Slashing",1,,,,,,,,,,,,,,,,,,,,,,,,,FALSE,,,,,,,,,FALSE,TRUE,Steel Physiology is a passive feature that reduces incoming physical damage ,"Reduce incoming ⁠Bludgeoning, ⁠Piercing, and ⁠Slashing damage by 1. "
Steel Will,,,,,,,,,,,,,,,,,,,,,,,,,,,,,,,,,,,,,,,,,,FALSE,,,,,,,,,TRUE,FALSE,Steel Will is a Hunter Ranger passive feature that strengthens your mind against fear. ,Advantage on  Saving throws against being  Frightened. 
Steeped in Slaughter,,,,,,,,,,,,,,,,,,,,,,,,,,,,,,,,,,,,,,,,,,FALSE,,,,,,,,,TRUE,FALSE,Steeped in Slaughter is a passive feature of Redcap's that lets them attacks at advantage against Bleeding foes. ,Has  Advantage on Attack Rolls made against  Bleeding foes. 
Stillness of Mind,,,,,,,,,,,,,,,,,,,,,,,,,,,,,,,,,,,,,,,,,,FALSE,,,,,,,,,TRUE,FALSE,Stillness of Mind is a Monk passive feature that automatically calms the user if they are Charmed or Frightened. ,"If you are  Charmed or  Frightened, you automatically cast  Stillness of Mind to remove the condition. "
Sting The Helpless,,,,,,,,,,,,,,,,,,,,,,,,,,,,,,,,,,,,,,,,,,FALSE,,,,,,,,,TRUE,FALSE,Sting The Helpless is a passive feature that allows a creature to inflict additional poison damage to a restrained enemy. ,A Drow wielding this weapon deals an additional 1d4⁠Poison against  Restrained targets. 
Stirring Execution,,,,,,,,,,,,,,,,,,,,,,,,,,,,,,,,,,,,,,,,,,FALSE,,,,,,,,,TRUE,FALSE,Stirring Execution is a passive feature which grants allies temporary hit points based on their respective Charisma modifiers when the wielder of  Duke Ravengard's Longsword kills an enemy. ,"When you kill an enemy, allies within  9 m / 30 ft gain temporary hit points equal to your[See: Bugs] Charisma Modifier (minimum 1). "
Stone Camouflage,,,Stealth,,ADV,,,,,,,,,,,,,,,,,,,,,,,,,,,,,,,,,,,,,FALSE,,,,,,,,,FALSE,TRUE,Stone Camouflage is a passive feature available to Deep Gnome characters that grants them Advantage on Stealth checks. ,You have  Advantage on  Stealth checks. 
Strange Conduit,,,,,,,,,,,,,,,,,,,,,,,,,,,,,,,,,,,,,,,,,,FALSE,,,,,,,,,TRUE,FALSE,Strange Conduit Ring is a passive feature that adds psychic damage to weapon attacks while concentrating on a spell. ,"When Concentrating on a spell, the wearer's weapon attacks deal an additional 1d4⁠Psychic damage. "
Strength of the Grave,,,,,,,,,,,,,,,,,,,,,,,,,,,,,,,,,,,,,,,,,,FALSE,,,,,,,,,TRUE,FALSE,Strength of the Grave is a passive feature that prevents the first death. ,"After reaching 0 Hit Points, you regain 1 instead of becoming downed. "
Strider Movement,,Longstrider,,,,,,,,,,,,,,,,,,,,,,,,,,,,,,,,,,,,,,,,FALSE,,,,,,,,,FALSE,TRUE,Strider Movement is a passive feature that increases the user's movement speed. ,You gain  Longstrider. 
Strongheart Resilience,,,,,,,,,,,,,,,,,,,,,,,,,,,,,Poison,,,,,,,,,,,,,FALSE,,,,,,,,,TRUE,FALSE,Strongheart Resilience is a passive feature available to all Strongheart Halflings. It grants them Advantage against poison saving throws and Resistance against poison damage. ,You have  Advantage on Saving Throws against being  Poisoned and Resistance to ⁠Poison damage. 
Stun Immunity,,,,,,,,,,,,,,,,,,,,,,,,,,Stunned,,,,,,,,,,,,,,,,FALSE,,,,,,,,,FALSE,TRUE,Stun Immunity is a passive feature that prevents the wielder from being stunned. ,You can't be  Stunned. 
Stygian Empowerment,,,,,,,,,,,,,,,,,,,,,,,,,,,,,,,,,,,,,,,,,,FALSE,,,,,,,,,TRUE,FALSE,"Stygian Empowerment is a passive feature available to Vengeful Cambions, that lets them deal additional damage while in proximity of Raphael. ",Affected entity's weapon attacks deal an additional 3~18 ⁠Piercing damage while within 18m of Raphael 
Subtle Swap,,,,,,,,,,,,,,,,,,,,,,,,,,,,,,,,,,,,,,,,,,FALSE,,,,,,,,,TRUE,FALSE,Subtle Swap is a passive feature that improves throwing ability and potentially swaps position with the target. ,"You gain a +1 bonus to Attack rolls when throwing, and may swap positions with the target if they fail a  Dexterity saving throw. "
Sun Sickness,,,,,,,,,,,,,,,,,,,,,,,,,,,,,,,,,,,,,,,,,,FALSE,,,,,,,,,TRUE,FALSE,Sun Sickness is a passive feature available to certain myconid creatures. ,"While in sunlight, has  Disadvantage on Ability Checks, Attack Rolls, and Saving Throws. "
Sunlight Hypersensitivity,,,,,,,,,,,,,,,,,,,,,,,,,,,,,,,,,,,,,,,,,,FALSE,,,,,,,,,TRUE,FALSE,"Sunlight Hypersensitivity is a passive feature that causes a creature to take ⁠Radiant damage, and have attack roll and ability check disadvantage while in sunlight. ","This creature takes 20⁠Radiant damage if it starts its turn in sunlight. While sunlit, it has  Disadvantage on Attack rolls and  Ability checks. "
Sunlight Sensitivity,,,,,,,,,,,,,,,,,,,,,,,,,,,,,,,,,,,,,,,,,,FALSE,,,,,,,,,TRUE,FALSE,Sunlight Sensitivity is a passive feature that imposes penalties when in sunlight. ,"While in sunlight, this creature has  Disadvantage on Attack Rolls and Perception checks that rely on sight. "
Sunlight Weakness,,,,,,,,,,,,,,,,,,,,,,,,,,,,,,,,,,,,,,,,,,FALSE,,,,,,,,,TRUE,FALSE,Sunlight Weakness is a passive feature that imposes strong penalties when in sunlight. ,"While in sunlight, this creature has  Disadvantage on Attack Rolls and Saving Throws. "
Sunwalker's Gift,,,,,,,,,,,,,,,,,,12,,,,,,,,,,,,,,,,,,,,,,,,FALSE,,,,,,,,,FALSE,TRUE,Sunwalker's Gift is a passive feature that grants darkvision. ,The wearer can see in the dark up to  12 m / 40 ft. 
Superior Darkvision,,,,,,,,,,,,,,,,,,24,,,,,,,,,,,,,,,,,,,,,,,,FALSE,,,,,,,,,FALSE,TRUE,"Superior Darkvision is a passive feature that prevents  Disadvantage when attacking creatures in the dark within 24 m / 80 ft, double the distance of normal  Darkvision. ",Can see in the dark up to 24 m / 80 ft. 
Superior Material (-1),,,,,,,,,,,,,,,,Slashing,1,,,,,,,,,,,,,,,,,,,,,,,,,FALSE,,,,,,,,,FALSE,TRUE,Superior Material is a passive feature that reduces damage from slashing attacks. ,You take 1 less ⁠Slashing damage. 
Superior Material (-2),,,,,,,,,,,,,,,,Slashing,2,,,,,,,,,,,,,,,,,,,,,,,,,FALSE,,,,,,,,,FALSE,TRUE,Superior Material is a passive feature that provides some damage reduction. ,You take 2 less ⁠Slashing damage. 
Superior Padding (-1),,,,,,,,,,,,,,,,Bludgeoning,1,,,,,,,,,,,,,,,,,,,,,,,,,FALSE,,,,,,,,,FALSE,TRUE,Superior Padding is a passive feature that lets the owner take less bludgeoning damage. ,You take 1 less ⁠Bludgeoning damage. 
Superior Padding (-2),,,,,,,,,,,,,,,,Bludgeoning,2,,,,,,,,,,,,,,,,,,,,,,,,,FALSE,,,,,,,,,FALSE,TRUE,Superior Padding is a passive feature that lets the owner take less bludgeoning damage. ,You take 2 less ⁠Bludgeoning damage. 
Superior Plate (-1),,,,,,,,,,,,,,,,Piercing,1,,,,,,,,,,,,,,,,,,,,,,,,,FALSE,,,,,,,,,FALSE,TRUE,Superior Plate is a passive feature that lets the owner take less piercing damage. ,You take 1 less ⁠Piercing damage. 
Superior Plate (-2),,,,,,,,,,,,,,,,Piercing,2,,,,,,,,,,,,,,,,,,,,,,,,,FALSE,,,,,,,,,FALSE,TRUE,Superior Plate is a passive feature that lets the owner take less piercing damage. ,You take 2 less ⁠Piercing damage. 
Supreme Githyanki Parry,,,,,,,,,,,,,,,,,,,,,,,,,,"Blinded, Incapacitated, Restrained",,,,,,,,,,,,,,,,FALSE,Ready to Parry,1 Turn,,,,,,,TRUE,FALSE,"Supreme Githyanki Parry is an NPC-exclusive passive feature and reaction that allows githyanki warriors to parry attacks with their greatswords, reducing incoming damage by 20. ","Parry unarmed and weapon attacks to reduce their damage by 20. You must be wielding a Greatsword and you can't be Incapacitated, Blinded[See Notes], or Restrained. "
Surge Accuracy,,,,,,,,,,,,,,,,,,,,,,,,,,,,,,,,,,,,,,,,,,FALSE,Burst of Accuracy,1 Turn,,,,,,,TRUE,FALSE,Surge Accuracy is a passive feature that makes you more likely to hit after you action surge. ,"When you use  Action Surge, gain a   +1d4 bonus to Attack rolls for the rest of your turn. "
Swamp I,,,,,,,,,,,,,,,,,,,,,,,"Melf's Acid Arrow, Darkness",,,,,,,,,,,,,,,,,,,FALSE,,,,,,,,,FALSE,TRUE,Swamp is a passive feature available to Circle of the Land Druids that pick this as their Land. It grants a couple extra spells every two levels ,You can cast  Melf's Acid Arrow and  Darkness. At higher levels You can cast  Stinking Cloud and  Vampiric Touch. You can cast  Blight and  Grasping Vine. You can cast  Contagion and  Cloudkill. 
Swamp II,,,,,,,,,,,,,,,,,,,,,,,"Stinking Cloud, Vampiric Touch",,,,,,,,,,,,,,,,,,,FALSE,,,,,,,,,FALSE,TRUE,Swamp is a passive feature available to Circle of the Land Druids that pick this as their Land. It grants a couple extra spells every two levels ,You can cast  Melf's Acid Arrow and  Darkness. At higher levels You can cast  Stinking Cloud and  Vampiric Touch. You can cast  Blight and  Grasping Vine. You can cast  Contagion and  Cloudkill. 
Swamp III,,,,,,,,,,,,,,,,,,,,,,,"Blight, Grasping Vine",,,,,,,,,,,,,,,,,,,FALSE,,,,,,,,,FALSE,TRUE,Swamp is a passive feature available to Circle of the Land Druids that pick this as their Land. It grants a couple extra spells every two levels ,You can cast  Melf's Acid Arrow and  Darkness. At higher levels You can cast  Stinking Cloud and  Vampiric Touch. You can cast  Blight and  Grasping Vine. You can cast  Contagion and  Cloudkill. 
Swamp IV,,,,,,,,,,,,,,,,,,,,,,,"Contagion, Cloudkill",,,,,,,,,,,,,,,,,,,FALSE,,,,,,,,,FALSE,TRUE,Swamp is a passive feature available to Circle of the Land Druids that pick this as their Land. It grants a couple extra spells every two levels ,You can cast  Melf's Acid Arrow and  Darkness. At higher levels You can cast  Stinking Cloud and  Vampiric Touch. You can cast  Blight and  Grasping Vine. You can cast  Contagion and  Cloudkill. 
Swathed in Shadow,,,,,,,,,,,,,,,,,,,,,,,,,,,,,,,,,,,,,,,,,,FALSE,,,,,,,,,TRUE,FALSE,"Swathed in Shadow is a passive feature that allows the wearer to resist spells better, while in shadow. ","While Obscured by shadow, the wearer gains +1 to  Saving throws when attacked.[See: Bugs] "
Sweet Bloodletting,,,,,,,,,,,,,,,,,,,,,,,,,,,,,,,,,,,,,,,,,,FALSE,Bleeding,2 Turns,15,CON,,,,,TRUE,FALSE,Sweet Bloodletting is a passive feature that causes targets to bleed when attacked while hidden. ,Possibly inflict  Bleeding when hitting a creature with this weapon while  Hiding or  Invisible. 
Swift Strides,,,,,,,,,,,,,,,,,,,,,,,,,,,,,,,,,,,,,,,,,,FALSE,Momentum,3 Turns,,,,,,,TRUE,FALSE,Swift Strides is a passive feature that increases the user's movement speed whenever they dash.,"When the wearer  Dashes or takes a similar action during combat, they gain  Momentum for 3 turns. "
Sword Mastery,,,,,,,,,,,,,,"Longswords, Shortswords, Greatswords",,,,,,,,,,,,,,,,,,,,,Melee,1,,,,,,FALSE,,,,,,,,,FALSE,TRUE,Sword Mastery is a passive feature that grants the wearer proficiency in a number of swords. ,"You gain Proficiency with  shortswords,  longswords, and  greatswords. In addition, you gain a +1 bonus to melee Attack rolls. "
Synergetic Cantrips,,,,,,,,,,,,,,,,,,,,,,,,,,,,,,,,,,,,,,,,,,FALSE,Arcane Synergy,2 Turns,,,,,,,TRUE,FALSE,Synergetic Cantrips is a passive feature that applies when dealing damage with a cantrip. ,"When you deal damage with a Cantrip, you gain  Arcane Synergy for 2 turns. "
Synergetic Moments,,,,,,,,,,,,,,,,,,,,,,,,,,,,,,,,,,,,,,,,,,FALSE,Arcane Synergy,2 Turns,,,,,,,TRUE,FALSE,Synergetic Moments is a passive feature that adds damage equal to your spellcasting ability after inflicting a condition. ,"When you inflict a condition, gain  Arcane Synergy for 2 turns.[See: Bugs] "
Tactical Discipline,,,,,ADV,,,ADV,,,,,,,,,,,,,,,,,,,,,,,,,,,,,,,,,,FALSE,,,,,,,,,FALSE,TRUE,Tactical Discipline is a passive feature that grants the user advantage on all ability checks and saving throws during combat. ,You are an expert in mustering self-control to gain an edge over your foes. You gain  Advantage on all Ability Checks and  Saving throws during combat. 
Talkative,,,,,,,,,,,,,,,,,,,,,,,,,,,,,,,,,,,,,,,,,,FALSE,,,,,,,,,TRUE,FALSE,Talkative is a Passive Feature that allows a creature to cast spells. ,Despite its lack of lips this creature can cast spells that have a verbal component. 
Tanglevine Form,,,,,,,,,,,,,,,,,,,,,,,,,,,,,,,,,,,,,,,,,,FALSE,Entangled,2 Turns,13,STR,,,,,TRUE,FALSE,Tanglevine Form is a passive feature that allows its user to defend itself by entangling enemies. ,Any creature making a melee attack against this mess of writhing vines may become  Entangled 
Tavern Brawler,,,,,,,,,,,,,,,,,,,,,,,,,,,,,,,,,,,"Melee Unarmed, Ranged Unarmed",STR,,,STR,Unarmed,,FALSE,,,,,,,,,FALSE,TRUE,Tavern Brawler is a passive feature obtainable by the Feat of the same name. Users of this feature excel at improvised and unarmed fighting and deal more damage more often. ,"Increase your  Strength or  Constitution by 1, to a maximum of 20. When you make an unarmed attack, use an improvised weapon, or throw something, your Strength Modifier is added to the damage and Attack rolls an additional time. "
Temperature Adjustment,,,,,,,,,,,,,,,,,,,,,,,,,,,,,"Fire, Cold",,,,,,,,,,,,,FALSE,,,,,,,,,FALSE,TRUE,Temperature Adjustment is a passive feature that lets the user resist fire and cold damage. ,You have Resistance to ⁠Fire and ⁠Cold Damage. 
Tempestuous Magic,,,,,,,,,,,,,,,,,,,,,,,,,,,,,,,,,,,,,,,,,,FALSE,Tempestuous Magic: Flight,1 Turn,,,,,,,TRUE,FALSE,Tempestuous Magic is a Storm Sorcery Sorcerer passive feature that enables you to safely disengage from enemies after casting a leveled spell. ,After you cast a Level 1 Spell or higher you can  Fly as a Bonus Action up to  9 m / 30 ft until the end of your turn without receiving Opportunity Attacks. 
Tenacity,,,,,,,,,,,,,,,,,,,,,,,,,,,,,,,,,,,,,,,,,,FALSE,,,,,,,,,TRUE,FALSE,"Tenacity is a feature that allows the user to apply damage, even on a miss. ","When you miss an attack, you deal Strength Modifier⁠Bludgeoning damage (minimum of 1) anyway. "
Territorial,,,,,,,,,,,,,,,,,,,,,,,,,,,,,,,,,,,,,,,,,,FALSE,,,,,,,,,TRUE,FALSE,Territorial is a passive feature available to Bulette creatures. ,The Bulette will attack other monstrosities before going after smaller prey. 
The Blade of Frontiers,,,,,,,,,,,,,,Rapiers,,,,,,,,,,,,,,,,,,,,,,,,,,,,FALSE,,,,,,,,,TRUE,FALSE,The Blade of Frontiers is a passive feature that grants Wyll proficiency with Rapiers. ,"The Champion of the Sword Coast, renowned for his heroic deeds and unusual stone eye. "
The Comeback,,,,,,,,,,,,,,,,,,,,,,,,,,,,,,,,,,,,,,,,,,FALSE,,,,,,,,,TRUE,FALSE,The Comeback is a passive feature that grants a creature temporary HP when you heal them. ,"When the wearer heals a target, it gains an additional  3 temporary hit points. Can only have temporary hit points from one source. "
The Pain Maiden's Blessing,,,,,,,,,,,,,,,,,,,,,,,,,,,,,,,,,,,,,,,,,,FALSE,The Pain Maiden's Blessing,1 Turn,,,,,,,TRUE,FALSE,The Pain Maiden's Blessing is a passive feature that blesses the wielder after a successful attack. ,"After a successful attack with this dagger, the wielder receives a +1d4 bonus to Attack Rolls and Saving Throws until the end of their next turn[See: Bugs]. "
The Scourge Mistress' Bane,,,,,,,,,,,,,,,,,,,,,,,,,,,,,,,,,,,,,,,,,,FALSE,Bane,2 Turns,,,,,,,TRUE,FALSE,The Scourge Mistress' Bane is a passive feature that can apply  Bane but will hurt the wielder if they are too healthy. ,"Chance to inflict upon the target a 1d4 penalty to Attack rolls and  Saving throws. If the attacker still has 50% or more hit points, they take 1d6⁠Piercing themselves. A Baned creature receives a 1d4 penalty to Attack Rolls and Saving Throws. "
The Shadow Itself,,,,,,,,,,,,,,,,,,,,,,,,,,,,,,,,,,,,,,,,,,FALSE,Invisible,2 Turns,,,,,,,TRUE,FALSE,The Shadow Itself is a passive feature that cloaks the wearer in invisibility whenever they kill an enemy. ,"Once per turn when you kill an enemy, shroud yourself in primeval darkness to become  Invisible for 2 turns. "
The Tharchiate Codex: Blessing,,Tharchiate Vigour,,,,,,,,,,,,,,,,,,,,,,,,,,,,,,,,,,,,,,,,FALSE,,,,,,,,,FALSE,TRUE,The Tharciate Codex: Blessing is a passive feature granted after lifting the  Tharchiate Withering curse. ,"Once per Long Rest, gain  20 temporary hit points. "
The Water Caller,,,,,,,,,,,,,,,,,,,,,,,,,,,,,,,,,,,,,,,,,,FALSE,Wet,3 Turns,,,,,,,TRUE,FALSE,"The Water Caller is a passive feature that produces water on hit with this weapon, soaking the target. ","On a hit, inflict  Wet and create a  2 m / 7 ft  Water surface centred around the target. "
Thermodynamo,,,,,,,,,,,,,,,,,,,,,,,,,,,,,,,,,,,,,,,,,,FALSE,Heat,2 Turns,,,,,,,TRUE,FALSE,Thermodynamo is a passive feature that grants Heat when you deal damage. ,"Whenever you deal damage with this weapon, you gain 2 turns of  Heat. "
Thief of Five Fates,,,,,,,,,,,,,,,,,,,,,,,Bane,,,,,,,,,,,,,,,,,,,FALSE,,,,,,,,,FALSE,TRUE,Thief of Five Fates is an Eldritch Invocation from the Warlock class. It allows you to cast Bane (spell) once per Long Rest. ,"Once per Long Rest, you can cast  Bane using a Warlock Spell Slot. Bane targets up to 3 creatures. They receive a 1d4 penalty to Attack Rolls and Saving Throws. "
Thought Shield: Psychic Reflection,,,,,,,,,,,,,,,,,,,,,,,,,,,,,,,,,,,,,,,,,,FALSE,,,,,,,,,TRUE,FALSE,Thought Shield: Psychic Reflection is a passive feature unique to The Great Old One Warlock subclass that damages attackers with the same damage when damaged with Psychic damage. ,"Your patron doesn't appreciate attempts to attack your mind. When you take ⁠Psychic damage, your attacker takes the same damage. "
Thought Shield: Psychic Resistance,,,,,,,,,,,,,,,,,,,,,,,,,,,,,Psychic,,,,,,,,,,,,,FALSE,,,,,,,,,FALSE,TRUE,Thought Shield: Psychic Resistance is a passive feature unique to The Great Old One Warlock subclass that grants Resistance to Psychic damage. ,An elder being shields your brain. You gain Resistance to ⁠Psychic damage. 
Throw Damage Immunity,,,,,,,,,,,,,,,,,,,,,,,,,,,,,,,,,,,,,,,,,,FALSE,,,,,,,,,TRUE,FALSE,Throw Damage Immunity is a passive feature exclusive to  Boo which prevents him from receiving any damage when thrown. ,Creature is immune to being damaged by being thrown. 
Throwing Boost,,,,,,,,,,,,,,,,,,,,,,,,,,,,,,,,,,,,,,,,,,FALSE,,,,,,,,,TRUE,FALSE,Throwing Boost is a passive feature that increases the wearer's throwing damage. ,The wearer gains a   1d4 bonus to  Throw damage. 
Throwing: Lightning Damage,,,,,,,,,,,,,,,,,,,,,,,,,,,,,,,,,,,,,,,,,,FALSE,,,,,,,,,TRUE,FALSE,Throwing: Lightning Damage is a passive feature that increases the damage dealt when thrown. ,"When launched at a target, deal an additional 1d4⁠Lightning damage. "
Thunderbolt Strike,,,,,,,,,,,,,,,,,,,,,,,,,,,,,,,,,,,,,,,,,,FALSE,,,,,,,,,TRUE,FALSE,Thunderbolt Strike is a Tempest Domain cleric passive feature that pushes Large or smaller creatures 3 m / 10 ft that are dealt ⁠Thunder or ⁠Lightning damage from the cleric. ,"When you deal ⁠Thunder or ⁠Lightning damage to a creature that is Large or smaller, you can also push it up to 3 m / 10 ft. "
Thunderous Acuity,,,,,,,,,,,,,,,,,,,,,,,,,,,,,,,,,,,,,,,,,,FALSE,Arcane Acuity,2 Turns,,,,,,,TRUE,FALSE,Thunderous Acuity is a passive feature that improves the wearer's spell power after dealing thunder damage. ,"Whenever the wearer deals ⁠Thunder damage, they gain  Arcane Acuity. "
Thunderous Conversion,,,,,,,,,,,,,,,,,,,,,,,,,,,,,,,,,,,,,,,,,,FALSE,Reverberation,2 Turns,,,,,,,TRUE,FALSE,"Thunderous Conversion is a passive feature that disorients the user's target whenever they deal thunder, lightning or radiant damage. ","When the wearer deals ⁠Thunder, ⁠Lightning, or ⁠Radiant damage, inflict 2 turns of  Reverberation upon the target(s). "
Tides of Chaos,,,,,,,,,,,,,,,,,,,,,,Tides of Chaos,,,,,,,,,,,,,,,,,,,,FALSE,,,,,,,,,FALSE,TRUE,Tides of Chaos is a toggleable passive feature which grants Advantage on the user's next Ability Check and increases their chance of a Wild Magic surge afterwards to 50% (normally 5%). ,"Activate to gain  Advantage on your next Attack roll,  Ability check, or  Saving throw. Increased chance of  Wild Magic surge afterwards. "
Tiger Heart,,,,,,,,,,,,,,,,,,,,,,"Rage: Tiger Heart, Tiger's Bloodlust",,,,,,,,,,,,,,,,,,,,FALSE,,,,,,,,,FALSE,TRUE,Tiger Heart is a passive feature that grants a Wildheart Barbarian a special version of Rage and another ability. ,"While  Raging, you can use  Tiger's Bloodlust, and your jump distance increases by  4.5 m / 15 ft. "
Time Thoroughly Bided,,,,,,,,,,,,,,,,,,,,,,,,,,,,,,,,,,,,,,,,,,FALSE,Arcane Charge,2 Turns,,,,,,,TRUE,FALSE,Time Thoroughly Bided is a passive feature that enhances the user's damage. ,The wearer gains  Arcane Charge whenever they are hit by a melee attack. 
Tippler's Rage,,,,,,,,,,,,,,,,,,,,,,,,,,,,,,,,,,,,,,,,,,FALSE,,,,,,,,,TRUE,FALSE,Tippler's Rage is a passive feature that enhances your chance to hit and causes a blast with extra damage but only while drunk. ,"While you are  Drunk, you have  Advantage on Attack rolls. You also create a blast with each attack, dealing 1d4⁠Thunder for  3 m / 10 ft. "
Titan Weapon,,,,,,,,,,,,,,,,,,,,,,,,,,,,,,,,,,,,,,,,,,FALSE,,,,,,,,,TRUE,FALSE,Titan Weapon is a passive feature that adds your Strength modifier to your ranged weapon attacks. ,This weapon deals additional damage equal to your Strength Modifier. The weapon only adds the modifier if it improves your chance to hit. 
Toggle Non-Lethal Attacks,,Non-Lethal Damage,,,,,,,,,,,,,,,,,,,,,,,,,,,,,,,,,,,,,,,,FALSE,,,,,,,,,FALSE,TRUE,"Toggle Non-Lethal Attacks is a common toggleable passive feature that allows users to knock targets out instead of killing them. Toggling on/off will apply to the entire party of playable characters, but not to summons such as familiars. While this passive is turned on, when an Unarmed Strike or melee weapon attack reduces a creatures hit points to zero or one, it becomes  Knocked Out or  Knocked Out (Temporary). ",Knock someone  Unconscious instead of killing them. Must be unarmed or using a melee weapon. Doesn't work on undead or constructs. 
Torturous Edges,,,,,,,,,,,,,,,,,,,,,,,,,,,,,,,,,,,,,,,,,,FALSE,Tortured,2 Turns,10,CHA,,,,,TRUE,FALSE,Torturous Edges is a passive feature that tortures its targets. ,Tortured creatures may receive  Disadvantage on Constitution  Saving throws. 
Tough,,,,,,,,,,,,,,,,,,,,,2,,,,,,,,,,,,,,,,,,,,,FALSE,,,,,,,,,FALSE,TRUE,Tough is a passive feature obtainable by a Feat of the same name. Users of this feature have extra Hit Points per character level. ,Your Hit Point maximum increases by 2 for every level you have gained. 
Toxic Secretions,,,,,,,,,,,,,,,,,,,,,,,,,,,,,,,,,,,,,,,,,,FALSE,Madness,2 Turns,,CON,,,,,TRUE,FALSE,Toxic Secretions is a passive feature which can cause Madness in an enemy making a melee attack against the user. ,"When an enemy makes a melee attack against the frog, they need to succeed a Constitution Saving Throw, or succumb to  Madness for two turns. Mad creatures lose control of themselves and become hostile to everyone around them. "
Training in War and Song,,,,,,,,,,,,Performance,Light,"Daggers, Longswords, Rapiers, Scimitars, Shortswords, Sickles",,,,,,,,,,,,,,,,,,,,,,,,,,,,FALSE,,,,,,,,,FALSE,TRUE,Training in War and Song is a passive feature of Bladesinging Wizards which grants them proficiencies in light armour and one-handed blade weapons. ,"You gain proficiency with  Light armour and in the Performance skill. You also gain proficiency with  Daggers,  Longswords,  Rapiers,  Scimitars,  Shortswords, and  Sickles. "
Tranquillity,,,,,,,,,,,,,,,,,,,,,,,,,,,,,,,,,,,,,,,,,,FALSE,,,,,,,,,TRUE,FALSE,Tranquillity is a Way of the Open Hand Monk passive feature that prevents enemies from directly harming the monk until the first time they attack each day (effectively a free use of Sanctuary). ,"Long Rests surround you with an aura of peace, granting you  Sanctuary permanently until you attack. "
Transmuter's Stone,,,,,,,,,,,,,,,,,,,,,,Transmuter's Stone,,,,,,,,,,,,,,,,,,,,FALSE,,,,,,,,,FALSE,TRUE,Transmuter's Stone lets a Transmutation wizard create Transmuter Stones. ,"You can create  Transmuter's Stones. Once you have created a stone, you need to cast a Transmutation spell of Level 1 or higher or take a Long Rest before you can create another one. "
Treader by Twilight,,,,,,,,,,,,,,,,,,,,,,,,,,,,,,,,,,,,,,,,,,FALSE,,,,,,,,,TRUE,FALSE,Treader by Twilight is a passive feature that increases your armour while obscured. ,You gain a +1 bonus to  Armour Class while obscured. 
Troubadour's Wonder,,,,,,,,,,,,,,,,,,,,1,,,,,,,,,,,,,,,,,,,,,,FALSE,,,,,,,,,FALSE,TRUE,Troubadour's Wonder is a passive feature that boosts a bard's ability to inspire. ,"Your  Armour Class increases by 1. In addition, if you have  Bardic Inspiration, you gain 1 more use of it. "
True Strike Riposte,,,,,,,,,,,,,,,,,,,,,,,,,,,,,,,,,,,,,,,,,,FALSE,,,,,,,,,TRUE,FALSE,True Strike Riposte is a passive feature that lets the wielder retaliate against a missed attack. ,"When a creature misses you with a melee attack, you may retaliate and gain  True Strike. "
Turn Resistance,,,,,,,,,,,,,,,,,,,,,,,,,,,,,,,,,,,,,,,,,,FALSE,,,,,,,,,TRUE,FALSE,Turn Resistance gives Advantage on Saving Throws against any effect that turns undead. ,Turn Resistance gives  Advantage on  Saving throws against any effect that turns undead. 
Twinkling Constellations,,,,,,,,,,,,,,,,,,,,,,,,,,,,,,,,,,,,,,,,,,FALSE,,,,,,,,,TRUE,FALSE,Twinkling Constellations is a passive feature that improves the starry forms of Circle of the Stars druids. ,"Your Starry Forms are improved. The Archer's damage and the Chalice's healing are each increased by 1d8, and the Dragon gains the ability to hover and to  Fly at a movement speed of 6 m / 20 ft. Once per turn, you can switch to a different Starry Form as a free action. "
Twist of Fortune,,,,,,,,,,,,,,,,,,,,,,,,,,,,,,,,,,,,,,,,,,FALSE,,,,,,,,,TRUE,FALSE,Twist of Fortune is a passive feature that increases the consistency of your weapon's damage. ,"When you roll 2 or less with this weapon's damage die, reroll it and take the new result. "
Two-Weapon Fighting,,,,,,,,,,,,,,,,,,,,,,,,,,,,,,,,,,,,,,,,,,FALSE,,,,,,,,,TRUE,FALSE,Two-Weapon Fighting is a Fighting style passive feature. ,"When you make an offhand attack, you can add your Ability Score Modifier to the damage of the attack. "
Umbral Attack,,,,,,,,,,,,,,,,,,,,,,,,,,,,,,,,,1d4,Necrotic,,,,,,,,FALSE,,,,,,,,,FALSE,TRUE,Umbral Attack is a passive feature that adds necrotic damage to the user's weapon attacks. ,Your weapon attacks deal an additional 1d4⁠Necrotic damage. 
Unarmoured Defence (Barbarian),,,,,,,,,,,,,,,,,,,,CON,,,,,,,,,,,,,,,,,,,,,,FALSE,,,,,,,No Armour,,TRUE,FALSE,Unarmoured Defence is a Barbarian passive feature that adds your Constitution modifier to your Armour Class in addition to your Dexterity modifier when not wearing armour. ,"Your body is as resilient as any armour. While not wearing armour, you add your Constitution Modifier to your  Armour Class. Wearing Heavy Armour impedes all positive effects of your Rage. This effect does not stack with Mage Armour. "
Unarmoured Defence (Monk),,,,,,,,,,,,,,,,,,,,WIS,,,,,,,,,,,,,,,,,,,,,,FALSE,,,,,,,No Protection,,TRUE,FALSE,Unarmoured Defence is a Monk passive feature that adds your Wisdom modifier to your  Armour Class when not wearing armour or shields. ,"Your reflexes are as effective as any armour. While not wearing armour, you add your Wisdom Modifier to your  Armour Class. This effect does not stack with Mage Armour. "
Unarmoured Movement,,,,,,,,,,,,,,,,,,,,,,,,,,,3,,,,,,,,,,,,,,,FALSE,,,,,,,,,TRUE,FALSE,Unarmoured Movement is a Monk passive feature that increases movement distance by  3 m / 10 ft while not wearing armour or using a shield. ,Your movement speed increases by  3 m / 10 ft while you are not wearing armour or using a shield. 
Uncanny Dodge,,,,,,,,,,,,,,,,,,,,,,,,,,,,,,,,,,,,,,,,,,FALSE,,,,,,,,,TRUE,FALSE,Uncanny Dodge is a togglable passive gained by Rogues at Level 5. Uncanny Dodge allows the Rogue to reduce incoming damage once per round. ,"Use your lightning-quick reflexes to protect yourself. When an attack hits you, you only take half the usual damage. "
Undead Bane,,,,,,,,,,,,,,,,,,,,,,,,,,,,,,,,,,,,,,,,,,FALSE,,,,,,,,,TRUE,FALSE,Undead Bane is a passive feature that enhances combat against undead creatures. ,Attack rolls with this weapon have  Advantage against Undead.
Undead Fortitude,,,,,,,,,,,,,,,,,,,,,,,,,,,,,,,,,,,,,,,,,,FALSE,,,,,,,,,TRUE,FALSE,"Undead Fortitude is a passive feature that prevents the user from being killed, unless hit with a Critical Hit or ⁠Radiant damage. ","If the killing blow wasn't a critical hit and wasn't radiant damage, this undead comes back to life with 1 hit point. "
Undead Thralls: Additional Undead,,,,,,,,,,,,,,,,,,,,,,,Animate Dead,,,,,,,,,,,,,,,,,,,FALSE,,,,,,,,,TRUE,FALSE,Undead Thralls: Additional Undead is a Necromancy School Wizard passive feature that allows you to raise additional undead when you cast the Animate Dead spell. ,"When you use  Animate Dead, you can raise an additional corpse. "
Undead Thralls: Animate Dead,,,,,,,,,,,,,,,,,,,,,,,,,,,,,,,,,,,,,,,,,,FALSE,,,,,,,,,TRUE,FALSE,Undead Thralls: Animate Dead is a Necromancy School Wizard passive feature that grants you the spell  Animate Dead. ,"You gain the  Animate Dead spell, if you didn't have it already "
Undead Thralls: Better Summons,,,,,,,,,,,,,,,,,,,,,,,,,,,,,,,,,,,,,,,,,,FALSE,,,,,,,,,TRUE,FALSE,Undead Thralls: Better Summons is a Necromancy School Wizard passive feature that enhances the undead you raise with Animate Dead. They gain additional hit points and extra damage. ,"Creatures created with  Animate Dead have additional hit points equal to your wizard level, and your Proficiency Bonus is added to their damage. "
Undead Ward,,,,,,,,,,,,,,,,,,,,,,,,,,,,,,,,,,,,,,,,,,FALSE,,,,,,,,,TRUE,FALSE,Undead Ward is a passive feature that makes the wearer's allied undead resistant to physical damage. ,"Allied undead within  6 m / 20 ft are Resistant to ⁠Bludgeoning, ⁠Slashing, and ⁠Piercing damage.[See: Bugs] "
Underdark I,,,,,,,,,,,,,,,,,,,,,,,"Web, Misty Step",,,,,,,,,,,,,,,,,,,FALSE,,,,,,,,,FALSE,TRUE,Underdark is a passive feature available to Circle of the Land Druids that pick this as their Land. It grants a couple extra spells every two levels ,You can cast  Web and  Misty Step. At higher levels You can cast  Gaseous Form and  Stinking Cloud. You can cast  Greater Invisibility and  Dominate Beast. You can cast  Contagion and  Cloudkill. 
Underdark II,,,,,,,,,,,,,,,,,,,,,,,"Gaseous Form, Stinking Cloud",,,,,,,,,,,,,,,,,,,FALSE,,,,,,,,,FALSE,TRUE,Underdark is a passive feature available to Circle of the Land Druids that pick this as their Land. It grants a couple extra spells every two levels ,You can cast  Web and  Misty Step. At higher levels You can cast  Gaseous Form and  Stinking Cloud. You can cast  Greater Invisibility and  Dominate Beast. You can cast  Contagion and  Cloudkill. 
Underdark III,,,,,,,,,,,,,,,,,,,,,,,"Greater Invisibility, Dominate Beast",,,,,,,,,,,,,,,,,,,FALSE,,,,,,,,,FALSE,TRUE,Underdark is a passive feature available to Circle of the Land Druids that pick this as their Land. It grants a couple extra spells every two levels ,You can cast  Web and  Misty Step. At higher levels You can cast  Gaseous Form and  Stinking Cloud. You can cast  Greater Invisibility and  Dominate Beast. You can cast  Contagion and  Cloudkill. 
Underdark IV,,,,,,,,,,,,,,,,,,,,,,,"Contagion, Cloudkill",,,,,,,,,,,,,,,,,,,FALSE,,,,,,,,,FALSE,TRUE,Underdark is a passive feature available to Circle of the Land Druids that pick this as their Land. It grants a couple extra spells every two levels ,You can cast  Web and  Misty Step. At higher levels You can cast  Gaseous Form and  Stinking Cloud. You can cast  Greater Invisibility and  Dominate Beast. You can cast  Contagion and  Cloudkill. 
Underdog's Bravery,,,,,,,,,,,,,,,,,,,,,,,,,,,,,,,,,,,,,,,,,,FALSE,,,,,,,,,TRUE,FALSE,Underdog's Bravery is a passive feature that improves the user's attacks while surrounded. ,The wearer gains  Advantage on melee Attack rolls while surrounded by 2 or more foes. 
Unearthly,,,,,,,,,,,,,,,,,,,,,,,,,,,,,,,,,,,,,,,,,,FALSE,,,,,,,,,TRUE,FALSE,Unearthly is a passive feature available to Poltergeists that protects them from falling damage. ,This creature is Immune to Falling damage. 
Unflinching Protection,,,,,,,,,,,,,,,,,,,,,,,,,,,,,,,,,,,,,,,,,,FALSE,,,,,,,,,TRUE,FALSE,"Unflinching Protection is a passive feature/reaction granted by the  Unflinching Protector Amulet. The wearer can use this reaction to cause an attack targeting an ally to miss. This cannot be used against attacks targetting the wearer, only allies. ","When a nearby ally is targeted by an attack of any kind, you can use your  Reaction to make that attack automatically miss. This effect can only be used once per Short Rest. "
Unhampered Resistance,,,,,,,,,,,,,,,,,,,,,,,,,,,,,,,,,,,,,,,,,,FALSE,,,,,,,,,TRUE,FALSE,Unhampered Resistance is a passive feature that increases the user's Saving Throws while not wearing armour. ,"While the wielder is not wearing armour, they receive a +2 bonus to  Saving throw. "
Unnatural Growth,,,,,,,,,,,,,,,,,,,,,,,,,,,,,,,,,,,,,,,,,,FALSE,,,,,,,,,TRUE,FALSE,Unnatural Growth is a passive feature unique to Ptaris that lets him act quickly. ,Take 2  Actions per round. 
Unstable Blood,,,,,,,,,,,,,,,,,,,,,,,,,,,,,,,,,,,,,,,,,,FALSE,,,,,,,,,TRUE,FALSE,Unstable Blood is a permanent passive feature which causes a creature's blood to explode when in contact with fire. ,Your blood is now highly flammable and will explode when in contact with fire. 
Unwavering,,,,,,,,,,,,,,,,,,,,,,,,,,"Paralysed, Restrained",,,,,,,,,,,,,,,,FALSE,,,,,,,,,FALSE,TRUE,Unwavering is a passive feature that prevents the wearer's movement speed from being affected. ,"You ignore the effects of  Difficult Terrain, and cannot be  Paralysed or  Restrained. "
Unwavering Bull,,,,,,,,,,,,,,,,,,,,,,,,,,,,,,,,,,,,,,,,,,FALSE,,,,,,,,,TRUE,FALSE,Unwavering Bull is a passive feature that makes the wielder difficult to move or restrain. ,You cannot be pushed against your will and you have an  Advantage on  Saving throws against being  Restrained. 
Urban Tracker,,,,,,,,,,,,Sleight of Hand,,,,,,,,,,,,,,,,,,,,,,,,,,,,,,FALSE,,,,,,,,,FALSE,TRUE,"Urban Tracker is a Ranger passive feature of Natural Explorer. Grants you proficiency in Sleight of Hand, as you are an expert in navigating cities. ","An expert at navigating the wild within the city, you gain Sleight of Hand Proficiency. "
Valiant Roll,,,,,,,,,,,,,,,,,,,,,,,,,,,,,,,,,,,,,,,,,,FALSE,,,,,,,,,TRUE,FALSE,Valiant Roll is a toggleable passive feature granted by having a Combat Inspiration. ,Add a   +1d6 bonus to your next Ability Check. You expend your  Combat Inspiration when the effect triggers. 
Vampire Ascendant,,,,,,,,,,,,,,,,,,,,,,"Ascendant Bite, Misty Escape (Vampire Ascendant)",,,,,,,,,,,1d10,Necrotic,,,,,1d10,Necrotic,,FALSE,,,,,,,,,FALSE,TRUE,"Vampire Ascendant is a passive feature available to Astarion if he completed his quest by ascending. It gives Astarion the two class actions Ascendant Bite and Misty Escape (Vampire Ascendant), as well as a bonus 1d10⁠Necrotic damage to weapon and unarmed attacks. ","Behold, the Vampire Ascendant! Thousands of souls have bought you power, granting you  Ascendant Bite and  Gaseous Form. You also have a +1d10⁠Necrotic damage bonus to weapon and unarmed attacks. "
Vampire Regeneration,,,,,,,,,,,,,,,,,,,,,,,,,,,,,,,,,,,,,,,,,,FALSE,,,,,,,,,TRUE,FALSE,Vampire Regeneration is a passive feature that allows a Vampire to regenerate 10 hit points at the start of its turn. ,"The vampire regains 10⁠hit points at the start of its turn if it isn't in sunlight, or has taken ⁠Radiant damage or damage from Holy Water, in which case this trait doesn't function until the start of its next turn. "
Vaprak's Greed,,,,,,,,,,,,,,,,,,,,,,,,,,,,,,,,,,,,,,,,,1.25,FALSE,,,,,,,,,FALSE,TRUE,Vaprak's Greed is a Giant barbarian passive feature that increases carry weight. ,Your carrying capacity is increased by a quarter. 
Veil of the Wind,,,,,,,,,,,,,,,,,,,,,,,,,,,3,,,,,,,,,,,,,,,FALSE,,,,,,,,3,FALSE,TRUE,Veil of the Wind is a passive feature that makes you immune to falling damage and increases your movement. ,You gain a + 3 m / 10 ft bonus to movement speed and jump distance. Equipping this weapon gives you Immunity to falling damage. 
Vengeful,,,,,,,,,,,,,,,,,,,,,,,,,,,,,,,,,,,,,,,,,,FALSE,,,,,,,,,TRUE,FALSE,Vengeful is a passive feature that grants an extra reaction and allows use of the  Vengeful Strike reaction attack. ,"Creature gains an extra reaction. When attacked, the creature can use a reaction to counterattack with Vengeful Strike, dealing Weapon Damage and 4-14 Psychic Damage. "
Vengeful Father,,,,,,,,,,,,,,,,,,,,,,,,,,,,,,,,,,,,,,,,,,FALSE,,,,,,,,,TRUE,FALSE,Vengeful Father is a passive feature available to the Owlbear Mate summoned by  Call Consort in Honour mode. ,"At low health or the death of a family member, this Owlbear becomes  Enraged. "
Vengeful Guardian,,,,,,,,,,,,,,,,,,,,,,,,,,,,,,,,,,,,,,,,,,FALSE,Prime Target,1 Turn,,,,,,,TRUE,FALSE,"Vengeful Guardian is a passive feature of Grym, which causes it to always attack the last creature that struck it. ",Grym always attacks the last creature that hit it if possible. 
Venomous Revenge,,,,,,,,,,,,,,,,,,,,,,,,,,,,,,,,,,,,,,,,,,FALSE,Venomous Revenge,2 Turns,,,,,,,TRUE,FALSE,Venomous Revenge is a passive feature that coats the wearer's weapons[note 1] in poison whenever the wearer is healed. ,"Whenever the wearer is healed, their weapon becomes coated in magic and deals an additional 1d6⁠Poison  damage. "
Vicious Dragon Breath,,,,,,,,,,,,,,,,,,,,,,,,,,,,,,,,,,,,,,,,,,FALSE,,,,,,,,,TRUE,FALSE,Vicious Dragon Breath is a passive feature that improves the success rate of your breath weapon. ,Enemies have  Disadvantage on  Saving throws against your dragonborn breath weapon. 
Vital Conduit,,,,,,,,,,,,,,,,,,,,,,,,,,,,,,,,,,,,,,,,,,FALSE,,,,,,,,,TRUE,FALSE,Vital Conduit is a passive feature that provides bonus healing when casting a concentration spell. ,Grants the wearer  8 temporary hit points when they cast a Spell that requires  Concentration. Can only have temporary hit points from one source. 
Volatile Fungus,,,,,,,,,,,,,,,,,,,,,,,,,,,,,,,,,,,,,,,,,,FALSE,,,,,,,,,TRUE,FALSE,Fungal Resistance is a passive feature affecting Pearlspore Bell. It creates an explosion and lingering cloud of poison upon the affected entity's death. ,"This Pearlspore Bell will explode when destroyed, dealing damage and leaving a poisonous surface behind. "
Volo's Ersatz Eye,,See Invisibility,,,,,,,,,,,,,,,,,,,,,,,,,,,,,,,,,,,,,,,,FALSE,,,,,,,,,FALSE,TRUE,"Volo's Ersatz Eye is a passive feature which gives a character the condition See Invisibility, after they have undergone surgery from Volo. ","The damage wrought upon your ocular nerve during Volo's experiment is undone, allowing you to see  Invisible creatures. "
War Caster: Concentration,,,,,,,,,,,,,,,,,,,,,,,,,,,,,,,,,,,,,,,,,,FALSE,,,,,,,,,TRUE,FALSE,War Caster Concentration is a passive feature obtainable by the War Caster Feat. Users of this feature have Advantage maintaining a spell with Concentration. ,You gain  Advantage on  Saving throws to maintain  Concentration on a Spell. 
War Caster: Opportunity Spell,,,,,,,,,,,,,,,,,,,,,,,,,,,,,,,,,,,,,,,,,,FALSE,,,,,,,,,TRUE,FALSE,War Caster Opportunity Spell is a Passive feature/Reaction obtainable by the War Caster Feat. Users of this feature are adept at casting  Shocking Grasp at an enemy when they leave your melee range. This can be done instead of the usual Opportunity Attack. ,You can also use a Reaction to cast  Shocking Grasp at a target moving out of melee range. 
War Magic,,,,,,,,,,,,,,,,,,,,,,,,,,,,,,,,,,,,,,,,,,FALSE,,,,,,,,,TRUE,FALSE,War Magic is an Eldritch Knight Fighter passive feature. This allows the Fighter to make an attack after using a Cantrip by using a Bonus Action. ,"You have honed your body and magic for war. After you cast a cantrip, you can make a weapon attack using a  Bonus Action. "
War Priest,,,,,,,,,,,,,,,,,,,,,,,,,,,,,,,,,,,,,,,,,,FALSE,,,,,,,,,FALSE,TRUE,War Priest is a War Domain cleric passive feature which allows the cleric to make a limited number of bonus action attacks using War Priest Charges that recharge after a long rest. ,"When you make an unarmed or weapon attack, you can spend a  War Priest Charge to make an additional attack as a  Bonus Action. At higher levels A War Domain Cleric begins with three  War Priest Charges per long rest. This increases to: "
Warding Flare,,,,,,,,,,,,,,,,,,,,,,Warding Flare,,,,,,,,,,,,,,,,,,,,FALSE,,,,,,,,,TRUE,FALSE,"Warding Flare is a Light Domain Cleric passive feature that allows the cleric to briefly flash an enemy, potentially causing the attack to miss. ","Shield yourself with divine light. Use your reaction to impose  Disadvantage on an attacker, possibly causing their attack to miss. An attacker that can't be Blinded is immune to this effect. At higher levels At level 6 Light Domain Clerics get  Improved Warding Flare which enables them to use Warding Flare on allies "
Warding Hands,,,,,,,,,,,,,,,,,,,,,,,,,,,,,,,,,,,,,,,,,,FALSE,Heroism,10 Turns,,,,,,,TRUE,FALSE,Warding Hands is a passive feature that automatically grants heroism when channeling your oath. ,"When you use your Channel Oath Charge spells, you gain  Heroism. "
Wasteland Wanderer: Cold,,,,,,,,,,,,,,,,,,,,,,,,,,,,,Cold,,,,,,,,,,,,,FALSE,,,,,,,,,FALSE,TRUE,"Wasteland Wanderer: Cold is a Ranger passive feature of Natural Explorer. As an explorer of the cold winterlands, you gain resistance to Cold. ","You have spent endless days surviving desolate tundras. Gain resistance to ⁠Cold damage, taking only half damage from it. "
Wasteland Wanderer: Fire,,,,,,,,,,,,,,,,,,,,,,,,,,,,,Fire,,,,,,,,,,,,,FALSE,,,,,,,,,FALSE,TRUE,"Wasteland Wanderer: Fire is a Ranger passive feature of Natural Explorer.You are well versed in traveling in hot environments, you gain resistance to Fire. ","You have spent endless days surviving forbidding deserts. Gain resistance to ⁠Fire, taking only half damage from it. "
Wasteland Wanderer: Poison,,,,,,,,,,,,,,,,,,,,,,,,,,,,,Poison,,,,,,,,,,,,,FALSE,,,,,,,,,FALSE,TRUE,"Wasteland Wanderer: Poison is a Ranger passive feature of Natural Explorer. Swamps are like a second home to you, you gain resistance to Poison. ","You have spent endless days surviving fetid swamps. Gain resistance to ⁠Poison, taking only half damage from it. "
Watersparks,,,,,,,,,,,,,,,,,,,,,,,,,,,,,,,,,,,,,,,,,,FALSE,Lightning Charges,3 Turns,,,,,,,TRUE,FALSE,Watersparks is a passive feature that grants lightning charges when standing on an electrified surface. ,"If the wearer starts their turn on an  Electrified Water surface, they gain 3  Lightning Charges. "
Watery Guidance,,,,,,,,,,,,,,,,,,,,,,,,,,,,,,,,,,,,,,,,,,FALSE,,,,,,,,,TRUE,FALSE,Watery Guidance is a passive feature that makes you more likely to hit wet targets. ,This weapon has  Advantage against  Wet creatures. 
Watery Rejuvenation,,,,,,,,,,,,,,,,,,,,,,,,,,,,,,,,,,,,,,,,,,FALSE,,,,,,,,,TRUE,FALSE,Watery Rejuvenation is a passive feature that heals the user when standing in water. ,"If the wearer is standing in a  Water surface at the start of their turn, they heal 1d4⁠hit points. "
Weakened,,,,,,,,,,,,,,,,,,,,,,,,,,,,,,,,,,,,,,,,,,FALSE,,,,,,,,,TRUE,FALSE,Weakened is a passive feature found on some Intellect Devourers that lowers many of its stats. ,Its journey through hell has severely weakened this creature's defences. 
Weakened Constitution,,,,,,,,,CON,-2,,,,,,,,,,,,,,,,,,,,,,,,,,,,,,,,FALSE,,,,,,,,,FALSE,TRUE,Weakened Constitution is a special passive feature gained when failing a particular saving throw while in the Zaith'isk. ,Your Constitution has been reduced by 2 by the Zaith'isk. The githyanki device failed to harm your illithid parasite - perhaps consuming more would mend your broken mind. 
Weakened Intelligence,,,,,,,,,INT,-2,,,,,,,,,,,,,,,,,,,,,,,,,,,,,,,,FALSE,,,,,,,,,FALSE,TRUE,"Weakened Intelligence is a special passive feature gained when failing a particular saving throw while in the Zaith'isk. It decreases your intelligence by 2 permanently, until this feature is removed. ",Your Intelligence has been reduced by 2 by the Zaith'isk. The githyanki device failed to harm your illithid parasite - perhaps consuming more would mend your broken mind. 
Weakened Wisdom,,,,,,,,,WIS,-2,,,,,,,,,,,,,,,,,,,,,,,,,,,,,,,,FALSE,,,,,,,,,FALSE,TRUE,"Weakened Wisdom is a special passive feature gained when failing a particular saving throw while in the Zaith'isk. It decreases your wisdom by 2 permanently, until this feature is removed. ",Your Wisdom has been reduced by 2 by the Zaith'isk. The githyanki device failed to harm your illithid parasite - perhaps consuming more would mend your broken mind. 
Weapon Master,,,,,,,,,,,,,,,,,,,,,,,,,,,,,,,,,,,,,,,,,,FALSE,,,,,,,,,TRUE,FALSE,Weapon Master is a passive feature obtainable by the Feat of the same name. Users of this feature are Proficient with additional types of weapons. ,"Increase your  Strength or  Dexterity by 1, to a maximum of 20. Gain Proficiency with four Weapon types of your choice. "
Weave Eater,,,,,,,,,,,,,,,,,,,,,,,,,,,,,,,,,,,,,,,,,,FALSE,,,,,,,,,TRUE,FALSE,Weave Eater is a passive feature that heals the user whenever they successfully resist a spell. ,"Whenever the wearer succeeds a  Saving throw against a spell, they regain 1d6⁠hit points. "
Web Sense,,,,,,,,,,,,,,,,,,,,,,,,,,,,,,,,,,,,,,,,,,FALSE,,,,,,,,,TRUE,FALSE,Web Sense is a passive feature available to Ettercaps that allows them to instantly detect any creature touching its webs. ,Knows the exact location of anything that touches its webs. 
Web Walker,,,,,,,,,,,,,,,,,,,,,,,,,,Enwebbed,,,,,,,,,,,,,,,,FALSE,,,,,,,,,FALSE,TRUE,Web Walker is a passive feature inherent to a number of spider-like creatures in Baldur's Gate 3. ,"Isn't slowed down by  Web surfaces, and can't be  Enwebbed by them. "
Well-Liked and Well-Fortified,,,,,,,,,,,,,,,,,,,,,,,,,,,,,,,,,,,,,,,,,,FALSE,,,,,,,,,TRUE,FALSE,Well-Liked and Well-Fortified is a passive feature that continuously grants temporary hp. ,"At the beginning of the wearer's turn, the robe activates, granting them Temporary Hit Points equal to their Charisma Modifier. "
Whispers of the Grave,,,,,,,,,,,,,,,,,,,,,,,Speak with Dead,,,,,,,,,,,,,,,,,,,FALSE,,,,,,,,,TRUE,FALSE,Whispers of the Grave is an Eldritch Invocation from the Warlock class. You can cast Speak with Dead without expending a spell slot. ,You can cast  Speak with Dead without expending a Warlock spell slot. 
Wild Magic,,,,,,,,,,,,,,,,,,,,,,,,,,,,,,,,,,,,,,,,,,FALSE,,,,,,,,,TRUE,FALSE,"Wild Magic is a passive feature which can trigger a random magical effect when casting a Level 1 or higher Spell. An effect is triggered when rolling a 20 on a  d20 (i.e., a 5% chance). ","Unruly magic sparks and fizzes through your veins. Each time you cast a spell of Level 1 or higher, your magic might surge and trigger a random magical effect. "
Wild Magic Surge,,,,,,,,,,,,,,,,,,,,,,Rage: Wild Magic,,,,,,,,,,,,,,,,,,,,FALSE,,,,,,,,,FALSE,TRUE,Wild Magic Surge is a passive feature granted to Wild Magic Barbarians that produces a random magical effect when raging. ,"A magical energy roils inside of you, ready to erupt. When you enter a  Rage, you trigger a random magical effect. "
Wild Strike,,,,,,,,,,,,,,,,,,,,,,,,,,,,,,,,,,,,,,,,,,FALSE,,,,,,,,,TRUE,FALSE,Wild Strike is a Druid passive feature that lets you make multiple unarmed attacks while Wildshaped. ,You can make an additional attack after making an unarmed strike while in wildshape. 
Willing Whip,,,,,,,,,,,,,,,,,,,,,,,,,,,,,Necrotic,,,,1d6,Necrotic,,,,,,,,FALSE,,,,,,,,,FALSE,TRUE,Willing Whip is a passive feature that grants resistance to Necrotic damage but deals Necrotic damage to every creature nearby. ,"Grants Resistance to ⁠Necrotic, and deals additional 1d6⁠Necrotic damage to everyone nearby including the wielder. "
Winter's Clutches,,,,,,,,,,,,,,,,,,,,,,,,,,,,,,,,,,,,,,,,,,FALSE,Encrusted with Frost,2 Turns,,,,,,,TRUE,FALSE,Winter's Clutches is a passive feature that encrusts targets in frost whenever the user attacks and deals cold damage. ,"When the wearer deals ⁠Cold damage, inflict 2 turns of  Encrusted with Frost upon the target(s). "
Witchbreaker,,,,,,,,,,,,,,,,,,,,,,,,,,,,,,,,,,,,,,,,,,FALSE,,,,,,,,,TRUE,FALSE,Witchbreaker is a passive feature that grants advantage against creatures concentrating on spells. ,You gain  Advantage on Attack rolls against concentrating creatures. 
Withering Cut,,,,,,,,,,,,,,,,,,,,,,,,,,,,,,,,,,,,,,,,,,FALSE,,,,,,,,,TRUE,FALSE,Withering Cut is a passive feature that lets the wielder deal extra damage using a reaction. ,"On a hit with a melee weapon, use a  Reaction to deal additional ⁠Necrotic damage equal to your Proficiency Bonus. "
Wolf Heart,,,,,,,,,,,,,,,,,,,,,,"Rage: Wolf Heart, Inciting Howl",,,,,,,,,,,,,,,,,,,,FALSE,,,,,,,,,FALSE,TRUE,Wolf Heart is a passive feature that grants a Wildheart Barbarian a special version of Rage and another ability. ,"While  Raging, you can use  Inciting Howl, and your allies have  Advantage on melee Attack rolls against enemies within  2 m / 7 ft of you. "
Wound Closure,,,,,,,,,,,,,,,,,,,,,,,,,,,,,,,,,,,,,,,,,,FALSE,Wound Closure,1 Turn,,,,,,,TRUE,FALSE,Wound Closure is a passive feature that automatically stabilises the wearer ,"When  Downed, automatically stabilise at the start of the turn. "
Wrath of the Storm,,,,,,,,,,,,,,,,,,,,,,"Wrath of the Storm: Lightning, Wrath of the Storm: Thunder",,,,,,,,,,,,,,,,,,,,FALSE,,,,,,,,,TRUE,FALSE,"Wrath of the Storm is a Tempest Domain Cleric passive feature. It grants the cleric two reactions,  Wrath of the Storm: Lightning and  Wrath of the Storm: Thunder, that can be triggered to retaliate against an attacking creature with ⁠Lightning or ⁠Thunder damage. ","As a  Reaction, strike back at an attacking creature, dealing 2d8⁠Lightning or 2d8⁠Thunder damage. The target takes half damage on a successful  Saving throw. "
Writhing Dance,,,,,,,,,,,,,,,,,,,,,,,,,,,,,,,,,,,,,,,,,,FALSE,,,,,,,,,TRUE,FALSE,Writhing Dance is a passive feature that allows the wearer to avoid opportunity attacks when below half their hit points. ,"When the wearer has 50% hit points or less, they don't provoke Attacks of Opportunity. "
Xyanyde's Fire,,,,,,,,,,,,,,,,,,,,,,,,,,,,,,,,,,,,,,,,,,FALSE,Faerie Fire,2 Turns,,,,,,,TRUE,FALSE,"Xyanyde's Fire is a passive feature that lights up the wearer's target if they miss, making them easier to hit next turn. ","Once per Short Rest, you can encase a target in  Faerie Fire for 2 turns if you miss an attack against it. "
Yeenoghu's Gift,,,,,,,,,,,,,,,,,,,,,,,,,,,,,,,,,,,,,,,,,,FALSE,"Yeenoghu's Blessing,Yeenoghu's Gift",1 Turn,,,,,,,TRUE,FALSE,Yeenoghu's Gift is a passive feature which requires the wielder continue attacking or go mad. ,Hitting an enemy with this weapon heals the wielder for 1d6⁠hit points - but they can go  Mad if they don't continue hitting an enemy each turn. Healing through this item doesn't trigger other passives that react to healing. 
Yeenoghu's Hunger,,,,,,,,,,,,,,,,,,,,,,,,,,,,,,,,,,,,,,,,,,FALSE,,,,,,,,,TRUE,FALSE,Yeenoghu's Hunger is a passive feature that identifies a creature as harboring Gnoll spawn. ,"Bloated with the spoils of slaughter, but still hungry - a new gnoll is growing in the hyena's belly. "
Zephyr Connection,,,,,,,,,,,,,,,,,,,,,,,,,,,,,,,,,,,,,,,,,,FALSE,,,,,,,,,TRUE,FALSE,Zephyr Connection is a passive feature that binds the weapon to the wielder and creates a thunder explosion when thrown. ,"This weapon will return to your hand when thrown. You cannot be forced to drop the trident. When thrown, the weapon creates an explosion that deals 3d4⁠Thunder damage in a  6 m / 20 ft blast centered on the target. "
Giant Killer,,,,,,,,ADV,,,,,,,,,,,,,,,,,,,,,,,,,,,,,,,,,,FALSE,,,,,,,,,TRUE,FALSE,Giant Killer is a Hunter ranger passive feature and reaction. This ability allows rangers to retaliate with a melee attack using their reactions when attacked by a large creature.,"If a Large or bigger creature attacks you, you can use your reaction to retaliate with a melee attack. You must be able to see the creature, and it must be within 2 m / 7 ft of you."