Name,Image,Location,Attack Type,Type,Rarity,Weight,Cost,Range,Hold Type,Finesse,Light,Thrown,Ench.,DMG Type 1,DMG1 1H,DMG1 2H,DMG Type 2,DMG2,DMG Type 3,DMG3,Spell,Level,Recharge,Weapon Action,Action,Recharge,Features,Off-hand Only Feature,Off-hand Action,Resistance,AC Bonus,Act,Usable,DONE,,,Melee,Ranged
Cemetery-Blue Torch,,,Melee,Clubs,Common,0.9kg,10,1.5m,One-Handed,FALSE,TRUE,FALSE,,Bludgeoning,1d4,1d4,Fire,1d4,,,,,,,Main Hand Attack,,,,Off-Hand Attack (Melee),,,,TRUE,TRUE,A Torch can be used as a Light Source and doubles as improvised weapon of the Clubs family. It is a simple melee weapon wielded in one hand. It's a light weapon that anyone can dual-wield without special training. Can ignite flammable surfaces or clouds if it makes proper contact.,,Cemetery-Blue Torch,Light Crossbow
Club,,,Melee,Clubs,Common,0.9kg,10,1.5m,One-Handed,FALSE,TRUE,FALSE,,Bludgeoning,1d4,1d4,,,,,,,,Concussive Smash,Main Hand Attack,,,,Off-Hand Attack (Melee),,,,TRUE,TRUE,"Club is a mundane, nonmagical variant of the Clubs family of weapons. It is a simple melee weapon wielded in one hand. It is a light weapon that anyone can dual-wield without special training. It is more or less a temporary weapon considering other simple weapons like Mace are superior to it in damage.",,Club,Light Crossbow +1
Cultist Brand,,,Melee,Clubs,Common,0.9kg,10,1.5m,One-Handed,FALSE,TRUE,FALSE,,Bludgeoning,1d4,1d4,,,,,,,,Concussive Smash,Main Hand Attack,,,,Off-Hand Attack (Melee),,,,TRUE,TRUE,Cultist Brand is a common variant of the Clubs family of weapons. It is a simple melee weapon wielded in one hand. It's a light weapon that anyone can dual-wield without special training.,,Cultist Brand,Sharran Crossbow
Drunk-Purple Torch,,,Melee,Clubs,Common,0.9kg,10,1.5m,One-Handed,FALSE,TRUE,FALSE,,Bludgeoning,1d4,1d4,Fire,1d4,,,,,,,Main Hand Attack,,,,Off-Hand Attack (Melee),,,,TRUE,TRUE,A Torch can be used as a Light Source and doubles as improvised weapon of the Clubs family. It is a simple melee weapon wielded in one hand. It's a light weapon that anyone can dual-wield without special training. Can ignite flammable surfaces or clouds if it makes proper contact.,,Drunk-Purple Torch,Goblin Bow
Lantern,,,Melee,Clubs,Common,0.9kg,10,1.5m,One-Handed,FALSE,TRUE,FALSE,,Bludgeoning,1d4,1d4,Fire,1d4,,,,,,Concussive Smash,Main Hand Attack,,,,Off-Hand Attack (Melee),,,,TRUE,TRUE,A Lantern can be used as a Light Source and doubles as improvised weapon of the Clubs family. It is a simple melee weapon wielded in one hand. It's a works exactly like a Torch in utility and combat functions.,,Lantern,Makeshift Bow
Plague-Green Torch,,,Melee,Clubs,Common,0.9kg,10,1.5m,One-Handed,FALSE,TRUE,FALSE,,Bludgeoning,1d4,1d4,Fire,1d4,,,,,,,Main Hand Attack,,,,Off-Hand Attack (Melee),,,,TRUE,TRUE,A Plague-Green Torch can be used as a Light Source and doubles as improvised weapon of the Clubs family. It is a simple melee weapon wielded in one hand. It's a light weapon that anyone can dual-wield without special training. Can ignite flammable surfaces or clouds if it makes proper contact.,,Plague-Green Torch,Shortbow
Torch,,,Melee,Clubs,Common,0.9kg,10,1.5m,One-Handed,FALSE,TRUE,FALSE,,Bludgeoning,1d4,1d4,Fire,1d4,,,,,,,Main Hand Attack,,,,Off-Hand Attack (Melee),,,1,TRUE,TRUE,"A Torch can be used as a Light Source or as an improvised Club. It can be wielded as a simple melee weapon in one hand. When lit, the torch is a light weapon that anyone can dual-wield without special training. Torches can also be used to ignite flammable surfaces or to create smoke.",,Torch,Bow of Awareness
Twisting Branch,,,Melee,Clubs,Common,0.9kg,10,1.5m,One-Handed,FALSE,TRUE,FALSE,,Bludgeoning,1d4,1d4,,,,,,,,Concussive Smash,Main Hand Attack,,,,Off-Hand Attack (Melee),,,,TRUE,TRUE,Twisting Branch is a common variant of the Clubs family of weapons. It is a simple melee weapon wielded in one hand. It's a light weapon that anyone can dual-wield without special training.,,Twisting Branch,Hunting Shortbow
Whipping Cane,,,Melee,Clubs,Common,0.9kg,10,1.5m,One-Handed,FALSE,TRUE,FALSE,,Bludgeoning,1d4,1d4,,,,,,,,Concussive Smash,Main Hand Attack,,,,Off-Hand Attack (Melee),,,,TRUE,TRUE,"Whipping Cane is a mundane, nonmagical variant of the Clubs family of weapons. It is a simple melee weapon wielded in one hand. It's a light weapon that anyone can dual-wield without special training. It has the same stats as a Club, making it a relatively useless weapon.",,Whipping Cane,Shortbow +1
Broken Club,,,Melee,Clubs,Common,0.9kg,10,1.5m,One-Handed,FALSE,TRUE,FALSE,,Bludgeoning,1d4,1d4,,,,,,,,Concussive Smash,Main Hand Attack,,,,Off-Hand Attack (Melee),,,,TRUE,TRUE,"Broken Club is a mundane, nonmagical variant of the Clubs family of weapons. It is a Simple melee weapon wielded in one hand. It's a light weapon that anyone can dual-wield without special training.",,Broken Club,Bow of the Banshee
Salami,,,Melee,Clubs,Common,0.9kg,10,1.5m,One-Handed,FALSE,TRUE,FALSE,,Bludgeoning,1d4,1d4,,,,,,,,Concussive Smash,Main Hand Attack,,,,Off-Hand Attack (Melee),,,,TRUE,TRUE,"Salami is a mundane, nonmagical variant of the Clubs family of weapons. It is a simple melee weapon wielded in one hand. It's a light weapon that anyone can dual-wield without special training.",,Salami,Darkfire Shortbow
Club +1,,,Melee,Clubs,Uncommon,0.9kg,17,1.5m,One-Handed,FALSE,TRUE,FALSE,1,Bludgeoning,1d4,1d4,,,,,,,,Concussive Smash,Main Hand Attack,,,,Off-Hand Attack (Melee),,,,TRUE,TRUE,"Club +1 is an uncommon, lightly enchanted (+1) variant of the Clubs family of weapons. It is a simple melee weapon wielded in one hand. It's a light weapon that anyone can dual-wield without special training.",,Club +1,Least Expected
Club of Hill Giant Strength,,,Melee,Clubs,Uncommon,0.9kg,65,1.5m,One-Handed,FALSE,TRUE,FALSE,,Bludgeoning,1d4,1d4,,,,,,,,Concussive Smash,Main Hand Attack,,Splinters of a Giant's Might,,Off-Hand Attack (Melee),,,1,TRUE,TRUE,Club of Hill Giant Strength is an uncommon club that that sets the wearer's Strength to 19.,,Club of Hill Giant Strength,Vicious Shortbow
Ironwood Club,,,Melee,Clubs,Uncommon,0.9kg,65,1.5m,One-Handed,FALSE,TRUE,FALSE,1,Bludgeoning,1d4,1d4,,,,,,,,"Concussive Smash, Backbreaker",Main Hand Attack,Short Rest,,,Off-Hand Attack (Melee),,,2,TRUE,FALSE,Ironwood Club is an uncommon +1 Club that deals extra Bludgeoning damage when Shillelagh is cast on it.,,Ironwood Club,Blightbringer
Shadow Lantern,,,Melee,Clubs,Rare,0.9kg,190,1.5m,One-Handed,FALSE,TRUE,FALSE,,Bludgeoning,1d4,1d4,,,,,Conjure Shadow Lantern Wraith,6,Long Rest,Concussive Smash,Main Hand Attack,,,,Off-Hand Attack (Melee),,,2,TRUE,FALSE,The Shadow Lantern is a unique type of Moonlantern which provides a Moonshield and grants the unique Conjure Shadow Lantern Wraith spell.,,Shadow Lantern,Hand Crossbow
Moonlantern,,,Melee,Clubs,Story Item,0.9kg,30,1.5m,One-Handed,FALSE,TRUE,FALSE,,Bludgeoning,1d4,1d4,,,,,,,,Concussive Smash,Main Hand Attack,,,,Off-Hand Attack (Melee),,,2,TRUE,TRUE,The Moonlantern is a special utility item that sheds a magical Light in a large radius while equipped.,,Moonlantern,Firestoker
Torch of Revocation,,,Melee,Clubs,Story Item,0.9kg,145,1.5m,One-Handed,FALSE,TRUE,FALSE,1,Bludgeoning,1d4,1d4,Fire,1d4,Necrotic,1d4,,,,Concussive Smash,Main Hand Attack,,,,Off-Hand Attack (Melee),,,3,TRUE,TRUE,Torch of Revocation is a story rarity +1 utility item carried by Mystic Carrion and used in exorcisms.,,Torch of Revocation,Hand Crossbow +1
Artificial Leech,,,Melee,Daggers,Common,0.5kg,16,1.5m,One-Handed,TRUE,TRUE,TRUE,,Piercing,1d4,1d4,Piercing,1,,,,,,Piercing Strike,Main Hand Attack,,,,Off-Hand Attack (Melee),,,2,TRUE,TRUE,"Artificial Leech is a common variant of the Daggers family of weapons. It is a simple melee weapon wielded in one hand. As a finesse weapon, it can benefit from the wielder's Dexterity and not just their Strength. It's a light weapon that anyone can dual-wield without special training. Its design lends itself well to be thrown at enemies as a projectile.",,Artificial Leech,Hand Crossbow +2
Needle of the Outlaw Rogue,,,Melee,Daggers,Common,0.5kg,1,1.5m,One-Handed,TRUE,TRUE,TRUE,,Piercing,1d4,1d4,,,,,,,,Piercing Strike,Main Hand Attack,,,,Off-Hand Attack (Melee),,,,TRUE,TRUE,"Needle of the Outlaw Rogue is a common variant of the Daggers family of weapons. It is a simple melee weapon wielded in one hand. As a finesse weapon, it can benefit from the wielder's Dexterity and not just their Strength. It's a light weapon that anyone can dual-wield without special training. Its design lends itself well to be thrown at enemies as a projectile.",,Needle of the Outlaw Rogue,Ne'er Misser
Polished Dagger,,,Melee,Daggers,Common,0.5kg,30,1.5m,One-Handed,TRUE,TRUE,TRUE,,Piercing,1d4,1d4,,,,,,,,Piercing Strike,Main Hand Attack,,,,Off-Hand Attack (Melee),,,,TRUE,TRUE,"Polished Dagger is a common variant of the Daggers family of weapons. It is a simple melee weapon wielded in one hand. As a finesse weapon, it can benefit from the wielder's Dexterity and not just their Strength. It's a light weapon that anyone can dual-wield without special training. Its design lends itself well to be thrown at enemies as a projectile.",,Polished Dagger,Hellfire Hand Crossbow
Rusted Blade,,,Melee,Daggers,Common,0.5kg,16,1.5m,One-Handed,TRUE,TRUE,TRUE,,Piercing,1d4,1d4,,,,,,,,Piercing Strike,Main Hand Attack,,,,Off-Hand Attack (Melee),,,,TRUE,TRUE,"Rusted Blade is a common variant of the Daggers family of weapons. It is a simple melee weapon wielded in one hand. As a finesse weapon, it can benefit from the wielder's Dexterity and not just their Strength. It's a light weapon that anyone can dual-wield without special training. Its design lends itself well to be thrown at enemies as a projectile.",,Rusted Blade,Rusty Heavy Crossbow
Rusty Dagger,,,Melee,Daggers,Common,0.5kg,2,1.5m,One-Handed,TRUE,TRUE,TRUE,,Piercing,1d4,1d4,,,,,,,,Piercing Strike,Main Hand Attack,,,,Off-Hand Attack (Melee),,,,TRUE,TRUE,"Rusty Dagger is a common variant of the Daggers family of weapons. It is a simple melee weapon wielded in one hand. As a finesse weapon, it can benefit from the wielder's Dexterity and not just their Strength. It's a light weapon that anyone can dual-wield without special training. Its design lends itself well to be thrown at enemies as a projectile.",,Rusty Dagger,Heavy Crossbow
Scalpel,,,Melee,Daggers,Common,0.5kg,16,1.5m,One-Handed,TRUE,TRUE,TRUE,,Piercing,1d4,1d4,,,,,,,,Piercing Strike,Main Hand Attack,,,,Off-Hand Attack (Melee),,,,TRUE,TRUE,"Scalpel is a common variant of the Daggers family of weapons. It is a simple melee weapon wielded in one hand. As a finesse weapon, it can benefit from the wielder's Dexterity and not just their Strength. It's a light weapon that anyone can dual-wield without special training. Its design lends itself well to be thrown at enemies as a projectile.",,Scalpel,Crossbow of Arcane Force
Syringe,,,Melee,Daggers,Common,0.5kg,16,1.5m,One-Handed,TRUE,TRUE,TRUE,,Piercing,1d4,1d4,,,,,,,,,Main Hand Attack,,,,Off-Hand Attack (Melee),,,2,TRUE,TRUE,"Syringe is a common variant of the Daggers family of weapons. It is a simple melee weapon wielded in one hand. As a finesse weapon, it can benefit from the wielder's Dexterity and not just their Strength. It's a light weapon that anyone can dual-wield without special training. Its design lends itself well to be thrown at enemies as a projectile.",,Syringe,Gandrel's Aspiration
Dagger,,,Melee,Daggers,Common,0.5kg,16,1.5m,One-Handed,TRUE,TRUE,TRUE,,Piercing,1d4,1d4,,,,,,,,Piercing Strike,Main Hand Attack,,,,Off-Hand Attack (Melee),,,,TRUE,TRUE,"Dagger is a mundane, nonmagical variant of the Daggers family of weapons. It is a simple melee weapon wielded in one hand. As a finesse weapon, it can benefit from the wielder's Dexterity and not just their Strength. It's a light weapon that anyone can dual-wield without special training. Its design lends itself well to be thrown at enemies as a projectile.",,Dagger,Githyanki Crossbow
Poo-Scraper,,,Melee,Daggers,Common,0.5kg,2,1.5m,One-Handed,TRUE,TRUE,TRUE,,Piercing,1d4,1d4,,,,,,,,Piercing Strike,Main Hand Attack,,,,Off-Hand Attack (Melee),,,,TRUE,TRUE,"Poo-Scraper is a mundane, nonmagical variant of the Daggers family of weapons. It is a simple melee weapon wielded in one hand. As a finesse weapon, it can benefit from the wielder's Dexterity and not just their Strength. It's a light weapon that anyone can dual-wield without special training. Its design lends itself well to be thrown at enemies as a projectile.",,Poo-Scraper,Heavy Crossbow +1
Artificial Leech (+1),,,Melee,Daggers,Uncommon,0.5kg,65,1.5m,One-Handed,TRUE,TRUE,TRUE,1,Piercing,1d4,1d4,,,,,,,,"Piercing Strike, Bloodletting",Main Hand Attack,Short Rest,,,Off-Hand Attack (Melee),,,,TRUE,TRUE,Artificial Leech is an uncommon +1 Dagger which grants non player characters the Bloodletting weapon action.,,Artificial Leech (+1),Giantbreaker
Assassin's Touch,,,Melee,Daggers,Uncommon,0.5kg,40,1.5m,One-Handed,TRUE,TRUE,TRUE,1,Piercing,1d4,1d4,,,,,,,,Piercing Strike,Main Hand Attack,,Deathly Slumber,,Off-Hand Attack (Melee),,,1,TRUE,TRUE,Assassin's Touch is an uncommon +1 Dagger that deals additional damage to Sleeping or Knocked Out targets.,,Assassin's Touch,Harold
Dagger +1,,,Melee,Daggers,Uncommon,0.4kg,40,1.5m,One-Handed,TRUE,TRUE,TRUE,1,Piercing,1d4,1d4,,,,,,,,Piercing Strike,Main Hand Attack,,,,Off-Hand Attack (Melee),,,1,TRUE,TRUE,"Dagger +1 is an uncommon, lightly enchanted (+1) variant of the Daggers family of weapons. It is a simple melee weapon wielded in one hand. As a finesse weapon, it can benefit from the wielder's Dexterity and not just their Strength. It's a light weapon that anyone can dual-wield without special training. Its design lends itself well to be thrown at enemies as a projectile.",,Dagger +1,The Long Arm of the Gur
Hunter's Dagger,,,Melee,Daggers,Uncommon,0.4kg,65,1.5m,One-Handed,TRUE,TRUE,TRUE,1,Piercing,1d4,1d4,,,,,,,,"Piercing Strike, Flourish, Lacerate",Main Hand Attack,,Rupturing,,Off-Hand Attack (Melee),,,1,TRUE,TRUE,Hunter's Dagger is an uncommon +1 Dagger that can Rupture the target on a hit.,,Hunter's Dagger,Fabricated Arbalest
Murderous Cut,,,Melee,Daggers,Uncommon,0.4kg,65,1.5m,One-Handed,TRUE,TRUE,TRUE,1,Piercing,1d4,1d4,,,,,,,,"Piercing Strike, Flourish, Lacerate",Main Hand Attack,,Prey Upon the Weak,,Off-Hand Attack (Melee),,,,TRUE,TRUE,Murderous Cut is an uncommon +1 Dagger that deals extra Piercing damage to targets with less than half their maximum Hit points.,,Murderous Cut,Hellfire Engine Crossbow
Ritual Dagger,,,Melee,Daggers,Uncommon,0.4kg,320,1.5m,One-Handed,TRUE,TRUE,TRUE,,Piercing,1d4,1d4,,,,,Blood Sacrifice,,,Piercing Strike,Main Hand Attack,Per Turn,The Pain Maiden's Blessing,,Off-Hand Attack (Melee),,,1,TRUE,TRUE,Ritual Dagger is an uncommon dagger that temporarily Blesses the wielder when dealing damage to an enemy - or to themselves.,,Ritual Dagger,Longbow
Ritual Dagger of Shar,,,Melee,Daggers,Uncommon,0.4kg,65,1.5m,One-Handed,TRUE,TRUE,TRUE,1,Piercing,1d4,1d4,Necrotic,1d4,,,,,,Piercing Strike,Main Hand Attack,,,,Off-Hand Attack (Melee),,,2,TRUE,TRUE,Ritual Dagger of Shar is an uncommon +1 Dagger that deals an additional 1d4 Necrotic damage on a hit.,,Ritual Dagger of Shar,Sahuagin Longbow
Syringe (+1),,,Melee,Daggers,Uncommon,0.4kg,65,1.5m,One-Handed,TRUE,TRUE,TRUE,1,Piercing,1d4,1d4,,,,,,,,"Piercing Strike, Inject Nostrum",Main Hand Attack,Short Rest,,,Off-Hand Attack (Melee),,,,TRUE,TRUE,Syringe is an uncommon +1 Dagger which grants the Inject Nostrum weapon action to non player characters only.,,Syringe (+1),Hellrider Longbow
Worgfang,,,Melee,Daggers,Uncommon,0.4kg,260,1.5m,One-Handed,TRUE,TRUE,TRUE,,Piercing,1d4,1d4,,,,,,,,Piercing Strike,Main Hand Attack,,Goblin's Undoing,,Off-Hand Attack (Melee),,,1,TRUE,TRUE,Worgfang is an uncommon dagger which grants the wielder defensive capabilities against Goblins. Any goblin attacking the wielder suffers Disadvantage on its Attack Rolls.,,Worgfang,Longbow +1
Cold Snap,,,Melee,Daggers,Rare,0.4kg,190,1.5m,One-Handed,TRUE,TRUE,TRUE,,Piercing,1d4,1d4,Cold,1d4,,,,,,Piercing Strike,Main Hand Attack,,Chilling Counter,Chilling Counter,Off-Hand Attack (Melee),,,3,TRUE,FALSE,Cold Snap is a rare Dagger which chills enemies that attack and miss the wielder; it also increases the wielder's Armour Class if used in the off-hand.,,Cold Snap,Spellthief
Dagger +2,,,Melee,Daggers,Rare,0.4kg,95,1.5m,One-Handed,TRUE,TRUE,TRUE,2,Piercing,1d4,1d4,,,,,,,,Piercing Strike,Main Hand Attack,,,,Off-Hand Attack (Melee),,,,TRUE,TRUE,"Dagger +2 is a rare, moderately enchanted (+2) variant of the Daggers family of weapons. It is a simple melee weapon wielded in one hand. As a finesse weapon, it can benefit from the wielder's Dexterity and not just their Strength. It's a light weapon that anyone can dual-wield without special training. Its design lends itself well to be thrown at enemies as a projectile.",,Dagger +2,Longbow +2
Dolor Amarus,,,Melee,Daggers,Rare,0.4kg,190,1.5m,One-Handed,TRUE,TRUE,TRUE,2,Piercing,1d4,1d4,,,,,,,,"Piercing Strike, Flourish, Lacerate",Main Hand Attack,,Dolor Amarus,,Off-Hand Attack (Melee),,,3,TRUE,TRUE,Dolor Amarus is a rare +2 dagger that deals 7 additional damage on a critical hit.,,Dolor Amarus,The Joltshooter
Dread Iron Dagger,,,Melee,Daggers,Rare,0.4kg,190,1.5m,One-Handed,TRUE,TRUE,TRUE,1,Piercing,1d4,1d4,,,,,,,,Piercing Strike,Main Hand Attack,,Dread Iron Ambush,,Off-Hand Attack (Melee),,,3,TRUE,TRUE,Dread Iron Dagger is a rare +1 Dagger that deals extra Necrotic damage while the wielder is Hidden.,,Dread Iron Dagger,Titanstring Bow
Gleamdance Dagger,,,Melee,Daggers,Rare,0.4kg,190,1.5m,One-Handed,TRUE,TRUE,TRUE,2,Piercing,1d4,1d4,,,,,,,,Piercing Strike,Main Hand Attack,,Gleamdance Dagger: Glowing,Gleamdancer,Off-Hand Attack (Melee),,,3,TRUE,TRUE,Gleamdance Dagger is a rare +2 Dagger that sheds light in a radius and increases the wielder's Armour Class if equipped in their off-hand.,,Gleamdance Dagger,The Dead Shot
Sussur Dagger,,,Melee,Daggers,Rare,0.4kg,80,1.5m,One-Handed,TRUE,TRUE,TRUE,1,Piercing,1d4,1d4,,,,,,,,Piercing Strike,Main Hand Attack,,,,Off-Hand Attack (Melee),,,1,TRUE,FALSE,"The Sussur Dagger is a Rare +1 Dagger which can Silence the targets it strikes, making it very useful against spellcasters.",,Sussur Dagger,Gontr Mael
Rhapsody,,,Melee,Daggers,Very Rare,0.4kg,480,1.5m,One-Handed,TRUE,TRUE,TRUE,1,Piercing,1d4,1d4,,,,,,,,Piercing Strike,"Scarlet Feast, Main Hand Attack",Long Rest,"Scarlet Remittance, Sweet Bloodletting",,Off-Hand Attack (Melee),,,3,TRUE,TRUE,"Rhapsody is a very rare +1 Dagger that grants better Attack Rolls, damage, and Spell Save DC for every foe slain (up to 3) and possibly inflicts Bleeding while the wielder is Hiding or Invisible.",,Rhapsody,
Stillmaker,,,Melee,Daggers,Very Rare,0.4kg,480,1.5m,One-Handed,TRUE,TRUE,TRUE,2,Piercing,1d4,1d4,,,,,Hold Person,3,Long Rest,"Piercing Strike, Pommel Strike, Lacerate",Main Hand Attack,,,,Off-Hand Attack (Melee),,,3,TRUE,TRUE,Stillmaker is a very rare +2 Dagger that grants the wielder the Hold Person spell once per Long Rest.,,Stillmaker,
Bloodthirst,,,Melee,Daggers,Story Item,0.4kg,640,1.5m,One-Handed,TRUE,TRUE,TRUE,2,Piercing,1d4,1d4,,,,,True Strike,,Short Rest,Piercing Strike,Main Hand Attack,,"Improved Critical, Exploit Weakness, True Strike Riposte",,Off-Hand Attack (Melee),,1,3,TRUE,FALSE,"Bloodthirst is a legendary +2 Dagger wielded by Orin which makes critical hits more likely and can make targets vulnerable to Piercing or more likely to be hit, depending on which hand the weapon is equipped on.",,Bloodthirst,
Cleaver,,,Melee,Handaxes,Common,0.9kg,16,1.5m,One-Handed,FALSE,TRUE,TRUE,,Slashing,1d6,1d6,,,,,,,,Lacerate,Main Hand Attack,,,,Off-Hand Attack (Melee),,,,TRUE,TRUE,Cleaver is a common variant of the Handaxes family of weapons. It is a simple melee weapon wielded in one hand.,,Cleaver,
Rusty Handaxe,,,Melee,Handaxes,Common,0.9kg,2,1.5m,One-Handed,FALSE,TRUE,TRUE,,Slashing,1d6,1d6,,,,,,,,Lacerate,Main Hand Attack,,,,Off-Hand Attack (Melee),,,,TRUE,TRUE,Rusty Handaxe is a common variant of the Handaxes family of weapons. It is a simple melee weapon wielded in one hand. It's a light weapon that anyone can dual-wield without special training. Its design lends itself well to be thrown at enemies as a projectile.,,Rusty Handaxe,
Dad's Axe,,,Melee,Handaxes,Common,0.9kg,16,1.5m,One-Handed,FALSE,TRUE,TRUE,,Slashing,1d6,1d6,,,,,,,,Lacerate,Main Hand Attack,,,,Off-Hand Attack (Melee),,,,TRUE,TRUE,"Dad's Axe is a mundane, nonmagical variant of the Handaxes family of weapons. It is a simple melee weapon wielded in one hand. It's a light weapon that anyone can dual-wield without special training. Its design lends itself well to be thrown at enemies as a projectile.",,Dad's Axe,
Handaxe,,,Melee,Handaxes,Common,0.9kg,16,1.5m,One-Handed,FALSE,TRUE,TRUE,,Slashing,1d6,1d6,,,,,,,,Lacerate,Main Hand Attack,,,,Off-Hand Attack (Melee),,,,TRUE,TRUE,"Handaxe is a mundane, nonmagical variant of the Handaxes family of weapons. It is a simple melee weapon wielded in one hand. It's a light weapon that anyone can dual-wield without special training. Its design lends itself well to be thrown at enemies as a projectile.",,Handaxe,
Comeback Handaxe,,,Melee,Handaxes,Uncommon,0.9kg,1,1.5m,One-Handed,FALSE,TRUE,TRUE,1,Slashing,1d6,1d6,,,,,,,,Lacerate,Main Hand Attack,,,,Off-Hand Attack (Melee),,,3,TRUE,TRUE,"Comeback Handaxe is an uncommon, lightly enchanted (+1) variant of the Handaxes family of weapons. It is a simple melee weapon wielded in one hand. It's a light weapon that anyone can dual-wield without special training. Its design lends itself well to be thrown at enemies as a projectile.",,Comeback Handaxe,
Dragon's Grasp,,,Melee,Handaxes,Uncommon,0.9kg,65,1.5m,One-Handed,FALSE,TRUE,TRUE,,Slashing,1d6,1d6,,,,,,,,Lacerate,Main Hand Attack,,Burned Alive,,Off-Hand Attack (Melee),,,1,TRUE,TRUE,Dragon's Grasp is an uncommon Handaxe that deals extra Slashing damage to Burning targets.,,Dragon's Grasp,
Handaxe +1,,,Melee,Handaxes,Uncommon,0.9kg,40,1.5m,One-Handed,FALSE,TRUE,TRUE,1,Slashing,1d6,1d6,,,,,,,,Lacerate,Main Hand Attack,,,,Off-Hand Attack (Melee),,,,TRUE,TRUE,"Handaxe +1 is an uncommon, lightly enchanted (+1) variant of the Handaxes family of weapons. It is a simple melee weapon wielded in one hand. Its design lends itself well to be thrown at enemies as a projectile.",,Handaxe +1,
Ritual Axe,,,Melee,Handaxes,Uncommon,0.9kg,280,1.5m,One-Handed,FALSE,TRUE,TRUE,,Slashing,1d6,1d6,,,,,,,,Lacerate,Main Hand Attack,,The Scourge Mistress' Bane,,Off-Hand Attack (Melee),,,1,TRUE,TRUE,Ritual Axe is an uncommon Handaxe which inflicts Bane against the wielder's targets.,,Ritual Axe,
BOOOAL's Arms,,,Melee,Javelins,Common,0.9kg,10,1.5m,One-Handed,FALSE,FALSE,TRUE,,Piercing,1d7,1d7,,,,,,,,Piercing Strike,Main Hand Attack,,,,Off-Hand Attack (Melee),,,,TRUE,TRUE,BOOOAL's Arms is a common variant of the Javelins family of weapons. It is a simple melee weapon wielded in one hand. Its design lends itself well to be thrown at enemies as a projectile.,,BOOOAL's Arms,
Javelin,,,Melee,Javelins,Common,0.9kg,10,1.5m,One-Handed,FALSE,FALSE,TRUE,,Piercing,1d8,1d8,,,,,,,,Piercing Strike,Main Hand Attack,,,,Off-Hand Attack (Melee),,,,TRUE,TRUE,"Javelin is a mundane, nonmagical variant of the Javelins family of weapons. It is a simple melee weapon wielded in one hand. Its design lends itself well to be thrown at enemies as a projectile.",,Javelin,
Javelin +1,,,Melee,Javelins,Uncommon,0.9kg,10,1.5m,One-Handed,FALSE,FALSE,TRUE,1,Piercing,1d6,1d6,,,,,,,,Piercing Strike,Main Hand Attack,,,,Off-Hand Attack (Melee),,,,TRUE,TRUE,"Javelin +1 is an uncommon, lightly enchanted (+1) variant of the Javelins family of weapons. It is a simple melee weapon wielded in one hand. Its design lends itself well to be thrown at enemies as a projectile.",,Javelin +1,
Light Hammer,,,Melee,Light Hammers,Common,0.9kg,40,1.5m,One-Handed,FALSE,TRUE,TRUE,,Bludgeoning,1d4,1d4,,,,,,,,Concussive Smash,Main Hand Attack,,,,Off-Hand Attack (Melee),,,,TRUE,TRUE,"Light Hammer is a mundane, nonmagical variant of the Light Hammers family of weapons. It is a simple melee weapon wielded in one hand. It's a light weapon that anyone can dual-wield without special training. Its design lends itself well to be thrown at enemies as a projectile.",,Light Hammer,
Rusty Light Hammer,,,Melee,Light Hammers,Common,0.9kg,3,1.5m,One-Handed,FALSE,TRUE,TRUE,,Bludgeoning,1d4,1d4,,,,,,,,Concussive Smash,Main Hand Attack,,,,Off-Hand Attack (Melee),,,,TRUE,TRUE,"Rusty Light Hammer is a mundane, nonmagical variant of the Light Hammers family of weapons. It is a simple melee weapon wielded in one hand. It's a light weapon that anyone can dual-wield without special training. Its design lends itself well to be thrown at enemies as a projectile.",,Rusty Light Hammer,
Light Hammer +1,,,Melee,Light Hammers,Uncommon,0.9kg,40,1.5m,One-Handed,FALSE,TRUE,TRUE,1,Bludgeoning,1d4,1d4,,,,,,,,Concussive Smash,Main Hand Attack,,,,Off-Hand Attack (Melee),,,,TRUE,TRUE,"Light Hammer +1 is an uncommon, lightly enchanted (+1) variant of the Light Hammers family of weapons. It is a simple melee weapon wielded in one hand. It's a light weapon that anyone can dual-wield without special training. Its design lends itself well to be thrown at enemies as a projectile.",,Light Hammer +1,
Shining Staver-of-Skulls,,,Melee,Light Hammers,Uncommon,0.9kg,65,1.5m,One-Handed,FALSE,TRUE,TRUE,1,Bludgeoning,1d4,1d4,Bludgeoning,1,Radiant,1d4,,,,Concussive Smash,Main Hand Attack,,,,Off-Hand Attack (Melee),,,1,TRUE,FALSE,Shining Staver-of-Skulls is an uncommon +1 Light Hammer that sheds Light in a radius around the wielder.,,Shining Staver-of-Skulls,
Skybreaker,,,Melee,Light Hammers,Uncommon,0.9kg,65,1.5m,One-Handed,FALSE,TRUE,TRUE,1,Bludgeoning,1d4,1d4,,,,,Searing Smite,1,Long Rest,Concussive Smash,Main Hand Attack,,,,Off-Hand Attack (Melee),,,1,TRUE,TRUE,Skybreaker is an uncommon +1 Light Hammer that grants the wielder the spell Searing Smite.,,Skybreaker,
Wulbren's Hammer,,,Melee,Light Hammers,Uncommon,0.9kg,65,1.5m,One-Handed,FALSE,TRUE,TRUE,1,Bludgeoning,1d4,1d4,,,,,,,,Concussive Smash,Main Hand Attack,,,,Off-Hand Attack (Melee),,,2,TRUE,FALSE,Wulbren's Hammer is an uncommon +1 Light Hammer that deals an extra 2d4 Force damage on each hit against constructs and world objects.,,Wulbren's Hammer,
Crude Mace,,,Melee,Maces,Common,1.8kg,30,1.5m,One-Handed,FALSE,FALSE,FALSE,,Bludgeoning,1d6,1d6,,,,,,,,Concussive Smash,Main Hand Attack,,,,Off-Hand Attack (Melee),,,,TRUE,TRUE,Crude Mace is a common variant of the Maces family of weapons. It is a simple melee weapon wielded in one hand.,,Crude Mace,
Deva Mace,,,Melee,Maces,Common,1.8kg,30,1.5m,One-Handed,FALSE,FALSE,FALSE,,Bludgeoning,1d6,1d6,Radiant,4d8,,,,,,Concussive Smash,Main Hand Attack,,,,Off-Hand Attack (Melee),,,,TRUE,TRUE,Deva Mace is a common variant of the Maces family of weapons wielded by Deva.,,Deva Mace,
Mace,,,Melee,Maces,Common,1.8kg,30,1.5m,One-Handed,FALSE,FALSE,FALSE,,Bludgeoning,1d6,1d6,,,,,,,,Concussive Smash,Main Hand Attack,,,,Off-Hand Attack (Melee),,,,TRUE,TRUE,Mace is a common variant of the Maces family of weapons. It is a simple melee weapon wielded in one hand.,,Mace,
Rusty Mace,,,Melee,Maces,Common,1.8kg,3,1.5m,One-Handed,FALSE,FALSE,FALSE,,Bludgeoning,1d6,1d6,,,,,,,,Concussive Smash,Main Hand Attack,,,,Off-Hand Attack (Melee),,,,TRUE,TRUE,Rusty Mace is a common variant of the Maces family of weapons. It is a simple melee weapon wielded in one hand.,,Rusty Mace,
Ceremonial Mace,,,Melee,Maces,Uncommon,1.8kg,40,1.5m,One-Handed,FALSE,FALSE,FALSE,1,Bludgeoning,1d6,1d6,,,,,,,,Concussive Smash,Main Hand Attack,,,,Off-Hand Attack (Melee),,,2,TRUE,TRUE,"Ceremonial Mace is an uncommon, lightly enchanted (+1) Mace. While functionally the same as a Mace +1, it is used for solving the puzzle inside the Rosymorn Monastery chapel.",,Ceremonial Mace,
Infernal Mace (Uncommon),,,Melee,Maces,Uncommon,1.8kg,65,1.5m,One-Handed,FALSE,FALSE,FALSE,1,Bludgeoning,1d6,1d6,Poison,3,,,,,,Concussive Smash,Main Hand Attack,,Infernal Weapon,,Off-Hand Attack (Melee),,,,TRUE,TRUE,Infernal Mace is an uncommion +1 Mace that deals an extra 3 Poison damage and possibly Poisons the target on a hit.,,Infernal Mace (Uncommon),
Loviatar's Scourge,,,Melee,Maces,Uncommon,1.8kg,370,1.5m,One-Handed,FALSE,FALSE,FALSE,,Bludgeoning,1d6,1d6,Necrotic,1d6,,,,,,Concussive Smash,Main Hand Attack,,Willing Whip,,Off-Hand Attack (Melee),,,1,TRUE,TRUE,"Loviatar's Scourge is an uncommon Mace that grants the wielder resistance to Necrotic damage. It also deals additional Necrotic damage to all nearby creatures, including the wielder.",,Loviatar's Scourge,
Mace +1,,,Melee,Maces,Uncommon,1.8kg,40,1.5m,One-Handed,FALSE,FALSE,FALSE,1,Bludgeoning,1d6,1d6,,,,,,,,Concussive Smash,Main Hand Attack,,,,Off-Hand Attack (Melee),,,,TRUE,TRUE,"Mace +1 is an uncommon, lightly enchanted (+1) variant of the Maces family of weapons. It is a simple melee weapon wielded in one hand.",,Mace +1,
Xyanyde,,,Melee,Maces,Uncommon,1.8kg,330,1.5m,One-Handed,FALSE,FALSE,FALSE,1,Bludgeoning,1d6,1d6,,,,,,,,Concussive Smash,Main Hand Attack,,Xyanyde's Fire,,Off-Hand Attack (Melee),,,1,TRUE,TRUE,"Xyanyde is an uncommon +1 Mace which applies Faerie Fire on targets that the wielder misses, once per Short Rest.",,Xyanyde,
Adamantine Mace,,,Melee,Maces,Rare,1.9kg,190,1.5m,One-Handed,FALSE,FALSE,FALSE,1,Bludgeoning,1d6,1d6,,,,,,,,Concussive Smash,Main Hand Attack,,"Diamondsbane, Lethal Weapon (Bludgeoning)",,Off-Hand Attack (Melee),,,1,TRUE,TRUE,Adamantine Mace is a rare +1 Mace that automatically critical hits objects and ignores Resistance to Bludgeoning damage.,,Adamantine Mace,
Infernal Mace,,,Melee,Maces,Rare,1.8kg,190,1.5m,One-Handed,FALSE,FALSE,FALSE,2,Bludgeoning,1d6,1d6,Poison,3,,,,,,Concussive Smash,Main Hand Attack,,Infernal Weapon,,Off-Hand Attack (Melee),,,,TRUE,TRUE,Infernal Mace is a rare +2 Mace which deals an extra 3 Poison damage and possibly Poisons the target on a hit.,,Infernal Mace,
Mace +2,,,Melee,Maces,Rare,1.8kg,95,1.5m,One-Handed,FALSE,FALSE,FALSE,2,Bludgeoning,1d6,1d6,,,,,,,,Concussive Smash,Main Hand Attack,,,,Off-Hand Attack (Melee),,,,TRUE,TRUE,"Mace +2 is a rare, moderately enchanted (+2) variant of the Maces family of weapons. It is a simple melee weapon wielded in one hand.",,Mace +2,
Shattered Flail,,,Melee,Maces,Rare,1.8kg,190,1.5m,One-Handed,FALSE,FALSE,FALSE,2,Bludgeoning,1d6,1d6,,,,,,,,Concussive Smash,Main Hand Attack,,Yeenoghu's Gift,,Off-Hand Attack (Melee),,,1,TRUE,TRUE,Shattered Flail is a rare +2 Mace that heals the wielder when they hit an enemy - at the cost of potentially going mad when they stop attacking.,,Shattered Flail,
Handmaiden's Mace,,,Melee,Maces,Very Rare,1.8kg,480,1.5m,One-Handed,FALSE,FALSE,FALSE,2,Bludgeoning,1d6,1d6,Poison,1d6,,,,,,Concussive Smash,Main Hand Attack,,,,Off-Hand Attack (Melee),,,3,TRUE,FALSE,Handmaiden's Mace is a very rare +2 Mace which sets the wielder's Strength to 18.,,Handmaiden's Mace,
Devotee's Mace,,,Melee,Maces,Story Item,1.8kg,640,1.5m,One-Handed,FALSE,FALSE,FALSE,3,Bludgeoning,1d6,1d6,Radiant,1d8,,,Healing Incense Aura,,Long Rest,"Concussive Smash, Backbreaker",Main Hand Attack,,,,Off-Hand Attack (Melee),,,1,TRUE,FALSE,"The Devotee's Mace is a legendary +3 Mace that deals extra Radiant damage on hit, and can create a healing aura which heals the wielder and nearby allies.",,Devotee's Mace,
The Blood of Lathander,,,Melee,Maces,Story Item,1.8kg,640,1.5m,One-Handed,FALSE,FALSE,FALSE,3,Bludgeoning,1d6,1d6,,,,,Sunbeam,6,Long Rest,Concussive Smash,Main Hand Attack,,"Lathander's Blessing, Lathander's Light",,Off-Hand Attack (Melee),,,2,TRUE,TRUE,"The Blood of Lathander is a legendary + 3 Mace found through the ⁠Find the Blood of Lathander quest. It continuously sheds light, blinds nearby Fiends and Undead with its light, can prevent death as well as heal its wielder, and allows the wielder to cast Sunbeam.",,The Blood of Lathander,
Rusty Sickle,,,Melee,Sickles,Common,0.9kg,1,1.5m,One-Handed,FALSE,TRUE,FALSE,,Slashing,1d4,1d4,,,,,,,,Lacerate,Main Hand Attack,,,,Off-Hand Attack (Melee),,,,TRUE,TRUE,Rusty Sickle is a common variant of the Sickles family of weapons. It is a simple melee weapon wielded in one hand. It's a light weapon that anyone can dual-wield without special training.,,Rusty Sickle,
Pactbound Sickle,,,Melee,Sickles,Common,0.9kg,0,1.5m,One-Handed,FALSE,TRUE,FALSE,,Slashing,1d8,1d8,,,,,,,,Lacerate,Main Hand Attack,,,,Off-Hand Attack (Melee),,,,TRUE,TRUE,"A weapon summoned by Hexblades with the Pact of the Blade. It uses the wielder's Charisma modifier, and its damage is magical.",,Pactbound Sickle,
Sickle,,,Melee,Sickles,Common,0.9kg,10,1.5m,One-Handed,FALSE,TRUE,FALSE,,Slashing,1d4,1d4,,,,,,,,Lacerate,Main Hand Attack,,,,Off-Hand Attack (Melee),,,,TRUE,TRUE,"Sickle is a mundane, nonmagical variant of the Sickles family of weapons. It is a simple melee weapon wielded in one hand. It's a light weapon that anyone can dual-wield without special training.",,Sickle,
Sickle (Redcap),,,Melee,Sickles,Common,0.9kg,10,1.5m,One-Handed,FALSE,TRUE,FALSE,,Slashing,2d4,2d4,,,,,,,,Lacerate,Main Hand Attack,,,,Off-Hand Attack (Melee),,,,TRUE,TRUE,"Sickle (Redcap) is a mundane, nonmagical variant of the Sickles family of weapons. It is a simple melee weapon wielded in one hand. It's a light weapon that anyone can dual-wield without special training.",,Sickle (Redcap),
Sickle of BOOOAL,,,Melee,Sickles,Rare,0.9kg,190,1.5m,One-Handed,FALSE,TRUE,FALSE,,Slashing,2d4,2d4,,,,,,,,Lacerate,Main Hand Attack,,,,Off-Hand Attack (Melee),,,1,TRUE,TRUE,Sickle of BOOOAL is a rare variant of the Sickles family of weapons. It is a Simple melee weapon wielded in one hand. It's a light weapon that anyone can dual-wield without special training.,,Sickle of BOOOAL,
Sussur Sickle,,,Melee,Sickles,Rare,0.9kg,120,1.5m,One-Handed,FALSE,TRUE,FALSE,1,Slashing,1d4,1d4,,,,,,,,Lacerate,Main Hand Attack,,,,Off-Hand Attack (Melee),,,1,TRUE,FALSE,"The Sussur Sickle is a Rare + 1 Sickle which can silence the targets it strikes, making it very useful against spellcasters.",,Sussur Sickle,
Wavemother's Sickle,,,Melee,Sickles,Rare,0.9kg,190,1.5m,One-Handed,FALSE,TRUE,FALSE,2,Slashing,1d4,1d4,Cold,1d4,,,,,,Lacerate,Main Hand Attack,,Watery Guidance,,Off-Hand Attack (Melee),,,3,TRUE,TRUE,"Wavemother's Sickle is a rare, + 2 Sickle that grants the wielder Advantage against targets with the Wet condition.",,Wavemother's Sickle,
Ritual Staff,,,Melee,Quarterstaves,Common,1.8kg,10,1.5m,Versatile,FALSE,FALSE,FALSE,,Bludgeoning,1d6,1d8,,,,,,,,Topple,Main Hand Attack,,,,,,,,TRUE,TRUE,"The Ritual Staff is a mundane, nonmagical variant of the Quarterstaves family of weapons. It is a simple melee weapon that can be wielded in one hand, or with both hands for extra damage.",,Ritual Staff,
Twisted Oak Crook,,,Melee,Quarterstaves,Common,1.8kg,10,1.5m,Versatile,FALSE,FALSE,FALSE,1,Bludgeoning,1d6,1d8,,,,,,,,Topple,Main Hand Attack,,,,,,,,TRUE,TRUE,"Twisted Oak Crook is a common, lightly enchanted (+1) variant of the Quarterstaves family of weapons. It is a simple melee weapon that can be wielded in one hand, or with both hands for extra damage. It's a light weapon that anyone can dual-wield without special training.",,Twisted Oak Crook,
Druid Quarterstaff,,,Melee,Quarterstaves,Common,1.8kg,10,1.5m,Versatile,FALSE,FALSE,FALSE,,Bludgeoning,1d6,1d8,,,,,,,,Topple,Main Hand Attack,,,,,,,,TRUE,TRUE,The Druid Quarterstaff is a visually different variant of the regular Quarterstaff. The only change is in appearance; all actual attributes are exactly the same. Custom characters of the Druid class start the game with this weapon.,,Druid Quarterstaff,
Quarterstaff,,,Melee,Quarterstaves,Common,1.8kg,10,1.5m,Versatile,FALSE,FALSE,FALSE,,Bludgeoning,1d6,1d8,,,,,,,,Topple,Main Hand Attack,,,,,,,,TRUE,TRUE,"Quarterstaff is a mundane, nonmagical variant of the Quarterstaves family of weapons. It is a simple melee weapon that can be wielded in one hand, or with both hands for extra damage.",,Quarterstaff,
Staff,,,Melee,Quarterstaves,Common,1.8kg,10,1.5m,Versatile,FALSE,FALSE,FALSE,,Bludgeoning,1d6,1d8,,,,,,,,Topple,Main Hand Attack,,,,,,,,TRUE,TRUE,"Staff is a mundane, nonmagical variant of the Quarterstaves family of weapons. It is a simple melee weapon that can be wielded in one hand, or with both hands for extra damage.",,Staff,
Staff of the Moonmaiden,,,Melee,Quarterstaves,Common,1.8kg,10,1.5m,Versatile,FALSE,FALSE,FALSE,,Bludgeoning,1d6,1d8,,,,,,,,Topple,Main Hand Attack,,,,,,,,TRUE,TRUE,"The Staff of the Moonmaiden is a mundane, nonmagical variant of the Quarterstaves family of weapons. It is a simple melee weapon that can be wielded in one hand, or with both hands for extra damage.",,Staff of the Moonmaiden,
Corellon's Grace,,,Melee,Quarterstaves,Uncommon,1.8kg,100,1.5m,Versatile,FALSE,FALSE,FALSE,,Bludgeoning,1d6,1d8,,,,,,,,Topple,Main Hand Attack,,"Natural Pugilist, Unhampered Resistance",,,,,1,TRUE,TRUE,Corellon's Grace is an uncommon Quarterstaff that increases the wielder's Saving Throws if the wielder is not wearing any armour. They also gain a bonus to Attack Rolls and Damage Rolls if attacking while unarmed.,,Corellon's Grace,
Melf's First Staff,,,Melee,Quarterstaves,Uncommon,1.8kg,100,1.5m,Versatile,FALSE,FALSE,FALSE,1,Bludgeoning,1d6,1d8,,,,,Melf's Acid Arrow,2,Long Rest,Topple,Main Hand Attack,,Arcane Enchantment (Melf's First Staff),,,,,1,TRUE,TRUE,"The Melf's First Staff is an uncommon +1 Quarterstaff that improves Spell Save DC and Spell Attack Rolls, and allows the wearer to cast Melf's Acid Arrow.",,Melf's First Staff,
Nature's Snare,,,Melee,Quarterstaves,Uncommon,1.8kg,400,1.5m,Versatile,FALSE,FALSE,FALSE,,Bludgeoning,1d6,1d8,,,,,,,,Topple,Main Hand Attack,,Fly Trap,,,,,1,TRUE,TRUE,Nature's Snare is a variant of the Quarterstaves family of weapons that gives its wielder a chance to Ensnare non-plants and non-beasts on hit.,,Nature's Snare,
Quarterstaff +1,,,Melee,Quarterstaves,Uncommon,1.8kg,65,1.5m,Versatile,FALSE,FALSE,FALSE,1,Bludgeoning,1d6,1d8,,,,,,,,Topple,Main Hand Attack,,,,,,,,TRUE,TRUE,"Quarterstaff +1 is an uncommon, lightly enchanted (+1) variant of the Quarterstaves family of weapons. It is a simple melee weapon that can be wielded in one hand, or with both hands for extra damage.",,Quarterstaff +1,
Rain Dancer,,,Melee,Quarterstaves,Uncommon,1.8kg,100,1.5m,Versatile,FALSE,FALSE,FALSE,,Bludgeoning,1d6,1d8,,,,,Create Water,1,Short Rest,Topple,Main Hand Attack,,,,,,,1,TRUE,TRUE,"Rain Dancer is an uncommon Quarterstaff that grants the wielder the ability to cast Create Water, once per Short Rest.",,Rain Dancer,
Staff of a Mumbling Wizard,,,Melee,Quarterstaves,Uncommon,1.8kg,10,1.5m,Versatile,FALSE,FALSE,FALSE,,Bludgeoning,1d6,1d8,,,,,Firebolt?,,Per Turn,Topple,Main Hand Attack,,,,,,,3,TRUE,TRUE,Staff of a Mumbling Wizard is a Quarterstaff that allows the user to cast a variant of Fire Bolt that has a chance to cast Fireball instead.,,Staff of a Mumbling Wizard,
Staff of Arcane Blessing,,,Melee,Quarterstaves,Uncommon,1.8kg,100,1.5m,Versatile,FALSE,FALSE,FALSE,,Bludgeoning,1d6,1d8,,,,,Bless,1,Long Rest,Topple,Main Hand Attack,,Mystra's Blessing,,,,,1,TRUE,TRUE,"Staff of Arcane Blessing is an uncommon Quarterstaff which grants the wielder the ability to cast Bless. In addition, all Bless spells cast by the wielder grant an additional +1d4 to spell attack rolls.",,Staff of Arcane Blessing,
Staff of Crones,,,Melee,Quarterstaves,Uncommon,1.8kg,430,1.5m,Versatile,FALSE,FALSE,FALSE,,Bludgeoning,1d6,1d8,,,,,Ray of Sickness,1,Short Rest,Topple,Main Hand Attack,,,,,,,1,TRUE,TRUE,"Staff of Crones is an uncommon Quarterstaff and Story Item that grants the wielder the ability to cast the spell Ray of Sickness, once per Short Rest.",,Staff of Crones,
Bigboy's Chew Toy,,,Melee,Quarterstaves,Rare,1.8kg,310,1.5m,Versatile,FALSE,FALSE,FALSE,1,Bludgeoning,1d6,1d8,,,,,Whossa Large Fellow?,2,Long Rest,"Topple, Concussive Smash, Flourish",Main Hand Attack,,,,,,,2,TRUE,TRUE,Bigboy's Chew Toy is a rare +1 Quarterstaff that grants its wielder the ability to cast Enlarge on themselves once per Long Rest.,,Bigboy's Chew Toy,
Cacophony,,,Melee,Quarterstaves,Rare,1.8kg,310,1.5m,Versatile,FALSE,FALSE,FALSE,1,Bludgeoning,1d6,1d8,Thunder,1d4,,,Thunderous Smite,1,Short Rest,Topple,Main Hand Attack,,,,,,,2,TRUE,TRUE,Cacophony is a rare +1 Quarterstaff that grants the wielder the Thunderous Smite spell.,,Cacophony,
Caitiff Staff,,,Melee,Quarterstaves,Rare,1.8kg,190,1.5m,Versatile,FALSE,FALSE,FALSE,2,Bludgeoning,1d6,1d8,,,,,,,,Topple,"Caitiff's Restoration, Main Hand Attack",Long Rest,Arcane Enchantment (Caitiff Staff),,,,,3,TRUE,TRUE,"Caitiff Staff is a rare, moderately enchanted (+2) special variant of the Quarterstaves family of weapons. It is a simple melee weapon that can be wielded in one hand, or with both hands for extra damage.",,Caitiff Staff,
Creation's Echo,,,Melee,Quarterstaves,Rare,1.8kg,310,1.5m,Versatile,FALSE,FALSE,FALSE,,Bludgeoning,1d6,1d8,,,,,,,,Topple,Main Hand Attack,,Elemental Resonance,,,,,1,TRUE,TRUE,"Creation's Echo is a rare Quarterstaff that grants the wielder resistance to Acid, Fire, Lightning, Radiant, or Necrotic damage after first dealing damage of that element.",,Creation's Echo,
Despair of Athkatla,,,Melee,Quarterstaves,Rare,1.8kg,190,1.5m,Versatile,FALSE,FALSE,FALSE,2,Bludgeoning,1d6,1d8,,,,,,,,Topple,Main Hand Attack,,Arcane Enchantment (Despair of Athkatla),,,,,3,TRUE,TRUE,Despair of Athkatla is a rare +2 Quarterstaff that enhances the wielder's spells.,,Despair of Athkatla,
Gold Wyrmling Staff,,,Melee,Quarterstaves,Rare,1.8kg,320,1.5m,Versatile,FALSE,FALSE,FALSE,1,Bludgeoning,1d6,1d8,Fire,1d4,,,Fire Bolt,,Per Turn,Topple,Main Hand Attack,,,,,,,1,TRUE,TRUE,Gold Wyrmling Staff is a rare +1 Quarterstaff that deals additional Fire damage with melee strikes and grants its wielder the Fire Bolt cantrip.,,Gold Wyrmling Staff,
Harper Sacredstriker,,,Melee,Quarterstaves,Rare,1.8kg,310,1.5m,Versatile,FALSE,FALSE,FALSE,1,Bludgeoning,1d6,1d8,,,,,Spiritual Weapon,6,Long Rest,Topple,Main Hand Attack,,,,,,,3,TRUE,TRUE,Harper Sacredstriker is a rare +1 Quarterstaff that grants the wielder the Spiritual Weapon spell at level 6.,,Harper Sacredstriker,
Hollow's Staff,,,Melee,Quarterstaves,Rare,1.8kg,310,1.5m,Versatile,FALSE,FALSE,FALSE,1,Bludgeoning,1d6,1d8,Necrotic,1d4,,,Arms of Hadar,3,Long Rest,Topple,Main Hand Attack,,Heightened Necromancy,,,,,3,TRUE,TRUE,"Hollow's Staff is a rare +1 Quarterstaff which makes it difficult for enemies to resist the wielder's spells, and grants the wielder the Arms of Hadar spell.",,Hollow's Staff,
Pale Oak,,,Melee,Quarterstaves,Rare,1.8kg,600,1.5m,Versatile,FALSE,FALSE,FALSE,,Bludgeoning,1d6,1d8,,,,,Faithwarden's Vines,1,Long Rest,Topple,Main Hand Attack,,Faithwarden's Stride,,,,,1,TRUE,TRUE,Pale Oak is a rare Quarterstaff that grants the Faithwarden's Vines spell and prevents the wielder from being Ensnared by vines.,,Pale Oak,
Quarterstaff +2,,,Melee,Quarterstaves,Rare,1.8kg,,1.5m,Versatile,FALSE,FALSE,FALSE,2,Bludgeoning,1d6,1d8,,,,,,,,Topple,Main Hand Attack,,,,,,,,TRUE,TRUE,"Quarterstaff +2 is a rare, moderately enchanted (+2) variant of the Quarterstaves family of weapons. It is a simple melee weapon that can be wielded in one hand, or with both hands for extra damage.",,Quarterstaff +2,
Staff of Interruption,,,Melee,Quarterstaves,Rare,1.8kg,190,1.5m,Versatile,FALSE,FALSE,FALSE,2,Bludgeoning,1d6,1d8,,,,,Counterspell,5,Long Rest,Topple,Main Hand Attack,,,,,,,3,TRUE,TRUE,Staff of Interruption is a rare +2 Quarterstaff that allows the wielder to cast Counterspell at Level 5.,,Staff of Interruption,
Staff of the Emperor,,,Melee,Quarterstaves,Rare,1.8kg,190,1.5m,Versatile,FALSE,FALSE,FALSE,2,Bludgeoning,1d6,1d8,,,,,,,,Topple,Main Hand Attack,,"Imperial Retaliation, Arcane Enchantment (Staff of the Emperor)",,,,,3,TRUE,TRUE,Staff of the Emperor is a rare +2 Quarterstaff that enhances the wielder's spells and possibly stuns enemy spellcasters.,,Staff of the Emperor,
The Spellsparkler,,,Melee,Quarterstaves,Rare,1.8kg,310,1.5m,Versatile,FALSE,FALSE,FALSE,,Bludgeoning,1d6,1d8,,,,,,,,Topple,Main Hand Attack,,Electric Veins,,,,,1,TRUE,TRUE,The Spellsparkler is a rare Quarterstaff that allows the wielder to generate Lightning Charges upon dealing damage with spells.,,The Spellsparkler,
Incandescent Staff,,,Melee,Quarterstaves,Very Rare,1.8kg,770,1.5m,Versatile,FALSE,FALSE,FALSE,,Bludgeoning,1d6,1d8,,,,,"Fireball, Fire Bolt",3,Long Rest,Topple,Main Hand Attack,,,,,Fire,,2,TRUE,FALSE,Incandescent Staff is a very rare Quarterstaff which grants the wielder a bonus to ranged spell Attack Rolls and resistance to Fire damage. It also grants the ability to cast the Fire Bolt and Fireball spells.,,Incandescent Staff,
Mourning Frost,,,Melee,Quarterstaves,Very Rare,1.8kg,770,1.5m,Versatile,FALSE,FALSE,FALSE,1,Bludgeoning,1d6,1d8,Cold,1d4,,,Ray of Frost,,Per Turn,Topple,Main Hand Attack,,"Heart of Ice, Insidious Cold",,,,,1,TRUE,TRUE,Mourning Frost is a very rare +1 Quarterstaff that enhances the wielder's Cold damaging spells with extra damage and the Chilled condition.,,Mourning Frost,
Staff of Cherished Necromancy,,,Melee,Quarterstaves,Very Rare,1.8kg,480,1.5m,Versatile,FALSE,FALSE,FALSE,2,Bludgeoning,1d6,1d8,Necrotic,1d4,,,,,,Topple,Main Hand Attack,,"Heightened Necromancy, Life Essence Harvest",,,,,3,TRUE,TRUE,Staff of Cherished Necromancy is a very rare +2 Quarterstaff which greatly enhances Necromancy spells and can use a dead creature's essence to cast a Necromancy spell without costing a spell slot.,,Staff of Cherished Necromancy,
Staff of Spellpower,,,Melee,Quarterstaves,Very Rare,1.8kg,480,1.5m,Versatile,FALSE,FALSE,FALSE,2,Bludgeoning,1d6,1d8,,,,,,,,Topple,Main Hand Attack,,"Arcane Battery, Arcane Enchantment (Staff of Spellpower)",,,,,3,TRUE,TRUE,"Staff of Spell Power is a very rare + 2 Quarterstaff. It empowers the wielder's spells and can cast one spell without a expending a spell slot, once per Long Rest.",,Staff of Spellpower,
Staff of the Ram,,,Melee,Quarterstaves,Very Rare,1.8kg,480,1.5m,Versatile,FALSE,FALSE,FALSE,2,Bludgeoning,1d6,1d8,,,,,,,,Topple,Main Hand Attack,,Staff of the Ram,,,,,3,TRUE,TRUE,The Staff of the Ram is a +2 Quarterstaff that can Stun and push back a target on a hit.,,Staff of the Ram,
Woe,,,Melee,Quarterstaves,Very Rare,1.8kg,480,1.5m,Versatile,FALSE,FALSE,FALSE,2,Bludgeoning,1d6,1d8,,,,,Blight,4,Long Rest,Topple,Main Hand Attack,,"Arcane Vampirism, Arcane Enchantment (Woe)",,,,,3,TRUE,TRUE,"Woe is a very rare, +2 Quarterstaff wielded by Cazador Szarr. It grants a +1 bonus to Spell Save DC and Spell Attack Rolls, access to the Blight spell, and healing when creatures fail Saving Throws by the caster's spells.",,Woe,
Markoheshkir,,,Melee,Quarterstaves,Story Item,1.8kg,640,1.5m,Versatile,FALSE,FALSE,FALSE,2,Bludgeoning,1d6,1d8,,,,,Kereska's Favour,4,Short Rest,Topple,Main Hand Attack,,"Arcane Battery, Arcane Enchantment (Markoheshkir)",,,,,3,TRUE,TRUE,"Markoheshkir is a legendary +2 Quarterstaff which empowers the wielder's spells and can be tuned towards a certain element, granting extra spells and effects. It can also cast a spell for free, once per long rest.",,Markoheshkir,
False Spear of the Night,,,Melee,Spears,Common,1.4kg,2,1.5m,Versatile,FALSE,FALSE,TRUE,,Piercing,1d6,1d8,,,,,,,,Rush Attack,Main Hand Attack,,,,,,,,TRUE,TRUE,"False Spear of the Night is a common variant of the Spears family of weapons. It is a simple melee weapon that can be wielded in one hand, or with both hands for extra damage. Its design lends itself well to be thrown at enemies as a projectile.",,False Spear of the Night,
Makeshift Spear,,,Melee,Spears,Common,1.4kg,16,1.5m,Versatile,FALSE,FALSE,TRUE,,Piercing,1d6,1d8,,,,,,,,Rush Attack,Main Hand Attack,,,,,,,,TRUE,TRUE,"Makeshift Spear is a common variant of the Spears family of weapons. It is a simple melee weapon that can be wielded in one hand, or with both hands for extra damage. Its design lends itself well to be thrown at enemies as a projectile.",,Makeshift Spear,
Pitchfork,,,Melee,Spears,Common,1.4kg,16,1.5m,Two-Handed,FALSE,FALSE,TRUE,,Piercing,1d6,1d6,,,,,,,,Rush Attack,Main Hand Attack,,,,,,,,TRUE,TRUE,"Pitchfork is a mundane, nonmagical variant of the Spears family of weapons. It is a simple melee weapon that must be wielded in both hands as it lacks the Versatile quality. It also cannot be used as a proper Thrown weapon as it also lacks that trait.",,Pitchfork,
Rusty Spear,,,Melee,Spears,Common,1.4kg,2,1.5m,Versatile,FALSE,FALSE,TRUE,,Piercing,1d6,1d8,,,,,,,,Rush Attack,Main Hand Attack,,,,,,,,TRUE,TRUE,"Rusty Spear is a common variant of the Spears family of weapons. It is a simple melee weapon that can be wielded in one hand, or with both hands for extra damage. Its design lends itself well to be thrown at enemies as a projectile.",,Rusty Spear,
Sahuagin Spear,,,Melee,Spears,Common,1.4kg,16,1.5m,Versatile,FALSE,FALSE,TRUE,,Piercing,1d6,1d8,,,,,,,,Rush Attack,Main Hand Attack,,,,,,,,TRUE,TRUE,"Sahuagin Spear is a mundane, nonmagical variant of the Spears family of weapons. It is a simple melee weapon that can be wielded in one hand, or with both hands for extra damage. Its design lends itself well to be thrown at enemies as a projectile.",,Sahuagin Spear,
Spear,,,Melee,Spears,Common,1.4kg,10,1.5m,Versatile,FALSE,FALSE,TRUE,,Piercing,1d6,1d8,,,,,,,,Rush Attack,Main Hand Attack,,,,,,,,TRUE,TRUE,"Spear is a mundane, nonmagical variant of the Spears family of weapons. It is a simple melee weapon that can be wielded in one hand, or with both hands for extra damage. Its design lends itself well to be thrown at enemies as a projectile.",,Spear,
Lightning Jabber,,,Melee,Spears,Uncommon,1.4kg,65,1.5m,Versatile,FALSE,FALSE,TRUE,1,Piercing,1d6,1d8,,,,,,,,Rush Attack,Main Hand Attack,,"Shocking Sting, Throwing: Lightning Damage",,,,,2,TRUE,TRUE,"Lightning Jabber is an uncommon +1 Spear that deals extra Lightning damage when thrown, and also has a chance to Shock a target on hit.",,Lightning Jabber,
Spear +1,,,Melee,Spears,Uncommon,1.4kg,40,1.5m,Versatile,FALSE,FALSE,TRUE,1,Piercing,1d6,1d8,,,,,,,,Rush Attack,Main Hand Attack,,,,,,,,TRUE,TRUE,"Spear +1 is an uncommon, lightly enchanted (+1) variant of the Spears family of weapons. It is a simple melee weapon that can be wielded in one hand, or with both hands for extra damage. Its design lends itself well to be thrown at enemies as a projectile.",,Spear +1,
The Watcher's Guide,,,Melee,Spears,Uncommon,1.4kg,200,1.5m,Versatile,FALSE,FALSE,TRUE,,Piercing,1d6,1d8,,,,,,,,Rush Attack,Main Hand Attack,,Death's Promise,,,,,1,TRUE,TRUE,The Watcher's Guide is an uncommon Spear that increases the chance to hit a target after the wielder misses it.,,The Watcher's Guide,
Vision of the Absolute,,,Melee,Spears,Uncommon,1.4kg,330,1.5m,Versatile,FALSE,FALSE,TRUE,,Piercing,1d6,1d8,,,,,,,,Rush Attack,Main Hand Attack,,Absolute Night,,,,,1,TRUE,TRUE,Vision of the Absolute is an uncommon Spear that possibly blinds targets and deals additional Piercing damage against targets with multiple sets of eyes.,,Vision of the Absolute,
Infernal Spear,,,Melee,Spears,Rare,1.4kg,190,1.5m,Versatile,FALSE,FALSE,TRUE,1,Piercing,1d6,1d8,Poison,3,,,,,,Rush Attack,Main Hand Attack,,Infernal Weapon,,,,,,TRUE,TRUE,Infernal Spear is a rare +1 Spear that deals an extra 3 Poison damage and possibly Poisons the target on a hit.,,Infernal Spear,
Spear +2,,,Melee,Spears,Rare,1.4kg,95,1.5m,Versatile,FALSE,FALSE,TRUE,2,Piercing,1d6,1d8,,,,,,,,Rush Attack,Main Hand Attack,,,,,,,,TRUE,TRUE,"Spear +2 is a rare, moderately enchanted (+2) Spear.",,Spear +2,
Spear of Night,,,Melee,Spears,Rare,1.4kg,190,1.5m,Versatile,FALSE,FALSE,TRUE,1,Piercing,1d6,1d8,,,,,,,,Rush Attack,Main Hand Attack,,Shar's Blessing,,,,,2,TRUE,TRUE,"Spear of Night is a rare, lightly enchanted (+1) variant of the Spears family of weapons. It is a simple melee weapon that can be wielded in one hand, or with both hands for extra damage. Its design lends itself well to be thrown at enemies as a projectile.",,Spear of Night,
Selûne's Spear of Night,,,Melee,Spears,Story Item,1.4kg,640,1.5m,Versatile,FALSE,FALSE,TRUE,3,Piercing,1d6,1d8,,,,,"Moonbeam, Moonmote",3,Short Rest,"Rush Attack, Maiming Strike",Main Hand Attack,,"Darkvision, Selûne's Blessing",,,,,2,TRUE,TRUE,Selûne's Spear of Night is a legendary +3 Spear which allows the wielder to cast Moonbeam and grants Darkvision as well as Advantage on Wisdom Saving Throws and Perception Checks.,,Selûne's Spear of Night,
Shar's Spear of Evening,,,Melee,Spears,Story Item,2.7kg,640,1.5m,Versatile,FALSE,FALSE,TRUE,3,Piercing,1d6,1d8,,,,,Shar's Darkness,2,Per Turn,"Rush Attack, Maiming Strike, Edge of Darkness",Main Hand Attack,,"Shar's Blessing, Blind Immunity",,,,,2,TRUE,TRUE,Shar's Spear of Evening is a legendary +3 Spear which allows the wielder to gain Shar's Blessing and immunity to blindness.,,Shar's Spear of Evening,
Gnarled Tree Branch,,,Melee,Greatclubs,Common,8.5kg,16,1.5m,Two-Handed,FALSE,FALSE,FALSE,,Bludgeoning,2d8,2d8,,,,,,,,"Tenacity, Concussive Smash",Main Hand Attack,,,,,,,,FALSE,TRUE,Gnarled Tree Branch is a Greatclub used by some ogres. It can only be obtained by disarming opponents and cannot be wielded by player characters.,,Greatclub,
Greatclub (Minotaur),,,Melee,Greatclubs,Common,8.5kg,16,1.5m,Two-Handed,FALSE,FALSE,FALSE,,Bludgeoning,2d12,2d12,,,,,,,,Tenacity,Main Hand Attack,,,,,,,,FALSE,TRUE,"Greatclub is a mundane, nonmagical variant of the Greatclubs family of weapons. It is a simple melee weapon which is wielded with both hands. It cannot be wielded by humanoids.",,Argument Solver,
Greatclub,,,Melee,Greatclubs,Common,4.5kg,16,1.5m,Two-Handed,FALSE,FALSE,FALSE,,Bludgeoning,1d8,1d8,,,,,,,,"Tenacity, Concussive Smash",Main Hand Attack,,,,,,,,TRUE,TRUE,"Greatclub is a mundane, nonmagical variant of the Greatclubs family of weapons. It is a simple melee weapon that's wielded with both hands.",,Greatclub +1,
Heavy Spiked Club,,,Melee,Greatclubs,Common,4.5kg,20,1.5m,Two-Handed,FALSE,FALSE,FALSE,,Bludgeoning,2d8,2d8,,,,,,,,"Tenacity, Concussive Smash",Main Hand Attack,,,,,,,,FALSE,TRUE,Heavy Spiked Club is a special variant of the Greatclubs family of weapons. It is a simple melee weapon that's wielded with both hands.,,Punch-Drunk Bastard,
Argument Solver,,,Melee,Greatclubs,Uncommon,4.5kg,65,1.5m,Two-Handed,FALSE,FALSE,FALSE,1,Bludgeoning,1d8,1d8,,,,,Poison Mist,,Short Rest,"Tenacity, Concussive Smash, Backbreaker",Main Hand Attack,,,,,,,2,TRUE,TRUE,"Argument Solver is an uncommon +1 Greatclub that grants the wielder the Poison Mist weapon action, which deals extra Poison damage and creates a poison cloud.",,Rat Bat,
Greatclub +1,,,Melee,Greatclubs,Uncommon,4.5kg,40,1.5m,Two-Handed,FALSE,FALSE,FALSE,1,Bludgeoning,1d8,1d8,,,,,,,,"Tenacity, Concussive Smash",Main Hand Attack,,,,,,,,TRUE,TRUE,Greatclub +1 is an uncommon lightly enchanted (+1) Greatclub.,,Flail of Myrkul,
Punch-Drunk Bastard,,,Melee,Greatclubs,Rare,4.5kg,190,1.5m,Two-Handed,FALSE,FALSE,FALSE,1,Bludgeoning,1d8,1d8,,,,,,,,"Tenacity, Concussive Smash, Backbreaker",Main Hand Attack,,Tippler's Rage,,,,,2,TRUE,TRUE,Punch-Drunk Bastard is a rare +1 Greatclub that grants the wielder Advantage and creates a Thunder blast on each hit...so long as the wielder is Drunk.,,Flail of the Vortex,
Rat Bat,,,Melee,Greatclubs,Rare,4.5kg,190,1.5m,Two-Handed,FALSE,FALSE,FALSE,1,Bludgeoning,1d8,1d8,Piercing,1d6,,,,,,Concussive Smash,Main Hand Attack,,Rat Catcher,,,,,2,TRUE,TRUE,The Rat Bat is a rare Greatclub that grants the wielder Advantage on their Attack Rolls against beasts.,,Flail,
Flail of Myrkul,,,Melee,Flails,Common,0.9kg,50,1.5m,One-Handed,FALSE,FALSE,FALSE,,Bludgeoning,1d8,1d8,,,,,,,,"Tenacity, Concussive Smash, Weakening Strike",Main Hand Attack,,,,Off-Hand Attack (Melee),,,,TRUE,TRUE,Flail of Myrkul is a common variant of the Flails family of weapons. It is a martial melee weapon wielded in one hand.,,Pactbound Flail,
Flail of the Vortex,,,Melee,Flails,Common,0.9kg,50,1.5m,One-Handed,FALSE,FALSE,FALSE,3,Bludgeoning,1d8,1d8,Lightning,1d8,,,,,,Electrified Flail,Main Hand Attack,,,,Off-Hand Attack (Melee),,,,TRUE,TRUE,"Flail of the Vortex is a common, highly enchanted (+3) variant of the Flails family of weapons. It is a martial melee weapon wielded in one hand.",,Flail +1,
Flail,,,Melee,Flails,Common,0.9kg,50,1.5m,One-Handed,FALSE,FALSE,FALSE,,Bludgeoning,1d8,1d8,,,,,,,,"Tenacity, Concussive Smash, Weakening Strike",Main Hand Attack,,,,Off-Hand Attack (Melee),,,,TRUE,TRUE,"Flail is a mundane, nonmagical variant of the Flails family of weapons. It is a martial melee weapon wielded in one hand.",,Myrkulite Scourge,
Pactbound Flail,,,Melee,Flails,Common,0.9kg,0,1.5m,One-Handed,FALSE,FALSE,FALSE,,Bludgeoning,1d8,1d8,,,,,,,,"Tenacity, Concussive Smash, Weakening Strike",Main Hand Attack,,,,Off-Hand Attack (Melee),,,,TRUE,TRUE,"A weapon summoned by Hexblades with the Pact of the Blade. It uses the wielder's Charisma modifier, and its damage is magical.",,Corrosive Flail,
Flail +1,,,Melee,Flails,Uncommon,0.9kg,65,1.5m,One-Handed,FALSE,FALSE,FALSE,1,Bludgeoning,1d8,1d8,,,,,,,,"Tenacity, Concussive Smash, Weakening Strike",Main Hand Attack,,,,Off-Hand Attack (Melee),,,,TRUE,TRUE,"Flail +1 is an uncommon, lightly enchanted (+1) variant of the Flails family of weapons. It is a martial melee weapon wielded in one hand.",,Defender Flail,
Myrkulite Scourge,,,Melee,Flails,Uncommon,0.9kg,65,1.5m,One-Handed,FALSE,FALSE,FALSE,1,Bludgeoning,1d8,1d8,Necrotic,1d6,,,,,,"Tenacity, Concussive Smash, Weakening Strike",Main Hand Attack,,,,Off-Hand Attack (Melee),,,,TRUE,TRUE,Myrkulite Scourge is an uncommon +1 Flail that deals an additional 1d6 Necrotic damage on a strike.,,Flail +2,
Corrosive Flail,,,Melee,Flails,Rare,0.9kg,310,1.5m,One-Handed,FALSE,FALSE,FALSE,1,Bludgeoning,1d8,1d8,,,,,,,,"Tenacity, Concussive Smash, Weakening Strike, Corrosive Strike",Main Hand Attack,Short Rest,,,Off-Hand Attack (Melee),,,1,TRUE,TRUE,"Corrosive Flail is a rare +1 Flail that grants a special weapon action, Corrosive Strike.",,Flail of Ages,
Defender Flail,,,Melee,Flails,Rare,0.9kg,310,1.5m,One-Handed,FALSE,FALSE,FALSE,1,Bludgeoning,1d8,1d8,,,,,,,,"Tenacity, Concussive Smash, Weakening Strike",Main Hand Attack,,Steel Physiology,,Off-Hand Attack (Melee),,1,2,TRUE,TRUE,The Defender Flail is a rare +1 Flail that reduces physical weapon damage to the wearer and increases Armour Class.,,Rusty Morningstar,
Flail +2,,,Melee,Flails,Rare,0.9kg,155,1.5m,One-Handed,FALSE,FALSE,FALSE,2,Bludgeoning,1d8,1d8,,,,,,,,"Tenacity, Concussive Smash, Weakening Strike",Main Hand Attack,,,,Off-Hand Attack (Melee),,,,TRUE,TRUE,"Flail +2 is a rare, moderately enchanted (+2) variant of the Flails family of weapons. It is a martial melee weapon wielded in one hand.",,Morningstar,
Flail of Ages,,,Melee,Flails,Rare,0.9kg,320,1.5m,One-Handed,FALSE,FALSE,FALSE,1,Bludgeoning,1d8,1d8,,,,,Elemental Age,3,Long Rest,"Tenacity, Concussive Smash, Weakening Strike",Main Hand Attack,,Elements of an Epoch,,Off-Hand Attack (Melee),,,3,TRUE,TRUE,Flail of Ages is a rare +1 Flail that applies variable conditions depending on what type of damage the flail does.,,Morningstar +1,
Rusty Morningstar,,,Melee,Morningstars,Common,1.8kg,5,1.5m,One-Handed,FALSE,FALSE,FALSE,,Piercing,1d8,1d8,,,,,,,,"Heartstopper, Concussive Smash, Tenacity",Main Hand Attack,,,,Off-Hand Attack (Melee),,,,TRUE,TRUE,Rusty Morningstar is a common variant of the Morningstars family of weapons. It is a martial melee weapon wielded in one hand.,,Ravengard's Scourger,
Morningstar,,,Melee,Morningstars,Common,1.8kg,50,1.5m,One-Handed,FALSE,FALSE,FALSE,,Piercing,1d8,1d8,,,,,,,,"Heartstopper, Concussive Smash, Tenacity",Main Hand Attack,,,,Off-Hand Attack (Melee),,,,TRUE,TRUE,"Morningstar is a mundane, nonmagical variant of the Morningstars family of weapons. It is a martial melee weapon wielded in one hand.",,Twist of Fortune,
Morningstar +1,,,Melee,Morningstars,Uncommon,1.8kg,65,1.5m,One-Handed,FALSE,FALSE,FALSE,1,Piercing,1d8,1d8,,,,,,,,"Heartstopper, Concussive Smash, Tenacity",Main Hand Attack,,,,Off-Hand Attack (Melee),,,,TRUE,TRUE,"Morningstar +1 is an uncommon, lightly enchanted (+1) variant of the Morningstars family of weapons. It is a martial melee weapon wielded in one hand.",,The Sacred Star,
Ravengard's Scourger,,,Melee,Morningstars,Rare,1.8kg,310,1.5m,One-Handed,FALSE,FALSE,FALSE,2,Piercing,1d8,1d8,,,,,,,,"Heartstopper, Concussive Smash, Tenacity","Commander's Strike, Main Hand Attack",Short Rest,,,Off-Hand Attack (Melee),,,3,TRUE,TRUE,Ravengard's Scourger is a rare +2 Morningstar that allows the wielder to cast Commander's Strike.,,Pactbound Rapier,
Twist of Fortune,,,Melee,Morningstars,Rare,1.8kg,310,1.5m,One-Handed,FALSE,FALSE,FALSE,1,Piercing,1d8,1d8,,,,,,,,"Heartstopper, Concussive Smash, Tenacity, Blood Money",Main Hand Attack,Short Rest,Twist of Fortune,,Off-Hand Attack (Melee),,,2,TRUE,TRUE,"Twist of Fortune is a rare +1 Morningstar with the unique weapon action, Blood Money. When the wielder rolls 2 or less with this weapon's damage die, they reroll and take the new result.",,Rapier,
The Sacred Star,,,Melee,Morningstars,Very Rare,0.8kg,770,1.5m,One-Handed,FALSE,FALSE,FALSE,2,Piercing,1d8,1d8,Radiant,1d4,,,,,,"Heartstopper, Concussive Smash, Tenacity, Dawnburst Strike",Main Hand Attack,Short Rest,"Radiant Strike, Sanctified Weapon",,Off-Hand Attack (Melee),,,3,TRUE,TRUE,The Sacred Star is a very rare +2 Morningstar that applies Radiating Orb on hit and possibly turns the target if it is Undead. It also grants the Dawnburst Strike weapon action.,,Rapier +1,
Pactbound Rapier,,,Melee,Rapiers,Common,0.9kg,0,1.5m,One-Handed,TRUE,FALSE,FALSE,,Piercing,1d8,1d8,,,,,,,,"Piercing Strike, Weakening Strike, Flourish",Main Hand Attack,,,,Off-Hand Attack (Melee),,,,TRUE,TRUE,"A summoned weapon from Pact of the Blade. It uses the wielder's Charisma modifier, and its damage is magical.",,Rupturing Blade,
Rapier,,,Melee,Rapiers,Common,0.9kg,65,1.5m,One-Handed,TRUE,FALSE,FALSE,,Piercing,1d8,1d8,,,,,,,,"Piercing Strike, Weakening Strike, Flourish",Main Hand Attack,,,,Off-Hand Attack (Melee),,,,TRUE,TRUE,"Rapier is a mundane, nonmagical variant of the Rapiers family of weapons. It is a martial melee weapon wielded in one hand. As a finesse weapon, it can benefit from the wielder's Dexterity and not just their Strength.",,Sword of Screams,
Rapier +1,,,Melee,Rapiers,Uncommon,0.9kg,85,1.5m,One-Handed,TRUE,FALSE,FALSE,1,Piercing,1d8,1d8,,,,,,,,"Piercing Strike, Weakening Strike, Flourish",Main Hand Attack,,,,Off-Hand Attack (Melee),,,,TRUE,TRUE,"Rapier +1 is an uncommon, lightly enchanted (+1) variant of the Rapiers family of weapons. It is a martial melee weapon wielded in one hand. As a finesse weapon, it can benefit from the wielder's Dexterity and not just their Strength.",,Harmonic Dueller,
Rupturing Blade,,,Melee,Rapiers,Uncommon,0.9kg,130,1.5m,One-Handed,TRUE,FALSE,FALSE,1,Piercing,1d8,1d8,,,,,,,,"Piercing Strike, Weakening Strike, Flourish, Searing Blood",Main Hand Attack,Short Rest,,,Off-Hand Attack (Melee),,,1,TRUE,TRUE,"Rupturing Blade is an uncommon +1 Rapier that grants the Searing Blood weapon action that deals extra Fire damage on hit, but deals Slashing damage to the wielder. In addition, it also may cause Bleeding and Burning.",,Rapier +2,
Sword of Screams,,,Melee,Rapiers,Uncommon,0.9kg,130,1.5m,One-Handed,TRUE,FALSE,FALSE,,Piercing,1d8,1d8,Psychic,1d4,,,,,,"Piercing Strike, Weakening Strike, Flourish",Main Hand Attack,,,,Off-Hand Attack (Melee),,,1,TRUE,TRUE,Sword of Screams is an uncommon Rapier that deals an additional 1d4 Psychic damage.,,Infernal Rapier,
Harmonic Dueller,,,Melee,Rapiers,Rare,0.9kg,380,1.5m,One-Handed,TRUE,FALSE,FALSE,1,Piercing,1d8,1d8,,,,,,,,"Piercing Strike, Weakening Strike, Flourish, Mellow Harmony",Main Hand Attack,Short Rest,,,Off-Hand Attack (Melee),,,3,TRUE,TRUE,"Harmonic Dueller is a rare +1 Rapier that when activated, can grant all the wielder's melee attacks extra damage equal to their Charisma modifier.",,Pelorsun Blade,
Rapier +2,,,Melee,Rapiers,Rare,0.9kg,190,1.5m,One-Handed,TRUE,FALSE,FALSE,2,Piercing,1d8,1d8,,,,,,,,"Piercing Strike, Weakening Strike, Flourish",Main Hand Attack,,,,Off-Hand Attack (Melee),,,,TRUE,TRUE,"Rapier +2 is a rare, moderately enchanted (+2) variant of the Rapiers family of weapons. It is a martial melee weapon wielded in one hand. As a finesse weapon, it can benefit from the wielder's Dexterity and not just their Strength.",,Duellist's Prerogative,
Infernal Rapier,,,Melee,Rapiers,Very Rare,0.9kg,960,1.5m,One-Handed,TRUE,FALSE,FALSE,2,Piercing,1d8,1d8,,,,,Planar Ally: Cambion,6,Long Rest,"Piercing Strike, Weakening Strike, Flourish",Main Hand Attack,,"Melee Caster, High Spellcasting (Infernal Rapier)",,Off-Hand Attack (Melee),,,2,TRUE,TRUE,"The Infernal Rapier is a very rare +2 rapier and a possible reward for following Wyll's companion quest. It raises the wielder's Spell Save DC and, unlike other rapiers, uses their Spellcasting Modifier for Attack Rolls and Damage Rolls instead of Strength or Dexterity.",,Djinni Scimitar,
Pelorsun Blade,,,Melee,Rapiers,Very Rare,0.9kg,960,1.5m,One-Handed,TRUE,FALSE,FALSE,1,Piercing,1d8,1d8,Radiant,1d4,,,,,,"Piercing Strike, Weakening Strike, Flourish",Main Hand Attack,,Undead Bane,,Off-Hand Attack (Melee),,,3,TRUE,TRUE,Pelorsun Blade is a very rare +1 Rapier that grants the wielder Advantage against Undead targets.,,Flame Blade (weapon),
Duellist's Prerogative,,,Melee,Rapiers,Story Item,0.9kg,1300,1.5m,One-Handed,TRUE,FALSE,FALSE,3,Piercing,1d8,1d8,Necrotic,1d4,,,Challenge to Duel,,,"Piercing Strike, Weakening Strike, Flourish, Dueller's Enthusiasm",Main Hand Attack,Per Turn,"Elegant Duellist, Withering Cut",,Off-Hand Attack (Melee),,,3,TRUE,TRUE,"Duellist's Prerogative is a legendary +3 Rapier that grants the wielder a greater chance of critical hits, and an extra reaction provided their off-hand is empty. The wielder can also use a reaction to grant additional Necrotic damage on a hit.",,Goblin Scimitar,
Djinni Scimitar,,,Melee,Scimitars,Common,1.4kg,30,1.5m,One-Handed,TRUE,TRUE,FALSE,1,Slashing,1d6,1d6,Poison,2d10,,,,,,"Lacerate, Flourish",Main Hand Attack,,,,Off-Hand Attack (Melee),,,,TRUE,TRUE,"Djinni Scimitar is the Scimitar used by a Djinni normally inaccessible to player characters. It is a martial melee weapon wielded in one hand. As a finesse weapon, it can benefit from the wielder's Dexterity or Strength. It is a light weapon which anyone can dual-wield without special training.",,Rusty Scimitar,
Flame Blade (weapon),,,Melee,Scimitars,Common,0.5kg,30,1.5m,One-Handed,TRUE,TRUE,FALSE,,Fire,3d6,3d6,,,,,,,,,Main Hand Attack,,,,Off-Hand Attack (Melee),,,,TRUE,TRUE,"Flame Blade is a magical, conjured variant of the Scimitars family of weapons. It is a martial melee weapon wielded in one hand. It adds the user's spellcasting modifier to its attack roll; Wisdom if summoned as a Druid spell, and Charisma if summoned by a Mephistopheles Tiefling using their subrace trait.",,Scimitar (Sharran),
Goblin Scimitar,,,Melee,Scimitars,Common,1.4kg,30,1.5m,One-Handed,TRUE,TRUE,FALSE,,Slashing,1d6,1d6,,,,,,,,"Lacerate, Flourish",Main Hand Attack,,,,Off-Hand Attack (Melee),,,,TRUE,TRUE,"Goblin Scimitar is a common variant of the Scimitars family of weapons. It is a martial melee weapon wielded in one hand. As a finesse weapon, it can benefit from the wielder's Dexterity and not just their Strength. It's a light weapon that anyone can dual-wield without special training.",,Scimitar (Akabi),
Rusty Scimitar,,,Melee,Scimitars,Common,1.4kg,3,1.5m,One-Handed,TRUE,TRUE,FALSE,,Slashing,1d6,1d6,,,,,,,,"Lacerate, Flourish",Main Hand Attack,,,,Off-Hand Attack (Melee),,,,TRUE,TRUE,"Rusty Scimitar is a common variant of the Scimitars family of weapons. It is a martial melee weapon wielded in one hand. As a finesse weapon, it can benefit from the wielder's Dexterity and not just their Strength. It's a light weapon that anyone can dual-wield without special training.",,Scimitar of Cinder,
Scimitar (Sharran),,,Melee,Scimitars,Common,1.4kg,30,1.5m,One-Handed,TRUE,TRUE,FALSE,,Slashing,1d8,1d8,,,,,,,,"Lacerate, Flourish",Main Hand Attack,,,,Off-Hand Attack (Melee),,,,TRUE,TRUE,"Scimitar is a common variant of the Scimitars family of weapons. It is a martial melee weapon wielded in one hand. As a finesse weapon, it can benefit from the wielder's Dexterity and not just their Strength. It's a light weapon that anyone can dual-wield without special training.",,Scimitar,
Scimitar (Akabi),,,Melee,Scimitars,Common,1.4kg,30,1.5m,One-Handed,TRUE,TRUE,FALSE,,Slashing,1d6,1d6,,,,,,,,"Lacerate, Flourish",Main Hand Attack,,,,Off-Hand Attack (Melee),,,,TRUE,TRUE,"Scimitar is a one-handed martial melee weapon. It is functionally identical to the common Scimitar, but is visually identical to the Djinni Scimitar.",,Kurwin's Cauteriser,
Scimitar of Cinder,,,Melee,Scimitars,Common,1.2kg,30,1.5m,One-Handed,TRUE,TRUE,FALSE,3,Slashing,1d6,1d6,Fire,1d6,,,,,,"Lacerate, Flourish, Scorching Strike",Main Hand Attack,Per Turn,,,Off-Hand Attack (Melee),,,,TRUE,TRUE,"Scimitar of Cinder is a common, highly enchanted (+3) variant of the Scimitars family of weapons. It is a martial melee weapon wielded in one hand. As a finesse weapon, it can benefit from the wielder's Dexterity and not just their Strength. It's a light weapon that anyone can dual-wield without special training.",,Scimitar +1,
Scimitar,,,Melee,Scimitars,Common,1.4kg,30,1.5m,One-Handed,TRUE,TRUE,FALSE,,Slashing,1d6,1d6,,,,,,,,"Lacerate, Flourish",Main Hand Attack,,,,Off-Hand Attack (Melee),,,,TRUE,TRUE,"Scimitar is a mundane, nonmagical variant of the Scimitars family of weapons. It is a martial melee weapon wielded in one hand. As a finesse weapon, it can benefit from the wielder's Dexterity and not just their Strength. It's a light weapon that anyone can dual-wield without special training.",,Speedy Reply,
Kurwin's Cauteriser,,,Melee,Scimitars,Uncommon,1.4kg,65,1.5m,One-Handed,TRUE,TRUE,FALSE,1,Slashing,1d6,1d6,Fire,1d4,,,,,,"Lacerate, Flourish",Main Hand Attack,,Cauteriser,,Off-Hand Attack (Melee),,,3,TRUE,TRUE,"Kurwin's Cauteriser is an uncommon +1 Scimitar that deals extra Fire damage on hit, and possibly Burns the target as well.",,Sylvan Scimitar,
Scimitar +1,,,Melee,Scimitars,Uncommon,1.4kg,40,1.5m,One-Handed,TRUE,TRUE,FALSE,1,Slashing,1d6,1d6,,,,,,,,"Lacerate, Flourish",Main Hand Attack,,,,Off-Hand Attack (Melee),,,,TRUE,TRUE,"Scimitar +1 is an uncommon, lightly enchanted (+1) variant of the Scimitars family of weapons. It is a martial melee weapon wielded in one hand. As a finesse weapon, it can benefit from the wielder's Dexterity and not just their Strength. It's a light weapon that anyone can dual-wield without special training.",,Adamantine Scimitar,
Speedy Reply,,,Melee,Scimitars,Uncommon,1.4kg,65,1.5m,One-Handed,TRUE,TRUE,FALSE,,Slashing,1d6,1d6,,,,,,,,"Lacerate, Flourish",Main Hand Attack,,Nimble Attack,,Off-Hand Attack (Melee),,,1,TRUE,TRUE,Speedy Reply is an uncommon Scimitar that grants the wielder 2 turns of Momentum whenever they hit an enemy.,,Salty Scimitar(rrr),
Sylvan Scimitar,,,Melee,Scimitars,Uncommon,1.4kg,65,1.5m,One-Handed,TRUE,TRUE,FALSE,1,Slashing,1d6,1d6,,,,,,,,"Lacerate, Flourish, Cleave",Main Hand Attack,,Melee Caster,,Off-Hand Attack (Melee),,,2,TRUE,TRUE,Sylvan Scimitar is an uncommon +1 Scimitar that allows its wielder to use their Spellcasting Ability modifier instead of their Dexterity modifier to determine their Attack Roll bonus.,,Scimitar +2,
Adamantine Scimitar,,,Melee,Scimitars,Rare,1.4kg,190,1.5m,One-Handed,TRUE,TRUE,FALSE,1,Slashing,1d6,1d6,,,,,,,,"Lacerate, Flourish",Main Hand Attack,,"Diamondsbane, Lethal Weapon (Slashing)",,Off-Hand Attack (Melee),,,1,TRUE,TRUE,Adamantine Scimitar is a rare +1 Scimitar that automatically critical hits objects and ignores Resistance to Slashing damage.,,Thorn Blade,
Salty Scimitar(rrr),,,Melee,Scimitars,Rare,1.4kg,190,1.5m,One-Handed,TRUE,TRUE,FALSE,2,Slashing,1d6,1d6,,,,,Command,1,Long Rest,"Lacerate, Flourish",Main Hand Attack,,,,Off-Hand Attack (Melee),,,3,TRUE,TRUE,Salty Scimitar(rrr) is a rare +2 Scimitar that allows the wielder to cast Command once per Long Rest.,,Belm,
Scimitar +2,,,Melee,Scimitars,Rare,1.4kg,95,1.5m,One-Handed,TRUE,TRUE,FALSE,2,Slashing,1d6,1d6,,,,,,,,"Lacerate, Flourish",Main Hand Attack,,,,Off-Hand Attack (Melee),,,,TRUE,TRUE,"Scimitar +2 is a rare, moderately enchanted (+2) variant of the Scimitars family of weapons. It is a martial melee weapon wielded in one hand. As a finesse weapon, it can benefit from the wielder's Dexterity and not just their Strength. It's a light weapon that anyone can dual-wield without special training.",,Justiciar's Scimitar,
Thorn Blade,,,Melee,Scimitars,Rare,1.4kg,190,1.5m,One-Handed,TRUE,TRUE,FALSE,1,Slashing,1d6,1d6,,,,,Ensnaring Strike (Melee),1,Long Rest,"Lacerate, Flourish",Main Hand Attack,,Poisonous Synergy,,Off-Hand Attack (Melee),,,2,TRUE,TRUE,"Thorn Blade is a rare, lightly enchanted (+1) Scimitar that deals 1d4⁠⁠Poison damage with melee weapons attacks while Concentrating and grants the ability to cast Ensnaring Strike (Melee).",,Githyanki Shortsword,
Belm,,,Melee,Scimitars,Very Rare,1.4kg,480,1.5m,One-Handed,TRUE,TRUE,FALSE,2,Slashing,1d6,1d6,,,,,,,,"Lacerate, Flourish, Perfectly Balanced Strike, Whirlwind Attack (Weapon Action)",Main Hand Attack,,,,Off-Hand Attack (Melee),,,3,TRUE,TRUE,Belm is a very rare +2 Scimitar. It grants the Whirlwind Attack and Perfectly Balanced Strike weapon actions.,,Practice Sword,
Justiciar's Scimitar,,,Melee,Scimitars,Very Rare,1.4kg,480,1.5m,One-Handed,TRUE,TRUE,FALSE,2,Slashing,1d6,1d6,,,,,,,,"Lacerate, Flourish, Shadowsoaked Blow",Main Hand Attack,Short Rest,"Shadow-Blinding, Shadow Blade",,Off-Hand Attack (Melee),,,2,TRUE,TRUE,Justiciar's Scimitar is a very rare +2 Scimitar weapon that can blind an opponent if the wielder strikes with Advantage. It also grants the Shadowsoaked Blow weapon action.,,Rusty Shortsword,
Githyanki Shortsword,,,Melee,Shortswords,Common,0.9kg,16,1.5m,One-Handed,TRUE,TRUE,FALSE,,Piercing,1d6,1d6,,,,,,,,"Flourish, Piercing Strike",Main Hand Attack,,,,Off-Hand Attack (Melee),,,,TRUE,TRUE,"Githyanki Shortsword is a common variant of the Shortswords family of weapons. It is a martial melee weapon wielded in one hand. As a finesse weapon, it can benefit from the wielder's Dexterity and not just their Strength. It's a light weapon that anyone can dual-wield without special training.",,Trepan,
Practice Sword,,,Melee,Shortswords,Common,0.6kg,1,1.5m,One-Handed,TRUE,TRUE,FALSE,,Bludgeoning,1d4,1d4,,,,,,,,,Main Hand Attack,,,,Off-Hand Attack (Melee),,,,TRUE,TRUE,"The Practice Sword is a common Shortsword. It lacks the weapon actions of other shortswords, but is also the only shortsword that deals ⁠Bludgeoning damage.",,Chessa's Practice Sword,
Rusty Shortsword,,,Melee,Shortswords,Common,0.9kg,2,1.5m,One-Handed,TRUE,TRUE,FALSE,,Piercing,1d6,1d6,,,,,,,,"Flourish, Piercing Strike",Main Hand Attack,,,,Off-Hand Attack (Melee),,,,TRUE,TRUE,"Rusty Shortsword is a common variant of the Shortswords family of weapons. It is a martial melee weapon wielded in one hand. As a finesse weapon, it can benefit from the wielder's Dexterity and not just their Strength. It's a light weapon that anyone can dual-wield without special training.",,Harper Blade,
Trepan,,,Melee,Shortswords,Common,0.9kg,16,1.5m,One-Handed,TRUE,TRUE,FALSE,,Piercing,1d6,1d6,,,,,,,,,Main Hand Attack,,,,Off-Hand Attack (Melee),,,2,TRUE,TRUE,"Trepan is a common variant of the Shortswords family of weapons. It is a simple melee weapon wielded in one hand. As a finesse weapon, it can benefit from the wielder's Dexterity and not just their Strength. It's a light weapon that anyone can dual-wield without special training.",,Kass' Practice Sword,
Chessa's Practice Sword,,,Melee,Shortswords,Common,0.6kg,1,1.5m,One-Handed,TRUE,TRUE,FALSE,,Bludgeoning,1d4,1d4,,,,,,,,,Main Hand Attack,,,,Off-Hand Attack (Melee),,,,TRUE,TRUE,"Chessa's Practice Sword is a mundane, nonmagical variant of the Shortswords family of weapons. It is a simple melee weapon wielded in one hand. As a finesse weapon, it can benefit from the wielder's Dexterity and not just their Strength. It's a light weapon that anyone can dual-wield without special training.",,Shortsword,
Harper Blade,,,Melee,Shortswords,Common,0.9kg,16,1.5m,One-Handed,TRUE,TRUE,FALSE,,Piercing,1d6,1d6,,,,,,,,"Flourish, Piercing Strike",Main Hand Attack,,,,Off-Hand Attack (Melee),,,,TRUE,TRUE,"Harper Blade is a mundane, nonmagical variant of the Shortswords family of weapons. It is a martial melee weapon wielded in one hand. As a finesse weapon, it can benefit from the wielder's Dexterity and not just their Strength. It's a light weapon that anyone can dual-wield without special training.",,Assassin's Shortsword,
Kass' Practice Sword,,,Melee,Shortswords,Common,0.6kg,1,1.5m,One-Handed,TRUE,TRUE,FALSE,,Bludgeoning,1d4,1d4,,,,,,,,,Main Hand Attack,,,,Off-Hand Attack (Melee),,,,TRUE,TRUE,"Kass' Practice Sword is a mundane, nonmagical variant of the Shortswords family of weapons. It is a simple melee weapon wielded in one hand. As a finesse weapon, it can benefit from the wielder's Dexterity and not just their Strength. It's a light weapon that anyone can dual-wield without special training.",,Githyanki Shortsword (+1),
Shortsword,,,Melee,Shortswords,Common,0.9kg,16,1.5m,One-Handed,TRUE,TRUE,FALSE,,Piercing,1d6,1d6,,,,,,,,"Flourish, Piercing Strike",Main Hand Attack,,,,Off-Hand Attack (Melee),,,1,TRUE,TRUE,"Shortsword is a mundane, nonmagical variant of the Shortswords family of weapons. It is a martial melee weapon wielded in one hand. As a finesse weapon, it can benefit from the wielder's Dexterity and not just their Strength. It's a light weapon that anyone can dual-wield without special training.",,Render of Mind and Body,
Shortsword (Yurgir),,,Melee,Shortswords,Common,0.9kg,16,1.5m,One-Handed,TRUE,TRUE,FALSE,,Piercing,2d4,2d4,,,,,,,,,Main Hand Attack,,,,Off-Hand Attack (Melee),,,,FALSE,TRUE,"Shortsword (Yurgir) is a special variant of the Shortswords family of weapons. It is a martial melee weapon wielded in one hand. As a finesse weapon, it can benefit from the wielder's Dexterity and not just their Strength. It's a light weapon that anyone can dual-wield without special training.",,Shadow Blade (weapon),
Assassin's Shortsword,,,Melee,Shortswords,Uncommon,0.9kg,65,1.5m,One-Handed,TRUE,TRUE,FALSE,1,Piercing,1d6,1d6,,,,,,,,"Flourish, Piercing Strike",Main Hand Attack,,,,Off-Hand Attack (Melee),,,2,TRUE,FALSE,Assassin's Shortsword is an uncommon +1 Shortsword that grants the wielder Advantage on Stealth checks.,,Shortsword +1,
Githyanki Shortsword (+1),,,Melee,Shortswords,Uncommon,0.9kg,40,1.5m,One-Handed,TRUE,TRUE,FALSE,1,Piercing,1d6,1d6,,,,,,,,"Flourish, Piercing Strike",Main Hand Attack,,,,Off-Hand Attack (Melee),,,,TRUE,TRUE,"Githyanki Shortsword is an uncommon, lightly enchanted (+1) variant of the Shortswords family of weapons. It is a martial melee weapon wielded in one hand. As a finesse weapon, it can benefit from the wielder's Dexterity and not just their Strength. It's a light weapon that anyone can dual-wield without special training.",,Shortsword of First Blood,
Render of Mind and Body,,,Melee,Shortswords,Uncommon,0.9kg,65,1.5m,One-Handed,TRUE,TRUE,FALSE,1,Piercing,1d6,1d6,,,,,,,,"Flourish, Piercing Strike",Main Hand Attack,,Psychic Steel Virtuoso,,Off-Hand Attack (Melee),,,2,TRUE,TRUE,Render of Mind and Body is an uncommon +1 Shortsword that deals additional Psychic damage whenever the attack is made at Advantage.,,Steelforged Sword,
Shadow Blade (weapon),,,Melee,Shortswords,Uncommon,0.9kg,65,1.5m,One-Handed,TRUE,TRUE,FALSE,,Psychic,2d8,2d8,,,,,,,,"Flourish, Piercing Strike",Main Hand Attack,,Shadow Blade,,Off-Hand Attack (Melee),,,,TRUE,TRUE,Shadow Blade is an uncommon Shortsword which grants the wielder advantage against Lightly or Heavily Obscured targets when using this blade. It also deals 2d8 Psychic damage instead of the usual 1d6.,,Trepan (+1),
Shortsword +1,,,Melee,Shortswords,Uncommon,0.9kg,40,1.5m,One-Handed,TRUE,TRUE,FALSE,1,Piercing,1d6,1d6,,,,,,,,"Flourish, Piercing Strike",Main Hand Attack,,,,Off-Hand Attack (Melee),,,,TRUE,TRUE,"Shortsword +1 is an uncommon, lightly enchanted (+1) variant of the Shortswords family of weapons. It is a martial melee weapon wielded in one hand. As a finesse weapon, it can benefit from the wielder's Dexterity and not just their Strength. It's a light weapon that anyone can dual-wield without special training.",,Ambusher,
Shortsword of First Blood,,,Melee,Shortswords,Uncommon,0.9kg,65,1.5m,One-Handed,TRUE,TRUE,FALSE,,Piercing,1d6,1d6,,,,,,,,"Flourish, Piercing Strike",Main Hand Attack,,Break the Unbroken,,Off-Hand Attack (Melee),,,1,TRUE,TRUE,The Shortsword of First Blood is an uncommon Shortsword. It deals more damage to enemies who have not been injured yet.,,Fleshrender,
Steelforged Sword,,,Melee,Shortswords,Uncommon,0.9kg,60,1.5m,One-Handed,TRUE,TRUE,FALSE,1,Piercing,1d6,1d6,,,,,,,,"Flourish, Piercing Strike",Main Hand Attack,,,,Off-Hand Attack (Melee),,,,TRUE,TRUE,"Steelforged Sword is an uncommon, lightly enchanted (+1) variant of the Shortswords family of weapons. It is a martial melee weapon wielded in one hand. As a finesse weapon, it can benefit from the wielder's Dexterity and not just their Strength. It's a light weapon that anyone can dual-wield without special training.",,Shortsword +2,
Trepan (+1),,,Melee,Shortswords,Uncommon,0.9kg,16,1.5m,One-Handed,TRUE,TRUE,FALSE,1,Piercing,1d6,1d6,,,,,,,,"Flourish, Piercing Strike, Trephination",Main Hand Attack,Short Rest,,,Off-Hand Attack (Melee),,,,TRUE,TRUE,Trepan is an uncommon +1 Shortsword which grants the weapon action Trephination to non player characters only.,,Slicing Shortsword,
Ambusher,,,Melee,Shortswords,Rare,0.9kg,190,1.5m,One-Handed,TRUE,TRUE,FALSE,1,Piercing,1d6,1d6,,,,,,,,"Flourish, Piercing Strike",Main Hand Attack,,"Sentinel Weapon, Ambusher's Streak",,Off-Hand Attack (Melee),,,3,TRUE,TRUE,Ambusher is a rare +1 Shortsword that grants the wielder bonuses to Initiative and Advantage on Perception checks; it also deals extra Necrotic damage on creatures which have not taken a turn yet.,,Sword of Clutching Umbra,
Fleshrender,,,Melee,Shortswords,Rare,0.9kg,190,1.5m,One-Handed,TRUE,TRUE,FALSE,2,Piercing,1d6,1d6,,,,,,,,"Flourish, Piercing Strike, Part the Flesh",Main Hand Attack,Short Rest,,,Off-Hand Attack (Melee),,,3,TRUE,TRUE,"Fleshrender is a rare +2 Shortsword that allows the wielder to make a diabolical strike, possibly stymying their target's ability to heal.",,The Baneful,
Shortsword +2,,,Melee,Shortswords,Rare,0.9kg,95,1.5m,One-Handed,TRUE,TRUE,FALSE,2,Piercing,1d6,1d6,,,,,,,,"Flourish, Piercing Strike",Main Hand Attack,,,,Off-Hand Attack (Melee),,,,TRUE,TRUE,"Shortsword +2 is a rare, moderately enchanted (+2) variant of the Shortswords family of weapons. It is a martial melee weapon wielded in one hand. As a finesse weapon, it can benefit from the wielder's Dexterity and not just their Strength. It's a light weapon that anyone can dual-wield without special training.",,Knife of the Undermountain King,
Slicing Shortsword,,,Melee,Shortswords,Rare,0.9kg,190,1.5m,One-Handed,TRUE,TRUE,FALSE,1,Piercing,1d6,1d6,,,,,,,,"Flourish, Piercing Strike",Main Hand Attack,,Deepflesh Slice,,Off-Hand Attack (Melee),,,2,TRUE,TRUE,The Slicing Shortsword is a rare +1 shortsword that inflicts Bleeding when the wielder attacks with advantage.,,Sword of Life Stealing,
Sword of Clutching Umbra,,,Melee,Shortswords,Rare,0.9kg,190,1.5m,One-Handed,TRUE,TRUE,FALSE,1,Piercing,1d6,1d6,,,,,,,,"Flourish, Piercing Strike, Shadowsoaked Blow",Main Hand Attack,Short Rest,,,Off-Hand Attack (Melee),,,2,TRUE,TRUE,"Sword of Clutching Umbra is a rare, lightly enchanted (+1) Shortsword that grants the wielder a unique weapon action, Shadowsoaked Blow.",,Crimson Mischief,
The Baneful,,,Melee,Shortswords,Rare,0.9kg,190,1.5m,One-Handed,TRUE,TRUE,FALSE,1,Piercing,1d6,1d6,,,,,,,,"Flourish, Piercing Strike",Main Hand Attack,,"Favoured Weapon, Baneful Bond",,Off-Hand Attack (Melee),,,1,TRUE,TRUE,The Baneful is a rare +1 shortsword that applies the Bane condition on hit. This blade's magical powers only function if it's Bound to an Eldritch Knight or is a Warlock's Pact Weapon.,,Pickaxe,
Knife of the Undermountain King,,,Melee,Shortswords,Very Rare,0.9kg,480,1.5m,One-Handed,TRUE,TRUE,FALSE,2,Piercing,1d6,1d6,,,,,,,,"Flourish, Piercing Strike",Main Hand Attack,,"Organ Rearranger, Shadow Blade",,Off-Hand Attack (Melee),,,2,TRUE,TRUE,The Knife of the Undermountain King is a very rare +2 shortsword which increases the frequency of scoring Critical Hits and grants Advantage against obscured enemies.,,War Pick,
Sword of Life Stealing,,,Melee,Shortswords,Very Rare,0.9kg,480,1.5m,One-Handed,TRUE,TRUE,FALSE,2,Piercing,1d6,1d6,,,,,,,,"Flourish, Piercing Strike",Main Hand Attack,,Life Stealing Critical,,Off-Hand Attack (Melee),,,2,TRUE,TRUE,"The Sword of Life Stealing is a very rare +2 shortsword which deals an extra 10 Necrotic damage on a critical hit, and heals the wielder for the same amount.",,Deep Delver,
Crimson Mischief,,,Melee,Shortswords,Story Item,0.9kg,640,1.5m,One-Handed,TRUE,TRUE,FALSE,2,Piercing,1d6,1d6,Necrotic,1d4,,,,,,"Flourish, Piercing Strike",Main Hand Attack,,"Prey Upon the Weak, Redvein Savagery",Crimson Weapon,Off-Hand Attack (Melee),,,3,TRUE,FALSE,"Crimson Mischief is a legendary +2 Shortsword that, when wielded in the main hand, grants additional damage when attacking with Advantage and against targets with 50% or less of their hit points. When wielded in the off-hand, it instead allows the wielder to add their Ability Modifier to their damage.",,Hoppy,
Pickaxe,,,Melee,War Picks,Common,0.9kg,10,1.5m,One-Handed,FALSE,FALSE,FALSE,,Piercing,1d8,1d8,,,,,,,,"Maiming Strike, Piercing Strike, Weakening Strike",Main Hand Attack,,,,Off-Hand Attack (Melee),,,1,TRUE,TRUE,"War Pick is a mundane, nonmagical variant of the War Picks family of weapons. It is a martial melee weapon wielded in two-handed, making it unique among other War Picks.",,War Pick +1,
War Pick,,,Melee,War Picks,Common,0.9kg,50,1.5m,One-Handed,FALSE,FALSE,FALSE,,Piercing,1d8,1d8,,,,,,,,"Maiming Strike, Piercing Strike, Weakening Strike",Main Hand Attack,,,,Off-Hand Attack (Melee),,,,TRUE,TRUE,War Pick is a common variant of the War Picks family of weapons. It is a martial melee weapon wielded in one hand.,,Battleaxe,
Deep Delver,,,Melee,War Picks,Uncommon,0.9kg,100,1.5m,One-Handed,FALSE,FALSE,FALSE,,Piercing,1d8,1d8,,,,,,,,"Maiming Strike, Piercing Strike, Weakening Strike",Main Hand Attack,,Dig Deep,,Off-Hand Attack (Melee),,,1,TRUE,TRUE,Deep Delver is an uncommon War Pick that inflicts the Shattered condition on hit.,,Pactbound Battleaxe,
Hoppy,,,Melee,War Picks,Uncommon,0.9kg,100,1.5m,One-Handed,FALSE,FALSE,FALSE,1,Piercing,1d8,1d8,,,,,,,,"Maiming Strike, Piercing Strike, Weakening Strike, Revitalising Strike",Main Hand Attack,Short Rest,,,Off-Hand Attack (Melee),,,2,TRUE,TRUE,Hoppy is an uncommon +1 War Pick that allows the wielder to use Revitalising Strike (Weapon Action).,,Battleaxe +1,
War Pick +1,,,Melee,War Picks,Uncommon,0.9kg,40,1.5m,One-Handed,FALSE,FALSE,FALSE,1,Piercing,1d8,1d8,,,,,,,,"Maiming Strike, Piercing Strike, Weakening Strike",Main Hand Attack,,,,Off-Hand Attack (Melee),,,,TRUE,TRUE,"War Pick +1 is an uncommon, lightly enchanted (+1) variant of the War Picks family of weapons. It is a martial melee weapon wielded in one hand.",,Ceremonial Battleaxe,
Battleaxe,,,Melee,Battleaxes,Common,1.8kg,50,1.5m,Versatile,FALSE,FALSE,FALSE,,Slashing,1d8,1d10,,,,,,,,"Cleave, Lacerate, Maiming Strike",Main Hand Attack,,,,,,,1,TRUE,TRUE,"Battleaxe is a common variant of the Battleaxes family of weapons. It is a martial melee weapon that can be wielded in one hand, or with both hands for extra damage.",,Witchbreaker,
Pactbound Battleaxe,,,Melee,Battleaxes,Common,1.8kg,0,1.5m,Versatile,FALSE,FALSE,FALSE,,Slashing,1d8,1d10,,,,,,,,"Cleave, Lacerate, Maiming Strike",Main Hand Attack,,,,,,,,TRUE,TRUE,"A summoned weapon from Pact of the Blade. It uses the wielder's Charisma modifier, and its damage is magical.",,Thermodynamo Axe,
Battleaxe +1,,,Melee,Battleaxes,Uncommon,1.9kg,65,1.5m,Versatile,FALSE,FALSE,FALSE,1,Slashing,1d8,1d10,,,,,,,,"Cleave, Lacerate, Maiming Strike",Main Hand Attack,,,,,,,,TRUE,TRUE,"Battleaxe +1 is an uncommon, lightly enchanted (+1) variant of the Battleaxes family of weapons. It is a martial melee weapon that can be wielded in one hand, or with both hands for extra damage.",,Vicious Battleaxe,
Ceremonial Battleaxe,,,Melee,Battleaxes,Uncommon,1.9kg,65,1.5m,Versatile,FALSE,FALSE,FALSE,1,Slashing,1d8,1d10,,,,,,,,"Cleave, Lacerate, Maiming Strike",Main Hand Attack,,,,,,,2,TRUE,TRUE,"Ceremonial Battleaxe is an uncommon, lightly enchanted (+1) variant of the Battleaxes family of weapons. While functionally the same as a Battleaxe +1, it is used for solving the puzzle inside the Rosymorn Monastery chapel.",,Battle-Worn Blade,
Witchbreaker,,,Melee,Battleaxes,Uncommon,1.8kg,100,1.5m,Versatile,FALSE,FALSE,FALSE,1,Slashing,1d8,1d10,,,,,,,,"Cleave, Lacerate, Maiming Strike, Hush You!",Main Hand Attack,Short Rest,Witchbreaker,,,,,2,TRUE,TRUE,"Witchbreaker is an uncommon +1 Battleaxe that grants Advantage against concentrating foes and has a unique weapon action, Hush You!.",,Bonesaw,
Thermodynamo Axe,,,Melee,Battleaxes,Rare,1.8kg,310,1.5m,Versatile,FALSE,FALSE,FALSE,1,Slashing,1d8,1d10,,,,,,,,"Cleave, Lacerate, Maiming Strike",Main Hand Attack,,Thermodynamo,,,,,2,TRUE,TRUE,"Thermodynamo Axe is a rare, lightly enchanted (+1) Battleaxe that grants Heat whenever the wielder deals damage with this weapon.",,Githyanki Longsword,
Vicious Battleaxe,,,Melee,Battleaxes,Rare,1.8kg,310,1.5m,Versatile,FALSE,FALSE,FALSE,2,Slashing,1d8,1d10,,,,,,,,"Cleave, Lacerate, Maiming Strike",Main Hand Attack,,Dolor Amarus,,,,,3,TRUE,TRUE,Vicious Battleaxe is a rare +2 Battleaxe that deals additional damage on a Critical Hit.,,King's Knife,
Battle-Worn Blade,,,Melee,Longswords,Common,1.4kg,40,1.5m,Versatile,FALSE,FALSE,FALSE,,Slashing,1d8,1d10,,,,,,,,"Lacerate, Rush Attack, Pommel Strike",Main Hand Attack,,,,,,,,TRUE,TRUE,"Battle-Worn Blade is a common variant of the Longswords family of weapons. It is a martial melee weapon that can be wielded in one hand, or with both hands for extra damage.",,Rusty Longsword,
Bonesaw,,,Melee,Longswords,Common,1.4kg,40,1.5m,Versatile,FALSE,FALSE,FALSE,,Slashing,1d8,1d10,,,,,,,,,Main Hand Attack,,,,,,,2,TRUE,TRUE,"Bonesaw is a common variant of the Longswords family of weapons. It is a martial melee weapon that can be wielded in one hand, or with both hands for extra damage.",,Longsword,
Githyanki Longsword,,,Melee,Longswords,Common,1.4kg,40,1.5m,Versatile,FALSE,FALSE,FALSE,,Slashing,1d8,1d10,,,,,,,,"Lacerate, Rush Attack, Pommel Strike",Main Hand Attack,,,,,,,,TRUE,TRUE,"Githyanki Longsword is a common variant of the Longswords family of weapons. It is a martial melee weapon that can be wielded in one hand, or with both hands for extra damage.",,Bonesaw (+1),
King's Knife,,,Melee,Longswords,Common,1.4kg,40,1.5m,Versatile,FALSE,FALSE,FALSE,,Slashing,1d8,1d10,,,,,,,,"Lacerate, Rush Attack, Pommel Strike",Main Hand Attack,,,,,,,,TRUE,TRUE,King's Knife is a Duergar variant of the common Longsword. It is identical to a Longsword in all but appearance.,,Ceremonial Longsword,
Rusty Longsword,,,Melee,Longswords,Common,1.4kg,4,1.5m,Versatile,FALSE,FALSE,FALSE,,Slashing,1d8,1d10,,,,,,,,"Lacerate, Rush Attack, Pommel Strike",Main Hand Attack,,,,,,,,TRUE,TRUE,"Rusty Longsword is a common variant of the Longswords family of weapons. It is a martial melee weapon that can be wielded in one hand, or with both hands for extra damage.",,Githyanki Longsword (+1),
Longsword,,,Melee,Longswords,Common,1.4kg,40,1.5m,Versatile,FALSE,FALSE,FALSE,,Slashing,1d8,1d10,,,,,,,,"Lacerate, Rush Attack, Pommel Strike",Main Hand Attack,,,,,,,,TRUE,TRUE,"Longsword is a mundane, nonmagical variant of the Longswords family of weapons. It is a martial melee weapon that can be wielded in one hand, or with both hands for extra damage.",,Katana,
Bonesaw (+1),,,Melee,Longswords,Uncommon,1.4kg,85,1.5m,Versatile,FALSE,FALSE,FALSE,1,Slashing,1d8,1d10,,,,,,,,"Lacerate, Flourish, Incise Ligaments",Main Hand Attack,Short Rest,,,,,,,TRUE,TRUE,Bonesaw is an uncommon +1 Longsword which grants non player characters the weapon action Incise Ligaments.,,Longsword +1,
Ceremonial Longsword,,,Melee,Longswords,Uncommon,1.4kg,55,1.5m,Versatile,FALSE,FALSE,FALSE,1,Slashing,1d8,1d10,,,,,,,,"Lacerate, Rush Attack, Pommel Strike",Main Hand Attack,,,,,,,2,TRUE,TRUE,"Ceremonial Longsword is an uncommon, lightly enchanted (+1) Longsword. While functionally the same as a Longsword +1, it is used for solving the puzzle inside the Rosymorn Monastery chapel.",,Adamantine Longsword,
Githyanki Longsword (+1),,,Melee,Longswords,Uncommon,1.4kg,55,1.5m,Versatile,FALSE,FALSE,FALSE,1,Slashing,1d8,1d10,,,,,,,,"Lacerate, Rush Attack, Pommel Strike",Main Hand Attack,,,,,,,,TRUE,TRUE,"Githyanki Longsword is an uncommon, lightly enchanted longsword.",,Blackguard's Sword,
Katana,,,Melee,Longswords,Uncommon,1.4kg,55,1.5m,Versatile,FALSE,FALSE,FALSE,1,Slashing,1d8,1d10,,,,,,,,"Lacerate, Rush Attack, Flourish",Main Hand Attack,,,,,,,3,TRUE,TRUE,"Katana is an uncommon, lightly enchanted (+1) variant of the Longswords family of weapons. It is a martial melee weapon that can be wielded in one hand, or with both hands for extra damage.",,Blade of Oppressed Souls,
Longsword +1,,,Melee,Longswords,Uncommon,1.4kg,55,1.5m,Versatile,FALSE,FALSE,FALSE,1,Slashing,1d8,1d10,,,,,,,,"Lacerate, Rush Attack, Pommel Strike",Main Hand Attack,,,,,,,,TRUE,TRUE,"Longsword +1 is an uncommon, lightly enchanted (+1) variant of the Longswords family of weapons. It is a martial melee weapon that can be wielded in one hand, or with both hands for extra damage.",,Cruel Sting,
Adamantine Longsword,,,Melee,Longswords,Rare,1.4kg,100,1.5m,Versatile,FALSE,FALSE,FALSE,1,Slashing,1d8,1d10,,,,,,,,"Lacerate, Rush Attack, Pommel Strike",Main Hand Attack,,"Diamondsbane, Lethal Weapon (Slashing)",,,,,1,TRUE,TRUE,Adamantine Longsword is a rare +1 Longsword that automatically critical hits objects and ignores Resistance to Slashing damage.,,Duke Ravengard's Longsword,
Blackguard's Sword,,,Melee,Longswords,Rare,1.4kg,250,1.5m,Versatile,FALSE,FALSE,FALSE,2,Slashing,1d8,1d10,Necrotic,1d4,,,,,,"Lacerate, Rush Attack, Pommel Strike",Main Hand Attack,,Dazing Smite,,,,,3,TRUE,TRUE,Blackguard's Sword is a rare +2 Longsword that possibly Dazes targets that have been Smited by the wielder.,,Larethian's Wrath,
Blade of Oppressed Souls,,,Melee,Longswords,Rare,1.4kg,250,1.5m,Versatile,FALSE,FALSE,FALSE,1,Slashing,1d8,1d10,Psychic,1d4,,,,,,"Lacerate, Rush Attack, Pommel Strike, Crowning Strike",Main Hand Attack,Short Rest,,,,,,2,TRUE,TRUE,"Blade of Oppressed Souls is a rare, lightly enchanted (+1) variant of the Longswords family of weapons. It is a martial melee weapon that can be wielded in one hand, or with both hands for extra damage.",,Longsword +2,
Cruel Sting,,,Melee,Longswords,Rare,1.4kg,250,1.5m,Versatile,FALSE,FALSE,FALSE,1,Slashing,1d8,1d10,,,,,,,,"Lacerate, Rush Attack, Pommel Strike","Ensnaring Strands, Main Hand Attack",Short Rest,Sting The Helpless,,,,,2,TRUE,TRUE,Cruel Sting is a rare +1 Longsword that deals extra Poison damage against Restrained targets if the wielder is a drow elf. It also grants the Ensnaring Strands spell.,,Phalar Aluve,
Duke Ravengard's Longsword,,,Melee,Longswords,Rare,1.4kg,250,1.5m,Versatile,FALSE,FALSE,FALSE,1,Slashing,1d8,1d10,,,,,,,,"Lacerate, Rush Attack, Pommel Strike","Commander's Strike, Main Hand Attack",Short Rest,Stirring Execution,,,,,3,TRUE,FALSE,Duke Ravengard's Longsword is a rare +1 Longsword which increases the wielder's Charisma by +2 and can also grant allies temporary hit points based on their respective Charisma modifiers.,,Sword of the Emperor,
Larethian's Wrath,,,Melee,Longswords,Rare,1.4kg,250,1.5m,Versatile,FALSE,FALSE,FALSE,1,Slashing,1d8,1d10,,,,,,,,"Lacerate, Rush Attack, Pommel Strike, Razor Gale",Main Hand Attack,Short Rest,,,,,,2,TRUE,TRUE,"Larethian's Wrath is a rare +1 Longsword that grants the wielder the Razor Gale weapon action, and is a Finesse weapon, unlike most Longswords.",,Voss' Silver Sword,
Longsword +2,,,Melee,Longswords,Rare,1.4kg,125,1.5m,Versatile,FALSE,FALSE,FALSE,2,Slashing,1d8,1d10,,,,,,,,"Lacerate, Rush Attack, Pommel Strike",Main Hand Attack,,,,,,,,TRUE,TRUE,"Longsword +2 is a rare, moderately enchanted (+2) variant of the Longswords family of weapons. It is a martial melee weapon that can be wielded in one hand, or with both hands for extra damage.",,Pactbound Trident,
Phalar Aluve,,,Melee,Longswords,Rare,1.4kg,250,1.5m,Versatile,FALSE,FALSE,FALSE,1,Slashing,1d8,1d10,,,,,Phalar Aluve: Melody,,,"Lacerate, Rush Attack, Pommel Strike",Main Hand Attack,Short Rest,,,,,,1,TRUE,FALSE,"Phalar Aluve is a rare +1 Longsword that can be made to Sing or Shriek, granting nearby allies or enemies a bonus to Attack Rolls or damage rolls, depending on the choice.",,Rusty Trident,
Sword of the Emperor,,,Melee,Longswords,Rare,1.4kg,250,1.5m,Versatile,FALSE,FALSE,FALSE,2,Slashing,1d8,1d10,,,,,,,,"Lacerate, Rush Attack, Pommel Strike",Main Hand Attack,,"Shapeshifter Slayer, Magical Durability (Sword of the Emperor)",,,,,3,TRUE,TRUE,Sword of the Emperor is a rare +2 Longsword that grants bonus damage against shapeshifted or polymorphed creatures and enhances the wielder's defences against spells.,,Trident of the Depths,
Voss' Silver Sword,,,Melee,Longswords,Very Rare,1.4kg,630,1.5m,Versatile,FALSE,FALSE,FALSE,2,Slashing,1d8,1d10,Psychic,1d4,,,Wrathful Smite,1,Long Rest,"Lacerate, Rush Attack, Pommel Strike",Main Hand Attack,,Interplanar Slayer,,,,,3,TRUE,TRUE,"Voss' Silver Sword is a very rare +2 Longsword enhanced with additional ⁠Psychic damage. It also grants a bonus to damage and Attack Rolls against githyanki, aberrations, fiends and elementals and well as granting the wielder the ability to cast the Wrathful Smite spell.",,Trident,
Pactbound Trident,,,Melee,Tridents,Common,1.8kg,0,1.5m,Versatile,FALSE,FALSE,TRUE,,Piercing,1d6,1d8,,,,,,,,"Rush Attack, Piercing Strike, Disarming Strike",Main Hand Attack,,,,,,,,TRUE,TRUE,"A summoned weapon from Pact of the Blade. It uses the wielder's Charisma modifier, and its damage is magical.",,Trident +1,
Rusty Trident,,,Melee,Tridents,Common,1.8kg,4,1.5m,Versatile,FALSE,FALSE,TRUE,,Piercing,1d6,1d8,,,,,,,,"Rush Attack, Piercing Strike, Disarming Strike",Main Hand Attack,,,,,,,,TRUE,TRUE,"Rusty Trident is a common variant of the Tridents family of weapons. It is a martial melee weapon that can be wielded in one hand, or with both hands for extra damage. Its design lends itself well to be thrown at enemies as a projectile.",,The Sparky Points,
Trident of the Depths,,,Melee,Tridents,Common,1.6kg,40,1.5m,Versatile,FALSE,FALSE,TRUE,3,Piercing,1d6,1d8,Cold,1d6,,,,,,Hiemal Strike,Main Hand Attack,,,,,,,,TRUE,TRUE,"Trident of the Depths is a common, highly enchanted (+3) variant of the Tridents family of weapons. It is a martial melee weapon that can be wielded in one hand, or with both hands for extra damage.",,Trident +2,
Trident,,,Melee,Tridents,Common,1.8kg,40,1.5m,Versatile,FALSE,FALSE,TRUE,,Piercing,1d6,1d8,,,,,,,,"Rush Attack, Piercing Strike, Disarming Strike",Main Hand Attack,,,,,,,,TRUE,TRUE,"Trident is a mundane, nonmagical variant of the Tridents family of weapons. It is a martial melee weapon that can be wielded in one hand, or with both hands for extra damage. Its design lends itself well to be thrown at enemies as a projectile.",,Trident of the Waves,
Trident +1,,,Melee,Tridents,Common,1.8kg,55,1.5m,Versatile,FALSE,FALSE,TRUE,1,Piercing,1d6,1d8,,,,,,,,"Rush Attack, Piercing Strike, Disarming Strike",Main Hand Attack,,,,,,,,TRUE,TRUE,"Trident +1 is an uncommon, lightly enchanted (+1) variant of the Tridents family of weapons. It is a martial melee weapon that can be wielded in one hand, or with both hands for extra damage. Its design lends itself well to be thrown at enemies as a projectile.",,Nyrulna,
The Sparky Points,,,Melee,Tridents,Uncommon,1.8kg,390,1.5m,Versatile,FALSE,FALSE,TRUE,,Piercing,1d6,1d8,,,,,,,,"Rush Attack, Piercing Strike, Disarming Strike",Main Hand Attack,,Electric Blood,,,,,1,TRUE,TRUE,The Sparky Points is a rare Trident that allows the wielder to generate Lightning Charges upon dealing melee damage with this weapon.,,Azer Warhammer,
Trident +2,,,Melee,Tridents,Rare,1.8kg,125,1.5m,Versatile,FALSE,FALSE,TRUE,2,Piercing,1d6,1d8,,,,,,,,"Rush Attack, Piercing Strike, Disarming Strike",Main Hand Attack,,,,,,,,TRUE,TRUE,"Trident +2 is a rare, moderately enchanted (+2) variant of the Tridents family of weapons. It is a martial melee weapon that can be wielded in one hand, or with both hands for extra damage. Its design lends itself well to be thrown at enemies as a projectile.",,Pactbound Warhammer,
Trident of the Waves,,,Melee,Tridents,Rare,1.8kg,630,1.5m,Versatile,FALSE,FALSE,TRUE,1,Piercing,1d6,1d8,Cold,1d4,,,,,,"Rush Attack, Piercing Strike, Disarming Strike",Main Hand Attack,,The Water Caller,,,,,3,TRUE,TRUE,Trident of the Waves is a +1 Trident. It creates a Water surface around the target and also applies the Wet condition.,,Warhammer,
Nyrulna,,,Melee,Tridents,Very Rare,1.8kg,840,1.5m,Versatile,FALSE,FALSE,TRUE,3,Piercing,1d6,1d8,Thunder,1d6,,,,,,"Piercing Strike, Maiming Strike, Zephyr Break, Zephyr Flash",Main Hand Attack,Short Rest,"Zephyr Connection, Veil of the Wind, Nyrulna: Glowing",,,,,3,TRUE,TRUE,Nyrulna is a legendary +3 Trident which can be thrown to create an explosion that deals Thunder damage in an area. It grants additional movement speed and jump distance and returns to the wielder after being thrown.,,Ceremonial Warhammer,
Azer Warhammer,,,Melee,Warhammers,Common,2.7kg,0,1.5m,Versatile,FALSE,FALSE,FALSE,,Bludgeoning,1d8,1d10,Fire,1d6,,,,,,"Backbreaker, Concussive Smash, Weakening Strike, Overheat",Main Hand Attack,,,,,,,,TRUE,TRUE,Hits with this weapon deal an additional 1d6⁠⁠Fire damage.,,Faithbreaker,
Pactbound Warhammer,,,Melee,Warhammers,Common,2.7kg,0,1.5m,Versatile,FALSE,FALSE,FALSE,,Bludgeoning,1d8,1d10,,,,,,,,"Backbreaker, Concussive Smash, Weakening Strike",Main Hand Attack,,,,,,,,TRUE,TRUE,"A summoned weapon from Pact of the Blade. It uses the wielder's Charisma modifier, and its damage is magical.",,Intransigent Warhammer,
Warhammer,,,Melee,Warhammers,Common,2.7kg,50,1.5m,Versatile,FALSE,FALSE,FALSE,,Bludgeoning,1d8,1d10,,,,,,,,"Backbreaker, Concussive Smash, Weakening Strike",Main Hand Attack,,,,,,,,TRUE,TRUE,"Warhammer is a mundane, nonmagical variant of the Warhammers family of weapons. It is a martial melee weapon that can be wielded in one hand, or with both hands for extra damage.",,Warhammer +1,
Ceremonial Warhammer,,,Melee,Warhammers,Uncommon,2.7kg,65,1.5m,Versatile,FALSE,FALSE,FALSE,1,Bludgeoning,1d8,1d10,,,,,,,,"Backbreaker, Concussive Smash, Weakening Strike",Main Hand Attack,,,,,,,2,TRUE,TRUE,"Ceremonial Warhammer is an uncommon, lightly enchanted (+1) Warhammer. While functionally the same as a Warhammer +1, it is used for solving the puzzle inside the Rosymorn Monastery chapel.",,Charge-Bound Warhammer,
Faithbreaker,,,Melee,Warhammers,Uncommon,2.7kg,300,1.5m,Versatile,FALSE,FALSE,FALSE,1,Bludgeoning,1d8,1d10,,,,,,,,"Backbreaker, Concussive Smash, Weakening Strike, Absolute Power",Main Hand Attack,Short Rest,,,,,,1,TRUE,TRUE,"Faithbreaker is an uncommon +1 Warhammer that grants the Absolute Power weapon action, which deals additional Force damage and possibly pushes them back.",,Clown Hammer,
Intransigent Warhammer,,,Melee,Warhammers,Uncommon,2.7kg,100,1.5m,Versatile,FALSE,FALSE,FALSE,,Bludgeoning,1d8,1d10,,,,,,,,"Backbreaker, Concussive Smash, Weakening Strike",Main Hand Attack,,Impulse Blast,,,,,1,TRUE,TRUE,Intransigent Warhammer is an uncommon Warhammer that knocks nearby foes Prone after killing a hostile target or landing a Critical Hit.,,Hammer of the Just,
Warhammer +1,,,Melee,Warhammers,Uncommon,2.7kg,65,1.5m,Versatile,FALSE,FALSE,FALSE,1,Bludgeoning,1d8,1d10,,,,,,,,"Backbreaker, Concussive Smash, Weakening Strike",Main Hand Attack,,,,,,,,TRUE,TRUE,"Warhammer +1 is an uncommon, lightly enchanted (+1) variant of the Warhammers family of weapons. It is a martial melee weapon that can be wielded in one hand, or with both hands for extra damage.",,Ketheric's Warhammer,
Charge-Bound Warhammer,,,Melee,Warhammers,Rare,2.7kg,310,1.5m,Versatile,FALSE,FALSE,FALSE,1,Bludgeoning,1d8,1d10,,,,,,,,"Backbreaker, Concussive Smash, Weakening Strike",Main Hand Attack,,"Favoured Weapon, Galvanic Currents",,,,,2,TRUE,FALSE,"Charge-Bound Warhammer is a rare +1 Warhammer with +1 bonus to damage and Attack Rolls, and deals additional 1d6⁠⁠Lightning damage. This hammer's magical powers only function if it's Bound to an Eldritch Knight or is a Warlock's Pact Weapon.",,Warhammer +2,
Clown Hammer,,,Melee,Warhammers,Rare,2.7kg,310,1.5m,Versatile,FALSE,FALSE,FALSE,2,Bludgeoning,1d8,1d10,,,,,,,,"Backbreaker, Concussive Smash, Weakening Strike",Main Hand Attack,,Grim Irony,,,,,3,TRUE,TRUE,"Clown Hammer is a rare +2 Warhammer that forces both the wielder and the target to make a Wisdom Saving Throw on a critical hit, or else fall down laughing.",,Dwarven Thrower,
Hammer of the Just,,,Melee,Warhammers,Rare,2.7kg,310,1.5m,Versatile,FALSE,FALSE,FALSE,2,Bludgeoning,1d8,1d10,Radiant,1d4,,,Detect Thoughts,1,Long Rest,"Backbreaker, Concussive Smash, Weakening Strike",Main Hand Attack,,Slay the Wicked (Bludgeoning),,,,,3,TRUE,TRUE,Hammer of the Just is a rare +2 Warhammer which allows the wielder to cast Detect Thoughts and deals additional Radiant damage. It also deals additional Bludgeoning damage to Fiends and Undead.,,Orphic Hammer,
Ketheric's Warhammer,,,Melee,Warhammers,Rare,2.7kg,310,1.5m,Versatile,FALSE,FALSE,FALSE,1,Bludgeoning,1d8,1d10,Psychic,1d4,,,,,,"Backbreaker, Concussive Smash, Weakening Strike",Main Hand Attack,,,,,,,2,TRUE,TRUE,"Ketheric's Warhammer is a rare, lightly enchanted (+1) variant of the Warhammers family of weapons. It is a martial melee weapon that can be wielded in one hand, or with both hands for extra damage.",,Glaive,
Warhammer +2,,,Melee,Warhammers,Rare,2.7kg,155,1.5m,Versatile,FALSE,FALSE,FALSE,2,Bludgeoning,1d8,1d10,,,,,,,,"Backbreaker, Concussive Smash, Weakening Strike",Main Hand Attack,,,,,,,,TRUE,TRUE,"Warhammer +2 is a rare, moderately enchanted (+2) variant of the Warhammers family of weapons. It is a martial melee weapon that can be wielded in one hand, or with both hands for extra damage.",,Pactbound Glaive,
Dwarven Thrower,,,Melee,Warhammers,Very Rare,2.7kg,770,1.5m,Versatile,FALSE,FALSE,TRUE,2,Bludgeoning,1d8,1d10,,,,,,,,"Backbreaker, Concussive Smash, Weakening Strike",Main Hand Attack,,"Homing Weapon, Dwarven Thrower",,,,,3,TRUE,TRUE,"Dwarven Thrower is a very rare +2 Warhammer that returns to the wielder when thrown,[1] and deals extra damage if the wielder is a Dwarf [2] or the target is Large or greater.",,Rusty Glaive,
Orphic Hammer,,,Melee,Warhammers,Story Item,2.7kg,770,1.5m,Versatile,FALSE,FALSE,FALSE,3,Bludgeoning,1d8,1d10,,,,,,,,"Backbreaker, Concussive Smash, Weakening Strike, Unshackling Strike",Main Hand Attack,,Spell Resistance,,,,,3,TRUE,TRUE,"The Orphic Hammer is a legendary, plot-critical +3 Warhammer with the power to shatter infernal bonds. It also grants the wielder Advantage on saving throws vs spells.",,Glaive +1,
Glaive,,,Melee,Glaives,Common,2.7kg,65,2.5m,Two-Handed,FALSE,FALSE,FALSE,,Slashing,1d10,1d10,,,,,,,,"Rush Attack, Lacerate, Brace (Melee)",Main Hand Attack,,,,,,,,TRUE,TRUE,Glaive is a common variant of the Glaives family of weapons.,,Drakethroat Glaive,
Pactbound Glaive,,,Melee,Glaives,Common,2.7kg,0,2.5m,Two-Handed,FALSE,FALSE,FALSE,,Slashing,1d10,1d10,,,,,,,,"Rush Attack, Lacerate, Brace (Melee)",Main Hand Attack,,,,,,,,TRUE,TRUE,"A summoned weapon from Pact of the Blade. It uses the wielder's Charisma modifier, and its damage is magical.",,Monster Slayer Glaive,
Rusty Glaive,,,Melee,Glaives,Common,2.7kg,6,2.5m,Two-Handed,FALSE,FALSE,FALSE,,Slashing,1d10,1d10,,,,,,,,"Rush Attack, Lacerate, Brace (Melee)",Main Hand Attack,,,,,,,,TRUE,TRUE,Rusty Glaive is a common variant of the Glaives family of weapons. It is a martial melee weapon that's wielded with both hands. It gives the user extra reach in melee combat.,,Moonlight Glaive,
Glaive +1,,,Melee,Glaives,Uncommon,2.7kg,85,2.5m,Two-Handed,FALSE,FALSE,FALSE,1,Slashing,1d10,1d10,,,,,,,,"Rush Attack, Lacerate, Brace (Melee)",Main Hand Attack,,,,,,,,TRUE,TRUE,"Glaive +1 is an uncommon, lightly enchanted (+1) Glaive.",,Sorrow,
Drakethroat Glaive,,,Melee,Glaives,Rare,2.7kg,960,2.5m,Two-Handed,FALSE,FALSE,FALSE,2,Slashing,1d10,1d10,,,,,Draconic Elemental Weapon,3,Long Rest,"Rush Attack, Lacerate, Brace (Melee)",Main Hand Attack,,Vicious Dragon Breath,,,,,2,TRUE,TRUE,Drakethroat Glaive is a rare +2 Glaive that grants its wielder the Draconic Elemental Weapon weapon action and a bonus to Dragonborn breath racial actions.,,The Dancing Breeze,
Monster Slayer Glaive,,,Melee,Glaives,Rare,2.7kg,380,2.5m,Two-Handed,FALSE,FALSE,FALSE,1,Slashing,1d10,1d10,,,,,,,,"Rush Attack, Lacerate, Brace (Melee)",Main Hand Attack,,"Monsterslayer, Refined Vaulting (Monster Slayer Glaive)",,,,,1,TRUE,TRUE,Monster Slayer Glaive is a rare +1 Glaive that deals additional damage against Monstrosities and increases its wielder's Jump distance.,,Greataxe,
Moonlight Glaive,,,Melee,Glaives,Rare,2.7kg,380,2.5m,Two-Handed,FALSE,FALSE,FALSE,2,Slashing,1d10,1d10,Radiant,1d4,,,,,,"Rush Attack, Lacerate, Brace (Melee), Moonlight Butterflies",Main Hand Attack,Short Rest,Moonlight Glaive: Glowing,,,,,2,TRUE,TRUE,"Moonlight Glaive is a rare +2 Glaive that deals additional Radiant damage, has a permanent Light effect, and grants its wielder the Moonlight Butterflies weapon action.",,Exterminator's Axe,
Sorrow,,,Melee,Glaives,Rare,2.7kg,380,2.5m,Two-Handed,FALSE,FALSE,FALSE,1,Slashing,1d10,1d10,,,,,Sorrowful Lash,,Per Turn,"Rush Attack, Lacerate, Brace (Melee)",Main Hand Attack,,,,,,,1,TRUE,TRUE,Sorrow is a rare +1 Glaive that grants its wielder the Sorrowful Lash cantrip as Bonus Action once per turn.,,Greataxe +1,
The Dancing Breeze,,,Melee,Glaives,Very Rare,2.7kg,960,2.5m,Two-Handed,FALSE,FALSE,FALSE,2,Slashing,1d10,1d10,,,,,,,,"Rush Attack, Lacerate, Brace (Melee), Whirlwind Attack (Weapon Action)",Main Hand Attack,Short Rest,,,,,,3,TRUE,TRUE,"The Dancing Breeze is a very rare +2 Glaive that grants its wielder the Whirlwind Attack weapon action, which strikes all nearby targets.",,The Undead Bane,
Greataxe,,,Melee,Greataxes,Common,3.2kg,65,1.5m,Two-Handed,FALSE,FALSE,FALSE,,Slashing,1d12,1d12,,,,,,,,"Cleave, Lacerate, Prepare",Main Hand Attack,,,,,,,,TRUE,TRUE,Greataxe is a common variant of the Greataxes family of weapons.,,Very Heavy Greataxe,
Exterminator's Axe,,,Melee,Greataxes,Uncommon,3.2kg,130,1.5m,Two-Handed,FALSE,FALSE,FALSE,,Slashing,1d12,1d12,,,,,,,,"Cleave, Lacerate, Prepare",Main Hand Attack,,Scourge of Pests,,,,,1,TRUE,TRUE,"Exterminator's Axe is an uncommon Greataxe that deals additional Fire damage to Plants, Insects, and Small creatures.",,Blooded Greataxe,
Greataxe +1,,,Melee,Greataxes,Uncommon,3.2kg,85,1.5m,Two-Handed,FALSE,FALSE,FALSE,1,Slashing,1d12,1d12,,,,,,,,"Cleave, Lacerate, Prepare",Main Hand Attack,,,,,,,,TRUE,TRUE,"Greataxe +1 is an uncommon, lightly enchanted (+1) Greataxe.",,Defender Greataxe,
The Undead Bane,,,Melee,Greataxes,Uncommon,3.2kg,130,1.5m,Two-Handed,FALSE,FALSE,FALSE,1,Slashing,1d12,1d12,,,,,,,,"Cleave, Lacerate, Prepare, Profane Scourge",Main Hand Attack,Short Rest,Slay the Wicked,,,,,3,TRUE,TRUE,The Undead Bane is an uncommon +1 Greataxe that deals additional Slashing damage against Fiends and Undead and grants its wielder the Profane Scourge weapon action.,,Greataxe +2,
Very Heavy Greataxe,,,Melee,Greataxes,Uncommon,9.0kg,130,1.5m,Two-Handed,FALSE,FALSE,FALSE,1,Slashing,1d12,1d12,,,,,,,,"Lacerate, Prepare, Gargantuan Cleave",Main Hand Attack,Short Rest,,,,,,1,TRUE,TRUE,"Very Heavy Greataxe is an uncommon +1 Greataxe that grants its wielder the Gargantuan Cleave weapon action, which can strike multiple targets but make the wielder Off-Balanced for 1 turn.",,Hellfire Greataxe,
Blooded Greataxe,,,Melee,Greataxes,Rare,3.2kg,380,1.5m,Two-Handed,FALSE,FALSE,FALSE,1,Slashing,1d12,1d12,,,,,,,,"Cleave, Lacerate, Prepare",Main Hand Attack,,Relentless Revenge,,,,,1,TRUE,TRUE,Blooded Greataxe is a rare +1 Greataxe that deals additional Slashing damage when the wielder has 50% hit points or less.,,Sethan,
Defender Greataxe,,,Melee,Greataxes,Rare,3.2kg,380,1.5m,Two-Handed,FALSE,FALSE,FALSE,2,Slashing,1d12,1d12,,,,,,,,"Cleave, Lacerate, Prepare",Main Hand Attack,,Defensive Attack,,,,,2,TRUE,TRUE,Defender Greataxe is a rare +2 Greataxe that can be reduced in its enchantment on the first attack of the round to increase wielder's Armour Class and saving throw bonus.,,Greatsword,
Greataxe +2,,,Melee,Greataxes,Rare,3.2kg,190,1.5m,Two-Handed,FALSE,FALSE,FALSE,2,Slashing,1d12,1d12,,,,,,,,"Cleave, Lacerate, Prepare",Main Hand Attack,,,,,,,,TRUE,TRUE,"Greataxe +2 is a rare, moderately enchanted (+2) Greataxe.",,Greatsword +1 (Common),
Hellfire Greataxe,,,Melee,Greataxes,Very Rare,3.2kg,960,1.5m,Two-Handed,FALSE,FALSE,FALSE,2,Slashing,1d12,1d12,Fire,1d6,,,Hellflame Cleave,,,"Cleave, Lacerate, Prepare",Main Hand Attack,Short Rest,Thermodynamo,,,,,3,TRUE,TRUE,"Hellfire Greataxe is a very rare +2 Greataxe that deals additional Fire damage, afflicts its wielder with Heat on each successful hit, and grants the Hellflame Cleave weapon action.",,Pactbound Greatsword,
Sethan,,,Melee,Greataxes,Very Rare,3.2kg,960,1.5m,Two-Handed,FALSE,FALSE,FALSE,2,Slashing,1d12,1d12,,,,,"Sethan: Spiritual Greataxe, Sethan: Reduce","6,2",Long Rest,"Cleave, Lacerate, Prepare",Main Hand Attack,,,,,,,3,TRUE,FALSE,Sethan is a very rare +2 Greataxe that grants its wielder the Sethan: Spiritual Greataxe and Sethan: Reduce weapon actions.,,Reinforced Greatsword,
Greatsword,,,Melee,Greatswords,Common,2.7kg,65,1.5m,Two-Handed,FALSE,FALSE,FALSE,,Slashing,2d6,2d6,,,,,,,,"Pommel Strike, Lacerate, Cleave",Main Hand Attack,,,,,,,,TRUE,TRUE,Greatsword is a common variant of the Greatswords family of weapons.,,Rusty Greatsword,
Greatsword +1 (Common),,,Melee,Greatswords,Common,2.7kg,65,1.5m,Two-Handed,FALSE,FALSE,FALSE,,Slashing,2d6,2d6,,,,,,,,"Pommel Strike, Lacerate, Cleave",Main Hand Attack,,,,,,,,TRUE,TRUE,Greatsword +1 is a common variant of the Greatswords family of weapons.,,Everburn Blade,
Pactbound Greatsword,,,Melee,Greatswords,Common,2.7kg,0,1.5m,Two-Handed,FALSE,FALSE,FALSE,,Slashing,2d6,2d6,,,,,,,,"Pommel Strike, Lacerate, Cleave",Main Hand Attack,,,,,,,,TRUE,TRUE,"A summoned weapon from Pact of the Blade. It uses the wielder's Charisma modifier, and its damage is magical.",,Githyanki Greatsword,
Reinforced Greatsword,,,Melee,Greatswords,Common,2.7kg,65,1.5m,Two-Handed,FALSE,FALSE,FALSE,,Slashing,2d6,2d6,,,,,,,,"Pommel Strike, Lacerate, Cleave",Main Hand Attack,,,,,,,,TRUE,TRUE,Reinforced Greatsword is a common variant of the Greatswords family of weapons.,,Githyanki Greatsword (Psionic),
Rusty Greatsword,,,Melee,Greatswords,Common,2.7kg,6,1.5m,Two-Handed,FALSE,FALSE,FALSE,,Slashing,2d6,2d6,,,,,,,,"Pommel Strike, Lacerate, Cleave",Main Hand Attack,,,,,,,,TRUE,TRUE,Rusty Greatsword is a common variant of the Greatswords family of weapons.,,Greatsword +1,
Watcher Greatsword,,,Melee,Greatswords,Common,2.7kg,65,1.5m,Two-Handed,FALSE,FALSE,FALSE,,Slashing,3d12,3d12,,,,,,,,,Main Hand Attack,,,,,,,,FALSE,TRUE,Watcher Greatsword is a common greatsword. It can only be wielded by Steel Watchers.,,Svartlebee's Woundseeker,
Everburn Blade,,,Melee,Greatswords,Uncommon,2.7kg,130,1.5m,Two-Handed,FALSE,FALSE,FALSE,,Slashing,2d6,2d6,Fire,1d4,,,,,,"Pommel Strike, Lacerate, Cleave",Main Hand Attack,,,,,,,,TRUE,TRUE,Everburn Blade is an uncommon greatsword that deals additional ⁠⁠Fire damage.,,Sword of Justice,
Githyanki Greatsword,,,Melee,Greatswords,Uncommon,2.7kg,85,1.5m,Two-Handed,FALSE,FALSE,FALSE,1,Slashing,2d6,2d6,,,,,,,,"Pommel Strike, Lacerate, Cleave",Main Hand Attack,,,,,,,,TRUE,TRUE,"The Githyanki Greatsword is an uncommon, lightly enchanted (+1) greatsword.",,Jorgoral's Greatsword,
Githyanki Greatsword (Psionic),,,Melee,Greatswords,Uncommon,2.7kg,130,1.5m,Two-Handed,FALSE,FALSE,FALSE,1,Slashing,2d6,2d6,Psychic,1d4,,,,,,"Pommel Strike, Lacerate, Cleave",Main Hand Attack,,Githborn Psionic Weapon,,,,,1,TRUE,TRUE,Githyanki Greatsword is an uncommon +1 greatsword that deals additional Psychic damage when wielded by a githyanki.,,Soulbreaker Greatsword,
Greatsword +1,,,Melee,Greatswords,Uncommon,2.7kg,85,1.5m,Two-Handed,FALSE,FALSE,FALSE,1,Slashing,2d6,2d6,,,,,,,,"Pommel Strike, Lacerate, Cleave",Main Hand Attack,,,,,,,,TRUE,TRUE,"Greatsword +1 is an uncommon, lightly enchanted Greatsword.",,Sussur Greatsword,
Svartlebee's Woundseeker,,,Melee,Greatswords,Uncommon,2.7kg,130,1.5m,Two-Handed,FALSE,FALSE,FALSE,1,Slashing,2d6,2d6,,,,,,,,"Pommel Strike, Lacerate, Cleave",Main Hand Attack,,Deepen the Wound,,,,,1,TRUE,TRUE,Svartlebee's Woundseeker is an uncommon +1 greatsword that grants its wielder bonus to Attack Rolls against already damaged creatures.,,Sword of Chaos,
Sword of Justice,,,Melee,Greatswords,Uncommon,2.7kg,130,1.5m,Two-Handed,FALSE,FALSE,FALSE,1,Slashing,2d6,2d6,,,,,Tyr's Protection,1,Short Rest,"Pommel Strike, Lacerate, Cleave",Main Hand Attack,,,,,,,1,TRUE,TRUE,Sword of Justice is an uncommon +1 greatsword that grants its wielder the Tyr's Protection spell.,,Balduran's Giantslayer,
Jorgoral's Greatsword,,,Melee,Greatswords,Rare,2.7kg,380,1.5m,Two-Handed,FALSE,FALSE,FALSE,1,Slashing,2d6,2d6,,,,,,,,"Pommel Strike, Lacerate, Cleave, Colossal Onslaught",Main Hand Attack,Short Rest,,,,,,1,TRUE,TRUE,Jorgoral's Greatsword is a rare +1 greatsword that grants its wielder the Colossal Onslaught weapon action.,,Silver Sword of the Astral Plane,
Soulbreaker Greatsword,,,Melee,Greatswords,Rare,2.7kg,380,1.5m,Two-Handed,FALSE,FALSE,FALSE,1,Slashing,2d6,2d6,,,,,,,,"Pommel Strike, Lacerate, Cleave, Soulbreaker",Main Hand Attack,Short Rest,"Githborn Psionic Weapon, Seldom Caught Unawares (+2)",,,,,2,TRUE,TRUE,Soulbreaker Greatsword is a rare +1 greatsword that grants its wielder the Soulbreaker weapon action and a bonus to Initiative rolls; it also deals additional Psychic damage when wielded by a githyanki.,,Halberd,
Sussur Greatsword,,,Melee,Greatswords,Rare,2.7kg,150,1.5m,Two-Handed,FALSE,FALSE,FALSE,1,Slashing,2d6,2d6,,,,,,,,"Pommel Strike, Lacerate, Cleave",Main Hand Attack,,,,,,,1,TRUE,FALSE,"Sussur Greatsword is a rare +1 Greatsword, which can Silence targets on hit.",,Rusty Halberd,
Sword of Chaos,,,Melee,Greatswords,Very Rare,2.7kg,960,1.5m,Two-Handed,FALSE,FALSE,FALSE,2,Slashing,2d6,2d6,Necrotic,1d4,,,,,,"Pommel Strike, Lacerate, Cleave, Rush Attack",Main Hand Attack,,Chaos,,,,,3,TRUE,TRUE,Sword of Chaos is a very rare +2 greatsword which deals additional ⁠⁠Necrotic damage and also restores a portion of the wielder's health on each successful hit.,,Halberd +1,
Balduran's Giantslayer,,,Melee,Greatswords,Story Item,2.7kg,1300,1.5m,Two-Handed,FALSE,FALSE,FALSE,3,Slashing,2d6,2d6,,,,,,,,"Pommel Strike, Lacerate, Cleave, Topple the Big Folk","Giant Form, Main Hand Attack",Short Rest,Giantslayer,,,,,3,TRUE,TRUE,"Balduran's Giantslayer is a legendary +3 Greatsword that receives doubled damage bonus from Strength, grants its wielder the Giant Form class action and the Topple the Big Folk weapon action, as well as Advantage on attack rolls against Large, Huge, and Gargantuan creatures.",,Light of Creation,
Silver Sword of the Astral Plane,,,Melee,Greatswords,Story Item,2.7kg,1300,1.5m,Two-Handed,FALSE,FALSE,FALSE,3,Slashing,2d6,2d6,,,,,,,,"Pommel Strike, Lacerate, Cleave, Soulbreaker",Main Hand Attack,Short Rest,"Githborn Psionic Resistance, Githborn Psionic Weapon (1d6)",,,,,3,TRUE,TRUE,The Silver Sword of the Astral Plane is a legendary +3 Greatsword which grants its wielder the Soulbreaker weapon action and provides special bonuses when wielded by a githyanki.,,Merregon Halberd,
Halberd,,,Melee,Halberds,Common,2.7kg,65,2.5m,Two-Handed,FALSE,FALSE,FALSE,,Slashing,1d10,1d10,,,,,,,,"Rush Attack, Lacerate, Cleave",Main Hand Attack,,,,,,,,TRUE,TRUE,Halberd is a common variant of the Halberds family of weapons.,,The Skinburster,
Rusty Halberd,,,Melee,Halberds,Common,2.7kg,6,2.5m,Two-Handed,FALSE,FALSE,FALSE,,Slashing,1d10,1d10,,,,,,,,"Rush Attack, Lacerate, Cleave",Main Hand Attack,,,,,,,,TRUE,TRUE,Rusty Halberd is a common variant of the Halberds family of weapons. It is a martial melee weapon that's wielded with both hands. It gives the user extra reach in melee combat.,,Harmonium Halberd,
Halberd +1,,,Melee,Halberds,Uncommon,2.7kg,85,2.5m,Two-Handed,FALSE,FALSE,FALSE,1,Slashing,1d10,1d10,,,,,,,,"Rush Attack, Lacerate, Cleave",Main Hand Attack,,,,,,,,TRUE,TRUE,"Halberd +1 is an uncommon, lightly enchanted (+1) Halberd.",,Hellbeard Halberd,
Light of Creation,,,Melee,Halberds,Uncommon,2.7kg,130,2.5m,Two-Handed,FALSE,FALSE,FALSE,1,Slashing,1d10,1d10,Lightning,1d6,,,,,,"Rush Attack, Lacerate, Cleave",Main Hand Attack,,Overcharge,,,,,1,TRUE,TRUE,"Light of Creation is an uncommon +1 Halberd that deals additional Lightning damage, but has a chance to Stun its wielder on each successful attack.",,Halberd of Vigilance,
Merregon Halberd,,,Melee,Halberds,Uncommon,2.7kg,85,2.5m,Two-Handed,FALSE,FALSE,FALSE,1,Slashing,1d10,1d10,,,,,,,,"Rush Attack, Lacerate, Cleave",Main Hand Attack,,,,,,,,TRUE,TRUE,"Merregon Halberd is an uncommon, lightly enchanted (+1) Halberd.",,Maul,
The Skinburster,,,Melee,Halberds,Uncommon,2.7kg,130,2.5m,Two-Handed,FALSE,FALSE,FALSE,1,Slashing,1d10,1d10,,,,,,,,"Rush Attack, Lacerate, Cleave",Main Hand Attack,,Skinburster Force,,,,,2,TRUE,TRUE,The Skinburster is an uncommon +1 Halberd that grants its wielder Force Conduit on each successful hit.,,Pactbound Maul,
Harmonium Halberd,,,Melee,Halberds,Rare,2.7kg,380,2.5m,Two-Handed,FALSE,FALSE,FALSE,1,Slashing,1d10,1d10,,,,,,,,"Rush Attack, Lacerate, Cleave",Main Hand Attack,,,,,,,2,TRUE,FALSE,Harmonium Halberd is a rare +1 Halberd that grants its wielder additional Strength at the cost of some Intelligence and Wisdom.,,Rusty Maul,
Hellbeard Halberd,,,Melee,Halberds,Rare,2.7kg,380,2.5m,Two-Handed,FALSE,FALSE,FALSE,2,Slashing,1d10,1d10,Poison,6,,,,,,"Rush Attack, Lacerate, Cleave",Main Hand Attack,,,,,,,3,TRUE,TRUE,Hellbeard Halberd is a rare +2 Halberd which deals additional ⁠Poison damage and possibly Poisons the target.,,Doom Hammer,
Halberd of Vigilance,,,Melee,Halberds,Very Rare,2.7kg,960,2.5m,Two-Handed,FALSE,FALSE,FALSE,2,Slashing,1d10,1d10,Force,1d4,,,,,,"Rush Attack, Lacerate, Cleave",Main Hand Attack,,"Sentinel Weapon, Adroit Reflexes",,,,,2,TRUE,TRUE,"Halberd of Vigilance is a very rare +2 Halberd that deals additional Force damage, gives a bonus to Initiative, and grants Advantage on Perception checks and Reactions.",,Hamarhraft,
Maul,,,Melee,Mauls,Common,4.5kg,40,1.5m,Two-Handed,FALSE,FALSE,FALSE,,Bludgeoning,2d6,2d6,,,,,,,,"Backbreaker, Concussive Smash, Tenacity",Main Hand Attack,,,,,,,,TRUE,TRUE,Maul is a common variant of the Mauls family of weapons.,,Maul +1,
Pactbound Maul,,,Melee,Mauls,Common,4.5kg,0,1.5m,Two-Handed,FALSE,FALSE,FALSE,,Bludgeoning,2d6,2d6,,,,,,,,"Backbreaker, Concussive Smash, Tenacity",Main Hand Attack,,,,,,,,TRUE,TRUE,"A weapon summoned by Hexblades with the Pact of the Blade. It uses the wielder's Charisma modifier, and its damage is magical.",,Corpsegrinder,
Rusty Maul,,,Melee,Mauls,Common,4.5kg,3,1.5m,Two-Handed,FALSE,FALSE,FALSE,,Bludgeoning,2d6,2d6,,,,,,,,"Backbreaker, Concussive Smash, Tenacity",Main Hand Attack,,,,,,,,TRUE,TRUE,Rusty Maul is a common variant of the Mauls family of weapons. It is a martial melee weapon that's wielded with both hands.,,Foebreaker,
Doom Hammer,,,Melee,Mauls,Uncommon,4.5kg,65,1.5m,Two-Handed,FALSE,FALSE,FALSE,,Bludgeoning,2d6,2d6,,,,,,,,"Backbreaker, Concussive Smash, Tenacity",Main Hand Attack,,Edge of Terror,,,,,1,TRUE,TRUE,Doom Hammer is an uncommon maul that afflicts targets with Bone Chilled condition on each successful hit.,,Broken Pike,
Hamarhraft,,,Melee,Mauls,Uncommon,4.5kg,65,1.5m,Two-Handed,FALSE,FALSE,FALSE,,Bludgeoning,2d6,2d6,,,,,,,,"Backbreaker, Concussive Smash, Tenacity",Main Hand Attack,,Shockwave,,,,,1,TRUE,TRUE,Hamarhraft is an uncommon Maul that deals Thunder damage in an area around the wielder when they land a Jump.,,Rusty Pike,
Maul +1,,,Melee,Mauls,Uncommon,4.5kg,40,1.5m,Two-Handed,FALSE,FALSE,FALSE,1,Bludgeoning,2d6,2d6,,,,,,,,"Backbreaker, Concussive Smash, Tenacity",Main Hand Attack,,,,,,,,TRUE,TRUE,"Maul +1 is an uncommon, lightly enchanted (+1) Maul.",,Pike,
Corpsegrinder,,,Melee,Mauls,Rare,4.5kg,190,1.5m,Two-Handed,FALSE,FALSE,FALSE,2,Bludgeoning,2d6,2d6,Thunder,1d4,,,,,,"Backbreaker, Concussive Smash, Tenacity, Grand Slam",Main Hand Attack,Short Rest,,,,,,3,TRUE,TRUE,Corpsegrinder is a rare +2 Maul that deals additional Thunder damage and grants its wielder the Grand Slam weapon action.,,Magical Pike,
Foebreaker,,,Melee,Mauls,Very Rare,4.5kg,480,1.5m,Two-Handed,FALSE,FALSE,FALSE,2,Bludgeoning,2d6,2d6,,,,,,,,"Backbreaker, Concussive Smash, Tenacity",Main Hand Attack,,Lethal Weapon (Bludgeoning),,,,,3,TRUE,TRUE,Foebreaker is a very rare +2 Maul that ignores ⁠Bludgeoning resistance of targets.,,Pike +1,
Broken Pike,,,Melee,Pikes,Common,8.1kg,10,2.5m,Two-Handed,FALSE,FALSE,FALSE,,Piercing,1d10,1d10,,,,,,,,"Rush Attack, Piercing Strike, Brace (Melee)",Main Hand Attack,,,,,,,,TRUE,TRUE,Broken Pike is a common variant of the Pikes family of weapons. It is a martial melee weapon that's wielded with both hands. It gives the user extra reach in melee combat.,,Returning Pike,
Rusty Pike,,,Melee,Pikes,Common,8.1kg,1,2.5m,Two-Handed,FALSE,FALSE,FALSE,,Piercing,1d10,1d10,,,,,,,,"Rush Attack, Piercing Strike, Brace (Melee)",Main Hand Attack,,,,,,,,TRUE,TRUE,Rusty Pike is a common variant of the Pikes family of weapons. It is a martial melee weapon that's wielded with both hands. It gives the user extra reach in melee combat.,,Breaching Pikestaff,
Pike,,,Melee,Pikes,Common,8.1kg,20,2.5m,Two-Handed,FALSE,FALSE,FALSE,,Piercing,1d10,1d10,,,,,,,,"Rush Attack, Piercing Strike, Brace (Melee)",Main Hand Attack,,,,,,,,TRUE,TRUE,"Pike is a mundane, nonmagical variant of the Pikes family of weapons. It is a martial melee weapon that's wielded with both hands. It gives the user extra reach in melee combat.",,Unseen Menace,
Magical Pike,,,Melee,Pikes,Uncommon,8.1kg,40,2.5m,Two-Handed,FALSE,FALSE,FALSE,1,Piercing,1d10,1d10,,,,,,,,"Rush Attack, Piercing Strike, Brace (Melee)",Main Hand Attack,,,,,,,,TRUE,TRUE,"Magical Pike is an uncommon, lightly enchanted (+1) variant of the Pikes family of weapons. It is a martial melee weapon that's wielded with both hands. It gives the user extra reach in melee combat.",,Doom Axe,
Pike +1,,,Melee,Pikes,Uncommon,8.1kg,40,2.5m,Two-Handed,FALSE,FALSE,FALSE,1,Piercing,1d10,1d10,,,,,,,,"Rush Attack, Piercing Strike, Brace (Melee)",Main Hand Attack,,,,,,,,TRUE,TRUE,"Pike +1 is an uncommon, lightly enchanted (+1) variant of the Pikes family of weapons. It is a martial melee weapon that's wielded with both hands. It gives the user extra reach in melee combat.",,Promise,
Returning Pike,,,Melee,Pikes,Uncommon,8.1kg,65,2.5m,Two-Handed,FALSE,FALSE,FALSE,1,Piercing,1d10,1d10,,,,,,,,"Rush Attack, Piercing Strike, Brace (Melee)",Main Hand Attack,,Homing Weapon,,,,,1,TRUE,TRUE,Returning Pike is an uncommon +1 Pike that returns to the wielder automatically after being thrown.,,Jagged Spear,
Breaching Pikestaff,,,Melee,Pikes,Rare,8.1kg,190,2.5m,Two-Handed,FALSE,FALSE,FALSE,2,Piercing,1d10,1d10,Force,1d4,,,,,,"Rush Attack, Piercing Strike, Brace (Melee)",Main Hand Attack,,,,,,,3,TRUE,TRUE,Breaching Pikestaff is a rare +2 Pike that deals an additional 1d4 Force on each successful hit.,,Rod of Resurrection,
Unseen Menace,,,Melee,Pikes,Rare,8.1kg,190,2.5m,Two-Handed,FALSE,FALSE,FALSE,1,Piercing,1d10,1d10,,,,,,,,"Rush Attack, Piercing Strike, Brace (Melee)",Main Hand Attack,,Invisible Weapon,,,,,2,TRUE,TRUE,Unseen Menace is a rare + 1 Pike which increases critical hit chance and grants Advantage as long as the wielder keeps connecting hits.,,,
Light Crossbow,,,Ranged,Light Crossbows,Common,2.3kg,30,18.0m,Two-Handed,FALSE,FALSE,FALSE,,Piercing,1d8,1d8,,,,,,,,Piercing Shot,Ranged Attack,,,,,,,,TRUE,TRUE,Light Crossbow is a common variant of the Light Crossbows family of weapons. It is a simple ranged weapon that's wielded with both hands.,,,
Light Crossbow +1,,,Ranged,Light Crossbows,Uncommon,2.3kg,40,18.0m,Two-Handed,FALSE,FALSE,FALSE,1,Piercing,1d8,1d8,,,,,,,,Piercing Shot,Ranged Attack,,,,,,,,TRUE,TRUE,"Light Crossbow +1 is an uncommon, lightly enchanted (+1) variant of the Light Crossbows family of weapons. It is a simple ranged weapon that's wielded with both hands.",,,
Sharran Crossbow,,,Ranged,Light Crossbows,Uncommon,2.3kg,65,18.0m,Two-Handed,FALSE,FALSE,FALSE,1,Piercing,1d8,1d8,,,,,,,,Piercing Shot,Ranged Attack,,,,,,,1,TRUE,TRUE,"Sharran Crossbow is an uncommon +1 Light Crossbow, identical to a Light Crossbow +1 aside from the flavour text.",,,
Goblin Bow,,,Ranged,Shortbows,Common,0.9kg,16,18.0m,Two-Handed,FALSE,FALSE,FALSE,,Piercing,1d6,1d6,,,,,,,,Hamstring Shot,Ranged Attack,,,,,,,,TRUE,TRUE,"Goblin Bow is the favoured ranged weapon among Goblins. Besides appearances, it functions exactly like a normal Shortbow.",,,
Makeshift Bow,,,Ranged,Shortbows,Common,0.9kg,16,18.0m,Two-Handed,FALSE,FALSE,FALSE,,Piercing,1d6,1d6,Necrotic,1d10,,,,,,Hamstring Shot,Ranged Attack,,,,,,,,TRUE,TRUE,Makeshift Bow is a common variant of the Shortbows family of weapons. It is a martial ranged weapon that's wielded with both hands. It's a light weapon that anyone can dual-wield without special training.,,,
Shortbow,,,Ranged,Shortbows,Common,0.9kg,16,18.0m,Two-Handed,FALSE,FALSE,FALSE,,Piercing,1d6,1d6,,,,,,,,Hamstring Shot,Ranged Attack,,,,,,,1,TRUE,TRUE,"Shortbow is a mundane, nonmagical variant of the Shortbows family of weapons. It is a simple ranged weapon that's wielded with both hands.",,,
Bow of Awareness,,,Ranged,Shortbows,Uncommon,0.9kg,65,18.0m,Two-Handed,FALSE,FALSE,FALSE,1,Piercing,1d6,1d6,,,,,,,,Hamstring Shot,Ranged Attack,,Seldom Caught Unawares (Bow of Awareness),,,,,1,TRUE,TRUE,Bow of Awareness is an uncommon +1 Shortbow that boosts the wielder's Initiative.,,,
Hunting Shortbow,,,Ranged,Shortbows,Uncommon,0.9kg,65,18.0m,Two-Handed,FALSE,FALSE,FALSE,1,Piercing,1d6,1d6,,,,,Hunter's Mark,1,Short Rest,Hamstring Shot,Ranged Attack,,Feller of Monsters,,,,,1,TRUE,TRUE,Hunting Shortbow is an uncommon +1 Shortbow that grants Advantage against Monstrosity type enemies and the ability to cast Hunter's Mark.,,,
Shortbow +1,,,Ranged,Shortbows,Uncommon,0.9kg,40,18.0m,Two-Handed,FALSE,FALSE,FALSE,1,Piercing,1d6,1d6,,,,,,,,Hamstring Shot,Ranged Attack,,,,,,,,TRUE,TRUE,"Shortbow +1 is an uncommon, lightly enchanted (+1) variant of the Shortbows family of weapons. It is a simple ranged weapon that's wielded with both hands.",,,
Bow of the Banshee,,,Ranged,Shortbows,Rare,0.9kg,190,18.0m,Two-Handed,FALSE,FALSE,FALSE,1,Piercing,1d6,1d6,,,,,,,,Hamstring Shot,Ranged Attack,,Blood-Curdling Emission,,,,,1,TRUE,TRUE,Bow of the Banshee is a rare +1 shortbow which can Frighten targets on hit and grants bonuses to weapon damage and attack rolls against Frightened creatures.,,,
Darkfire Shortbow,,,Ranged,Shortbows,Rare,0.9kg,480,18.0m,Two-Handed,FALSE,FALSE,FALSE,2,Piercing,1d6,1d6,,,,,Haste,3,Long Rest,Hamstring Shot,Ranged Attack,,,,,,,2,TRUE,TRUE,Darkfire Shortbow is a rare +2 Shortbow that grants Resistance to Fire and Cold and grants the ability to cast Haste.,,,
Least Expected,,,Ranged,Shortbows,Rare,0.9kg,190,18.0m,Two-Handed,FALSE,FALSE,FALSE,2,Piercing,1d6,1d6,,,,,,,,"Hamstring Shot, Blinding Shot",Ranged Attack,Short Rest,Darkveil Precision,,,,,2,TRUE,TRUE,"Least Expected is a rare + 2 Shortbow which grants the Blinding Shot weapon action, and increases Attack Rolls while Obscured.",,,
Vicious Shortbow,,,Ranged,Shortbows,Rare,0.9kg,190,18.0m,Two-Handed,FALSE,FALSE,FALSE,2,Piercing,1d6,1d6,,,,,,,,Hamstring Shot,Ranged Attack,,Dolor Amarus,,,,,3,TRUE,TRUE,Vicious Shortbow is a rare +2 Shortbow that deals 7 additional damage on a Critical Hit.,,,
Blightbringer,,,Ranged,Shortbows,Very Rare,0.9kg,480,18.0m,Two-Handed,FALSE,FALSE,FALSE,1,Piercing,1d6,1d6,,,,,,,,Hamstring Shot,Ranged Attack,,"Blightbringer, Prey Decelerator",,,,,3,TRUE,TRUE,"Blightbringer is a very rare +1 Shortbow that grants bonuses to attack and damage rolls against Gnomes and Dwarves, and Slows on a critical hit.",,,
Hand Crossbow,,,Ranged,Hand Crossbows,Common,0.9kg,50,18.0m,One-Handed,FALSE,TRUE,FALSE,,Piercing,1d6,1d6,,,,,,,,"Piercing Shot, Mobile Shot",Ranged Attack,,,,Off-Hand Attack (Ranged),,,,TRUE,TRUE,"Hand Crossbow is a mundane, nonmagical variant of the Hand Crossbows family of weapons. It is a martial ranged weapon wielded in one hand. It's a light weapon that anyone can dual-wield without special training.",,,
Hand Crossbow (Yurgir),,,Ranged,Hand Crossbows,Common,0.9kg,50,18.0m,One-Handed,FALSE,TRUE,FALSE,,Piercing,2d10,2d10,,,,,,,,"Piercing Shot, Mobile Shot",Ranged Attack,,,,Off-Hand Attack (Ranged),,,,FALSE,TRUE,A unique hand crossbow wielded exclusively by Yurgir.,,,
Firestoker,,,Ranged,Hand Crossbows,Common,0.9kg,100,18.0m,One-Handed,FALSE,TRUE,FALSE,,Piercing,1d6,1d6,,,,,,,,"Piercing Shot, Mobile Shot",Ranged Attack,,Burned Alive,,Off-Hand Attack (Ranged),,,1,TRUE,TRUE,The Firestoker is an uncommon Hand Crossbow that deals additional damage to Burning targets.,,,
Hand Crossbow +1,,,Ranged,Hand Crossbows,Uncommon,0.9kg,65,18.0m,One-Handed,FALSE,TRUE,FALSE,1,Piercing,1d6,1d6,,,,,,,,"Piercing Shot, Mobile Shot",Ranged Attack,,,,Off-Hand Attack (Ranged),,,,TRUE,TRUE,"Hand Crossbow +1 is an uncommon, lightly enchanted (+1) variant of the Hand Crossbows family of weapons. It is a martial ranged weapon wielded in one hand. It's a light weapon that anyone can dual-wield without special training.",,,
Hand Crossbow +2,,,Ranged,Hand Crossbows,Uncommon,0.9kg,155,18.0m,One-Handed,FALSE,TRUE,FALSE,2,Piercing,1d6,1d6,,,,,,,,"Piercing Shot, Mobile Shot",Ranged Attack,,,,Off-Hand Attack (Ranged),,,,TRUE,TRUE,"Hand Crossbow +2 is a rare, moderately enchanted (+2) variant of the Hand Crossbows family of weapons. It is a martial ranged weapon wielded in one hand. It's a light weapon that anyone can dual-wield without special training.",,,
Ne'er Misser,,,Ranged,Hand Crossbows,Rare,0.9kg,310,18.0m,One-Handed,FALSE,TRUE,FALSE,1,Force,1d6,1d6,,,,,Magic Missile,3,Short Rest,"Piercing Shot, Mobile Shot",Ranged Attack,,,,Off-Hand Attack (Ranged),,,2,TRUE,TRUE,The Ne'er Misser is a rare + 1 Hand Crossbow that deals ⁠Force damage on its attacks and grants the wearer the ability to cast Magic Missile once per short rest as a 3rd level Spell.,,,
Hellfire Hand Crossbow,,,Ranged,Hand Crossbows,Rare,0.9kg,770,18.0m,One-Handed,FALSE,TRUE,FALSE,2,Piercing,1d6,1d6,,,,,Scorching Ray,3,Short Rest,"Piercing Shot, Mobile Shot",Ranged Attack,,Hellstalker,,Off-Hand Attack (Ranged),,,2,TRUE,TRUE,Hellfire Hand Crossbow is a very rare +2 Hand Crossbow that has a chance to set targets burning when attacking while Hiding or Invisible.,,,
Rusty Heavy Crossbow,,,Ranged,Heavy Crossbows,Common,8.1kg,6,18.0m,Two-Handed,FALSE,FALSE,FALSE,,Piercing,1d10,1d10,,,,,,,,"Piercing Shot, Brace (Ranged)",Ranged Attack,,,,,,,,TRUE,TRUE,Rusty Heavy Crossbow is a common variant of the Heavy Crossbows family of weapons. It is a martial ranged weapon that's wielded with both hands.,,,
Watcher Crossbow,,,Ranged,Heavy Crossbows,Common,50.0kg,65,18.0m,Two-Handed,FALSE,FALSE,FALSE,,Piercing,3d10,3d10,,,,,,,,"Piercing Shot, Brace (Ranged)",Ranged Attack,,,,,,,,FALSE,TRUE,Watcher Crossbow is a common special variant of the Heavy Crossbows family of weapons. It is a martial ranged weapon that's wielded with both hands.,,,
Heavy Crossbow,,,Ranged,Heavy Crossbows,Common,8.1kg,65,18.0m,Two-Handed,FALSE,FALSE,FALSE,,Piercing,1d10,1d10,,,,,,,,"Piercing Shot, Brace (Ranged)",Ranged Attack,,,,,,,,TRUE,TRUE,"Heavy Crossbow is a mundane, nonmagical variant of the Heavy Crossbows family of weapons. It is a martial ranged weapon that's wielded with both hands.",,,
Crossbow of Arcane Force,,,Ranged,Heavy Crossbows,Uncommon,8.1kg,130,18.0m,Two-Handed,FALSE,FALSE,FALSE,1,Piercing,1d10,1d10,,,,,,,,"Piercing Shot, Brace (Ranged), Arcane Ammunition",Ranged Attack,Short Rest,,,,,,2,TRUE,TRUE,Crossbow of Arcane Force is an uncommon +1 Heavy Crossbow that grants the wielder a special Arcane Ammunition weapon action that adds additional Force damage to ranged attacks.,,,
Gandrel's Aspiration,,,Ranged,Heavy Crossbows,Uncommon,8.1kg,130,18.0m,Two-Handed,FALSE,FALSE,FALSE,1,Piercing,1d10,1d10,,,,,,,,"Piercing Shot, Brace (Ranged), Sacred Munitions",Ranged Attack,Short Rest,Feller of Monsters,,,,,1,TRUE,TRUE,Gandrel's Aspiration is an uncommon +1 Heavy Crossbow that grants Advantage against Monstrosity targets and grants the Sacred Munitions class action that Turns Undead.,,,
Githyanki Crossbow,,,Ranged,Heavy Crossbows,Uncommon,8.1kg,85,18.0m,Two-Handed,FALSE,FALSE,FALSE,1,Piercing,1d10,1d10,,,,,,,,"Piercing Shot, Brace (Ranged)",Ranged Attack,,,,,,,,TRUE,TRUE,"Githyanki Crossbow is an uncommon, lightly enchanted (+1) variant of the Heavy Crossbows family of weapons. It is a martial ranged weapon that's wielded with both hands.",,,
Heavy Crossbow +1,,,Ranged,Heavy Crossbows,Uncommon,8.1kg,85,18.0m,Two-Handed,FALSE,FALSE,FALSE,1,Piercing,1d10,1d10,,,,,,,,"Piercing Shot, Brace (Ranged)",Ranged Attack,,,,,,,,TRUE,TRUE,"Heavy Crossbow +1 is an uncommon, lightly enchanted (+1) variant of the Heavy Crossbows family of weapons. It is a martial ranged weapon that's wielded with both hands.",,,
Giantbreaker,,,Ranged,Heavy Crossbows,Rare,8.1kg,380,18.0m,Two-Handed,FALSE,FALSE,FALSE,1,Piercing,1d10,1d10,,,,,,,,"Piercing Shot, Brace (Ranged)",Ranged Attack,,Heavy Hitter,,,,,1,TRUE,TRUE,Giantbreaker is a rare +1 Heavy Crossbow that sends its targets Reeling on a successful hit.,,,
Harold,,,Ranged,Heavy Crossbows,Rare,8.1kg,480,18.0m,Two-Handed,FALSE,FALSE,FALSE,1,Piercing,1d10,1d10,,,,,,,,"Piercing Shot, Brace (Ranged)",Ranged Attack,,Haroldish Doom,,,,,1,TRUE,TRUE,Harold is a rare +1 Heavy Crossbow that can possibly Bane targets that it hits.,,,
The Long Arm of the Gur,,,Ranged,Heavy Crossbows,Rare,8.1kg,380,18.0m,Two-Handed,FALSE,FALSE,FALSE,2,Piercing,1d10,1d10,,,,,,,,"Piercing Shot, Brace (Ranged)",Ranged Attack,,Revenant Scourge,,,,,3,TRUE,TRUE,The Long Arm of the Gur is a rare +2 Heavy Crossbow that grants a bonus to Attack Rolls and Damage Rolls against Undead targets.,,,
Fabricated Arbalest,,,Ranged,Heavy Crossbows,Very Rare,8.1kg,960,18.0m,Two-Handed,FALSE,FALSE,FALSE,2,Piercing,1d10,1d10,,,,,,,,"Piercing Shot, Brace (Ranged), Dazzling Ray, Illuminating Shot",Ranged Attack,Short Rest,,,,,,3,TRUE,TRUE,Fabricated Arbalest is a very rare +2 Heavy Crossbow that grants the wielder the Dazzling Ray and Illuminating Shot weapon actions.,,,
Hellfire Engine Crossbow,,,Ranged,Heavy Crossbows,Very Rare,8.1kg,960,18.0m,Two-Handed,FALSE,FALSE,FALSE,2,Piercing,1d10,1d10,,,,,Lightning Arrow,4,Long Rest,"Piercing Shot, Brace (Ranged), Reposition Malefactor",Ranged Attack,,,,,,,3,TRUE,TRUE,Hellfire Engine Crossbow is a very rare +2 Heavy Crossbow that grants the Lightning Arrow spell and can pull targets with the Reposition Malefactor weapon action.,,,
Longbow,,,Ranged,Longbows,Common,1.1kg,50,18.0m,Two-Handed,FALSE,FALSE,FALSE,,Piercing,1d8,1d8,,,,,,,,"Hamstring Shot, Brace (Ranged)",Ranged Attack,,,,,,,,TRUE,TRUE,"Longbow is a mundane, nonmagical variant of the Longbows family of weapons. It is a martial ranged weapon that's wielded with both hands.",,,
Sahuagin Longbow,,,Ranged,Longbows,Common,1.1kg,50,18.0m,Two-Handed,FALSE,FALSE,FALSE,,Piercing,1d8,1d8,,,,,,,,"Hamstring Shot, Brace (Ranged)",Ranged Attack,,,,,,,,TRUE,TRUE,"Sahuagin Longbow is a mundane, nonmagical variant of the Longbows family of weapons. It is a martial ranged weapon that's wielded with both hands.",,,
Hellrider Longbow,,,Ranged,Longbows,Uncommon,1.1kg,770,18.0m,Two-Handed,FALSE,FALSE,FALSE,1,Piercing,1d8,1d8,,,,,,,,"Hamstring Shot, Brace (Ranged)",Ranged Attack,,"Heightened Awareness, Fiendish Fire",,,,,3,TRUE,TRUE,Hellrider Longbow is an uncommon +1 Longbow that grants the wielder a large bonus to Initiative and Advantage on Perception checks. It may also apply Faerie Fire to a creature on a successful attack.,,,
Longbow +1,,,Ranged,Longbows,Uncommon,1.1kg,65,18.0m,Two-Handed,FALSE,FALSE,FALSE,1,Piercing,1d8,1d8,,,,,,,,"Hamstring Shot, Brace (Ranged)",Ranged Attack,,,,,,,,TRUE,TRUE,"Longbow +1 is an uncommon, lightly enchanted (+1) variant of the Longbows family of weapons. It is a martial ranged weapon that's wielded with both hands.",,,
Spellthief,,,Ranged,Longbows,Uncommon,1.1kg,100,18.0m,Two-Handed,FALSE,FALSE,FALSE,,Piercing,1d8,1d8,,,,,,,,"Hamstring Shot, Brace (Ranged)",Ranged Attack,,Arcane Vehemence,,,,,1,TRUE,TRUE,"Spellthief is an uncommon Longbow that allows the wielder to recover a level 1 Spell Slot if they land a Critical Hit, once per Short Rest.",,,
Longbow +2,,,Ranged,Longbows,Rare,1.1kg,155,18.0m,Two-Handed,FALSE,FALSE,FALSE,2,Piercing,1d8,1d8,,,,,,,,"Hamstring Shot, Brace (Ranged)",Ranged Attack,,,,,,,,TRUE,TRUE,"Longbow +2 is a rare, moderately enchanted (+2) variant of the Longbows family of weapons. It is a martial ranged weapon that's wielded with both hands.",,,
The Joltshooter,,,Ranged,Longbows,Rare,1.1kg,310,18.0m,Two-Handed,FALSE,FALSE,FALSE,,Piercing,1d8,1d8,,,,,,,,"Hamstring Shot, Brace (Ranged)",Ranged Attack,,Electric Blood,,,,,1,TRUE,TRUE,The Joltshooter is a rare Longbow that allows the wielder to generate Lightning Charges upon dealing damage with this weapon.,,,
Titanstring Bow,,,Ranged,Longbows,Rare,1.1kg,310,18.0m,Two-Handed,FALSE,FALSE,FALSE,1,Piercing,1d8,1d8,Piercing,STR,,,,,,"Hamstring Shot, Brace (Ranged), Pushing Attack (Ranged)",Ranged Attack,Short Rest,Titan Weapon,,,,,1,TRUE,TRUE,Titanstring Bow is a rare +1 Longbow that allows its wielder to add their Strength Modifier to damage dealt with this weapon.,,,
The Dead Shot,,,Ranged,Longbows,Very Rare,1.1kg,770,18.0m,Two-Handed,FALSE,FALSE,FALSE,2,Piercing,1d8,1d8,,,,,,,,"Hamstring Shot, Brace (Ranged)",Ranged Attack,,"Improved Critical, Keen Attack",,,,,3,TRUE,TRUE,The Dead Shot is a +2 Longbow which increases the accuracy of the wielder as well as increases the chance of a critical hit.,,,
Gontr Mael,,,Ranged,Longbows,Story Item,1.1kg,1000,18.0m,Two-Handed,FALSE,FALSE,FALSE,3,Piercing,1d8,1d8,,,,,Celestial Haste,3,Long Rest,"Hamstring Shot, Brace (Ranged), Bolt of Celestial Light",Ranged Attack,Short Rest,"Promised Victory, Gontr Mael: Glowing",,,,,3,TRUE,TRUE,Gontr Mael is a legendary +3 Longbow that can possibly inflict Guiding Bolt on its target and grants the wielder the Celestial Haste spell and Bolt of Celestial Light actions.,,,
Doom Axe,,,Melee,Greataxes,Uncommon,3.2kg,65,1.5m,Two-Handed,FALSE,FALSE,FALSE,,Slashing,1d12,1d12,,,,,,,,"Cleave, Lacerate, Prepare",Main Hand Attack,,Edge of Terror,,,,,,TRUE,TRUE,Doom Axe is an uncommon Greataxe that afflicts targets with Bone Chilled condition on each successful hit.,,,
Promise,,,Melee,Daggers,Uncommon,0.5kg,65,1.5m,One-Handed,TRUE,TRUE,TRUE,1,Piercing,1d4,1d4,,,,,,,,Piercing Strike,Main Hand Attack,,Shadow Blade,,Off-Hand Attack (Melee),,,,TRUE,TRUE,"Promise is an uncommon, lightly enchanted (+1) variant of the Daggers family of weapons. It is a simple melee weapon wielded in one hand. As a finesse weapon, it can benefit from the wielder's Dexterity and not just their Strength. It's a light weapon that anyone can dual-wield without special training. Its design lends itself well to be thrown at enemies as a projectile.",,,
Jagged Spear,,,Melee,Spears,Uncommon,1.4kg,330,1.5m,Versatile,FALSE,FALSE,TRUE,,Piercing,1d6,1d8,,,,,,,,Rush Attack,Main Hand Attack,,Torturous Edges,,,,,1,TRUE,TRUE,Jagged Spear is an uncommon Spear that allows the wielder to possibly give their targets Disadvantage on Constitution Saving Throws.,,,
Scythe of Myrkul,,,Melee,Glaives,Common,2.7kg,65,2.5m,Two-Handed,FALSE,FALSE,FALSE,,Slashing,2d12,2d12,,,,,,,,Reaper's Scythe,Main Hand Attack,,,,,,,,FALSE,TRUE,Scythe of Myrkul is a legendary unique variant of the Glaives family of weapons. It is wielded by the Apostle of Myrkul and cannot be wielded others.,,,
Chaos Flail,,,Melee,Flails,Common,0.9kg,50,1.5m,One-Handed,FALSE,FALSE,FALSE,1,Bludgeoning,1d8,1d8,,,,,,,,"Concussive Smash, Weakening Strike, Tenacity",Main Hand Attack,,,,Off-Hand Attack (Melee),,,,FALSE,TRUE,Chaos Flail is a lightly enchanted (+1) variant of the Flails family of weapons. It is a martial melee weapon wielded in one hand.,,,
Brewing Ladle,,,Melee,Light Hammers,Uncommon,0.9kg,40,1.5m,One-Handed,FALSE,TRUE,TRUE,1,Bludgeoning,1d8,1d8,,,,,,,,Concussive Smash,Main Hand Attack,,,,Off-Hand Attack (Melee),,,,FALSE,TRUE,"Brewing Ladle is an uncommon, lightly enchanted (+1) variant of the Light Hammers family of weapons. It is a simple melee weapon wielded in one hand. It's a light weapon that anyone can dual-wield without special training. Its design lends itself well to be thrown at enemies as a projectile.",,,
Rod of Resurrection,,,Melee,Quarterstaves,Common,1.8kg,100,1.5m,Versatile,FALSE,FALSE,FALSE,,Bludgeoning,1d6,1d8,,,,,,,,Topple,Main Hand Attack,,,,,,,,TRUE,TRUE,Rod of Resurrection is a common Quarterstaff,,,