Name,Image,Location,Type,Rarity,Armour Type,Weight,Cost,AC,AC Mod,AC Bonus,No Crit,Resistances,Vulnerability,Skill,Skill Bonus,Skill Factor,ST Ability,ST Bonus,ST Factor,Spells,Level,Recharge,Features,Ability,Ability Bonus,Max Ability,AR Types,AR Bonus,AR Factor,Movement,Conditions,Act,Description,,Armour,Armour|Clothing,Headwear,Footwear,Cloak,Ring,Amulet,Shield,Handwear
Bandit's Armour,,,Armour,Common,Light,4.5kg,40,11,DEX,,FALSE,,,,,,,,,,,,,,,,,,,,,,Bandit's Armour is a common Light Armour. It is not normally obtainable in most circumstances,,Bandit's Armour,Bandit's Armour,Devilfoil Mask,Appreciably-Cared-For Boots,Cape of the Red Prince,Bracing Band,Aberration Hunters' Amulet,Broken Shield,Drow Leather Gloves
Broken Padded Armour,,,Armour,Common,Light,3.6kg,30,11,DEX,,FALSE,,,,,,,,,,,,,,,,,,,,,,Broken Padded Armour is a common Light Armour.,,Broken Padded Armour,Broken Padded Armour,Whispering Mask,Cleverly Cobbled Boots,Cloak,Callous Glow Ring,Absolute Confidence Amulet,Fossilised Shell,Druidic Bracers
Druid Leather Armour,,,Armour,Common,Light,4.5kg,40,11,DEX,,FALSE,,,,,,,,,,,,,,,,,,,,,,Druid Leather Armour is a common Light Armour.,,Druid Leather Armour,Druid Leather Armour,Browbeaten Circlet,Drow Leather Boots,Cindermoth Cloak,Caustic Band,Absolute's Talisman,Iron-Banded Shield,Gloves (Equipment)
Faded Drow Leather Armour,,,Armour,Common,Light,5.9kg,130,12,DEX,,FALSE,,,,,,,,,,,,,,,,,,,,,,Faded Drow Leather Armour is a common Light Armour.,,Faded Drow Leather Armour,Faded Drow Leather Armour,Cap of Curing,Firm-Soled Boots,Cloak of Cunning Brume,Coruscation Ring,Amulet of Elemental Torment,Metal Shield,Gloves (Equipment)
Leather Armour,,,Armour,Common,Light,4.5kg,40,11,DEX,,FALSE,,,,,,,,,,,,,,,,,,,,,,Leather Armour is a common Light Armour. It is the starter Armour for Rangers.,,Leather Armour,Leather Armour,Coldbrim Hat,Grovetender Boots,Cloak of Elemental Absorption,Crusher's Ring,Amulet of Misty Step,Organic Shield,Leather Bracers
Padded Armour,,,Armour,Common,Light,3.6kg,30,11,DEX,,FALSE,,,,,,,,,,,,,,,,,,,,,,Padded Armour is a common Light Armour. It is the starter armour for Warlocks.,,Padded Armour,Padded Armour,Hat of Fire Acuity,Hardily Constructed Boots,Cloak of Protection,Djinni Ring,Amulet of Selûne's Chosen,Rusty Studded Shield,Leather Gloves
Selûnite Robe,,,Armour,Common,Light,4.5kg,40,11,DEX,,FALSE,,,,,,,,,,,,,,,,,,,,,,Selunite Robe is a common Light Armour.,,Selûnite Robe,Selûnite Robe,Hat of Storm Scion's Power,Heavy Boots,Fleshmelter Cloak,Eversight Ring,Amulet of Silvanus,Scrapwood Shield,Nettie's Gloves
Simple Jerkin,,,Armour,Common,Light,4.5kg,40,11,DEX,,FALSE,,,,,,,,,,,,,,,,,,,,,,Simple Jerkin is a common Light Armour.,,Simple Jerkin,Simple Jerkin,Key of the Ancients,Humbly Cobbled Shoes,Reverse Rain Cloak,Explorer's Ring,Amulet of the Unworthy,Shield,Braindrain Gloves
Studded Leather Armour,,,Armour,Common,Light,5.9kg,100,12,DEX,,FALSE,,,,,,,,,,,,,,,,,,,,,,Studded Leather Armour is a common Light Armour.,,Studded Leather Armour,Studded Leather Armour,Marksmanship Hat,Jaheira’s Boots,Thunderskin Cloak,Family Ring,Beastmaster's Chain,Spiked Shield,Dark Justiciar Gauntlets (Uncommon)
Blazer of Benevolence,,,Armour,Uncommon,Light,4.5kg,160,11,DEX,,FALSE,,,,,,,,,,,,Remedial Rhymes,,,,,,,,,1,The Blazer of Benevolence is an uncommon Light Armour that grants the wearer Temporary Hit Points when they inspire an ally with Bardic Inspiration.,,Blazer of Benevolence,Blazer of Benevolence,The Lifebringer,Karlach's Boots,Vivacious Cloak,Firzu's Ring of Trading,Broodmother's Revenge,Studded Shield,Fleetfingers
Leather Armour +1,,,Armour,Uncommon,Light,4.5kg,130,12,DEX,,FALSE,,,,,,,,,,,,Stealthy,,,,,,,,,,Leather Armour +1 is an uncommon Light Armour that grants a +1 bonus to Stealth checks.,,Leather Armour +1,Leather Armour +1,The Shadespell Circlet,Leather Boots,Cloak of Displacement,Guild Ring,Fireheart,Training Shield,Gloves of Archery
Padded Armour +1,,,Armour,Uncommon,Light,3.6kg,105,12,DEX,,FALSE,,,,,,,,,,,,Superior Padding (-1),,,,,,,,,,Padded Armour +1 is a uncommon Light Armour.,,Padded Armour +1,Padded Armour +1,Wapira's Crown,Leather Boots (Barbarian),Derivation Cloak,Mage's Friend,Frost Prince,Wooden Shield,Gloves of Baneful Striking
Scarlet Leather Armour,,,Armour,Uncommon,Light,4.5kg,160,12,DEX,,FALSE,,,,,,,,,,,,Stealthy,,,,,,,,,3,Scarlet Leather Armour is an uncommon Light Armour that grants its wearer +1 to Stealth checks.,,Scarlet Leather Armour,Scarlet Leather Armour,Warped Headband of Intellect,Lonely Left Boot of Elvenkind,The Deathstalker Mantle,Poisoner's Ring,Hammergrim Mist Amulet,Absolute's Warboard,Gloves of Belligerent Skies
Studded Leather Armour +1,,,Armour,Uncommon,Light,5.9kg,260,13,DEX,,FALSE,,,,,,,,,,,,Superior Padding (-1),,,,,,,,,,Studded Leather Armour +1 is an uncommon Light Armour that reduces Bludgeoning damage by 1.,,Studded Leather Armour +1,Studded Leather Armour +1,Cap of Wrath,Monastic Boots,Wavemother's Cloak,Ring of Absolute Force,Kill Collar,Gloomstrand Shield,Gloves of Hail of Thorns
Drow Studded Leather Armour,,,Armour,Rare,Light,5.9kg,1000,12,DEX,,FALSE,,,,,,,,,,,,Stealthy,,,,,,,,,1,Drow Studded Leather Armour is a rare Light Armour that aids the wearer with Stealth checks.,,Drow Studded Leather Armour,Drow Studded Leather Armour,Circle of Bones,Plain Boots,Cloak of the Weave,Ring of Colour Spray,Komira's Locket,Glowing Shield,Gloves of Heroism
Leather Armour +2,,,Armour,Rare,Light,4.5kg,380,13,DEX,,FALSE,,,,,,,,,,,,"Stealthy, Balance",,,,,,,,,,Leather Armour +2 is an uncommon Light Armour that grants a +1 bonus to Stealth checks as well as Dexterity Saving Throws and Ability Checks.,,Leather Armour +2,Leather Armour +2,Circlet of Blasting,Quite Fashionable Boots,Mantle of the Holy Warrior,Ring of Elemental Infusion,Moondrop Pendant,Ironvine Shield,Gloves of Power
Padded Armour +2,,,Armour,Rare,Light,3.6kg,310,13,DEX,,FALSE,,,,,,,,,,,,Superior Padding (-2),,,,,,,,,,Padded Armour +2 is a rare Light Armour that reduces Bludgeoning damage by 2.,,Padded Armour +2,Padded Armour +2,Circlet of Mental Anguish,Simple Boots,Nymph Cloak,Ring of Flinging,Necklace of Elemental Augmentation,Safeguard Shield,Gloves of the Growling Underdog
Penumbral Armour,,,Armour,Rare,Light,5.9kg,1000,12,DEX,,FALSE,,,,,,,,,,,,Stealthier,,,,,,,,,2,Penumbral Armour is a rare Light Armour that enhances Stealth when the wearer is Obscured.,,Penumbral Armour,Penumbral Armour,Circlet of Psionic Revenge,Smarmy Swaggerer Boots,Shade-Slayer Cloak,Ring of Geniality,Pearl of Power Amulet,The Real Sparky Sparkswall,Gloves of Thievery
Shadeclinger Armour,,,Armour,Rare,Light,4.5kg,130,12,DEX,,FALSE,,,,,,,,,,,,"Stealthy, Shadeclinger",,,,,,,,,2,Shadeclinger Armour is a rare Light Armour that grants Advantage on Saving Throws while Obscured.,,Shadeclinger Armour,Shadeclinger Armour,Diadem of Arcane Synergy,Soft and Comfortable Shoes,,Ring of Jumping,Psychic Spark,Watcher's Shield,Hellrider's Pride
Spidersilk Armour,,,Armour,Rare,Light,5.9kg,1150,12,DEX,,FALSE,,,,,,CON,,ADV,,,,Stealthy,,,,,,,,,1,Spidersilk Armour is a rare Light Armour that aids the wearer with Stealth checks and Constitution Saving Throws.,,Spidersilk Armour,Spidersilk Armour,Fistbreaker Helm,Stiffly-Shod Boots,,Ring of Mental Inhibition,Shar's Temptation,Wood Woad Shield,Herbalist's Gloves
Studded Leather Armour +2,,,Armour,Very Rare,Light,5.9kg,770,14,DEX,,FALSE,,,,,,,,,,,,"Ambusher (+1), Superior Padding (-1)",,,,,,,,,3,Studded Leather Armour +2 is a rare Light Armour that reduces Bludgeoning damage by 1 and also boosts Initiative by 1.,,Studded Leather Armour +2,Studded Leather Armour +2,Gibus of the Worshipful Servant,Thin-Soled Shoes,,Ring of Salving,Silver Pendant,Absolute's Protector,Ichorous Gloves
Armour of Landfall,,,Armour,Very Rare,Light,4.5kg,1700,13,DEX,,FALSE,,,,,,CON,,ADV,Plant Growth,3,Short Rest,"High Spellcasting (+1), Green Bed Regeneration",,,,,,,,,3,Armour of Landfall is a very rare Light Armour which improves the spellcasting ability of its wearer and  Advantage on Constitution Saving Throws. The wearer also heals while standing in vines and can cast Plant Growth.,,Armour of Landfall,Armour of Landfall,Haste Helm,Tidy Slender Boots,,Ring of Self Immolation,Spineshudder Amulet,Adamantine Shield,Knock Knuckle Gloves
Armour of Moonbasking,,,Armour,Very Rare,Light,4.5kg,1400,11,DEX,,FALSE,,,,,,,,,,,,"Lunar Bestial Vitality, Lunar Bestial Fortitude",,,,,,,,,3,Armour of Moonbasking is a very rare Light Armour that bestows Temporary Hit Points and Armour Class to its wielder when they Wild Shape.,,Armour of Moonbasking,Armour of Moonbasking,Hat of the Sharp Caster,Tough Shoes,,Ring of Shadows,Tarnished Charm,Iron-Banded Shield +1,Luminous Gloves
Armour of the Sporekeeper,,,Armour,Very Rare,Light,4.5kg,1050,13,DEX,,FALSE,,,,,,,,,,,,"Malefic Funghi, Spore Sacks",,,,,,,,,3,Armour of the Sporekeeper is a very rare Light Armour that enhances the wearer's Necrotic damage and Symbiotic Entity ability with 3 new abilities.,,Armour of the Sporekeeper,Armour of the Sporekeeper,Hat of Uninhibited Kushigo,Tough-Soled Shoes,,Ring of Spiteful Thunder,The Blast Pendant,Justiciar's Greatshield,Reason's Grasp
Bhaalist Armour,,,Armour,Very Rare,Light,5.9kg,2000,14,DEX,,FALSE,,,,,,,,,,,,"Ambusher (+2), Aura of Murder",,,,,,,,,3,Bhaalist Armour is a very rare Light Armour which grants Aura of Murder and a bonus to Initiative rolls.,,Bhaalist Armour,Bhaalist Armour,Scabby Pugilist Circlet,Boots of Aid and Comfort,,Seemingly Gleaming Ring,The Ever-Seeing Eye,Ketheric's Shield,Thermoarcanic Gloves
Elegant Studded Leather,,,Armour,Very Rare,Light,5.9kg,2000,14,DEX,,FALSE,,,Stealth,,ADV,,,,Shield,1,Short Rest,Ambusher (+2),,,,,,,,,3,"Elegant Studded Leather is a very rare Light Armour which provides bonuses to initiative, Advantage on Stealth checks, and grants access to the Shield spell.",,Elegant Studded Leather,Elegant Studded Leather,The Pointy Hat,Boots of Stormy Clamour,,Shadow Blade Ring,Amulet of Branding,Sentinel Shield,Unlucky Thief's Gloves
Breastplate,,,Armour,Common,Medium,9.0kg,100,14,DEX or 2,,FALSE,,,,,,,,,,,,,,,,,,,,,,Breastplate is a common Medium Armour.,,Breastplate,Breastplate,Assassin of Bhaal Cowl,Boots of Very Fast Blinking,,Shadow-Cloaked Ring,Amulet of Restoration,Shield +1,Winter's Clutches
Chain Shirt,,,Armour,Common,Medium,9.0kg,50,13,DEX or 2,,FALSE,,,,,,,,,,,,,,,,,,,,,,A Chain Shirt is a common Medium Armour.,,Chain Shirt,Chain Shirt,Birthright,Cinder Shoes,,Shapeshifter's Boon Ring,Amulet of the Drunkard,Shield of Scorching Reprisal,Bracers of Defence
Damaged Dark Justiciar Armour,,,Armour,Common,Medium,9.0kg,50,13,DEX or 2,,FALSE,,,,,,,,,,,,,,,,,,,,,,A Medium Armour that is the degraded version of  Dark Justiciar Mail. It is part of the Dark Justiciar Set.,,Damaged Dark Justiciar Armour,Damaged Dark Justiciar Armour,Bonespike Helmet,Hoarfrost Boots,,Smuggler's Ring,Amulet of the Harpers,Shield of Shielding,Cerebral Citadel Gloves
Damaged Scale Mail,,,Armour,Common,Medium,12.0kg,25,12,DEX or 2,,FALSE,,,Stealth,,DIS,,,,,,,,,,,,,,,,,Damaged Scale Mail is a common Medium armour offering less protection than other Medium armours due to its damaged state.,,Damaged Scale Mail,Damaged Scale Mail,Circlet of Hunting,Mystra's Grace,,Snowburst Ring,Champion's Chain,Studded Shield +1,Cindersnap Gloves
Dreamwalker Plate,,,Armour,Common,Medium,12.0kg,180,15,DEX or 2,,FALSE,,,Stealth,,DIS,,,,,,,,,,,,,,,,,Dreamwalker Plate is a set of Medium Armour worn by the guardian who appears in your dreams.,,Dreamwalker Plate,Dreamwalker Plate,Helldusk Helmet,Spiderstep Boots,,Spurred Band,Chancer's Carcanet,Abdel's Trusted Shield,Craterflesh Gloves
Githyanki Half Plate,,,Armour,Common,Medium,12.0kg,180,15,DEX or 2,,FALSE,,,Stealth,,DIS,,,,,,,,,,,,,,,,,Githyanki Half Plate is a common Medium Armour worn by Lae'zel and other Githyanki throughout the game.,,Githyanki Half Plate,Githyanki Half Plate,Hood of the Weave,Tyrannical Jackboots,,Strange Conduit Ring,Envoy's Amulet,Shield of Devotion,Daredevil Gloves
Half Plate Armour,,,Armour,Common,Medium,12.0kg,180,15,DEX or 2,,FALSE,,,Stealth,,DIS,,,,,,,,,,,,,,,,,Half Plate Armour is a common Medium Armour.,,Half Plate Armour,Half Plate Armour,Horns of the Berserker,Varsh Ko'kuu's Boots,,Sunwalker's Gift,Periapt of Wound Closure,Shield of the Undevout,Dark Displacement Gloves
Hide Armour,,,Armour,Common,Medium,5.4kg,60,12,DEX or 2,,FALSE,,,,,,,,,,,,,,,,,,,,,,Hide Armour is a common Medium Armour.,,Hide Armour,Hide Armour,Jannath's Hat,Acrobat Shoes,,The Sparkswall,Sentient Amulet (Rare),Swires' Sledboard,Dark Justiciar Gauntlets (Rare)
Scale Mail,,,Armour,Common,Medium,12.0kg,65,14,DEX or 2,,FALSE,,,Stealth,,DIS,,,,,,,,,,,,,,,,,Scale Mail is a common Medium Armour.,,Scale Mail,Scale Mail,Mask of Soul Perception,Boots of Apparent Death,,The Whispering Promise,Spell Savant Amulet,Viconia's Walking Fortress,Flawed Helldusk Gloves
Scale Mail of Devotion,,,Armour,Common,Medium,12.0kg,65,14,DEX or 2,,FALSE,,,Stealth,,DIS,,,,,,,,,,,,,,,,,The Scale Mail of Devotion is a common Medium Armour.,,Scale Mail of Devotion,Scale Mail of Devotion,Pyroquickness Hat,Boots of Arcane Bolstering,,After Death Do Us Part,Strange Tendril Amulet,,Gloves of Battlemage's Power
Scale Mail of the Ancients,,,Armour,Common,Medium,12.0kg,65,14,DEX or 2,,FALSE,,,Stealth,,DIS,,,,,,,,,,,,,,,,,The Scale Mail of the Ancients is a common Medium Armour.,,Scale Mail of the Ancients,Scale Mail of the Ancients,Shapeshifter Hat,Boots of Brilliance,,Band of the Mystic Scoundrel,Surgeon's Subjugation Amulet,,Gloves of Cinder and Sizzle
Scale Mail of the Crown,,,Armour,Common,Medium,12.0kg,65,14,DEX or 2,,FALSE,,,Stealth,,DIS,,,,,,,,,,,,,,,,,The Scale Mail of the Crown is a common Medium Armour.,,Scale Mail of the Crown,Scale Mail of the Crown,Mask of the Shapeshifter,Boots of Genial Striding,,Fetish of Callarduran Smoothhands,The Amulet of Lost Voices,,Gloves of Crushing
Scale Mail of Vengeance,,,Armour,Common,Medium,12.0kg,65,14,DEX or 2,,FALSE,,,Stealth,,DIS,,,,,,,,,,,,,,,,,The Scale Mail of Vengeance is a common Medium Armour.,,Scale Mail of Vengeance,Scale Mail of Vengeance,Key of the Ancients,Boots of Speed,,Keepsake Ring,Uncovered Mysteries,,Gloves of Missile Snaring
Breastplate +1,,,Armour,Uncommon,Medium,9.0kg,200,15,DEX or 2,,FALSE,,,,,,,,,,,,Superior Plate (-1),,,,,,,,,,Breastplate +1 is an uncommon Medium Armour that reduces Piercing damage.,,Breastplate +1,Breastplate +1,Angelic Plume Helmet,Boots of Uninhibited Kushigo,,Ring of Arcane Synergy,Amulet of Greater Health,,Gloves of the Automaton
Chain Shirt +1,,,Armour,Uncommon,Medium,9.0kg,130,14,DEX or 2,,FALSE,,,,,,,,,,,,Superior Material (-1),,,,,,,,,,Chain Shirt +1 is an uncommon Medium Armour that reduces Slashing damage.,,Chain Shirt +1,Chain Shirt +1,Frayed Drow Hood,Evasive Shoes,,Ring of Blink,Amulet of the Devout,,Gloves of the Balanced Hands
Dark Justiciar Mail,,,Armour,Uncommon,Medium,9.0kg,280,13,DEX or 2,,FALSE,,,,,,,,,,,,Nightsinger's Reply,,,,,,,,,1,Dark Justiciar Mail is an uncommon Medium Armour that deals ⁠Necrotic damage to creatures that hit the wearer with a melee attack while the wearer is Obscured by shadow.,,Dark Justiciar Mail,Dark Justiciar Mail,Leather Helmet,Linebreaker Boots,,Ring of Exalted Marrow,Amulet of Windrider,,Gloves of The Duellist
Half Plate Armour +1,,,Armour,Uncommon,Medium,12.0kg,360,16,DEX or 2,,FALSE,,,Stealth,,DIS,,,,,,,Superior Plate (-1),,,,,,,,,,Half Plate Armour +1 is a uncommon Medium Armour that reduces Piercing damage.,,Half Plate Armour +1,Half Plate Armour +1,Leatherstring Helmet,Slinging Shoes,,Ring of Free Action,Corvid Token,,Gloves of Uninhibited Kushigo
Hedge Wanderer Armour,,,Armour,Uncommon,Medium,5.4kg,130,13,DEX or 2,,FALSE,,,Nature,1,,,,,,,,Balance,,,,,,,,,1,The Hedge Wanderer Armour is an uncommon Medium Armour that provides a small boost to Dexterity related rolls and towards Nature Skill Checks.,,Hedge Wanderer Armour,Hedge Wanderer Armour,Red Carmine Mask,Spaceshunt Boots,,Ring of Mind-Shielding,Fey Semblance Amulet,,Jhannyl's Gloves
Hide Armour +1,,,Armour,Uncommon,Medium,5.4kg,105,13,DEX or 2,,FALSE,,,,,,,,,,,,Balance,,,,,,,,,,Hide Armour +1 is a uncommon Medium Armour.,,Hide Armour +1,Hide Armour +1,Rich Arcanist Helmet,Springstep Boots,,Ring of Poison Resistance,Khalid's Gift,,Martial Exertion Gloves
Luminous Armour,,,Armour,Uncommon,Medium,9.0kg,250,15,DEX or 2,,FALSE,,,,,,,,,,,,Radiating Shockwave,,,,,,,,,1,Luminous Armour is an uncommon Medium Armour that allows the wearer to cause radiant shockwaves whenever they deal Radiant damage.,,Luminous Armour,Luminous Armour,Scorpion Helmet,Swiresy Shoes,,Ring of Protection,Sentient Amulet (Very Rare),,Nimblefinger Gloves
Scale Mail +1,,,Armour,Uncommon,Medium,12.0kg,160,15,DEX or 2,,FALSE,,,Stealth,,DIS,,,,,,,Superior Material (-1),,,,,,,,,,Scale Mail +1 is a uncommon Medium Armour that reduces Slashing damage.,,Scale Mail +1,Scale Mail +1,Covert Cowl,The Watersparkers,,Ring of Truthfulness,Spellcrux Amulet,,Poisoner's Gloves
Slippery Chain Shirt,,,Armour,Uncommon,Medium,9.0kg,130,13,DEX or 2,,FALSE,,,,,,,,,,,,Cautious Healer,,,,,,,,,1,The Slippery Chain Shirt is an uncommon Medium Armour that allows the wearer to move without provoking Opportunity Attacks after healing a creature.,,Slippery Chain Shirt,Slippery Chain Shirt,Dark Justiciar Mask,Bonespike Boots,,Ring of Twilight,The Spectator Eyes,,Raven Gloves
The Oak Father's Embrace,,,Armour,Uncommon,Medium,5.4kg,130,13,DEX or 2,,FALSE,,,,,,,,,,,,Order of Nature,,,,,,,,,1,"The Oak Father's Embrace is an uncommon Medium Armour that deals Radiant damage to creatures violating the natural order, including the wearer.",,The Oak Father's Embrace,The Oak Father's Embrace,Helmet of Arcane Acuity,Helldusk Boots,,Risky Ring,Tressym Collar,,Seraphic Pugilist Gloves
Barkskin Armour,,,Armour,Rare,Medium,5.4kg,420,12,DEX or 2,,FALSE,,,,,,CON,,ADV,,,,Forest Aegis,,,,,,,,,2,Barkskin Armour is a rare Medium Armour that sets the user's Armour Class to 16 and grants Advantage on Constitution Saving Throws.,,Barkskin Armour,Barkskin Armour,Helmet of Autonomy,Disintegrating Night Walkers,,Shifting Corpus Ring,Unflinching Protector Amulet,,Servitor of the Black Hand Gloves
Breastplate +2,,,Armour,Rare,Medium,9.0kg,600,16,DEX or 2,,FALSE,,,,,,,,,,,,"Superior Plate (-1), Balance",,,,,,,,,,Breastplate +2 is a rare Medium Armour that reduces Piercing damage and grants a +1 bonus to Dexterity Saving Throws and Ability Checks.,,Breastplate +2,Breastplate +2,Shadow of Menzoberranzan,Dreamsome Boots,,Till Death Do Us Part,Amulet of Bhaal,,Snow-Dusted Monastery Gloves
Chain Shirt +2,,,Armour,Rare,Medium,9.0kg,210,15,DEX or 2,,FALSE,,,,,,,,,,,,"Superior Material (-1), Balance",,,,,,,,,,Chain Shirt +2 is a rare Medium Armour that reduces Slashing damage and grants a +1 bonus to Dexterity Saving Throws and Ability Checks,,Chain Shirt +2,Chain Shirt +2,Helmet of Grit,Githyanki Boots,,True Love's Caress,,,Spellseeking Gloves
Dark Justiciar Half-Plate (Rare),,,Armour,Rare,Medium,12.0kg,1450,16,DEX or 2,,FALSE,,,,,,CON,,ADV,Shar's Aegis,1,Long Rest,Shar's Umbrae,,,,,,,,,2,Dark Justiciar Half-Plate is a rare Medium Armour that grants Advantage on Stealth checks while Obscured in shadow. It also grants Advantage on Constitution Saving Throws and allows its wearer to cast Shield of Faith once per Long Rest.,,Dark Justiciar Half-Plate (Rare),Dark Justiciar Half-Plate (Rare),Adjustable Steel Helm,Metallic Boots,,True Love's Embrace,,,Stalker Gloves
Elven Chain,,,Armour,Rare,Medium,9.0kg,510,14,DEX or 2,,FALSE,,,,,,,,,,,,"Elven Chain, Elven Agility",,,,,,,,,3,Elven Chain is a rare Medium Armour that grants its wearer bonuses to Initiative Rolls and Dexterity Saving Throws.,,Elven Chain,Elven Chain,Blackplume Helm,Oathbreaker Knight Boots,,Burnished Ring,,,Swordmaster Gloves
Half Plate Armour +2,,,Armour,Rare,Medium,12.0kg,1100,17,DEX or 2,,FALSE,,,Stealth,,DIS,,,,,,,Superior Plate (-2),,,,,,,,,,Half Plate Armour +2 is a rare Medium Armour that moderately reduces Slashing damage.,,Half Plate Armour +2,Half Plate Armour +2,Blaze Portyr's Ceremonial Flaming Fist Helm,Boots of Elemental Momentum,,Crypt Lord Ring,,,The Sparkle Hands
Hide Armour +2,,,Armour,Rare,Medium,5.4kg,310,14,DEX or 2,,FALSE,,,,,,,,,,,,"Balance, Ambusher (+1)",,,,,,,,,,"Hide Armour +2 is a rare Medium Armour that grants a +1 bonus to Dexterity Saving Throws and Ability Checks, as well as Initiative.",,Hide Armour +2,Hide Armour +2,Cracked Helm of Shar,Boots of Striding,,Killer's Sweetheart,,,Thunderpalm Strikers
Psionic Ward Armour,,,Armour,Rare,Medium,12.0kg,1450,15,DEX or 2,,FALSE,,,Stealth,,DIS,,,,,,,Psionic Ward,,,,,,,,,2,"Psionic Ward Armour is a set of rare Medium Armour. It heals the wearer if they if they pass a Saving Throw against a spell, and gives them Resistance to Psychic damage if they are Githyanki.",,Psionic Ward Armour,Psionic Ward Armour,Fierce Golden Helm,Blackguard's Greaves,,Orphic Ring,,,Winkling Gloves
Scale Mail +2,,,Armour,Rare,Medium,12.0kg,480,16,DEX or 2,,FALSE,,,Stealth,,DIS,,,,,,,"Superior Material (-1), Ambusher (+1)",,,,,,,,,,Scale Mail +2 is a rare Medium Armour.,,Scale Mail +2,Scale Mail +2,Flaming Fist Helmet,Dark Justiciar Boots,,Ring of Evasion,,,Wondrous Gloves
The Jolty Vest,,,Armour,Rare,Medium,9.0kg,510,14,DEX or 2,,FALSE,,,,,,,,,,,,"Superior Material (-1), Countershock",,,,,,,,,1,The Jolty Vest is a Rare Medium Armour that shocks enemies who land attacks on the wearer while they have Lightning Charges.,,The Jolty Vest,The Jolty Vest,Formidable Helmet,The Speedy Lightfeet,,Ring of Feywild Sparks,,,Abyss Beckoners
Unwanted Masterwork Scalemail,,,Armour,Rare,Medium,12.0kg,640,16,,,FALSE,Fire,,,,,,,,,,,Exotic Material,,,,,,,,,3,The Unwanted Masterwork Scalemail is a rare Medium Armour that doesn't limit your AC's Dexterity bonus. It is part of the Unwanted set.,,Unwanted Masterwork Scalemail,Unwanted Masterwork Scalemail,Goldgloss Heraldic Helm,Unwanted Masterwork Greaves,,Ring of Regeneration,,,Bhaalist Gloves
Yuan-Ti Scale Mail,,,Armour,Rare,Medium,12.0kg,640,15,,,FALSE,,,,,,,,,,,,"Exotic Material, Ambusher (+1)",,,,,,,,,2,Yuan-Ti Scale Mail is a rare Medium Armour that adds the wearer's Dexterity Modifier to their Armour Class and also grants a +1 bonus to Initiative.,,Yuan-Ti Scale Mail,Yuan-Ti Scale Mail,Helmet,Vital Conduit Boots,,Guiding Light,,,Bonespike Gloves
Adamantine Scale Mail,,,Armour,Very Rare,Medium,12.0kg,1300,16,DEX or 2,,TRUE,,,Stealth,,DIS,,,,,,,"Magical Plate (-1), Adamantine Backlash",,,,,,,,,1,"Adamantine Scale Mail is a very rare Medium Armour that reduces all incoming damage by 1 and sends attackers Reeling. In addition, attacks cannot land Critical Hits on the user.",,Adamantine Scale Mail,Adamantine Scale Mail,Justiciar Helmet,Boots of Persistence,,,,,Gauntlet of the Tyrant
Armour of Agility,,,Armour,Very Rare,Medium,12.0kg,2900,17,,,FALSE,,,,,,,2,,,,,Exotic Material,,,,,,,,,3,"The Armour of Agility is a very rare Medium Armour that doesn't limit your AC's Dexterity bonus, and boosts all of the user's Saving Throws by 2.",,Armour of Agility,Armour of Agility,Opulent Helmet,Boots of Psionic Movement,,,,,Gauntlets of Hill Giant Strength
Dark Justiciar Half-Plate (Very Rare),,,Armour,Very Rare,Medium,12.0kg,2900,17,DEX or 2,,FALSE,,,,,,CON,,ADV,Shar's Aegis,1,Long Rest,"Shar's Umbrae, Shar's Protection",,,,,,,,,,"Dark Justiciar Half-Plate is a very rare Medium Armour that grants Advantage on Stealth checks while Obscured in shadow. It also grants Advantage on Constitution Saving Throws, allows its wearer to cast Shield of Faith once per Long Rest, and reduces damage while Shield of Faith is active on its wearer.",,Dark Justiciar Half-Plate (Very Rare),Dark Justiciar Half-Plate (Very Rare),Regal Helm,,,,,,Gemini Gloves
Flame Enamelled Armour,,,Armour,Very Rare,Medium,12.0kg,2900,16,DEX or 2,,FALSE,,,Stealth,,DIS,,,,Fire Shield: Warm,4,Long Rest,"Seldom Caught Unawares (+2), Endurance by Fire",,,,,,,,,3,Flame Enamelled Armour is a very rare Medium Armour that grants a +2 bonus to Initiative and grants Resistance to Fire damage and +2 to all Saving Throws. It also allows the user to cast the Fire Shield: Warm spell.,,Flame Enamelled Armour,Flame Enamelled Armour,Reinforced Helmet,,,,,,Gloves of Dexterity
Sharpened Snare Cuirass,,,Armour,Very Rare,Medium,5.4kg,830,14,,,FALSE,,,,,,,,,,,,"Exotic Material, Sharpened Snare",,,,,,,,,2,Sharpened Snare Cuirass is a very rare Medium Armour that adds your full Dexterity Modifier to your Armour Class. Enemies also have Disadvantage when resisting your attacks and Saving Throws that inflict Restrained.,,Sharpened Snare Cuirass,Sharpened Snare Cuirass,Scalpspike Helm,,,,,,Helldusk Gloves
Chain Mail,,,Armour,Common,Heavy,18.0kg,130,16,,,FALSE,,,Stealth,,DIS,,,,,,,,,,,,,,,,,Chain Mail is a common Heavy Armour.,,Chain Mail,Chain Mail,Shar Headwear,,,,,,Hr'a'cknir Bracers
Plate Armour,,,Armour,Common,Heavy,20.0kg,400,18,,,FALSE,,,Stealth,,DIS,,,,,,,,,,,,,,,,,Plate Armour is a common Heavy Armour.,,Plate Armour,Plate Armour,Triumphal Helm,,,,,,Quickspell Gloves
Ring Mail Armour,,,Armour,Common,Heavy,17.0kg,100,14,,,FALSE,,,Stealth,,DIS,,,,,,,,,,,,,,,,,Ring Mail Armour is a common Heavy Armour.,,Ring Mail Armour,Ring Mail Armour,Watch's Helmet,,,,,,Spellmight Gloves
Splint Armour,,,Armour,Common,Heavy,19.0kg,240,17,,,FALSE,,,Stealth,,DIS,,,,,,,,,,,,,,,,,Splint Armour is a common Heavy Armour.,,Splint Armour,Splint Armour,Well Crated Helm,,,,,,Gloves of Soul Catching
Chain Mail +1,,,Armour,Uncommon,Heavy,18.0kg,260,17,,,FALSE,,,Stealth,,DIS,,,,,,,Superior Material (-1),,,,,,,,,,Chain Mail +1 is an uncommon Heavy Armour that reduces Slashing damage.,,Chain Mail +1,Chain Mail +1,Dark Justiciar Helm,,,,,,Metallic Gloves
Plate Armour +1,,,Armour,Uncommon,Heavy,20.0kg,800,19,,,FALSE,,,Stealth,,DIS,,,,,,,Superior Plate (-1),,,,,,,,,,Plate Armour +1 is an uncommon Heavy Armour that reduces Piercing damage.,,Plate Armour +1,Plate Armour +1,Helmet of Smiting,,,,,,Blackguard's Gauntlets
Protective Plate,,,Armour,Uncommon,Heavy,20.0kg,1000,18,,,FALSE,Necrotic,,,,,,,,,,,,,,,,,,,,2,Protective Plate is a set of Heavy Armour that grants Resistance to Necrotic damage.,,Protective Plate,Protective Plate,Holy Lance Helm,,,,,,Gauntlets of Surging Accuracy
Ring Mail Armour +1,,,Armour,Uncommon,Heavy,17.0kg,200,15,,,FALSE,,,Stealth,,DIS,,,,,,,Body Aid,,,,,,,,,,Ring Mail Armour +1 is a uncommon Heavy Armour that grants a +1 bonus to Strength Saving Throws and Ability Checks.,,Ring Mail Armour +1,Ring Mail Armour +1,Flawed Helldusk Helmet,,,,,,Unwanted Masterwork Gauntlets
Splint Armour +1,,,Armour,Uncommon,Heavy,19.0kg,480,18,,,FALSE,,,Stealth,,DIS,,,,,,,Superior Plate (-1),,,,,,,,,,Splint Armour +1 is a uncommon Heavy Armour that reduces Piercing damage by 1.,,Splint Armour +1,Splint Armour +1,Steelwatcher Helmet,,,,,,Gauntlets of the Warmaster
Armour of Devotion,,,Armour,Rare,Heavy,20.0kg,3200,18,,,FALSE,,,Stealth,,DIS,,,,Eternal Devotion,,Long Rest,,,,,,,,,,2,"Armour of Devotion is a set of rare Full Plate Heavy Armour that allows the wearer to cast Eternal Devotion, restoring a charge of their Paladin Channel Oath ability.",,Armour of Devotion,Armour of Devotion,Dark Justiciar Helmet,,,,,,Legacy of the Masters
Cerebral Citadel Armour,,,Armour,Rare,Heavy,20.0kg,3200,18,,,FALSE,,,Stealth,,DIS,,,,,,,"Frightened Immunity, Illithid Protection",,,,,,,,,3,"Cerebral Citadel Armour is a rare Heavy Armour that makes the wearer immune to being Frightened and gives a +1 bonus to all Intelligence, Wisdom, and Charisma saving throws if the wearer is infested by a mind flayer tadpole.",,Cerebral Citadel Armour,Cerebral Citadel Armour,Sarevok's Horned Helmet,,,,,,The Reviving Hands
Chain Mail +2,,,Armour,Rare,Heavy,18.0kg,770,18,,,FALSE,,,Stealth,,DIS,,,,,,,Superior Material (-2),,,,,,,,,,Chain Mail +2 is a rare Heavy Armour that reduces Slashing damage by 2.,,Chain Mail +2,Chain Mail +2,Helm of Balduran,,,,,,
Dwarven Splintmail,,,Armour,Rare,Heavy,19.0kg,1900,19,,,FALSE,,,Stealth,,DIS,,,,,,,"Superior Plate (-1), Body Aid",CON,2,20,,,,,,2,"Dwarven Splintmail is a rare heavy armour that reduces Piercing damage by 1 and grants a +1 bonus to Strength Saving Throws and Ability Checks. In addition, it also boosts the user's Constitution by 2.",,Dwarven Splintmail,Dwarven Splintmail,Grymskull Helm,,,,,,
Flawed Helldusk Armour,,,Armour,Rare,Heavy,20.0kg,3200,18,,,FALSE,,,Stealth,,DIS,,,,,,,"Lesser Infernal Retribution, Superior Plate (-1)",,,,,,,,,2,Flawed Helldusk Armour is a rare Heavy Armour that reduces Piercing damage by 1 and possibly deals 1d4 Fire damage to attackers.,,Flawed Helldusk Armour,Flawed Helldusk Armour,,,,,,,
Plate Armour +2,,,Armour,Rare,Heavy,20.0kg,2400,20,,,FALSE,,,Stealth,,DIS,,,,,,,Exceptional Plate,,,,,,,,,,"Plate Armour +2 is a rare Heavy Armour that reduces damage from Piercing, Bludgeoning and Slashing sources by 2.",,Plate Armour +2,Plate Armour +2,,,,,,,
Ring Mail Armour +2,,,Armour,Rare,Heavy,17.0kg,600,16,,,FALSE,,,Stealth,,DIS,,,,,,,"Superior Material (-1), Body Aid",,,,,,,,,,Ring Mail Armour +2 is a rare Heavy Armour that reduces Slashing damage by 1 and grants a +1 bonus to Strength Saving Throws and Ability Checks.,,Ring Mail Armour +2,Ring Mail Armour +2,,,,,,,
Rippling Force Mail,,,Armour,Rare,Heavy,18.0kg,1000,17,,,FALSE,,,Stealth,,DIS,,,,,,,Force Absorption,,,,,,,,,2,Rippling Force Mail is a rare Heavy Armour that reduces physical damage taken and causes its wearer to deal force damage around them after being struck with physical attacks enough times.,,Rippling Force Mail,Rippling Force Mail,,,,,,,
Splint Armour +2,,,Armour,Very Rare,Heavy,19.0kg,1450,19,,,FALSE,,,Stealth,,DIS,,,,,,,"Body Aid, Superior Plate (-1)",,,,,,,,,1,Splint Armour +2 is a rare Heavy Armour that reduces Piercing damage by 1 and grants a +1 bonus to Strength Saving Throws and Ability Checks.,,Splint Armour +2,Splint Armour +2,,,,,,,
Adamantine Splint Armour,,,Armour,Very Rare,Heavy,19.0kg,3800,18,,,TRUE,,,Stealth,,DIS,,,,,,,"Magical Plate (-2), Intense Adamantine Backlash",,,,,,,,,1,"Adamantine Splint Armour is a very rare Heavy Armour that reduces all incoming damage by 2 and sends attackers Reeling. In addition, attacks can't land critical hits on the wearer.",,Adamantine Splint Armour,Adamantine Splint Armour,,,,,,,
Armour of Persistence,,,Armour,Very Rare,Heavy,20.0kg,6400,20,,,FALSE,,,Stealth,,DIS,,,,,,,"Magical Plate (-2), Legendary Persistence",,,,,,,,,3,Armour of Persistence is a very rare Armour that grants its wearer permanent Resistance and Blade Ward effects in addition to reducing all damage taken by 2.,,Armour of Persistence,Armour of Persistence,,,,,,,
Blackguard's Plate,,,Armour,Very Rare,Heavy,20.0kg,6400,19,,,FALSE,,,Stealth,,DIS,WIS,,ADV,,,,Magical Plate (-1),,,,,,,,,3,Blackguard's Plate is a very rare Heavy Armour that reduces all incoming damage by 1 and grants Advantage on Wisdom Saving Throws.,,Blackguard's Plate,Blackguard's Plate,,,,,,,
Emblazoned Plate of the Marshal,,,Armour,Very Rare,Heavy,20.0kg,6400,19,,,FALSE,,,Stealth,,DIS,,,,Fire Shield,4,Long Rest,"Magical Plate (-2), Endurance by Fire",,,,,,,,,3,"Emblazoned Plate of the Marshal is a very rare Heavy Armour that reduces all damage by 2, grants Fire Resistance, and the ability to cast Fire Shield.",,Emblazoned Plate of the Marshal,Emblazoned Plate of the Marshal,,,,,,,
Reaper's Embrace,,,Armour,Very Rare,Heavy,20.0kg,6400,19,,,FALSE,,,Stealth,,DIS,,,,Howl of the Dead,,Short Rest,"Reaper's Rigidity, Magical Plate (-2)",,,,,,,,,2,Reaper's Embrace is a very rare heavy Armour that reduces incoming damage by 2 and makes the wearer immune to being moved by force. It also grants the Howl of the Dead class action.,,Reaper's Embrace,Reaper's Embrace,,,,,,,
Helldusk Armour,,,Armour,Story Item,Heavy,20.0kg,8000,21,,,FALSE,,,,,,,,,Fly (bonus action),3,,"Helldusk Armour, Infernal Retribution, Prime Aegis of Fire",,,,,,,,,3,"Helldusk Armour is a legendary heavy Armour which can be worn without any proficiency. It grants Fire resistance, reduces damage by 3 from all sources, and grants the Fly spell.",,Helldusk Armour,Helldusk Armour,,,,,,,
Devilfoil Mask,,,Headwear,Common,Non-Armour,0.5kg,50,,,,FALSE,,,,,,,,,,,,Infernal Legion,,,,,,,,,1,"A Devilfoil Mask is a common Helmet worn by Merregons that increases the wearer's Strength by 1 and decreases the wearer's Intelligence, Wisdom, and Charisma by 1 per nearby mask.",,,Simple Robe,,,,,,,
Whispering Mask,,,Headwear,Common,Non-Armour,0.5kg,1,,,,FALSE,,,,,,,,,,,,,,,,,,,,,,Whispering Mask is a common Helmet with connections to Auntie Ethel.,,,Barbarian Clothes,,,,,,,
Browbeaten Circlet,,,Headwear,Uncommon,Non-Armour,0.5kg,90,,,,FALSE,,,,,,,,,,,,Browbeaten,,,,,,,,,2,Browbeaten Circlet is an uncommon piece of Headwear that grants the wearer a bonus to spell save DC while being threatened.,,,Armour of Uninhibited Kushigo,,,,,,,
Cap of Curing,,,Headwear,Uncommon,Non-Armour,0.5kg,90,,,,FALSE,,,,,,,,,,,,Soothing Songs,,,,,,,,,1,The Cap of Curing is an uncommon Hat that heals those inspired by the wearer using Bardic Inspiration.,,,Bided Time,,,,,,,
Coldbrim Hat,,,Headwear,Uncommon,Non-Armour,0.5kg,90,,,,FALSE,,,,,,,,,,,,Coldbrim Chill,,,,,,,,,2,"Coldbrim Hat is an uncommon Hat where, once per turn, if a condition is inflicted on the target, the hat also applies 2 turns of  Encrusted with Frost.",,,Bloodguzzler Garb,,,,,,,
Hat of Fire Acuity,,,Headwear,Uncommon,Non-Armour,0.5kg,90,,,,FALSE,,,,,,,,,,,,Fire Acuity,,,,,,,,,2,Hat of Fire Acuity is an uncommon hat that grants the wearer  Arcane Acuity whenever they deal Fire damage.,,,Cloth Armour,,,,,,,
Hat of Storm Scion's Power,,,Headwear,Uncommon,Non-Armour,0.5kg,90,,,,FALSE,,,,,,,,,,,,Thunderous Acuity,,,,,,,,,2,Hat of Storm Scion's Power is an uncommon hat that grants  Arcane Acuity whenever the wearer deals ⁠Thunder damage.,,,Poisoner's Robe,,,,,,,
Key of the Ancients,,,Headwear,Uncommon,Non-Armour,0.5kg,90,,,,FALSE,,,Nature,1,,,,,,,,,,,,,,,,,1,This version of the Key of the Ancients is a story rarity Helmet which grants the wearer a bonus to Nature checks.,,,Robe,,,,,,,
Marksmanship Hat,,,Headwear,Uncommon,Non-Armour,0.5kg,24,,,,FALSE,,,,,,,,,,,,Marksmanship,,,,,,,,,2,Marksmanship Hat is an uncommon hat that grants its wearer a bonus to ranged and thrown attack rolls.,,,Robe of Summer,,,,,,,
The Lifebringer,,,Headwear,Uncommon,Non-Armour,0.5kg,90,,,,FALSE,,,,,,,,,,,,Lifecharger,,,,,,,,,1,The Lifebringer is an uncommon circlet which grants the wearer temporary hit points whenever they gain Lightning Charges.,,,Cloth of Authority,,,,,,,
The Shadespell Circlet,,,Headwear,Uncommon,Non-Armour,0.5kg,90,,,,FALSE,,,,,,,,,,,,Shadespell,,,,,,,,,1,The Shadespell Circlet is an uncommon Helmet that grants a bonus to Spell Save DC when the wearer is obscured in shadow.,,,Drunken Cloth,,,,,,,
Wapira's Crown,,,Headwear,Uncommon,Non-Armour,0.5kg,90,,,,FALSE,,,,,,,,,,,,Crowning Glory,,,,,,,,,1,Wapira's Crown is an uncommon Helmet that heals the wearer whenever they heal another creature.,,,Enraging Heart Garb,,,,,,,
Warped Headband of Intellect,,,Headwear,Uncommon,Non-Armour,0.5kg,250,,,,FALSE,,,,,,,,,,,,,INT,17,17,,,,,,1,The Warped Headband of Intellect is an uncommon Circlet that raises the wearer's Intelligence to 17.,,,Garb of the Land and Sky,,,,,,,
Cap of Wrath,,,Headwear,Rare,Non-Armour,0.5kg,640,,,,FALSE,,,,,,,,,,,,Last Stand,,,,,,,,,1,The Cap of Wrath is a rare Helmet that grants the wearer  Wrath when they start the turn with 50% Hit Points or less.,,,Icebite Robe,,,,,,,
Circle of Bones,,,Headwear,Rare,Non-Armour,0.5kg,240,,,,FALSE,,,,,,,,,Animate Dead,3,Long Rest,Undead Ward,,,,,,,,,2,"Circle of Bones is a rare Circlet that grants all nearby allied undead Resistance to physical damage, and the wearer can cast Animate Dead once per Long Rest.",,,Mutilated Carapace,,,,,,,
Circlet of Blasting,,,Headwear,Rare,Non-Armour,0.5kg,300,,,,FALSE,,,,,,,,,Scorching Ray,2,Long Rest,,,,,,,,,,1,The Circlet of Blasting is a rare circlet that grants the wearer the ability to cast the Scorching Ray spell.,,,Obsidian Laced Robe,,,,,,,
Circlet of Mental Anguish,,,Headwear,Rare,Non-Armour,0.5kg,240,,,,FALSE,,,,,,,,,,,,Psychic Leech,,,,,,,,,2,"The Circlet of Mental Anguish is a rare Circlet that heals the wearer for 1d4 hit points when an enemy fails a Charisma, Intelligence, or Wisdom Saving Throw against one of the wearer's spells or cantrips.",,,Robe of Exquisite Focus,,,,,,,
Circlet of Psionic Revenge,,,Headwear,Rare,Non-Armour,0.5kg,240,,,,FALSE,,,,,,,,,,,,Psionic Revenge,,,,,,,,,2,The Circlet of Psionic Revenge is a rare Circlet which allows Gith to enhance their saving throws and punish casters with psychic damage.,,,Shelter of Athkatla,,,,,,,
Diadem of Arcane Synergy,,,Headwear,Rare,Non-Armour,0.5kg,240,,,,FALSE,,,,,,,,,,,,Synergetic Moments,,,,,,,,,2,The Diadem of Arcane Synergy is a rare circlet that grants  Arcane Synergy when the wearer inflicts a condition.,,,The Graceful Cloth,,,,,,,
Fistbreaker Helm,,,Headwear,Rare,Non-Armour,0.5kg,60,,,,FALSE,,,,,,,,,,,,"High Spellcasting (+1), Seldom Caught Unawares (Fistbreaker Helm)",,,,,,,,,2,Fistbreaker Helm is an rare Helmet that grants a +1 bonus to Spell Save DC and +1 to Initiative Rolls.,,,The Mighty Cloth,,,,,,,
Gibus of the Worshipful Servant,,,Headwear,Rare,Non-Armour,0.5kg,35,,,,FALSE,,,,,,,,,,,,"Lickspittle's Alertness, Multitasking",,,,,,,,,3,Gibus of the Worshipful Servant is a rare Headwear which grants  Momentum equal to the wearer's Charisma Modifier at the start of combat and Advantage on Concentration Saving Throws.,,,The Protecty Sparkswall,,,,,,,
Haste Helm,,,Headwear,Rare,Non-Armour,0.5kg,240,,,,FALSE,,,,,,,,,,,,Smooth Start,,,,,,,,,1,The Haste Helm is a rare helmet that grants the wearer a burst of speed at the start of combat.,,,Viconia's Priestess Robe,,,,,,,
Hat of the Sharp Caster,,,Headwear,Rare,Non-Armour,0.5kg,50,,,,FALSE,,,,,,,,,,,,Sharp Caster,,,,,,,,,3,The Hat of the Sharp Caster is a rare Helmet that rerolls the die(s) on spell damage rolls if they are a 1 or 2.,,,Bonespike Garb,,,,,,,
Hat of Uninhibited Kushigo,,,Headwear,Rare,Non-Armour,0.5kg,240,,,,FALSE,,,,,,,,,,,,Lay Bare Their Weakness,,,,,,,,,2,The Hat of Uninhibited Kushigo is a rare hat that grants +1 bonus to their Spell Save DC after dealing damage with an unarmed attack.,,,Infernal Robe,,,,,,,
Scabby Pugilist Circlet,,,Headwear,Rare,Non-Armour,0.5kg,120,,,,FALSE,,,,,,,,,,,,Martial Bravery,,,,,,,,,3,The Scabby Pugilist Circlet is a rare Helmet that grants additional damage on weapon and unarmed strikes while surrounded by 2 or more foes.,,,Moon Devotion Robe,,,,,,,
The Pointy Hat,,,Headwear,Rare,Non-Armour,0.5kg,35,,,,FALSE,,,,,,,,,,,,Glorious Pointy Hat,,,,,,,,,3,The Pointy Hat is a rare hat that gives the wearer a bonus to their persuasion checks equal to their Intelligence modifier.,,,Potent Robe,,,,,,,
Assassin of Bhaal Cowl,,,Headwear,Very Rare,Non-Armour,0.5kg,450,,,,FALSE,,,,,,,,,See Invisibility,2,Short Rest,Murderous Sight,,,,,,,,,3,Assassin of Bhaal Cowl is a very rare Helmet which grants a bonus to  Initiative. It also allows the wearer to see in the dark and cast See Invisibility.,,,Robe of Supreme Defences,,,,,,,
Birthright,,,Headwear,Very Rare,Non-Armour,0.5kg,410,,,,FALSE,,,,,,,,,,,,,CHA,2,22,,,,,,3,"Birthright is a very rare Headwear that gives the wearer Charisma +2, up to a maximum of 22.",,,Robe of the Weave,,,,,,,
Bonespike Helmet,,,Headwear,Very Rare,Non-Armour,0.5kg,450,,,,FALSE,,,Intimidation,2,,,,,Menacing Attack (Melee),,Per Turn,Fury In The Marrow,,,,,,,,,3,"Bonespike Helmet is a very rare Helmet. If the wearer rages, the helmet forces all hostile creatures within a 3m radius to roll a wisdom saving throw. If failing this roll, they take 2-8 Psychic damage; a successful roll results in half damage.",,,Veil of the Morning,,,,,,,
Circlet of Hunting,,,Headwear,Very Rare,Non-Armour,0.5kg,230,,,,FALSE,,,,,,,,,,,,Hunter's Eye,,,,,,,,,3,The Circlet of Hunting is a very rare circlet which grants a +1d4 bonus to Attack Rolls against marked creatures.,,,Vest of Soul Rejuvenation,,,,,,,
Helldusk Helmet,,,Headwear,Very Rare,Non-Armour,1.0kg,570,,,,TRUE,,,,,,,,,Immolating Gaze,,Short Rest,"Infernal Sight, Magical Durability (Helldusk Helmet)",,,,,,,,,3,"Helldusk Helmet is a very rare Headwear. It grants the wearer the ability to see in magical darkness, and they cannot be blinded. They also gain a +2 bonus to saving throws against spells and can use  Immolating Gaze to frighten enemies.",,,Wavemother's Robe,,,,,,,
Hood of the Weave,,,Headwear,Very Rare,Non-Armour,0.5kg,1450,,,,FALSE,,,,,,,,,,,,Arcane Enchantment (+2),,,,,,,,,3,Hood of the Weave is a very rare Helmet that boosts its wearer's Spell Save DC and Spell Attack rolls by 2.,,,,,,,,,,
Horns of the Berserker,,,Headwear,Very Rare,Non-Armour,0.5kg,230,,,,FALSE,,,,,,,,,,,,"Seeking Blood, Blood Thirst",,,,,,,,,3,"Horns of the Berserker is a very rare Helmet which grants a +2 bonus to Attack Rolls against damaged creatures, and an extra 2⁠⁠Necrotic damage to melee hits made while damaged.",,,,,,,,,,
Jannath's Hat,,,Headwear,Very Rare,Non-Armour,0.5kg,450,,,,FALSE,,,"Deception, Persuasion",,ADV,,,,,,,,,,,,,,,,3,Jannath's Hat is a very rare headwear that gives advantage to persuasion and deception checks.,,,,,,,,,,
Mask of Soul Perception,,,Headwear,Very Rare,Non-Armour,0.5kg,1300,,,,FALSE,,,,,,,,,Detect Thoughts,2,Short Rest,Soul Perception,,,,,,,,,3,"Mask of Soul Perception is a very rare Helmet that increases a wearer's Attack Rolls, Initiative Rolls, and Perception Checks by 2. The wearer can also cast Detect Thoughts once per Short Rest.",,,,,,,,,,
Pyroquickness Hat,,,Headwear,Very Rare,Non-Armour,0.5kg,160,,,,FALSE,,,,,,,,,,,,Fiery Return,,,,,,,,,3,"Pyroquickness Hat is a very rare Hat that burns the wearer when casting a Fire spell, but also grants them an extra Bonus Action.",,,,,,,,,,
Shapeshifter Hat,,,Headwear,Story Item,Non-Armour,0.5kg,70,,,,FALSE,,,Nature,1,,,,,,,,Nature's Embrace,,,,,,,,,3,Shapeshifter Hat is a very rare Headwear that grants the wearer one more Wild Shape charge per Long Rest.,,,,,,,,,,
Mask of the Shapeshifter,,,Headwear,Story Item,Non-Armour,0.5kg,1,,,,FALSE,,,,,,,,,Disguise Self,1,Per Turn,,,,,,,,,,1,Mask of the Shapeshifter is a legendary Mask that allows the wearer to cast Disguise Self at will.,,,,,,,,,,
Key of the Ancients,,,Headwear,Story Item,Non-Armour,0.5kg,90,,,,FALSE,,,Nature,1,,,,,,,,,,,,,,,,,1,This version of the Key of the Ancients is a story rarity Helmet which grants the wearer a bonus to Nature checks.,,,,,,,,,,
Angelic Plume Helmet,,,Headwear,Common,Light,0.5kg,25,,,,FALSE,,,,,,DEX,1,,,,,,,,,,,,,,,An Angelic Plume Helmet is a common Helmet.,,,,,,,,,,
Frayed Drow Hood,,,Headwear,Common,Light,0.5kg,25,,,,FALSE,,,,,,DEX,1,,,,,,,,,,,,,,,A Frayed Drow Hood is a common Helmet.,,,,,,,,,,
Leather Helmet,,,Headwear,Common,Light,0.5kg,25,,,,FALSE,,,,,,DEX,1,,,,,,,,,,,,,,,A Leather Helmet is a common Helmet.,,,,,,,,,,
Leatherstring Helmet,,,Headwear,Common,Light,0.5kg,25,,,,FALSE,,,,,,DEX,1,,,,,,,,,,,,,,,A Leatherstring Helmet is a common Helmet.,,,,,,,,,,
Red Carmine Mask,,,Headwear,Common,Light,0.5kg,25,,,,FALSE,,,,,,DEX,1,,,,,,,,,,,,,,,A Red Carmine Mask is a common Helmet.,,,,,,,,,,
Rich Arcanist Helmet,,,Headwear,Common,Light,0.5kg,25,,,,FALSE,,,,,,DEX,1,,,,,,,,,,,,,,,A Rich Arcanist Helmet is a common Helmet.,,,,,,,,,,
Scorpion Helmet,,,Headwear,Common,Light,0.5kg,25,,,,FALSE,,,,,,DEX,1,,,,,,,,,,,,,,,Scorpion Helmet is a common Helmet.,,,,,,,,,,
Covert Cowl,,,Headwear,Uncommon,Light,0.5kg,70,,,,FALSE,,,,,,DEX,1,,,,,Covert Critical,,,,,,,,,2,Covert Cowl is an uncommon Helmet that makes the wearer's critical hits more likely when they are obscured.,,,,,,,,,,
Dark Justiciar Mask,,,Headwear,Uncommon,Light,0.3kg,210,,,,FALSE,,,Intimidation,1,,,,,,,,,,,,,,,,,1,Dark Justiciar Mask is an uncommon Helmet that grants the wearer a bonus to Intimidation checks.,,,,,,,,,,
Helmet of Arcane Acuity,,,Headwear,Uncommon,Light,0.5kg,70,,,,FALSE,,,,,,DEX,1,,,,,Battle Acuity,,,,,,,,,2,The Helmet of Arcane Acuity is an uncommon Helmet that imparts Arcane Acuity upon the wearer when they deal damage with a weapon attack.,,,,,,,,,,
Helmet of Autonomy,,,Headwear,Uncommon,Light,0.5kg,70,,,,FALSE,,,,,,WIS,PRO,,,,,,,,,,,,,,1,The Helmet of Autonomy is an uncommon Helmet that grants the wearer Proficiency in Wisdom Saving Throws.,,,,,,,,,,
Shadow of Menzoberranzan,,,Headwear,Rare,Light,0.5kg,190,,,,FALSE,,,,,,,,,Shrouded in Shadow,,Short Rest,,,,,,,,,,1,The Shadow of Menzoberranzan is a rare Helmet that allows the wearer to use Shrouded in Shadow to become Invisible.,,,,,,,,,,
Helmet of Grit,,,Headwear,Very Rare,Light,0.5kg,360,,,,FALSE,,,,,,DEX,1,,,,,Grit,,,,,,,,,3,The Helmet of Grit is a very rare Helmet. It grants the wearer an additional Bonus Action at 50% or lower Hit Points.,,,,,,,,,,
Adjustable Steel Helm,,,Headwear,Common,Medium,1.0kg,40,,,,FALSE,,,,,,CON,1,,,,,,,,,,,,,,,Adjustable Steel Helm is a common Helmet.,,,,,,,,,,
Blackplume Helm,,,Headwear,Common,Medium,1.0kg,40,,,,FALSE,,,,,,CON,1,,,,,,,,,,,,,,,"Blackplume Helm is a common Helmet, it provides minimal bonuses to a character but may be worn of aesthetic reasons.",,,,,,,,,,
Blaze Portyr's Ceremonial Flaming Fist Helm,,,Headwear,Common,Medium,1.0kg,40,,,,FALSE,,,,,,CON,1,,,,,,,,,,,,,,,Blaze Portyr's Ceremonial Flaming Fist Helm is a common Helmet. It is a unique variant of Flaming Fist Helmet.,,,,,,,,,,
Cracked Helm of Shar,,,Headwear,Common,Medium,1.0kg,40,,,,FALSE,,,,,,CON,1,,,,,,,,,,,,,,,Cracked Helm of Shar is a common Helmet that improves the wearer's Constitution Saving Throws.,,,,,,,,,,
Fierce Golden Helm,,,Headwear,Common,Medium,1.0kg,40,,,,FALSE,,,,,,CON,1,,,,,,,,,,,,,,,A Fierce Golden Helm is a common Helmet.,,,,,,,,,,
Flaming Fist Helmet,,,Headwear,Common,Medium,1.0kg,40,,,,FALSE,,,,,,CON,1,,,,,,,,,,,,,,,A Flaming Fist Helmet is a common Helmet.,,,,,,,,,,
Formidable Helmet,,,Headwear,Common,Medium,1.0kg,40,,,,FALSE,,,,,,CON,1,,,,,,,,,,,,,,,A Formidable Helmet is a common Helmet.,,,,,,,,,,
Goldgloss Heraldic Helm,,,Headwear,Common,Medium,1.0kg,40,,,,FALSE,,,,,,CON,1,,,,,,,,,,,,,,,The Goldgloss Heraldic Helm is a common Helmet.,,,,,,,,,,
Helmet,,,Headwear,Common,Medium,1.0kg,40,,,,FALSE,,,,,,CON,1,,,,,,,,,,,,,,1,A Helmet is a common Helmet.,,,,,,,,,,
Justiciar Helmet,,,Headwear,Common,Medium,1.0kg,40,,,,FALSE,,,,,,CON,1,,,,,,,,,,,,,,,A Justiciar Helmet is a common Helmet.,,,,,,,,,,
Opulent Helmet,,,Headwear,Common,Medium,1.0kg,40,,,,FALSE,,,,,,CON,1,,,,,,,,,,,,,,,"Opulent Helm is a common Helmet, it provides minimal bonuses to a character but may be worn of aesthetic reasons.",,,,,,,,,,
Regal Helm,,,Headwear,Common,Medium,1.0kg,40,,,,FALSE,,,,,,CON,1,,,,,,,,,,,,,,,A Regal Helm is a common Helmet.,,,,,,,,,,
Reinforced Helmet,,,Headwear,Common,Medium,1.0kg,40,,,,FALSE,,,,,,CON,1,,,,,,,,,,,,,,,A Reinforced Helmet is a common Helmet.,,,,,,,,,,
Scalpspike Helm,,,Headwear,Common,Medium,1.0kg,40,,,,FALSE,,,,,,CON,1,,,,,,,,,,,,,,,Scalpspike Helm is a common Helmet that improves the wearer's Constitution Saving Throws.,,,,,,,,,,
Shar Headwear,,,Headwear,Common,Medium,1.0kg,40,,,,FALSE,,,,,,CON,1,,,,,,,,,,,,,,,Shar Headwear is a common Helmet that improves the wearer's Constitution Saving Throws.,,,,,,,,,,
Triumphal Helm,,,Headwear,Common,Medium,1.0kg,40,,,,FALSE,,,,,,CON,1,,,,,,,,,,,,,,,Triumphal Helm is a common Helmet that improves the wearer's Constitution Saving Throws.,,,,,,,,,,
Watch's Helmet,,,Headwear,Common,Medium,1.0kg,40,,,,FALSE,,,,,,CON,1,,,,,,,,,,,,,,,Watch's Helmet is a common Helmet that improves the wearer's Constitution Saving Throws.,,,,,,,,,,
Well Crated Helm,,,Headwear,Common,Medium,1.0kg,40,,,,FALSE,,,,,,CON,1,,,,,,,,,,,,,,,A Well Crated Helm is a common Helmet.,,,,,,,,,,
Dark Justiciar Helm,,,Headwear,Uncommon,Medium,1.0kg,115,,,,FALSE,,,,,,CON,1,,,,,Swathed in Shadow,,,,,,,,,1,A Dark Justiciar Helm is an uncommon Helmet worn by Shar's Dark Justiciars that grants a bonus to Saving Throws while obscured by shadow.,,,,,,,,,,
Helmet of Smiting,,,Headwear,Uncommon,Medium,1.0kg,115,,,,FALSE,,,,,,CON,1,,,,,Bolstering Smite,,,,,,,,,1,The Helmet of Smiting is an uncommon Helmet which grants the wearer Temporary Hit Points whenever they apply a Condition using a Smite spell.,,,,,,,,,,
Holy Lance Helm,,,Headwear,Uncommon,Medium,1.0kg,115,,,,FALSE,,,,,,CON,1,,,,,Smite the Graceless,,,,,,,,,2,A Holy Lance Helm is an uncommon Helmet that potentially deals radiant damage to creatures that attack the wearer.,,,,,,,,,,
Flawed Helldusk Helmet,,,Headwear,Rare,Medium,1.0kg,300,,,,FALSE,,,,,,CON,1,,,,,Magical Durability (Flawed Helldusk Helmet),,,,,,,,,2,Flawed Helldusk Helmet is a rare Helmet crafted from Infernal Iron that improves the wearer's saving throws against spells by 2.,,,,,,,,,,
Steelwatcher Helmet,,,Headwear,Rare,Medium,1.0kg,300,,,,FALSE,,,,,,CON,,ADV,,,,Artificial Sight,,,,,,,,,3,Steelwatcher Helmet is a rare Helmet that grants the wearer Darkvision and immunity to Blindness. It also grants Advantage on Constitution Saving Throws.,,,,,,,,,,
Dark Justiciar Helmet,,,Headwear,Very Rare,Medium,1.0kg,1600,,,,FALSE,,,,,,CON,1,,,,,"Magical Durability (+1), Covert Critical",,,,,,,,,2,The Dark Justiciar Helmet is a very rare Helmet that improves the wearer's Saving Throws against Spells and makes Critical Hits more likely while the wearer is obscured by darkness.,,,,,,,,,,
Sarevok's Horned Helmet,,,Headwear,Very Rare,Medium,2.0kg,1600,,,,FALSE,,,,,,,,,,,,"Deathbringer's Sight, Dauntless",,,,,,,,,3,Sarevok's Horned Helmet is a very rare Headwear that grants Darkvision to its wearer and increases critical hit chance. You also cannot be Frightened.,,,,,,,,,,
Helm of Balduran,,,Headwear,Story Item,Medium,2.0kg,760,,,,TRUE,,,,,,,,,,,,"Balduran's Vitality, Balduran's Favour, Stun Immunity",,,,,,,,,3,"Helm of Balduran is a legendary Headwear once worn by the fabled founder of Baldur's Gate, Balduran, and grants hit points every turn along with stun and critical hit immunities.",,,,,,,,,,
Grymskull Helm,,,Headwear,Very Rare,Heavy,1.0kg,570,,,,TRUE,Fire,,,,,,,,Hunter's Mark,1,Long Rest,,,,,,,,,,1,The Grymskull Helm is a very rare helmet that grants fire resistance and protects its wearer from critical hits. It also grants the Hunter's Mark spell.,,,,,,,,,,
Bracing Band,,,Ring,Uncommon,Non-Armour,0.1kg,40,,,,FALSE,,,,,,,,,,,,Personal Space,,,,,,,,,1,The Bracing Band is an uncommon Ring which makes the wearer more difficult to hit after they shove an enemy.,,,,,,,,,,
Callous Glow Ring,,,Ring,Uncommon,Non-Armour,0.1kg,40,,,,FALSE,,,,,,,,,,,,Callous Glow,,,,,,,,,2,Callous Glow Ring is an uncommon Ring that causes the wearer to deal an additional 2 Radiant damage to illuminated creatures every time they deal damage.,,,,,,,,,,
Caustic Band,,,Ring,Uncommon,Non-Armour,0.1kg,40,,,,FALSE,,,,,,,,,,,,Malefic Excretion,,,,,,,,,1,Caustic Band is an uncommon Ring that grants the wearer 2 Acid damage with weapon attacks.,,,,,,,,,,
Coruscation Ring,,,Ring,Uncommon,Non-Armour,0.1kg,40,,,,FALSE,,,,,,,,,,,,Arcane Radiance,,,,,,,,,2,Coruscation Ring is an uncommon ring that inflicts  Radiating Orb on creatures that the wearer deals spell damage to. The wearer must be illuminated for this effect to occur.,,,,,,,,,,
Crusher's Ring,,,Ring,Uncommon,Non-Armour,0.1kg,40,,,,FALSE,,,,,,,,,,,,,,,,,,,3,,1,Crusher's Ring is an uncommon Ring which grants additional speed to the wearer.,,,,,,,,,,
Djinni Ring,,,Ring,Uncommon,Non-Armour,0.1kg,65,,,,FALSE,,,,,,,,,Mage Hand,,Short Rest,,,,,,,,,,3,Djinni Ring is an uncommon Ring that grants its wearer the ability to cast Mage Hand.,,,,,,,,,,
Eversight Ring,,,Ring,Uncommon,Non-Armour,0.1kg,40,,,,FALSE,,,,,,,,,,,,Blind Immunity,,,,,,,,,2,Eversight Ring is an uncommon Ring that imparts immunity to  Blindness upon the wearer.,,,,,,,,,,
Explorer's Ring,,,Ring,Uncommon,Non-Armour,0.1kg,40,,,,FALSE,,,"Nature, Survival",1,,,,,,,,,,,,,,,,,1,The Explorer's Ring is an uncommon Ring that improves the wearer's knowledge of Nature and Survival.,,,,,,,,,,
Family Ring,,,Ring,Uncommon,Non-Armour,0.1kg,65,,,,FALSE,,,,,,,,,,,,,,,,,,,,,2,The Family Ring is an uncommon Ring that grants +2 to Death Saving Throws.,,,,,,,,,,
Firzu's Ring of Trading,,,Ring,Uncommon,Non-Armour,0.1kg,40,,,,FALSE,,,Deception,1,,,,,,,,,,,,,,,,,2,Firzu's Ring of Trading is an uncommon Ring that grants +1 to Deception.,,,,,,,,,,
Guild Ring,,,Ring,Uncommon,Non-Armour,0.1kg,40,,,,FALSE,,,,,,,,,,,,,,,,,,,,,3,Guild Ring is a story-related Ring found in Act 3.,,,,,,,,,,
Mage's Friend,,,Ring,Uncommon,Non-Armour,0.1kg,40,,,,FALSE,,,"Arcana, Religion",1,,,,,,,,,,,,,,,,,1,Mage's Friend is an uncommon Ring that improves the wearer's knowledge of Arcana and Religion.,,,,,,,,,,
Poisoner's Ring,,,Ring,Uncommon,Non-Armour,0.1kg,40,,,,FALSE,,,,,,,,,Virulent Venom,,,,,,,,,,,,2,The Poisoner's Ring is an uncommon Ring which allows the wearer to cast Virulent Venom.,,,,,,,,,,
Ring of Absolute Force,,,Ring,Uncommon,Non-Armour,0.1kg,40,,,,FALSE,,,,,,,,,Thunderwave,1,Short Rest,Absolute's Tempest,,,,,,,,,1,The Ring of Absolute Force is an uncommon Ring that allows the wearer to cast the  Thunderwave spell and deal 1 additional thunder damage if they have the Absolute's Brand.,,,,,,,,,,
Ring of Colour Spray,,,Ring,Uncommon,Non-Armour,0.1kg,40,,,,FALSE,,,,,,,,,Colour Spray,1,Short Rest,,,,,,,,,,1,Ring of Colour Spray is an uncommon Ring which allows the wearer to cast  Colour Spray once per short rest.,,,,,,,,,,
Ring of Elemental Infusion,,,Ring,Uncommon,Non-Armour,0.1kg,40,,,,FALSE,,,,,,,,,,,,Elemental Infusion,,,,,,,,,2,"The Ring of Elemental Infusion is an uncommon Ring that infuses your weapon with the element of your spells or cantrips, dealing additional damage.",,,,,,,,,,
Ring of Flinging,,,Ring,Uncommon,Non-Armour,0.1kg,40,,,,FALSE,,,,,,,,,,,,Throwing Boost,,,,,,,,,1,Ring of Flinging is an uncommon Ring that improves the throwing damage.,,,,,,,,,,
Ring of Geniality,,,Ring,Uncommon,Non-Armour,0.1kg,40,,,,FALSE,,,"Persuasion, Deception",1,,,,,,,,,,,,,,,,,2,Ring of Geniality is an uncommon Ring that grants a boost to Persuasion and Deception.,,,,,,,,,,
Ring of Jumping,,,Ring,Uncommon,Non-Armour,0.1kg,55,,,,FALSE,,,,,,,,,Enhance Leap,1,Short Rest,,,,,,,,,,1,Ring of Jumping is an uncommon Ring that grants the wearer the ability to cast Enhance Leap once per Short Rest.,,,,,,,,,,
Ring of Mental Inhibition,,,Ring,Uncommon,Non-Armour,0.1kg,40,,,,FALSE,,,,,,,,,,,,Mental Inhibition,,,,,,,,,2,Ring of Mental Inhibition is an uncommon Ring that places a mentally weakening condition on enemies who fail to Save against spells and abilities.,,,,,,,,,,
Ring of Salving,,,Ring,Uncommon,Non-Armour,0.1kg,40,,,,FALSE,,,,,,,,,,,,Saviour's Allure,,,,,,,,,1,The Ring of Salving is an uncommon Ring that restore addtional hit points every time the wearer heals another creature.,,,,,,,,,,
Ring of Self Immolation,,,Ring,Uncommon,Non-Armour,0.1kg,40,,,,FALSE,,,,,,,,,Self Immolation,,Short Rest,,,,,,,,,,2,The Ring of Self Immolation is an uncommon Ring that grants its wearer the ability to use the Self Immolation ability to gain the  Heat condition.,,,,,,,,,,
Ring of Shadows,,,Ring,Uncommon,Non-Armour,0.1kg,70,,,,FALSE,,,,,,,,,Pass Without Trace,2,Long Rest,,,,,,,,,,2,The Ring of Shadows is an uncommon Ring that grants its wearer the ability to cast  Pass Without Trace once per Long Rest.,,,,,,,,,,
Ring of Spiteful Thunder,,,Ring,Uncommon,Non-Armour,0.1kg,40,,,,FALSE,,,,,,,,,,,,Spiteful Thunder,,,,,,,,,2,The Ring of Spiteful Thunder is a uncommon Ring that may  Daze Reverberating creatures upon which the wearer deals ⁠Thunder damage.,,,,,,,,,,
Seemingly Gleaming Ring,,,Ring,Uncommon,Non-Armour,0.1kg,45,,,,FALSE,,,,,,CHA,1,,,,,,,,,,,,,,3,Seemingly Gleaming Ring is an uncommon Ring that grants +1 to Charisma Saving Throws and a -1 to Wisdom Saving Throws.,,,,,,,,,,
Shadow Blade Ring,,,Ring,Uncommon,Non-Armour,0.1kg,105,,,,FALSE,,,,,,,,,Shadow Blade,2,Short Rest,,,,,,,,,,2,Shadow Blade Ring is an uncommon Ring that grants its wearer the ability to cast Shadow Blade. It is a reward for completing the quest Find Arabella's Parents.,,,,,,,,,,
Shadow-Cloaked Ring,,,Ring,Uncommon,Non-Armour,0.1kg,40,,,,FALSE,,,,,,,,,,,,Shadowthief,,,,,,,,,2,The Shadow-Cloaked Ring is an uncommon Ring that causes the wearer's weapon and unarmed attacks to deal an additional 1d4 damage against Obscured or shadow creatures.,,,,,,,,,,
Shapeshifter's Boon Ring,,,Ring,Uncommon,Non-Armour,0.1kg,70,,,,FALSE,,,,,,,,,,,,Shapeshifter's Boon,,,,,,,,,3,Shapeshifter's Boon Ring is an uncommon Ring that grants the wearer +1d4 on all checks made while shapeshifted or disguised.,,,,,,,,,,
Smuggler's Ring,,,Ring,Uncommon,Non-Armour,0.1kg,40,,,,FALSE,,,"Stealth, Sleight of Hand",2,,,,,,,,,CHA,-1,,,,,,,1,Smuggler's Ring is an uncommon Ring that grants the wearer bonuses to Stealth and Sleight of Hand.,,,,,,,,,,
Snowburst Ring,,,Ring,Uncommon,Non-Armour,0.1kg,40,,,,FALSE,,,,,,,,,,,,Snowburst,,,,,,,,,2,Snowburst Ring is an uncommon Ring that causes the wearer to create a 4.5m / 15ft circle of ice around their target when dealing Cold damage.,,,,,,,,,,
Spurred Band,,,Ring,Uncommon,Non-Armour,0.1kg,40,,,,FALSE,,,,,,,,,,,,Frantic Urgency,,,,,,,,,1,The Spurred Band is an uncommon Ring that grants the wearer Momentum while greatly injured.,,,,,,,,,,
Strange Conduit Ring,,,Ring,Uncommon,Non-Armour,0.1kg,40,,,,FALSE,,,,,,,,,,,,Strange Conduit,,,,,,,,,2,The Strange Conduit Ring is a uncommon Ring that grants additional Psychic damage to the wearer's weapon while Concentrating.,,,,,,,,,,
Sunwalker's Gift,,,Ring,Uncommon,Non-Armour,0.1kg,40,,,,FALSE,,,,,,,,,,,,Sunwalker's Gift,,,,,,,,,1,Sunwalker's Gift is an uncommon Ring that grants a creature darkvision.,,,,,,,,,,
The Sparkswall,,,Ring,Uncommon,Non-Armour,0.1kg,40,,,,FALSE,Lightning,,,,,,,,,,,Spark Blocker,,,,,,,,,1,The Sparkswall is an uncommon Ring that shields the wearer from Lightning.,,,,,,,,,,
The Whispering Promise,,,Ring,Uncommon,Non-Armour,0.1kg,40,,,,FALSE,,,,,,,,,,,,Blessed Mercy,,,,,,,,,1,The Whispering Promise is an uncommon Ring that grants a bonus to Attack Rolls and Saving Throws to creatures healed by the wearer.,,,,,,,,,,
After Death Do Us Part,,,Ring,Rare,Non-Armour,0.1kg,70,,,,FALSE,,,,,,,,,,,,After Death Do Us Part,,,,,,,,,3,"After Death Do Us Part is a rare Ring which allows its wearer to regain half their hit points after being  Downed, but be cursed with  Shadow Possession.",,,,,,,,,,
Band of the Mystic Scoundrel,,,Ring,Rare,Non-Armour,0.1kg,190,,,,FALSE,,,,,,,,,,,,Illusion Quickening,,,,,,,,,3,Band of the Mystic Scoundrel is a rare Ring that grants the wearer the ability to cast illusion or enchantment spells as a bonus action after hitting a creature with a weapon attack.,,,,,,,,,,
Fetish of Callarduran Smoothhands,,,Ring,Rare,Non-Armour,0.1kg,70,,,,FALSE,,,,,,,,,Invisibility,2,Long Rest,,,,,,,,,,1,The Fetish of Callarduran Smoothhands is a rare Ring that allows the wearer to cast the Invisibility spell once per Long Rest.,,,,,,,,,,
Keepsake Ring,,,Ring,Rare,Non-Armour,0.1kg,190,,,,FALSE,,,,,,,,,Dominate Beast,5,Long Rest,,,,,,,,,,3,Keepsake Ring is a rare Ring that allows its wearer to cast  Dominate Beast as a 5th level spell once per Long Rest.,,,,,,,,,,
Ring of Arcane Synergy,,,Ring,Rare,Non-Armour,0.1kg,70,,,,FALSE,,,,,,,,,,,,Synergetic Cantrips,,,,,,,,,2,Ring of Arcane Synergy is a rare Ring. It grants Arcane Synergy when the wearer deals damage with a cantrip.,,,,,,,,,,
Ring of Blink,,,Ring,Rare,Non-Armour,0.1kg,190,,,,FALSE,,,,,,,,,Blink,3,Long Rest,,,,,,,,,,3,The Ring of Blink is a rare Ring that allows the wearer to cast  Blink once per Long Rest.,,,,,,,,,,
Ring of Exalted Marrow,,,Ring,Rare,Non-Armour,0.1kg,70,,,,FALSE,,,,,,,,,"Exhort the Risen, Ghoulish Touch",1,Long Rest,,,,,,,,,,2,Ring of Exalted Marrow is a rare Ring that grants the wearer the ability to cast Exhort the Risen and Ghoulish Touch.,,,,,,,,,,
Ring of Free Action,,,Ring,Rare,Non-Armour,0.1kg,160,,,,FALSE,,,,,,,,,,,,Unwavering,,,,,,,,,1,Ring of Free Action is a rare Ring which allows the wearer to ignore the effects of Difficult Terrain and confers immunity to  Paralysis and being  Restrained.,,,,,,,,,,
Ring of Mind-Shielding,,,Ring,Rare,Non-Armour,0.1kg,70,,,,FALSE,,,,,,,,,,,,Shelter,,,,,,,,,1,The Ring of Mind-Shielding is a rare Ring that gives advantage on saving throws against being Charmed.,,,,,,,,,,
Ring of Poison Resistance,,,Ring,Rare,Non-Armour,0.1kg,40,,,,FALSE,Poison,,,,,,,,,,,,,,,,,,,,1,The Ring of Poison Resistance is a rare Ring that grants the wearer Resistance to ⁠Poison damage.,,,,,,,,,,
Ring of Protection,,,Ring,Rare,Non-Armour,0.1kg,70,,,1,FALSE,,,,,,,1,,,,,,,,,,,,,,1,The Ring of Protection is a rare Ring that grants the wearer a bonus to  Armour Class and  Saving throws.,,,,,,,,,,
Ring of Truthfulness,,,Ring,Rare,Non-Armour,0.1kg,70,,,,FALSE,,,,,,,,,,,,Ring of Veracity,,,,,,,,,3,Ring of Truthfulness is a rare ring that grants its wearer  Advantage on  Insight checks.,,,,,,,,,,
Ring of Twilight,,,Ring,Rare,Non-Armour,0.1kg,70,,,,FALSE,,,,,,,,,,,,Treader by Twilight,,,,,,,,,2,The Ring of Twilight is a rare Ring that increases the wearer's Armour Class while obscured.,,,,,,,,,,
Risky Ring,,,Ring,Rare,Non-Armour,0.1kg,190,,,,FALSE,,,,,,,,,,,,Risky Attack,,,,,,,,,2,The Risky Ring is a rare Ring. The wearer gains  Advantage on  Attack rolls but receives  Disadvantage on  Saving throws.,,,,,,,,,,
Shifting Corpus Ring,,,Ring,Rare,Non-Armour,0.1kg,70,,,,FALSE,,,,,,,,,"Invisibility, Blur",2,Long Rest,,,,,,,,,,2,The Shifting Corpus Ring is a rare Ring that grants the ability to cast Invisibility and Blur once per Long Rest.,,,,,,,,,,
Till Death Do Us Part,,,Ring,Rare,Non-Armour,0.1kg,70,,,,FALSE,,,,,,,,,Beacon of Hope,3,Long Rest,,,,,,,,,,3,Til Death Do Us Part is a rare Ring that grants its wearer the ability to cast  Beacon of Hope.,,,,,,,,,,
True Love's Caress,,,Ring,Rare,Non-Armour,0.1kg,70,,,,FALSE,,,,,,,,,,,,Fond Caress,,,,,,,,,2,True Love's Caress is one of a matching pair of Rings that grants the wearer  Warding Bond.,,,,,,,,,,
True Love's Embrace,,,Ring,Rare,Non-Armour,0.1kg,70,,,,FALSE,,,,,,,,,,,,Intimate Embrace,,,,,,,,,2,True Love's Embrace is one of a matching pair of Rings that lets the wearer cast  Warding Bond.,,,,,,,,,,
Burnished Ring,,,Ring,Very Rare,Non-Armour,0.1kg,360,,,,FALSE,,,,,,,,,Paralyzing Ray,3,Long Rest,,,,,,,,,,3,The Burnished Ring is a very rare Ring that allows the wearer to cast  Paralyzing Ray once per Long Rest.,,,,,,,,,,
Crypt Lord Ring,,,Ring,Very Rare,Non-Armour,0.1kg,1000,,,,FALSE,,,,,,,,,Create Undead,6,Long Rest,,,,,,,,,,3,Crypt Lord Ring is a very rare Ring that allows the wearer to cast  Create Undead once per Long Rest.,,,,,,,,,,
Killer's Sweetheart,,,Ring,Very Rare,Non-Armour,0.1kg,140,,,,FALSE,,,,,,,,,,,,Executioner,,,,,,,,,2,"Killer's Sweetheart is a very rare Ring that makes the wearer's next Attack Roll a critical hit after killing a creature, once per Long Rest.",,,,,,,,,,
Orphic Ring,,,Ring,Very Rare,Non-Armour,0.1kg,360,,,,FALSE,,,,,,,,,Confusion,5,Long Rest,,,,,,,,,,3,Orphic Ring is a very rare ring that grants its wearer the  Confusion (level 5) spell on a long rest cooldown.,,,,,,,,,,
Ring of Evasion,,,Ring,Very Rare,Non-Armour,0.1kg,140,,,,FALSE,,,,,,,,,,,,Dextrous Evasion,,,,,,,,,3,Ring of Evasion is a very rare Ring that grants the wearer Dextrous Evasion.,,,,,,,,,,
Ring of Feywild Sparks,,,Ring,Very Rare,Non-Armour,0.1kg,140,,,,FALSE,,,,,,,,,,,,"Feywild Sparks, High Spellcasting (+1)",,,,,,,,,3,Ring of Feywild Sparks is a very rare Ring. It forces Wild Magic Surges to always trigger while  Tides of Chaos feature is active. It also grants a +1 bonus to Spell Save DC.,,,,,,,,,,
Ring of Regeneration,,,Ring,Very Rare,Non-Armour,0.1kg,360,,,,FALSE,,,,,,,,,,,,Combat Regeneration,,,,,,,,,1,Ring of Regeneration is a very rare Ring that heals the wearer at the beginning of their turn while in combat.,,,,,,,,,,
Guiding Light,,,Ring,Story Item,Non-Armour,0.1kg,40,,,,FALSE,,,,,,,,,Light,,,,,,,,,,,,1,The Guiding Light is an story-related Ring that allows the wearer to cast the  Light cantrip.,,,,,,,,,,
Aberration Hunters' Amulet,,,Amulet,Uncommon,Non-Armour,0.1kg,65,,,,FALSE,,,,,,,,,Ancient Grudges,,Short Rest,Aberration Hunter,,,,,,,,,2,"The Aberration Hunters' Amulet is an uncommon Amulet. It grants Githyanki wearing it  Advantage on Intelligence Saving Throws and aberrations have  Disadvantage on attacks against them. The wielder can gain  Advantage on Attack Rolls against Aberrations for 3 turns, once per Short Rest.[See: Bugs]",,,,,,,,,,
Absolute Confidence Amulet,,,Amulet,Uncommon,Non-Armour,0.1kg,45,,,,FALSE,,,"Performance, Intimidation",1,,,,,,,,,,,,,,,,,3,The Absolute Confidence Amulet is an uncommon Amulet that grants the wearer a +1 bonus to Performance checks at the cost of -1 to Intimidation checks.,,,,,,,,,,
Absolute's Talisman,,,Amulet,Uncommon,Non-Armour,0.1kg,65,,,,FALSE,,,,,,,,,Absolute's Talisman: Aid,2,Long Rest,Absolute's Mercy,,,,,,,,,1,"Absolute's Talisman is an uncommon Amulet that allows the wearer to cast a self-only version of Aid, and grants Advantage on Death Saving Throws if they bear the Absolute's Brand.",,,,,,,,,,
Amulet of Elemental Torment,,,Amulet,Uncommon,Non-Armour,0.1kg,65,,,,FALSE,,,,,,,,,,,,Nature's Vengeance,,,,,,,,,3,The Amulet of Elemental Torment is an uncommon Amulet that channels the effects of certain Surfaces into the wearer's spells.,,,,,,,,,,
Amulet of Misty Step,,,Amulet,Uncommon,Non-Armour,0.1kg,65,,,,FALSE,,,,,,,,,Misty Step,2,Short Rest,,,,,,,,,,1,Amulet of Misty Step is an uncommon amulet that grants its wearer the Misty Step spell on a short rest cooldown.,,,,,,,,,,
Amulet of Selûne's Chosen,,,Amulet,Uncommon,Non-Armour,0.1kg,65,,,,FALSE,,,,,,,,,Selûne's Dream,,Long Rest,,,,,,,,,,1,The Amulet of Selûne's Chosen is an uncommon Amulet that allows the wearer to cast Selûne's Dream once per Long Rest.,,,,,,,,,,
Amulet of Silvanus,,,Amulet,Uncommon,Non-Armour,0.1kg,65,,,,FALSE,,,,,,,,,Lesser Restoration,2,Short Rest,,,,,,,,,,1,The Amulet of Silvanus is an uncommon Amulet that allows the wearer to cast  Lesser Restoration once per Short Rest.,,,,,,,,,,
Amulet of the Unworthy,,,Amulet,Uncommon,Non-Armour,0.1kg,65,,,,FALSE,Slashing,Bludgeoning,,,,,,,,,,,,,,,,,,,1,"The Amulet of the Unworthy is an uncommon Amulet that protects the wearer from ⁠Slashing damage, but leaves them vulnerable to ⁠Bludgeoning damage.",,,,,,,,,,
Beastmaster's Chain,,,Amulet,Uncommon,Non-Armour,0.1kg,65,,,,FALSE,,,,,,,,,Animal Friendship,1,Long Rest,,,,,,,,,,1,Beastmaster's Chain is an uncommon Amulet that allows the wearer to cast  Animal Friendship once per Long Rest.,,,,,,,,,,
Broodmother's Revenge,,,Amulet,Uncommon,Non-Armour,0.1kg,65,,,,FALSE,,,,,,,,,,,,Venomous Revenge,,,,,,,,,1,The Broodmother's Revenge is an uncommon Amulet. It coats the wearer's weapon in poison whenever they are healed.,,,,,,,,,,
Fireheart,,,Amulet,Uncommon,Non-Armour,0.1kg,65,,,,FALSE,,,,,,,,,,,,Fervent Flames,,,,,,,,,2,Fireheart is an uncommon Amulet that grants the wearer 2 turns of  Heat when they take Fire damage.,,,,,,,,,,
Frost Prince,,,Amulet,Uncommon,Non-Armour,0.1kg,65,,,,FALSE,,,,,,,,,Ice Knife,1,Long Rest,,,,,,,,,,2,Frost Prince is an uncommon Amulet which grants the wearer the ability to cast the  Ice Knife spell.,,,,,,,,,,
Hammergrim Mist Amulet,,,Amulet,Uncommon,Non-Armour,0.1kg,65,,,,FALSE,,,,,,,,,Fog Cloud,1,Long Rest,,,,,,,,,,2,The Hammergrim Mist Amulet is an uncommon Amulet that grants the wearer the ability to cast the  Fog Cloud spell.,,,,,,,,,,
Kill Collar,,,Amulet,Uncommon,Non-Armour,0.1kg,65,,,,FALSE,,,,,,,,,,,,,,,,,,,,,,Kill Collar is an uncommon Amulet that represents the collars used by Gortash to keep the Gondians within the Iron Foundry in check.,,,,,,,,,,
Komira's Locket,,,Amulet,Uncommon,Non-Armour,0.1kg,65,,,,FALSE,,,,,,,,,Dancing Lights,,Per Turn,,,,,,,,,,1,Komira's Locket is an uncommon Amulet given to the party by  Arabella's parents.Grants its wearer the ability to cast  Dancing Lights.,,,,,,,,,,
Moondrop Pendant,,,Amulet,Uncommon,Non-Armour,0.1kg,65,,,,FALSE,,,,,,,,,,,,Writhing Dance,,,,,,,,,1,The Moondrop Pendant is an uncommon Amulet that allows the wearer to avoid provoking Attacks of Opportunity when below 50% hit points.,,,,,,,,,,
Necklace of Elemental Augmentation,,,Amulet,Uncommon,Non-Armour,0.1kg,65,,,,FALSE,,,,,,,,,,,,Elemental Augmentation,,,,,,,,,3,Necklace of Elemental Augmentation is an uncommon Amulet that adds the Spellcasting Modifier to the damage when the wearer uses elemental damage with a cantrip.,,,,,,,,,,
Pearl of Power Amulet,,,Amulet,Uncommon,Non-Armour,0.1kg,45,,,,FALSE,,,,,,,,,Pearlescent Restoration,,Long Rest,,,,,,,,,,1,The Pearl of Power Amulet is an uncommon Amulet that allows the wielder to restore a spell slot of 3rd level or lower once per Long Rest.,,,,,,,,,,
Psychic Spark,,,Amulet,Uncommon,Non-Armour,0.1kg,65,,,,FALSE,,,,,,,,,Magic Missile,1,Long Rest,Psychic Missiles,,,,,,,,,1,Psychic Spark is an uncommon Amulet that allows the wearer to cast a stronger version of  Magic Missile.,,,,,,,,,,
Shar's Temptation,,,Amulet,Uncommon,Non-Armour,0.1kg,65,,,,FALSE,,,,,,,,,Charm Person,1,Short Rest,,,,,,,,,,2,Shar's Temptation is an Amulet that allows its wearer to cast  Charm Person once per Short Rest.,,,,,,,,,,
Silver Pendant,,,Amulet,Uncommon,Non-Armour,0.1kg,65,,,,FALSE,,,,,,,,,Guidance,,Per Turn,,,,,,,,,,1,Silver Pendant is an uncommon Amulet that allows the wearer to cast  Guidance.,,,,,,,,,,
Spineshudder Amulet,,,Amulet,Uncommon,Non-Armour,0.1kg,65,,,,FALSE,,,,,,,,,,,,Crackling Resonance,,,,,,,,,2,Spineshudder Amulet is an uncommon Amulet that allows the wearer to inflict Reverberation when dealing damage with ranged spell attacks.,,,,,,,,,,
Tarnished Charm,,,Amulet,Uncommon,Non-Armour,0.1kg,65,,,,FALSE,,,,,,,,,,,,Fey Life,,,,,,,,,3,The Tarnished Charm is an uncommon amulet that reduces the DC of the wearer's death saving throws.,,,,,,,,,,
The Blast Pendant,,,Amulet,Uncommon,Non-Armour,0.1kg,65,,,,FALSE,,,,,,,,,Lightning Blast,,Long Rest,,,,,,,,,,1,The Blast Pendant is an uncommon Amulet that allows the wearer to focus and discharge their Lightning Charges to strengthen their next lightning spell.,,,,,,,,,,
The Ever-Seeing Eye,,,Amulet,Uncommon,Non-Armour,0.1kg,3,,,,FALSE,,,,,,,,,Protection from Evil and Good,1,Short Rest,,,,,,,,,,1,The Ever-Seeing Eye is an uncommon Amulet that allows the wearer to cast  Protection from Evil and Good once per Short Rest.,,,,,,,,,,
Amulet of Branding,,,Amulet,Rare,Non-Armour,0.1kg,125,,,,FALSE,,,,,,,,,Brand the Weak,1,Long Rest,,,,,,,,,,2,The Amulet of Branding is a rare Amulet which allows the wearer to cast Brand the Weak once per Long Rest.,,,,,,,,,,
Amulet of Restoration,,,Amulet,Rare,Non-Armour,0.1kg,160,,,,FALSE,,,,,,,,,"Healing Word, Mass Healing Word","1,3",Long Rest,,,,,,,,,,1,Amulet of Restoration is a rare Amulet that allows the wearer to cast  Healing Word and  Mass Healing Word once per Long Rest.,,,,,,,,,,
Amulet of the Drunkard,,,Amulet,Rare,Non-Armour,0.1kg,190,,,,FALSE,,,,,,,,,,,,Booze Remedy,,,,,,,,,3,"Amulet of the Drunkard is a rare amulet. It increases the duration of Drunk to 5 turns and causes the wearer to regain 2d4 hit points once, during the first turn of  Drunk that occurs with this item equipped.",,,,,,,,,,
Amulet of the Harpers,,,Amulet,Rare,Non-Armour,0.1kg,125,,,,FALSE,,,,,,WIS,,ADV,Shield,1,Long Rest,,,,,,,,,,2,Amulet of the Harpers is a rare Amulet that allows the wearer to cast Shield once per Long Rest and grants Advantage with Wisdom Saving Throws.,,,,,,,,,,
Champion's Chain,,,Amulet,Rare,Non-Armour,0.1kg,125,,,,FALSE,,,,,,,,,Tyrant Tongue,,Long Rest,,,,,,,,,,1,Champion's Chain is a rare Amulet that allows the wearer to grant an ally a bonus to Intimidation.,,,,,,,,,,
Chancer's Carcanet,,,Amulet,Rare,Non-Armour,0.1kg,190,,,,FALSE,,,,,,,,,,,,Innate Fortitude,,,,,,,,,3,"Chancer's Carcanet is a rare Amulet that allows the wearer to use a reaction to make an  Attack roll or  Saving throw with  Advantage, once per Long Rest.",,,,,,,,,,
Envoy's Amulet,,,Amulet,Rare,Non-Armour,0.1kg,125,,,,FALSE,,,,,,,,,Voice of the Circle,,Long Rest,,,,,,,,,,1,Envoy's Amulet is a rare Amulet that allows the wearer to grant an ally a bonus to Persuasion.,,,,,,,,,,
Periapt of Wound Closure,,,Amulet,Rare,Non-Armour,0.1kg,125,,,,FALSE,,,,,,,,,,,,"Wound Closure, Potent Healing",,,,,,,,,2,Periapt of Wound Closure is a rare Amulet. Its wearer is automatically stabilised if  Downed at the start of their turn and the maximum the amount of hit points are restored to them when they receive healing.,,,,,,,,,,
Sentient Amulet (Rare),,,Amulet,Rare,Non-Armour,0.1kg,125,,,,FALSE,,,,,,,,,"Shatter, Talk to the Sentient Amulet, Ki Restoration (Lesser)",2,Short Rest,,,,,,,,,,1,Sentient Amulet is a rare Amulet that allows the wearer to cast  Shatter once per Short Rest (with a drawback) and  Ki Restoration (Lesser) once per Long Rest.,,,,,,,,,,
Spell Savant Amulet,,,Amulet,Rare,Non-Armour,0.1kg,125,,,,FALSE,,,,,,,,,,,,Spell Amplification,,,,,,,,,3,Spell Savant Amulet is a rare Amulet that grants an additional Level 2 spell slot.,,,,,,,,,,
Strange Tendril Amulet,,,Amulet,Rare,Non-Armour,0.1kg,190,,,,FALSE,,,,,,,,,Evard's Black Tentacles,4,Long Rest,,,,,,,,,,2,Strange Tendril Amulet is a rare Amulet that allows the wearer to cast  Evard's Black Tentacles once per Long Rest.,,,,,,,,,,
Surgeon's Subjugation Amulet,,,Amulet,Rare,Non-Armour,0.1kg,125,,,,FALSE,,,,,,,,,,,,Paralysing Critical,,,,,,,,,2,"The Surgeon's Subjugation Amulet is a rare Amulet that, once per Long Rest, paralyses a humanoid on a Critical Hit.",,,,,,,,,,
The Amulet of Lost Voices,,,Amulet,Rare,Non-Armour,0.1kg,65,,,,FALSE,,,,,,,,,Speak with Dead,3,Long Rest,,,,,,,,,,1,The Amulet of Lost Voices is a rare Amulet that allows the wearer to cast  Speak with Dead once per Long Rest.,,,,,,,,,,
Uncovered Mysteries,,,Amulet,Rare,Non-Armour,0.1kg,125,,,,FALSE,,,,,,,,,Detect Thoughts,2,Long Rest,,,,,,,,,,1,Uncovered Mysteries is a rare Amulet that allows the wearer to cast Detect Thoughts once per Long Rest.,,,,,,,,,,
Amulet of Greater Health,,,Amulet,Very Rare,Non-Armour,0.1kg,210,,,,FALSE,,,,,,CON,,ADV,,,,,CON,23,23,,,,,,3,Amulet of Greater Health is a very rare Amulet that can be obtained from the House of Hope.,,,,,,,,,,
Amulet of the Devout,,,Amulet,Very Rare,Non-Armour,0.1kg,65,,,,FALSE,,,,,,,,,,,,"High Spellcasting (+2), Godswill",,,,,,,,,3,"The Amulet of the Devout is a very rare Amulet. It grants the wearer a +2 bonus to Spell Save DC and, if the wearer has access to it, an additional use of  Channel Divinity Charge.",,,,,,,,,,
Amulet of Windrider,,,Amulet,Very Rare,Non-Armour,0.1kg,210,,,,FALSE,,,,,,,,,"Ride the Winds, Gust of Wind","3,2",Long Rest,,,,,,,,,,3,Amulet of Windrider is a very rare Amulet that allows the wearer to cast Ride the Winds and Gust of Wind. It is one of the rewards of the quest Save Vanra.,,,,,,,,,,
Corvid Token,,,Amulet,Very Rare,Non-Armour,0.1kg,230,,,,FALSE,,,,,,,,,Polymorph: Dire Raven,,Long Rest,Boon of the Raven Queen,,,,,,,,Feather Fall,3,"Corvid Token is a very rare Amulet that increases jump distance and flying speed, grants the Polymorph: Dire Raven action, and grants Feather Fall to the wearer, which persists while Polymorphed or Wild Shaped.",,,,,,,,,,
Fey Semblance Amulet,,,Amulet,Very Rare,Non-Armour,0.1kg,210,,,,FALSE,,,,,,,,,,,,Semblance of Fey,,,,,,,,,3,Fey Semblance Amulet is a very rare Amulet that gives the user advantage on all mental saving throws.,,,,,,,,,,
Khalid's Gift,,,Amulet,Very Rare,Non-Armour,0.1kg,140,,,,FALSE,,,,,,,,,Khalid's Gift: Aid,3,Long Rest,Odd Gift,WIS,1,21,,,,,,3,"Khalid's Gift is a very rare Amulet that was gifted to Jaheira by Khalid and stored away in the basement of her home. While wearing it, Jaheira cannot be cursed.",,,,,,,,,,
Sentient Amulet (Very Rare),,,Amulet,Very Rare,Non-Armour,0.1kg,210,,,,FALSE,,,,,,,,,"Shatter, Ki Restoration (Greater)",3,Long Rest,,,,,,,,,,2,Sentient Amulet is a very rare Amulet which allows the wearer to cast  Shatter once per Long Rest and  Ki Restoration (Greater) once per Long Rest. It is a possible reward for the quest Help the Cursed Monk.,,,,,,,,,,
Spellcrux Amulet,,,Amulet,Very Rare,Non-Armour,0.1kg,210,,,,FALSE,,,,,,,,,Spell Slot Restoration,,Long Rest,,,,,,,,,,2,Spellcrux Amulet is a very rare Amulet that allows the wearer to restore any one spell slot once per Long Rest.,,,,,,,,,,
The Spectator Eyes,,,Amulet,Very Rare,Non-Armour,0.1kg,360,,,,FALSE,,,,,,,,,"Ray of Fear, Wounding Ray",3,Long Rest,,,,,,,,,,1,The Spectator Eyes is a very rare Amulet that allows the wearer to cast  Ray of Fear and  Wounding Ray once per Long Rest.,,,,,,,,,,
Tressym Collar,,,Amulet,Very Rare,Non-Armour,0.1kg,360,,,,FALSE,,,,,,,,,Telekinesis,5,Long Rest,,,,,,,,,,3,Tressym Collar is a very rare Amulet which allows the wearer to cast  Telekinesis once per Long Rest.,,,,,,,,,,
Unflinching Protector Amulet,,,Amulet,Very Rare,Non-Armour,0.1kg,210,,,,FALSE,,,,,,,,,,,,Unflinching Protection,,,,,,,,,3,Unflinching Protector Amulet is a very rare Amulet that can be obtained from Ptaris.,,,,,,,,,,
Amulet of Bhaal,,,Amulet,Story Item,Non-Armour,0.1kg,120,,,,FALSE,,,,,,,,,,,,First Blood,,,,,,,,,3,Amulet of Bhaal is a story-related Amulet which allows the wearer to inflict  Bleeding when hitting targets with maximum hit points. It also grants access to the Bhaal Temple.,,,,,,,,,,
Broken Shield,,,Shield,Common,Shields,2.7kg,15,,,1,FALSE,,,,,,,,,,,,,,,,,,,,,,"The Broken Shield is a common Shield that is severly damaged, providing less AC than regular shields.",,,,,,,,,,
Fossilised Shell,,,Shield,Common,Shields,2.7kg,15,,,2,FALSE,,,,,,,,,,,,,,,,,,,,,,The Fossilised Shell is a common Shield worn by the primitive Kuo-toa of the Underdark.,,,,,,,,,,
Iron-Banded Shield,,,Shield,Common,Shields,2.7kg,15,,,2,FALSE,,,,,,,,,,,,,,,,,,,,,,The Iron-Banded Shield is a common Shield.,,,,,,,,,,
Metal Shield,,,Shield,Common,Shields,2.7kg,15,,,2,FALSE,,,,,,,,,,,,,,,,,,,,,1,The Metal Shield is a common Shield emblazoned with the symbol of the Flaming Fist mercenaries.,,,,,,,,,,
Organic Shield,,,Shield,Common,Shields,2.7kg,15,,,2,FALSE,,,,,,,,,,,,,,,,,,,,,,An Organic Shield is a common Shield.,,,,,,,,,,
Rusty Studded Shield,,,Shield,Common,Shields,2.7kg,15,,,2,FALSE,,,,,,,,,,,,,,,,,,,,,,The Rusty Studded Shield is a common Shield.,,,,,,,,,,
Scrapwood Shield,,,Shield,Common,Shields,2.7kg,15,,,2,FALSE,,,,,,,,,,,,,,,,,,,,,1,A Scrapwood Shield is a common Shield used by goblins.,,,,,,,,,,
Shield,,,Shield,Common,Shields,2.7kg,15,,,2,FALSE,,,,,,,,,,,,,,,,,,,,,,A Shield is a common piece of defensive equipment wielded in one hand.,,,,,,,,,,
Spiked Shield,,,Shield,Common,Shields,2.7kg,4,,,2,FALSE,,,,,,,,,,,,,,,,,,,,,,A Spiked Shield is a common Shield used by Goblins.,,,,,,,,,,
Studded Shield,,,Shield,Common,Shields,2.7kg,15,,,2,FALSE,,,,,,,,,,,,,,,,,,,,,1,A Studded Shield is a common Shield.,,,,,,,,,,
Training Shield,,,Shield,Common,Shields,0.5kg,3,,,1,FALSE,,,,,,,,,,,,,,,,,,,,,,"The Training Shield is a common Shield that is reserved for practice instead of real fighting. Considering it isn't sold anywhere, requires stealing and is inferior to other shields it can be considered little more than junk.",,,,,,,,,,
Wooden Shield,,,Shield,Common,Shields,2.7kg,15,,,2,FALSE,,,,,,,,,,,,,,,,,,,,,,A Wooden Shield is a common Shield.,,,,,,,,,,
Absolute's Warboard,,,Shield,Uncommon,Shields,2.7kg,70,,,2,FALSE,,,,,,,1,,Heroism,1,Long Rest,Absolute's Ward,,,,,,,,,1,Absolute's Warboard is an uncommon Shield that improves a branded wearer's Saving Throws and allows them to cast Heroism once per Long Rest.,,,,,,,,,,
Gloomstrand Shield,,,Shield,Uncommon,Shields,2.7kg,70,,,2,FALSE,,,Stealth,1,,,,,,,,,,,,,,,,,2,Gloomstrand Shield is an uncommon Shield that adds +1 to Stealth,,,,,,,,,,
Glowing Shield,,,Shield,Uncommon,Shields,2.7kg,70,,,2,FALSE,,,,,,,,,,,,Loving Protection,,,,,,,,,1,The Glowing Shield is an uncommon Shield that grants its user Temporary Hit Points once per Short Rest when they take damage while greatly injured.,,,,,,,,,,
Ironvine Shield,,,Shield,Uncommon,Shields,2.7kg,45,,,2,FALSE,,,,,,,,,,,,Ironvine,,,,,,,,,2,Ironvine Shield is an uncommon Shield that damages the attacker if the wielder is using a weapon empowered with Shillelagh.,,,,,,,,,,
Safeguard Shield,,,Shield,Uncommon,Shields,2.7kg,55,,,2,FALSE,,,,,,,1,,,,,,,,,,,,,,1,The Safeguard Shield is an uncommon Shield that grants you Saving Throws +1,,,,,,,,,,
The Real Sparky Sparkswall,,,Shield,Uncommon,Shields,2.7kg,70,,,2,FALSE,,,,,,,,,Lightning Aura,,Long Rest,,,,,,,,,,1,The Real Sparky Sparkswall is an uncommon Shield that allows the wearer to create a Lightning Aura.,,,,,,,,,,
Watcher's Shield,,,Shield,Uncommon,Shields,2.7kg,70,,,2,FALSE,,,Perception,,ADV,,,,,,,,,,,,,,,,2,Watcher's Shield is an uncommon Shield that gives the wielder Advantage on Perception Checks.,,,,,,,,,,
Wood Woad Shield,,,Shield,Uncommon,Shields,2.7kg,115,,,2,FALSE,,,,,,,,,Woad's Ensnaring Strike,1,Short Rest,,,,,,,,,,1,Wood Woad Shield is an uncommon Shield found on Wood Woads and grants its wearer the ability to cast Woad's Ensnaring Strike.,,,,,,,,,,
Absolute's Protector,,,Shield,Rare,Shields,2.7kg,300,,,2,FALSE,,,,,,,,,"Shield Blow, Fire Shield: Chill",4,Long Rest,Absolute's Aegis,,,,,,,,,2,"Absolute's Protector is a rare Shield that reduces damage from spells by 1 if the user bears the mark of the Absolute, grants Shield Bash, and allows the wielder to cast Fire Shield: Chill once per Long Rest.",,,,,,,,,,
Adamantine Shield,,,Shield,Rare,Shields,2.7kg,190,,,2,TRUE,,,,,,,,,Shield Blow,,,Adamantine Shield,,,,,,,,,1,Adamantine Shield is a rare Shield that sends enemies Reeling when they miss you with a melee attack.,,,,,,,,,,
Iron-Banded Shield +1,,,Shield,Rare,Shields,2.7kg,300,,,3,FALSE,,,,,,,,,,,,,,,,,,,,,,Iron-Banded Shield +1 is a rare Shield with an enchantment increasing its Armour Class bonus.,,,,,,,,,,
Justiciar's Greatshield,,,Shield,Rare,Shields,2.7kg,300,,,2,FALSE,,,Perception,,ADV,,,,"Darkness Cloak, Shield Blow",,Short Rest,,,,,,,,,,2,"Justiciar's Greatshield is a rare Shield that allows the wielder to cast Darkness Cloak to hide themselves, and gains advantage on Perception checks.",,,,,,,,,,
Ketheric's Shield,,,Shield,Rare,Shields,2.7kg,300,,,2,FALSE,,,,,,DEX,,ADV,Shield Blow,,,Arcane Enchantment (Ketheric's Shield),,,,,,,,,2,Ketheric's Shield is a rare Shield that grants the action Shield Bash and improves your spellcasting-related rolls. It also gives you Advantage on Dexterity Saving Throws.,,,,,,,,,,
Sentinel Shield,,,Shield,Rare,Shields,2.7kg,580,,,2,FALSE,,,,,,,,,Shield Blow,,,Heightened Awareness,,,,,,,,,2,Sentinel Shield is a rare Shield that provides the user +3 to Initiative rolls and advantage on Perception checks,,,,,,,,,,
Shield +1,,,Shield,Rare,Shields,2.7kg,300,,,3,FALSE,,,,,,,,,,,,,,,,,,,,,,A Shield +1 is a rare Shield with an enchantment increasing its  Armour Class bonus.,,,,,,,,,,
Shield of Scorching Reprisal,,,Shield,Rare,Shields,2.7kg,190,,,2,FALSE,Fire,,,,,,,,"Shield Blow, Blazing Retaliation",,,,,,,,,,,,2,"Shield of Scorching Reprisal is a rare Shield that grants Fire Resistance, allows one to Shield Bash, and also apply Blazing Retaliation.",,,,,,,,,,
Shield of Shielding,,,Shield,Rare,Shields,2.7kg,190,,,2,FALSE,,,,,,,,,"Shield Blow, Shield",1,Long Rest,,,,,,,,,,3,Shield of Shielding is a rare Shield that allows the wearer to cast Shield and use Shield Bash.,,,,,,,,,,
Studded Shield +1,,,Shield,Rare,Shields,2.7kg,300,,,3,FALSE,,,,,,,,,,,,,,,,,,,,,3,A Studded Shield +1 is a rare Shield with an enchantment increasing its  Armour Class bonus.,,,,,,,,,,
Abdel's Trusted Shield,,,Shield,Very Rare,Shields,2.7kg,570,,,2,FALSE,,,,,,,,,"Shield Blow, Protection from Missiles",2,Short Rest,,,,,,,,,,3,"Abdel's Trusted Shield is a very rare Shield that allows the wearer to cast Protection from Missiles once per Short Rest, as well as use Shield Bash.",,,,,,,,,,
Shield of Devotion,,,Shield,Very Rare,Shields,2.7kg,570,,,2,FALSE,,,,,,,,,"Shield Blow, Shield of Devotion: Aid",3,Long Rest,Additional Spell Slot,,,,,,,,,2,"Shield of Devotion is a very rare Shield that grants a Level 1 Spell Slot, Shield Bash and allows the wielder to cast Shield of Devotion: Aid at Level 3 Spell once per Long Rest.",,,,,,,,,,
Shield of the Undevout,,,Shield,Very Rare,Shields,2.7kg,570,,,2,FALSE,,,,,,,,,Shield Blow,,,"Dreadful Hewer, Additional Spell Slot",,,,,,,,,3,Shield of the Undevout is a very rare Shield that applies Disadvantage on Frightened Saving Throws to your foes and grants an additional level 1 spell slot. It also grants Shield Bash.,,,,,,,,,,
Swires' Sledboard,,,Shield,Very Rare,Shields,2.7kg,360,,,2,FALSE,,,,,,,,,Shield Blow,,,Shield Conduit,,,,,,,,,3,Swires' Sledboard is a very rare shield that grants the wearer Force Conduit at the start of combat. It also grants Shield Bash.,,,,,,,,,,
Viconia's Walking Fortress,,,Shield,Story Item,Shields,2.7kg,760,,,3,FALSE,,,,,,,,,"Bulwark Rebuke, Reflective Shell, Warding Bond",,,Spellguard,,,,,,,,,3,Viconia's Walking Fortress is a legendary shield that can deal Force damage to the attacker when hit. Gives Advantage on saving throws against spells and Disadvantage to spell attacks made against the wearer.,,,,,,,,,,
Simple Robe,,,Clothing,Common,Non-Armour,1.8kg,11,,DEX,,FALSE,,,,,,,,,,,,,,,,,,,,,,A Robe is a common piece of Clothing.,,,,,,,,,,
Barbarian Clothes,,,Clothing,Common,Non-Armour,1.8kg,11,,DEX,,FALSE,,,,,,,,,,,,,,,,,,,,,,Barbarian Clothes are a common piece of Clothing.,,,,,,,,,,
Armour of Uninhibited Kushigo,,,Clothing,Uncommon,Non-Armour,1.8kg,250,,DEX,,FALSE,,,,,,,,,Kushigo Counter,,,,,,,,,,,,1,"The Armour of Uninhibited Kushigo is an uncommon piece of Clothing that allows the wearer to counter attack an enemy that misses them, so long as Patient Defence is active.",,,,,,,,,,
Bided Time,,,Clothing,Uncommon,Non-Armour,1.8kg,250,,DEX,,FALSE,,,,,,,,,,,,Time Thoroughly Bided,,,,,,,,,2,Bided Time is a set of uncommon Clothing that causes the wearer to gain Arcane Charge whenever they are hit by a melee attack.,,,,,,,,,,
Bloodguzzler Garb,,,Clothing,Uncommon,Non-Armour,1.8kg,250,,DEX,,FALSE,,,,,,,,,,,,Grievous Retribution,,,,,,,,,1,The Bloodguzzler Garb is an uncommon piece of Clothing that grants its wearer Wrath when an enemy damages the wearer.,,,,,,,,,,
Cloth Armour,,,Clothing,Uncommon,Non-Armour,1.8kg,250,,DEX,,FALSE,,,,,,,,,,,,Grievous Retribution,,,,,,,,,3,Cloth Armour is an uncommon piece of Clothing that grants Wrath when an enemy damages the wearer.,,,,,,,,,,
Poisoner's Robe,,,Clothing,Uncommon,Non-Armour,1.8kg,250,,DEX,,FALSE,,,,,,,,,,,,Poison Trails,,,,,,,,,1,The Poisoner's Robe is an uncommon piece of Clothing that makes the wearer's poison spells deal more damage.,,,,,,,,,,
Robe,,,Clothing,Uncommon,Non-Armour,1.8kg,11,,DEX,,FALSE,,,,,,,,,,,,,,,,,,,,,,A Robe is a common piece of Clothing.,,,,,,,,,,
Robe of Summer,,,Clothing,Uncommon,Non-Armour,1.8kg,250,,DEX,,FALSE,Cold,,,,,,,,,,,,,,,,,,,,1,The Robe of Summer is an uncommon piece of Clothing that grants the wearer Resistance to Cold damage.,,,,,,,,,,
Cloth of Authority,,,Clothing,Rare,Non-Armour,1.8kg,800,,DEX,1,FALSE,,,,,,,,,,,,"Dauntless, Authority",,,,,,,,,3,Cloth of Authority is a rare piece of Clothing that grants immunity to emotion-altering conditions and grants +1 Armour Class and Advantage on Intimidation and Insight checks.,,,,,,,,,,
Drunken Cloth,,,Clothing,Rare,Non-Armour,1.8kg,800,,DEX,,FALSE,,,,,,,,,,,,Snowy Liver,,,,,,,,,3,Drunken Cloth is a rare piece of Clothing that grants the wearer Advantage on Constitution Saving Throws while Drunk. They also gain temporary hit points at the start of each turn.,,,,,,,,,,
Enraging Heart Garb,,,Clothing,Rare,Non-Armour,1.8kg,800,,DEX,,FALSE,,,,,,,,,,,,Ruintamer Heart,CON,2,20,,,,,,2,The Enraging Heart Garb is a rare piece of Clothing that grants Wrath while the wearer is Raging. It also increases Constitution by 2.,,,,,,,,,,
Garb of the Land and Sky,,,Clothing,Rare,Non-Armour,1.8kg,800,,DEX,1,FALSE,,,,,,,,,,,,"Mountainous Poise, Breezeswift Speed",,,,,,,,,3,"Garb of the Land and Sky is rare Clothing that grants the wearer Blade Ward when using Patient Defence. When using Step of the Wind, the wearer's next Attack Roll has Advantage and deals an additional 1d8 Force damage.",,,,,,,,,,
Icebite Robe,,,Clothing,Rare,Non-Armour,1.8kg,800,,DEX,,FALSE,Cold,,,,,,,,Armour of Agathys,3,Long Rest,,,,,,,,,,2,Icebite Robe is a rare piece of Clothing. It grants the wearer Resistance to Cold damage and allows them to cast Armour of Agathys as a 3rd level spell once per Long Rest.,,,,,,,,,,
Mutilated Carapace,,,Clothing,Rare,Non-Armour,1.8kg,800,,DEX,1,FALSE,,,,,,,,,,,,"Formless Slaughter, Faceless Masquerade",,,,,,,,,3,"Mutilated Carapace is a rare piece of Clothing that grants its wearer a bonus to Attack Rolls and damage rolls while being disguised, as well as Advantage on Deception and Persuasion Ability Checks.",,,,,,,,,,
Obsidian Laced Robe,,,Clothing,Rare,Non-Armour,1.8kg,800,,DEX,,FALSE,Fire,,,,,,,,,,,Flaming Revenge,,,,,,,,,2,"Obsidian Laced Robe is rare piece of Clothing that deals Fire damage to enemies on a successful Saving Throw against their spells, and grants its wearer resistance to Fire damage.",,,,,,,,,,
Robe of Exquisite Focus,,,Clothing,Rare,Non-Armour,1.8kg,800,,DEX,,FALSE,,,,,,,,,,,,High Spellcasting (+1),,,,,,,,,2,The Robe of Exquisite Focus is a rare piece of Clothing that increases its wearer's Spell Save DC.,,,,,,,,,,
Shelter of Athkatla,,,Clothing,Rare,Non-Armour,1.8kg,1000,,DEX,,FALSE,,,,,,,,,Mirror Image,2,Long Rest,Spell Resistance,,,,,,,,,3,"Shelter of Athkatla is a rare Clothing that grants the wearer Advantage against spell Saving Throws, and grants the ability to cast Mirror Image",,,,,,,,,,
The Graceful Cloth,,,Clothing,Rare,Non-Armour,1.8kg,800,,DEX,,FALSE,,,,,,,,,,,,"Cat's Grace, Nimble As a Cat",,,,,,,,Cat's Grace,2,The Graceful Cloth is a rare piece of Clothing which gives its wearer +2 Dexterity and the Cat's Grace condition. It also boosts their Dexterity Saving Throws and jump distance.,,,,,,,,,,
The Mighty Cloth,,,Clothing,Rare,Non-Armour,1.8kg,800,,DEX,,FALSE,,,,,,,,,Bull Rush,,Per Turn,"Bull's Strength, Unwavering Bull",,,,,,,,,2,The Mighty Cloth is a rare piece of Clothing that gives its wearer +2 Strength (up to 20) and the Bull's Strength condition. Also grants the wearer the Bull Rush class action.,,,,,,,,,,
The Protecty Sparkswall,,,Clothing,Rare,Non-Armour,1.8kg,260,,DEX,,FALSE,,,,,,,,,,,,"High Spellcasting (+1), Sparkswall Armour",,,,,,,,,1,The Protecty Sparkswall is a rare Clothing that increases the wearer's defences while they have Lightning Charges and grants a +1 bonus to their Spell Save DC.,,,,,,,,,,
Viconia's Priestess Robe,,,Clothing,Rare,Non-Armour,1.8kg,1600,,DEX,1,FALSE,,,,,,,,,,,,"Shar's Umbrae, Sharran Veil",,,,,,,,,3,"Viconia's Priestess Robe is a rare Clothing that grants the wearer Advantage on Stealth checks while Obscured, and enhances Shield of Faith to give a +2 to all Saving Throws as well.",,,,,,,,,,
Bonespike Garb,,,Clothing,Very Rare,Non-Armour,1.8kg,1600,,DEX,,FALSE,,,,,,,,,,,,"Slabjaw Determination, Exoskeletal Endurance",,,,,,,,,3,"Bonespike Garb is a very rare Clothing that grants temporary hit points when using Rage, and reduces incoming damage by 2. Attackers receive Piercing damage when the wearer is struck.",,,,,,,,,,
Infernal Robe,,,Clothing,Very Rare,Non-Armour,1.8kg,1600,,DEX,1,FALSE,Fire,,,,,,,,Fire Shield: Warm,4,Long Rest,,,,,,,,,,1,"Infernal Robe is a very rare piece of Clothing that makes its wearer resistant to Fire damage and grants the Fire Shield (Warm) at level 4, once per Long Rest.",,,,,,,,,,
Moon Devotion Robe,,,Clothing,Very Rare,Non-Armour,1.8kg,1600,,DEX,,FALSE,,,,,,,1,,"Lunar Bulwark, Produce Flame",1,Long Rest,Selûne's Protection,,,,,,,,,2,Moon Devotion Robe is a very rare Clothing that grants Advantage on Constitution Saving Throws and grants the ability to cast Produce Flame and Lunar Bulwark.,,,,,,,,,,
Potent Robe,,,Clothing,Very Rare,Non-Armour,1.8kg,1600,,DEX,1,FALSE,,,,,,,,,,,,"Gregarious Caster, Well-Liked and Well-Fortified",,,,,,,,,2,The Potent Robe is a very rare piece of Clothing that uses the wearer's Charisma modifier to increase their cantrips' damage as well as give them temporary hit points.,,,,,,,,,,
Robe of Supreme Defences,,,Clothing,Very Rare,Non-Armour,1.8kg,1600,,DEX,,FALSE,,,,,,,,,,,,Exquisite Focus,,,,,,,,,3,"The Robe of Supreme Defences is a very rare Clothing that adds your Spellcasting Modifier to your Saving Throws, when you are concentrating on a spell.",,,,,,,,,,
Robe of the Weave,,,Clothing,Very Rare,Non-Armour,1.8kg,2900,,DEX,2,FALSE,,,,,,,,,,,,"Weave Eater, Arcane Enchantment (Robe of the Weave)",,,,,,,,,3,"Robe of the Weave is a very rare Clothing. It allows the wearer to heal when succeeding a saving throw against a spell, and boosts Spell Save DC and Spell Attack by 1 each.",,,,,,,,,,
Veil of the Morning,,,Clothing,Very Rare,Non-Armour,1.8kg,1600,,DEX,,FALSE,,,,,,,,,Turn Undead,,Long Rest,Let The Undead Blanch With Fear,,,,,,,,,3,"Veil of the Morning is a very rare Clothing that imposes Disadvantage on Undead Attack Rolls against the wearer, grants the wearer Advantage against Undead spells and actions, and allows the wearer to Turn Undead.",,,,,,,,,,
Vest of Soul Rejuvenation,,,Clothing,Very Rare,Non-Armour,1.8kg,4160,,DEX,2,FALSE,,,,,,,,,,,,"Defier's Rejuvenation, Greater Kushigo Counter",,,,,,,,,3,"Vest of Soul Rejuvenation is a very rare Clothing that allows the wearer to heal on a successful saving throw against a spell, and can make an Unarmed Attack against any attacker that misses, using a Reaction.",,,,,,,,,,
Wavemother's Robe,,,Clothing,Very Rare,Non-Armour,1.8kg,610,,DEX,1,FALSE,,,,,,,,,Create or Destroy Water,4,Short Rest,"Temperature Adjustment, Watery Rejuvenation",,,,,,,,,3,Wavemother's Robe is a very rare Clothing which grants the wearer Resistance to Fire and Cold damage. The wearer also heals while standing in water and can cast Create or Destroy Water.,,,,,,,,,,
Cape of the Red Prince,,,Cloak,Common,Non-Armour,0.5kg,1,,,,FALSE,,,,,,,,,,,,,,,,,,,,,,Cape of the Red Prince is a common Cloak.,,,,,,,,,,
Cloak,,,Cloak,Uncommon,Non-Armour,0.5kg,20,,,,FALSE,,,,,,,,,,,,,,,,,,,,,,Cloak is a common Cloak that provides no bonuses to the wearer.,,,,,,,,,,
Cindermoth Cloak,,,Cloak,Uncommon,Non-Armour,0.5kg,70,,,,FALSE,,,,,,,,,,,,Flaming Shroud,,,,,,,,,3,Cindermoth Cloak is an uncommon Cloak that inflicts Burning on any foe within 2m / 7ft which damages the wearer.,,,,,,,,,,
Cloak of Cunning Brume,,,Cloak,Uncommon,Non-Armour,0.5kg,70,,,,FALSE,,,,,,,,,,,,Cunning Brume,,,,,,,,,2,Cloak of Cunning Brume is an uncommon Cloak which grants the user a  smokescreen cloud effect when trying to  Disengage.,,,,,,,,,,
Cloak of Elemental Absorption,,,Cloak,Uncommon,Non-Armour,0.5kg,115,,,,FALSE,,,,,,,,,Absorb Elements,,,,,,,,,,,,2,"Cloak of Elemental Absorption is an uncommon Cloak that allows the wearer to absorb a small amount of magical damage, and add it to their next attack.",,,,,,,,,,
Cloak of Protection,,,Cloak,Uncommon,Non-Armour,0.5kg,200,,,1,FALSE,,,,,,,1,,,,,,,,,,,,,,2,Cloak of Protection is an uncommon Cloak which grants the user +1  Armour Class and +1 to  Saving throws,,,,,,,,,,
Fleshmelter Cloak,,,Cloak,Uncommon,Non-Armour,0.5kg,70,,,,FALSE,,,,,,,,,,,,Caustic Reprisal,,,,,,,,,2,Fleshmelter Cloak is an uncommon Cloak. It deals acid damage to creatures that deal melee damage to the wearer.,,,,,,,,,,
Reverse Rain Cloak,,,Cloak,Uncommon,Non-Armour,0.5kg,1,,,,FALSE,,,,,,,,,,,,,,,,,,,,Wet,3,"Reverse Rain Cloak is an uncommon Cloak that grants the user the condition  Wet while worn, increasing resistance to ⁠Fire, but granting vulnerability to ⁠Lightning and ⁠Cold damage.",,,,,,,,,,
Thunderskin Cloak,,,Cloak,Uncommon,Non-Armour,0.5kg,75,,,,FALSE,,,,,,,,,,,,Dazing Echo,,,,,,,,,2,Thunderskin Cloak is an uncommon Cloak which has a chance to  Daze creatures that are  Reverberating when they damage the wearer.,,,,,,,,,,
Vivacious Cloak,,,Cloak,Uncommon,Non-Armour,0.5kg,70,,,,FALSE,,,,,,,,,,,,Arcane Vivaciousness,,,,,,,,,2,Vivacious Cloak is an uncommon Cloak that grants the wearer 8 temporary Hit Points when casting a spell in melee.,,,,,,,,,,
Cloak of Displacement,,,Cloak,Rare,Non-Armour,0.5kg,190,,,,FALSE,,,,,,,,,,,,Displacement,,,,,,,,,3,"Cloak of Displacement is a rare Cloak that, every turn, subjects enemy attacks against its wearer to Disadvantage until the wearer takes damage.",,,,,,,,,,
Derivation Cloak,,,Cloak,Rare,Non-Armour,0.5kg,190,,,,FALSE,,,,,,,,,,,,Deadly Derivation,,,,,,,,,2,Derivation Cloak is a rare Cloak which heals the wearer for 1d4 Hit Points when they Poison a foe.,,,,,,,,,,
The Deathstalker Mantle,,,Cloak,Rare,Non-Armour,0.5kg,190,,,,FALSE,,,,,,,,,,,,The Shadow Itself,,,,,,,,,,The Deathstalker Mantle is a rare Cloak that turns the wearer Invisible for 2 turns after killing an enemy.,,,,,,,,,,
Wavemother's Cloak,,,Cloak,Rare,Non-Armour,0.5kg,190,,,,FALSE,,,,,,,,,,,,Damp Aegis,,,,,,,,,3,Wavemother's Cloak is a rare Cloak that grants its wearer Water Layer Protection every turn.,,,,,,,,,,
Cloak of the Weave,,,Cloak,Very Rare,Non-Armour,0.5kg,300,,,,FALSE,,,,,,,,,Absorb Elements,,Short Rest,Arcane Enchantment (Cloak of the Weave),,,,,,,,,3,"Cloak of the Weave is a very rare Cloak that allows the wearer to absorb a small amount of magical damage, and add it to their next attack. It also gives better Spell Save DC and Spell Attack Rolls.",,,,,,,,,,
Mantle of the Holy Warrior,,,Cloak,Very Rare,Non-Armour,0.5kg,630,,,,FALSE,,,,,,,,,Crusader's Mantle,3,Short Rest,,,,,,,,,,3,The Mantle of the Holy Warrior is a Very Rare Cloak that grants the wearer the ability to cast Crusader's Mantle.,,,,,,,,,,
Nymph Cloak,,,Cloak,Very Rare,Non-Armour,0.5kg,360,,,,FALSE,,,,,,,,,Dominate Person,5,Long Rest,,,,,,,,,,3,Nymph Cloak is a very rare Cloak that allows the wearer to cast Dominate Person once per Long Rest.,,,,,,,,,,
Shade-Slayer Cloak,,,Cloak,Very Rare,Non-Armour,0.5kg,360,,,,FALSE,,,,,,,,,,,,Stealthy Critical,,,,,,,,,3,Shade-Slayer Cloak is a very rare Cloak that reduces the number you need to roll a Critical Hit while hiding.,,,,,,,,,,
Drow Leather Gloves,,,Handwear,Common,Non-Armour,0.5,20,,,,FALSE,,,,,,,,,,,,,,,,,,,,,,Drow Leather Gloves are a common pair of Gloves worn by the Drow.,,,,,,,,,,
Druidic Bracers,,,Handwear,Common,Non-Armour,0.5,20,,,,FALSE,,,,,,,,,,,,,,,,,,,,,,Druidic Gloves are a common pair of Gloves.,,,,,,,,,,
Gloves (Equipment),,,Handwear,Common,Non-Armour,0.5,20,,,,FALSE,,,,,,,,,,,,,,,,,,,,,,"Gloves are a common pair of Gloves. While coming in varying appearances, these gloves offer no benefits beyond cosmetic appeal or as an item to sell off.",,,,,,,,,,
Gloves (Equipment),,,Handwear,Common,Non-Armour,0.5,20,,,,FALSE,,,,,,,,,,,,,,,,,,,,,,"Gloves are a common pair of Gloves. While coming in varying appearances, these gloves offer no benefits beyond cosmetic appeal or as an item to sell off.",,,,,,,,,,
Leather Bracers,,,Handwear,Common,Non-Armour,0.5,20,,,,FALSE,,,,,,,,,,,,,,,,,,,,,,Leather Bracers are a common pair of Gloves. These bracers offer no benefits beyond cosmetic appeal or as an item to sell off.,,,,,,,,,,
Leather Gloves,,,Handwear,Common,Non-Armour,0.5,20,,,,FALSE,,,,,,,,,,,,,,,,,,,,,,"Leather Gloves are a common pair of Gloves. While coming in varying appearances, these gloves offer no benefits beyond cosmetic appeal or as an item to sell off.",,,,,,,,,,
Nettie's Gloves,,,Handwear,Common,Non-Armour,0.5,20,,,,FALSE,,,,,,,,,,,,,,,,,,,,,,Nettie's Gloves are a common pair of Gloves belonging to the Druid Nettie. These gloves offer no benefits beyond cosmetic appeal or as an item to sell.,,,,,,,,,,
Braindrain Gloves,,,Handwear,Uncommon,Non-Armour,0.5,90,,,,FALSE,,,,,,,,,,,,Mental Interference,,,,,,,,,2,Braindrain Gloves are an uncommon pair of Gloves that inflicts Mental Fatigue on a foe whenever the wearer deals ⁠Psychic damage to them.,,,,,,,,,,
Dark Justiciar Gauntlets (Uncommon),,,Handwear,Uncommon,Non-Armour,0.5,110,,,,FALSE,,,,,,,1,,,,,Umbral Attack,,,,,,,,,2,The Dark Justiciar Gauntlets are an uncommon pair of Gloves that cause weapon attacks to deal an additional 1d4 Necrotic damage.,,,,,,,,,,
Fleetfingers,,,Handwear,Uncommon,Non-Armour,0.5,90,,,,FALSE,,,,,,,,,,,,Running Jump,,,,,,,,,1,The Fleetfingers are an uncommon pair of Gloves that allow the wearer to Jump after using Dash without costing a bonus action.,,,,,,,,,,
Gloves of Archery,,,Handwear,Uncommon,Non-Armour,0.5,60,,,,FALSE,,,,,,,,,,,,Corellon's Guiding Hand,,,,,,,,,1,"Gloves of Archery are an uncommon Gloves that grants the wearer Proficiency with Longbows and Shortbows, as well as +2 damage with ranged weapon attacks.",,,,,,,,,,
Gloves of Baneful Striking,,,Handwear,Uncommon,Non-Armour,0.5,90,,,,FALSE,,,,,,,,,,,,Baneful Strike,,,,,,,,,2,The Gloves of Baneful Striking are an uncommon pair of Gloves that applies a penalty to its saving throws against the wearer's spells.,,,,,,,,,,
Gloves of Belligerent Skies,,,Handwear,Uncommon,Non-Armour,0.5,90,,,,FALSE,,,,,,,,,,,,Thunderous Conversion,,,,,,,,,2,"The Gloves of Belligerent Skies are an uncommon pair of Gloves that inflict Reverberation when the wearer deals Thunder, Lightning or Radiant damage.",,,,,,,,,,
Gloves of Hail of Thorns,,,Handwear,Uncommon,Non-Armour,0.5,90,,,,FALSE,,,,,,,,,Hail of Thorns,1,Short Rest,,,,,,,,,,1,Gloves of Hail of Thorns are an uncommon pair of Gloves that grants the wearer the to ability to cast Hail of Thorns.,,,,,,,,,,
Gloves of Heroism,,,Handwear,Uncommon,Non-Armour,0.5,110,,,,FALSE,,,,,,STR,1,,,,,Warding Hands,,,,,,,,,1,The Gloves of Heroism are an uncommon pair of gloves that grants their wearer Heroism whenever using Channel Oath spells.,,,,,,,,,,
Gloves of Power,,,Handwear,Uncommon,Non-Armour,0.5,90,,,,FALSE,,,Sleight of Hand,1,,,,,,,,Absolute's Bane,,,,,,,,,1,Gloves of Power are an uncommon pair of Gloves that allows the wearer to inflict Bane on weapon attacks.,,,,,,,,,,
Gloves of the Growling Underdog,,,Handwear,Uncommon,Non-Armour,0.5,110,,,,FALSE,,,,,,STR,1,,,,,Underdog's Bravery,,,,,,,,,1,The Gloves of the Growling Underdog are an uncommon pair of Gloves which grant the wearer  Advantage on their melee attack rolls while surrounded by 2 or more enemies.,,,,,,,,,,
Gloves of Thievery,,,Handwear,Uncommon,Non-Armour,0.5,60,,,,FALSE,,,Sleight of Hand,,ADV,,,,,,,,,,,,,,,,1,Gloves of Thievery are an uncommon pair of Gloves that give the wearer  Advantage on Sleight of Hand checks.,,,,,,,,,,
Hellrider's Pride,,,Handwear,Uncommon,Non-Armour,0.5,110,,,,FALSE,,,,,,STR,1,,,,,Helm's Protection,,,,,,,,,1,The Hellrider's Pride are an uncommon pair of Gloves that grant a creature resistance to the physical damage of weapon attacks when healed by the wearer of these gauntlets.,,,,,,,,,,
Herbalist's Gloves,,,Handwear,Uncommon,Non-Armour,0.5,90,,,,FALSE,,,,,,,,,,,,Cleansing Touch,,,,,,,,,1,The Herbalist's Gloves are an uncommon pair of gloves that cleanse poison from those the wearer heals.,,,,,,,,,,
Ichorous Gloves,,,Handwear,Uncommon,Non-Armour,0.5,90,,,,FALSE,,,,,,,,,,,,Ichorous Corrosion,,,,,,,,,2,Ichorous Gloves are an uncommon set of Gloves that can inflict Noxious Fumes on targets that are dealt Acid damage.,,,,,,,,,,
Knock Knuckle Gloves,,,Handwear,Uncommon,Non-Armour,0.5,90,,,,FALSE,,,Sleight of Hand,1,,,,,Knock,2,Long Rest,,,,,,,,,,3,Knock Knuckle Gloves are uncommon Gloves that grant the spell Knock and increases Sleight of Hand by 1.,,,,,,,,,,
Luminous Gloves,,,Handwear,Uncommon,Non-Armour,0.5,110,,,,FALSE,,,,,,STR,1,,,,,Radiating Orb Gloves,,,,,,,,,2,The Luminous Gloves are an uncommon pair of Gloves that causes the wearer's Radiant damage to afflict struck foes with the Radiating Orb condition.,,,,,,,,,,
Reason's Grasp,,,Handwear,Uncommon,Non-Armour,0.5,90,,,,FALSE,,,,,,,,,,,,Ever Vigilant,,,,,,,,,1,Reason's Grasp are an uncommon pair of Gloves that give the wearer Temporary Hit Points if they choose to end their Rage.,,,,,,,,,,
Thermoarcanic Gloves,,,Handwear,Uncommon,Non-Armour,0.5,90,,,,FALSE,,,,,,,,,,,,Arcane Ashes,,,,,,,,,2,Thermoarcanic Gloves are an uncommon pair of Gloves which grants the wearer 2 turns of Heat whenever they deal Fire damage.,,,,,,,,,,
Unlucky Thief's Gloves,,,Handwear,Uncommon,Non-Armour,0.5,1,,,,FALSE,,,Sleight of Hand,2,,,,,,,,,,,,,,,,,3,Unlucky Thief's Gloves are an uncommon Gloves that grants the wearer +2 to Sleight of Hand checks.,,,,,,,,,,
Winter's Clutches,,,Handwear,Uncommon,Non-Armour,0.5,90,,,,FALSE,,,,,,,,,,,,Winter's Clutches,,,,,,,,,2,The Winter's Clutches are an uncommon pair of Gloves that allow the wearer to inflict Encrusted with Frost on enemies whenever they deal Cold damage.,,,,,,,,,,
Bracers of Defence,,,Handwear,Rare,Non-Armour,0.5,160,,,,FALSE,,,,,,,,,,,,Become the Bulwark,,,,,,,,,1,Bracers of Defence are a rare pair of Gloves which increase the wearer's Armour Class by 2 when unarmoured and not holding a shield.,,,,,,,,,,
Cerebral Citadel Gloves,,,Handwear,Rare,Non-Armour,0.5,290,,,,FALSE,,,,,,STR,1,,,,,Illithid Euphoria,,,,,,,,,3,The Cerebral Citadel Gloves are rare gloves that provide a bonus to Attack Rolls and Saving Throws when a character Charms or Frightens a creature.,,,,,,,,,,
Cindersnap Gloves,,,Handwear,Rare,Non-Armour,0.5,240,,,,FALSE,,,,,,,,,Protection from Missiles,2,Short Rest,,,,,,,,,,2,Cindersnap Gloves are a rare pair of Gloves that grants the spell Protection from Missiles.,,,,,,,,,,
Craterflesh Gloves,,,Handwear,Rare,Non-Armour,0.5,290,,,,FALSE,,,,,,STR,1,,,,,Craterous Wounds,,,,,,,,,3,Craterflesh Gloves are a rare pair of Gloves that deal additional Force damage on a Critical Hit.,,,,,,,,,,
Daredevil Gloves,,,Handwear,Rare,Non-Armour,0.5,240,,,,FALSE,,,,,,,,,,,,"Doom Lobber, Daredevil Proximity",,,,,,,,,2,Daredevil Gloves are a rare pair of Gloves that enhance Spell Attack Rolls and enable casting spells without Disadvantage even when adjacent to an enemy.,,,,,,,,,,
Dark Displacement Gloves,,,Handwear,Rare,Non-Armour,0.5,160,,,,FALSE,,,Sleight of Hand,1,,,,,,,,Subtle Swap,,,,,,,,,3,Dark Displacement Gloves are a rare pair of Gloves that grant their wearer +1 Sleight of Hand. They also give a +1 Attack Roll bonus when attacking with thrown weapons and swap positions with these targets if they fail a Dexterity Saving Throw.,,,,,,,,,,
Dark Justiciar Gauntlets (Rare),,,Handwear,Rare,Non-Armour,0.5,290,,,,FALSE,,,,,,STR,1,,Beckoning Darkness,4,Per Turn,Umbral Attack,,,,,,,,,,The Dark Justiciar Gauntlets are a rare pair of Gloves that cause weapon attacks to deal an additional 1d4 Necrotic damage. It also grants better Strength Saving Throws and allows the wearer to cast Beckoning Darkness once per turn.,,,,,,,,,,
Flawed Helldusk Gloves,,,Handwear,Rare,Non-Armour,0.5,290,,,,FALSE,,,,,,STR,1,,,,,Lesser Infernal Touch,,,,,,,,,2,Flawed Helldusk Gloves are a rare pair of gloves that grant 1d4 Fire damage to weapon attacks. Unarmed attacks deal an additional 1d4 Necrotic damage and have a chance to inflict Bleeding.,,,,,,,,,,
Gloves of Battlemage's Power,,,Handwear,Rare,Non-Armour,0.5,290,,,,FALSE,,,,,,STR,1,,,,,Battlemage's Power,,,,,,,,,2,Gloves of Battlemage's Power is a set of rare Gloves. They allow the wearer to gain Arcane Acuity whenever they hit a target with a spell or cantrip that uses a weapon.,,,,,,,,,,
Gloves of Cinder and Sizzle,,,Handwear,Rare,Non-Armour,0.5,240,,,,FALSE,,,,,,,,,Scorching Ray,3,Long Rest,Dragonfire Fists,,,,,,,,,2,The Gloves of Cinder and Sizzle are a rare pair of Gloves that give the wearer Fire damage to their unarmed attacks and the ability to cast Scorching Ray once per Long Rest.,,,,,,,,,,
Gloves of Crushing,,,Handwear,Rare,Non-Armour,0.5,160,,,,FALSE,,,,,,,,,,,,Crushing Blows,,,,,,,,,2,Gloves of Crushing are rare gloves that enhance unarmed attack rolls and grant bonus Bludgeoning damage to unarmed attacks.,,,,,,,,,,
Gloves of Missile Snaring,,,Handwear,Rare,Non-Armour,0.5,160,,,,FALSE,,,,,,,,,Missile Snaring,,,,,,,,,,,,1,Gloves of Missile Snaring is a rare pair of gloves that allows the wearer to use Missile Snaring to reduce incoming ranged damage as a Reaction.,,,,,,,,,,
Gloves of the Automaton,,,Handwear,Rare,Non-Armour,0.5,290,,,,FALSE,,,,,,STR,1,,Circuitry Interface,,,,,,,,,,,,2,"The Gloves of the Automaton are a rare pair of Gloves which, when activated, cause the wearer to be treated as a Construct and grant Advantage on weapon attacks for 10 turns.",,,,,,,,,,
Gloves of the Balanced Hands,,,Handwear,Rare,Non-Armour,0.5,160,,,,FALSE,,,,,,,,,,,,Two-Weapon Fighting,,,,,,,,,2,Gloves of the Balanced Hands are a rare pair of Gloves that adds the wearer's Ability Modifier to damage when they make an attack with their off-hand weapon.,,,,,,,,,,
Gloves of The Duellist,,,Handwear,Rare,Non-Armour,0.5,160,,,,FALSE,,,,,,,,,,,,Duelling Gloves,,,,,,,,,2,Gloves of The Duellist are a rare pair of Gloves that enhance melee weapon Attack Rolls when the wearer only holds one weapon in the main hand.,,,,,,,,,,
Gloves of Uninhibited Kushigo,,,Handwear,Rare,Non-Armour,0.5,240,,,,FALSE,,,,,,,,,,,,Kushigo's Might,,,,,,,,,1,Gloves of Uninhibited Kushigo is a rare pair of gloves that deals additional damage with Throw attacks and Improvised Weapons attacks.,,,,,,,,,,
Jhannyl's Gloves,,,Handwear,Rare,Non-Armour,0.5,240,,,,FALSE,,,,,,,1,,,,,Defy Villainy,,,,,,,,,2,"Jhannyl's Gloves are a rare pair of Gloves that lets the wearer automatically cast Lesser Restoration on themselves when they become Blinded, Paralysed or Poisoned.",,,,,,,,,,
Martial Exertion Gloves,,,Handwear,Rare,Non-Armour,0.5,160,,,,FALSE,,,,,,,,,Martial Exertion,,Short Rest,,,,,,,,,,3,Martial Exertion Gloves are a rare pair of Gloves that allows the wearer to gain an additional attack and double its movement speed for one turn at the cost of taking some damage.,,,,,,,,,,
Nimblefinger Gloves,,,Handwear,Rare,Non-Armour,0.5,160,,,,FALSE,,,Sleight of Hand,1,,,,,,,,Nimblefinger,,,,,,,,,3,"Nimblefinger Gloves are a rare pair of Gloves that grant a Dexterity bonus to Gnomes, Halflings, and Dwarves, and a bonus to Sleight of Hand.",,,,,,,,,,
Poisoner's Gloves,,,Handwear,Rare,Non-Armour,0.5,240,,,,FALSE,,,,,,,,,,,,Envenom,,,,,,,,,2,Poisoner's Gloves are a rare set of Gloves which has a chance to poison a target every time it receives Poison damage.,,,,,,,,,,
Raven Gloves,,,Handwear,Rare,Non-Armour,0.5,160,,,,FALSE,,,,,,,,,Summon Quothe the Raven,3,Short Rest,,,,,,,,,,2,Raven Gloves are rare Gloves that allow the wearer to summon a Raven.,,,,,,,,,,
Seraphic Pugilist Gloves,,,Handwear,Rare,Non-Armour,0.5,240,,,,FALSE,,,,,,,,,Guiding Bolt,4,Long Rest,Angelclocker Knuckles,,,,,,,,,3,Seraphic Pugilist Gloves are a rare pair of gloves that give additional 1d4 Radiant damage to unarmed attacks and give the ability to cast Guiding Bolt.,,,,,,,,,,
Servitor of the Black Hand Gloves,,,Handwear,Rare,Non-Armour,0.5,240,,,,FALSE,,,,,,,,,Fear,3,Long Rest,Enervating Suffusion,,,,,,,,,,The Servitor of the Black Hand Gloves are a rare pair of Gloves that give additional Force damage to unarmed attacks and allows the wearer to cast Fear once per Long Rest.,,,,,,,,,,
Snow-Dusted Monastery Gloves,,,Handwear,Rare,Non-Armour,0.5,450,,,,FALSE,,,,,,,,,Ice Knife,3,Long Rest,Chilling Strike,,,,,,,,,3,Snow-Dusted Monastery Gloves are a rare pair of Gloves that cause the wearer's unarmed attacks to deal an additional 1d4 Cold damage. It also grants the ability to cast Ice Knife as a 3rd level spell once per Long Rest.,,,,,,,,,,
Spellseeking Gloves,,,Handwear,Rare,Non-Armour,0.5,160,,,,FALSE,,,,,,,,,,,,Seeking Spell,,,,,,,,,3,Spellseeking Gloves are rare Gloves that allow the wearer to spend a Sorcery Point to gain Advantage when making a spell attack roll.,,,,,,,,,,
Stalker Gloves,,,Handwear,Rare,Non-Armour,0.5,400,,,,FALSE,,,,,,,,,,,,"Seldom Caught Unawares (Stalker Gloves), Skullduggery Attack",,,,,,,,,3,Stalker Gloves are a rare pair of gloves which improve the wearer's Sneak Attack and Initiative.,,,,,,,,,,
Swordmaster Gloves,,,Handwear,Rare,Non-Armour,0.5,160,,,,FALSE,,,,,,,,,,,,Sword Mastery,,,,,,,,,2,The Swordmaster Gloves are a rare pair of Gloves that grant proficiency in three types of sword and provide a bonus to melee Attack Rolls.,,,,,,,,,,
The Sparkle Hands,,,Handwear,Rare,Non-Armour,0.5,110,,,,FALSE,,,,,,,,,,,,"Conductive Strikes, Effective Transmitter",,,,,,,,,1,The Sparkle Hands are a pair of rare Gloves that grant Lightning Charges on unarmed attacks and provides Advantage against metal constructs and armoured foes while charged.,,,,,,,,,,
Thunderpalm Strikers,,,Handwear,Rare,Non-Armour,0.5,450,,,,FALSE,,,,,,,,,Thunderwave,3,Long Rest,Booming Blows,,,,,,,,,3,Thunderpalm Strikers are a rare pair of Gloves that add Thunder damage to unarmed attacks and allow the wearer to cast Thunderwave once per Long Rest.,,,,,,,,,,
Winkling Gloves,,,Handwear,Rare,Non-Armour,0.5,240,,,,FALSE,,,Sleight of Hand,1,,,,,,,,,,,,,1,,,,3,Winkling Gloves are a Rare pair of Gloves that improves your Attack Rolls and Sleight of Hand checks.,,,,,,,,,,
Wondrous Gloves,,,Handwear,Rare,Non-Armour,0.5,160,,,,FALSE,,,,,,,,,,,,Troubadour's Wonder,,,,,,,,,1,The Wondrous Gloves are a rare pair of gloves that increase AC and give Bards an additional Bardic Inspiration.,,,,,,,,,,
Abyss Beckoners,,,Handwear,Very Rare,Non-Armour,0.5,450,,,,FALSE,,,,,,,,,,,,Demonspirit Aura,,,,,,,,,1,The Abyss Beckoners are a very rare pair of gloves which improve the damage resistance of summons at the risk of driving them Mad.,,,,,,,,,,
Bhaalist Gloves,,,Handwear,Very Rare,Non-Armour,0.5,540,,,,FALSE,,,,,,,,,Garrotte,,Short Rest,,,,,,1,,,,3,Bhaalist Gloves are a very rare pair of Gloves that allow the wearer to Garrotte a target.,,,,,,,,,,
Bonespike Gloves,,,Handwear,Very Rare,Non-Armour,0.5,300,,,,FALSE,,,,,,,,,,,,Exoskeletal Reinforcement,,,,,,,,,3,"Bonespike Gloves is a pair of very rare gloves that make your attacks ignore Resistance to Slashing, Piercing, and Bludgeoning damage.",,,,,,,,,,
Gauntlet of the Tyrant,,,Handwear,Very Rare,Non-Armour,0.5,300,,,,FALSE,,,,,,,,,Command,3,Long Rest,"Enervating Suffusion, High Spellcasting (+1)",,,,,,,,,3,Gauntlet of the Tyrant is a very rare Glove that grants +1 Spell Save DC and additional Force damage for unarmed attacks. Also grants the Command spell.,,,,,,,,,,
Gauntlets of Hill Giant Strength,,,Handwear,Very Rare,Non-Armour,0.5,540,,,,FALSE,,,,,,STR,1,,,,,,STR,23,23,,,,,,3,Gauntlets of Hill Giant Strength are very rare Gloves that can be obtained from the House of Hope. These gloves set the wearer's Strength ability score to 23.,,,,,,,,,,
Gemini Gloves,,,Handwear,Very Rare,Non-Armour,0.5,460,,,,FALSE,,,,,,,,,,,,Adroit Caster,,,,,,,,,3,The Gemini Gloves are a very rare pair of Gloves. They grant the wearer the ability to cast Cantrips which can target foes or allies twice.,,,,,,,,,,
Gloves of Dexterity,,,Handwear,Very Rare,Non-Armour,0.5,300,,,,FALSE,,,,,,,,,,,,,DEX,18,18,,1,,,,2,The Gloves of Dexterity are a very rare pair of gloves that give a character 18 Dexterity and increase their  Attack rolls by 1.,,,,,,,,,,
Helldusk Gloves,,,Handwear,Very Rare,Non-Armour,0.5,540,,,,FALSE,,,,,,STR,1,,Rays of Fire,,Short Rest,"Infernal Acuity, Infernal Touch",,,,,,,,,3,"Helldusk Gloves are a very rare pair of Gloves. They grant bonuses to spellcasting, weapon attacks, and unarmed attacks.",,,,,,,,,,
Hr'a'cknir Bracers,,,Handwear,Very Rare,Non-Armour,0.5,540,,,,FALSE,,,,,,STR,1,,Telekinesis,5,Short Rest,Quickened Mage Hand,,,,,,,,,2,Hr'a'cknir Bracers is a very rare set of Gloves that allows the wearer to cast Mage Hand as a Bonus Action and cast Telekinesis once per Short Rest.,,,,,,,,,,
Quickspell Gloves,,,Handwear,Very Rare,Non-Armour,0.5,300,,,,FALSE,,,,,,,,,,,,Quickspell Flinger,,,,,,,,,3,"Quickspell Gloves are a pair of Very Rare Gloves that grant the wearer the ability to cast a Cantrip as a Bonus Action instead of an Action, once per Short Rest.",,,,,,,,,,
Spellmight Gloves,,,Handwear,Very Rare,Non-Armour,0.5,300,,,,FALSE,,,,,,,,,,,,Spellmight,,,,,,,,,3,Spellmight Gloves are a pair of very rare Gloves which allow the wearer to deal additional damage at the cost of accuracy.,,,,,,,,,,
Gloves of Soul Catching,,,Handwear,Story Item,Non-Armour,0.5,960,,,,FALSE,,,,,,,,,,,,"Soul Fist, Soul Catching",CON,2,20,,,,,,3,"The Gloves of Soul Catching are a legendary pair of Gloves. They grant additional Force damage to unarmed attacks, +2 Constitution, and heal the wearer after an unarmed attack.",,,,,,,,,,
Metallic Gloves,,,Handwear,Common,Medium,0.5,40,,,,FALSE,,,,,,STR,1,,,,,,,,,,,,,,1,Metallic Gloves are a common pair of Gloves.,,,,,,,,,,
Blackguard's Gauntlets,,,Handwear,Rare,Medium,0.5,800,,,,FALSE,,,,,,STR,1,,Inflict Wounds,4,Long Rest,,,,,,1,,,,3,"Blackguard's Gauntlets are a rare pair of Gauntlets that grant their wearer +1 Attack, +1 Strength Saving Throws, and allows them to cast Inflict Wounds as a 4th level spell once per Long Rest.",,,,,,,,,,
Gauntlets of Surging Accuracy,,,Handwear,Rare,Medium,0.5,300,,,,FALSE,,,,,,,,,,,,Surge Accuracy,,,,,,,,,2,Gauntlets of Surging Accuracy are a rare pair of gloves that give the wearer a +1d4 bonus to Attack Rolls for the rest of their turn when using Action Surge.,,,,,,,,,,
Unwanted Masterwork Gauntlets,,,Handwear,Rare,Medium,0.5,300,,,,FALSE,,,,,,STR,1,,,,,,,,,,1,,,,3,Unwanted Masterwork Gauntlets are a rare pair of Gloves that provides a bonus to Attack Rolls and Strength Saving Throws. It is part of the Unwanted set.,,,,,,,,,,
Gauntlets of the Warmaster,,,Handwear,Very Rare,Medium,0.5,1600,,,,FALSE,,,,,,,,,,,,Heightened Manoeuvre,,,,,1,,,,3,Gauntlets of the Warmaster are a very rare pair of Gauntlets. They grant their wielder +1 on Attack Rolls and subject the targets of their Manoeuvres to Disadvantage.,,,,,,,,,,
Legacy of the Masters,,,Handwear,Very Rare,Medium,0.5,570,,,,FALSE,,,,,,STR,1,,,,,Arming Enhancement,,,,,,,,,3,The Legacy of the Masters are a very rare pair of Gloves that grants the wearer +2 to Attack Rolls and Damage Rolls.,,,,,,,,,,
The Reviving Hands,,,Handwear,Very Rare,Medium,0.5,570,,,,FALSE,,,,,,STR,1,,Revivify,3,Long Rest,Aegis Palms,,,,,,,,,3,The Reviving Hands are a very rare pair of Gloves that grants the wearer the to ability to cast Revivify and applies Blade Ward and Death Ward to creatures healed or revived by the wearer respectively.,,,,,,,,,,
Appreciably-Cared-For Boots,,,Footwear,Common,Non-Armour,0.6kg,15,,,,FALSE,,,,,,,,,,,,,,,,,,,,,,Appreciably-Cared-For Boots are a common pair of Boots.,,,,,,,,,,
Cleverly Cobbled Boots,,,Footwear,Common,Non-Armour,0.6kg,5,,,,FALSE,,,,,,,,,,,,,,,,,,,,,,Cleverly Cobbled Boots are a common pair of Shoes.,,,,,,,,,,
Drow Leather Boots,,,Footwear,Common,Non-Armour,0.6kg,15,,,,FALSE,,,,,,,,,,,,,,,,,,,,,,Drow Leather Boots are a common pair of Boots.,,,,,,,,,,
Firm-Soled Boots,,,Footwear,Common,Non-Armour,0.6kg,15,,,,FALSE,,,,,,,,,,,,,,,,,,,,,,Firm-Soled Boots are a common pair of Boots.,,,,,,,,,,
Grovetender Boots,,,Footwear,Common,Non-Armour,0.6kg,15,,,,FALSE,,,,,,,,,,,,,,,,,,,,,,Grovetender Boots are a common pair of Boots.,,,,,,,,,,
Hardily Constructed Boots,,,Footwear,Common,Non-Armour,0.6kg,5,,,,FALSE,,,,,,,,,,,,,,,,,,,,,,Hardily Constructed Boots are a common pair of boots.,,,,,,,,,,
Heavy Boots,,,Footwear,Common,Non-Armour,0.6kg,15,,,,FALSE,,,,,,,,,,,,,,,,,,,,,,Heavy Boots are a common pair of Boots.,,,,,,,,,,
Humbly Cobbled Shoes,,,Footwear,Common,Non-Armour,0.6kg,5,,,,FALSE,,,,,,,,,,,,,,,,,,,,,,Humbly Cobbled Shoes are a common pair of Shoes.,,,,,,,,,,
Jaheira’s Boots,,,Footwear,Common,Non-Armour,0.6kg,15,,,,FALSE,,,,,,,,,,,,,,,,,,,,,,Jaheira’s Boots are a common pair of Boots worn by Jaheira.,,,,,,,,,,
Karlach's Boots,,,Footwear,Common,Non-Armour,0.6kg,5,,,,FALSE,,,,,,,,,,,,,,,,,,,,,,Karlach's Boots is the default Boots for Karlach.,,,,,,,,,,
Leather Boots,,,Footwear,Common,Non-Armour,0.6kg,15,,,,FALSE,,,,,,,,,,,,,,,,,,,,,1,Leather Boots are a common pair of Boots.,,,,,,,,,,
Leather Boots (Barbarian),,,Footwear,Common,Non-Armour,0.6kg,5,,,,FALSE,,,,,,,,,,,,,,,,,,,,,,Leather Boots are a common pair of Boots.,,,,,,,,,,
Lonely Left Boot of Elvenkind,,,Footwear,Common,Non-Armour,0.6kg,5,,,,FALSE,,,,,,,,,,,,,,,,,,,,,,Lonely Left Boot of Elvenkind are a common pair of Boots.,,,,,,,,,,
Monastic Boots,,,Footwear,Common,Non-Armour,0.6kg,5,,,,FALSE,,,,,,,,,,,,,,,,,,,,,,Monastic Boots are a common pair of Boots.,,,,,,,,,,
Plain Boots,,,Footwear,Common,Non-Armour,0.6kg,15,,,,FALSE,,,,,,,,,,,,,,,,,,,,,,Plain Boots are a common footwear.,,,,,,,,,,
Quite Fashionable Boots,,,Footwear,Common,Non-Armour,0.6kg,5,,,,FALSE,,,,,,,,,,,,,,,,,,,,,,Quite Fashionable Boots are a common pair of Shoes.,,,,,,,,,,
Simple Boots,,,Footwear,Common,Non-Armour,0.6kg,5,,,,FALSE,,,,,,,,,,,,,,,,,,,,,,Simple Boots are a common pair of Boots.,,,,,,,,,,
Smarmy Swaggerer Boots,,,Footwear,Common,Non-Armour,0.6kg,15,,,,FALSE,,,,,,,,,,,,,,,,,,,,,,Smarmy Swaggerer Boots is a common pair of Boots.,,,,,,,,,,
Soft and Comfortable Shoes,,,Footwear,Common,Non-Armour,0.6kg,5,,,,FALSE,,,,,,,,,,,,,,,,,,,,,,Soft and Comfortable Shoes are a common pair of Shoes.,,,,,,,,,,
Stiffly-Shod Boots,,,Footwear,Common,Non-Armour,0.6kg,15,,,,FALSE,,,,,,,,,,,,,,,,,,,,,,Stiffly-Shod Boots are a common pair of Boots.,,,,,,,,,,
Thin-Soled Shoes,,,Footwear,Common,Non-Armour,0.6kg,5,,,,FALSE,,,,,,,,,,,,,,,,,,,,,,Thin-Soled Shoes are a common pair of Shoes.,,,,,,,,,,
Tidy Slender Boots,,,Footwear,Common,Non-Armour,0.6kg,15,,,,FALSE,,,,,,,,,,,,,,,,,,,,,,Tidy Slender Boots are a common pair of Boots.,,,,,,,,,,
Tough Shoes,,,Footwear,Common,Non-Armour,0.6kg,5,,,,FALSE,,,,,,,,,,,,,,,,,,,,,,Tough Shoes are a common pair of Shoes.,,,,,,,,,,
Tough-Soled Shoes,,,Footwear,Common,Non-Armour,0.6kg,5,,,,FALSE,,,,,,,,,,,,,,,,,,,,,,Tough-Soled Shoes are a common pair of Shoes.,,,,,,,,,,
Boots of Aid and Comfort,,,Footwear,Uncommon,Non-Armour,0.6kg,70,,,,FALSE,,,,,,,,,,,,The Comeback,,,,,,,,,1,Boots of Aid and Comfort are an uncommon pair of Boots that grant additional Temporary Hit Points to creatures healed by the wearer.,,,,,,,,,,
Boots of Stormy Clamour,,,Footwear,Uncommon,Non-Armour,0.6kg,70,,,,FALSE,,,,,,,,,,,,Arcane Echomalefaction,,,,,,,,,1,Boots of Stormy Clamour are an uncommon pair of Boots that inflicts the  Reverberation condition on a creature when afflicting it with another condition.,,,,,,,,,,
Boots of Very Fast Blinking,,,Footwear,Uncommon,Non-Armour,0.6kg,1,,,,FALSE,,,,,,,,,Disrobing Blinkstep,2,Per Turn,,,,,,,,,,3,"Boots of Very Fast Blinking are an uncommon pair of Boots that grant the wearer the ability to cast  Misty Step once per turn, but with the drawback that their clothes are left behind.",,,,,,,,,,
Cinder Shoes,,,Footwear,Uncommon,Non-Armour,0.6kg,70,,,,FALSE,,,,,,,,,,,,Cinders,,,,,,,,,1,Cinder Shoes is a pair of uncommon Boots that grants Heat whenever the wearer Burns an enemy.,,,,,,,,,,
Hoarfrost Boots,,,Footwear,Uncommon,Non-Armour,0.6kg,70,,,,FALSE,,,,,,,,,,,,Hoarfrost Balance,,,,,,,,,2,Hoarfrost Boots are an uncommon pair of Boots that allow the wearer to not slip on icy surfaces.,,,,,,,,,,
Mystra's Grace,,,Footwear,Uncommon,Non-Armour,0.6kg,70,,,,FALSE,,,,,,,,,Feather Fall,1,Per Turn,,,,,,,,,,1,Mystra's Grace is an uncommon pair of Boots that allow the wearer to cast the Feather Fall spell at will.,,,,,,,,,,
Spiderstep Boots,,,Footwear,Uncommon,Non-Armour,0.6kg,70,,,,FALSE,,,,,,,,,,,,Spider Step,,,,,,,,,1,Spiderstep Boots are an uncommon pair of Boots that allow the wearer to walk across webs freely.,,,,,,,,,,
Tyrannical Jackboots,,,Footwear,Uncommon,Non-Armour,0.6kg,100,,,,FALSE,,,,,,,,,,,,Scintillating,,,,,,,,,3,Tyrannical Jackboots are an uncommon pair of Boots that grant a +1 bonus to Charisma checks and Saving Throws.,,,,,,,,,,
Varsh Ko'kuu's Boots,,,Footwear,Uncommon,Non-Armour,0.6kg,70,,,,FALSE,,,,,,,,,,,,Caretaker's Care,,,,,,,,,2,Varsh Ko'kuu's Boots are an uncommon pair of Boots that grant immunity to Acid surfaces and Resistance to Acid damage.,,,,,,,,,,
Acrobat Shoes,,,Footwear,Rare,Non-Armour,0.6kg,35,,,,FALSE,,,Acrobatics,1,,DEX,,ADV,,,,,,,,,,,,,2,Acrobat Shoes is a pair of rare Boots that grants a bonus to Acrobatics and Advantage on Dexterity Saving Throws.,,,,,,,,,,
Boots of Apparent Death,,,Footwear,Rare,Non-Armour,0.6kg,190,,,,FALSE,,,,,,,,,Feign Death,3,Short Rest,,,,,,,,,,2,Boots of Apparent Death are a rare set of Boots that grants the wearer the ability to cast Feign Death once per Short Rest.,,,,,,,,,,
Boots of Arcane Bolstering,,,Footwear,Rare,Non-Armour,0.6kg,190,,,,FALSE,,,,,,,,,,,,Rapid Caster,,,,,,,,,2,"Boots of Arcane Bolstering is a pair of rare Boots that grants Arcane Charge each time the wearer Dashes, adding +1 bonus to damage with spells while Threatened.",,,,,,,,,,
Boots of Brilliance,,,Footwear,Rare,Non-Armour,0.6kg,190,,,,FALSE,,,,,,,,,Restore Bardic Inspiration,,Long Rest,,,,,,,,,,2,Boots of Brilliance are a rare pair of Boots that allow the wearer to replenish one Bardic Inspiration charge once per long rest.,,,,,,,,,,
Boots of Genial Striding,,,Footwear,Rare,Non-Armour,0.6kg,190,,,,FALSE,,,,,,,,,,,,Genial Strider,,,,,,,,,1,Boots of Genial Striding is a pair of rare Boots that allow the wearer to move over difficult terrain without impediment.,,,,,,,,,,
Boots of Speed,,,Footwear,Rare,Non-Armour,0.6kg,190,,,,FALSE,,,,,,,,,Click Heels,,,,,,,,,,,,1,The Boots of Speed is a pair of rare Boots that allows the wearer to click their heels for a burst of speed that makes it difficult for enemies to land Attacks of Opportunity on them.,,,,,,,,,,
Boots of Uninhibited Kushigo,,,Footwear,Rare,Non-Armour,0.6kg,190,,,,FALSE,,,,,,,,,,,,Experienced And Deadly,,,,,,,,,3,The Boots of Uninhibited Kushigo are a rare pair of Boots that add your Wisdom modifier to your unarmed strikes' damage.,,,,,,,,,,
Evasive Shoes,,,Footwear,Rare,Non-Armour,0.6kg,95,,,1,FALSE,,,Acrobatics,1,,,,,,,,,,,,,,,,,2,The Evasive Shoes are a rare pair of Boots that give a small bonus to Acrobatics and Armour Class.,,,,,,,,,,
Linebreaker Boots,,,Footwear,Rare,Non-Armour,0.6kg,190,,,,FALSE,,,,,,,,,,,,Adrenaline Rush,,,,,,,,,1,The Linebreaker Boots are a rare pair of Boots that grants the wearer Wrath whenever they Dash.,,,,,,,,,,
Slinging Shoes,,,Footwear,Rare,Non-Armour,0.6kg,35,,,,FALSE,,,,,,DEX,1,,,,,Shoe Slinger,,,,,,,,,3,Slinging Shoes is a pair of Boots that deal psychic damage and return to the wearer when thrown.,,,,,,,,,,
Spaceshunt Boots,,,Footwear,Rare,Non-Armour,0.6kg,190,,,,FALSE,,,,,,,,,Dimension Door,4,Long Rest,,,,,,,,,,3,Spaceshunt Boots is a rare pair of Boots that allow the wearer to cast the Dimension Door spell as an Action once per Long Rest.,,,,,,,,,,
Springstep Boots,,,Footwear,Rare,Non-Armour,0.6kg,190,,,,FALSE,,,,,,,,,,,,Swift Strides,,,,,,,,,1,"Springstep Boots is a pair of rare Boots that allows the wearer to gain Momentum whenever they dash in combat, further improving their Movement Speed.",,,,,,,,,,
Swiresy Shoes,,,Footwear,Rare,Non-Armour,0.6kg,35,,,,FALSE,,,Acrobatics,1,,,,,,,,Refined Vaulting (Swiresy Shoes),,,,,,,,,1,The Swiresy Shoes are a pair of rare Boots that improve Jumping distance and Acrobatics skill.,,,,,,,,,,
The Watersparkers,,,Footwear,Rare,Non-Armour,0.6kg,190,,,,FALSE,,,,,,,,,,,,"Electrify Water, Watersparks",,,,,,,,,1,The Watersparkers are a pair of rare Boots that allow the wearer to electrify water surfaces and gain Lightning Charges.,,,,,,,,,,
Bonespike Boots,,,Footwear,Very Rare,Non-Armour,0.6kg,70,,,,FALSE,,,,,,,,,Brutal Leap,,Per Turn,"Evasive Instinct, Refined Vaulting (Bonespike Boots)",,,,,,,,,3,Bonespike Boots are a Very rare pair of Boots that enhances jump distance and gives the character access to the Brutal Leap ability.,,,,,,,,,,
Helldusk Boots,,,Footwear,Very Rare,Non-Armour,0.6kg,450,,,,FALSE,,,,,,,,,Hellcrawler,,Short Rest,"Steadfast, Infernal Evasion",,,,,,,,,3,"The Helldusk Boots are a very rare pair of Boots that allows the wearer to ignore Difficult Terrain, and to use a  Reaction to succeed on a Saving Throw. It also grants the Hellcrawler bonus action.",,,,,,,,,,
Disintegrating Night Walkers,,,Footwear,Story Item,Non-Armour,0.6kg,360,,,,FALSE,,,,,,,,,Misty Step,2,Short Rest,Night Walker,,,,,,,,,1,"The Disintegrating Night Walkers are story-related Boots which grant their wearer immunity to various surface effects, and also allows them to cast Misty Step once per Short Rest.",,,,,,,,,,
Dreamsome Boots,,,Footwear,Common,Medium,2.0kg,30,,,,FALSE,,,Athletics,1,,,,,,,,,,,,,,,,,,Dreamsome Boots are a pair of Boots worn by the guardian who appears in the player character's dreams.,,,,,,,,,,
Githyanki Boots,,,Footwear,Common,Medium,2.0kg,30,,,,FALSE,,,Athletics,1,,,,,,,,,,,,,,,,,,Githyanki Boots are a common pair of Boots.,,,,,,,,,,
Metallic Boots,,,Footwear,Common,Medium,2.0kg,30,,,,FALSE,,,Athletics,1,,,,,,,,,,,,,,,,,,Metallic Boots are a common pair of Boots.,,,,,,,,,,
Oathbreaker Knight Boots,,,Footwear,Common,Medium,2.0kg,30,,,,FALSE,,,Athletics,1,,,,,,,,,,,,,,,,,,Oathbreaker Knight Boots are a common medium-armour footwear that grants the wearer Athletics +1,,,,,,,,,,
Boots of Elemental Momentum,,,Footwear,Uncommon,Medium,2.0kg,90,,,,FALSE,,,Athletics,1,,,,,,,,Elemental Momentum,,,,,,,,,2,The Boots of Elemental Momentum are an uncommon pair of Boots that grant Momentum whenever the wearer deals elemental damage with a spell or cantrip.,,,,,,,,,,
Boots of Striding,,,Footwear,Uncommon,Medium,2.0kg,90,,,,FALSE,,,Athletics,1,,,,,,,,Focused Stride,,,,,,,,,1,The Boots of Striding are an uncommon pair of Boots that grants the wearer a burst of speed whenever they begin concentrating on a spell.,,,,,,,,,,
Blackguard's Greaves,,,Footwear,Rare,Medium,2.0kg,640,,,,FALSE,,,Athletics,1,,,,,,,,Strider Movement,,,,,,,,,3,Blackguard's Greaves are a rare pair of Greaves that grant their wearer a permanent Longstrider effect and a +1 bonus to Athletics.,,,,,,,,,,
Dark Justiciar Boots,,,Footwear,Rare,Medium,2.0kg,240,,,,FALSE,,,,,,DEX,1,,Shadow Teleportation,,Short Rest,,,,,,,,,,,The Dark Justiciar Boots are a rare pair of Boots that grants the wearer better Dexterity Saving Throws and the ability to cast Shadow Teleportation once per Short Rest.,,,,,,,,,,
The Speedy Lightfeet,,,Footwear,Rare,Medium,2.0kg,240,,,,FALSE,,,Athletics,1,,,,,,,,Speedy Sparks,,,,,,,,,1,The Speedy Lightfeet are a pair of rare Boots that allow the wearer to gain Lightning Charges when Dashing in combat.,,,,,,,,,,
Unwanted Masterwork Greaves,,,Footwear,Rare,Medium,2.0kg,240,,,,FALSE,,,Athletics,1,,,,,,,,,,,,,,,,,3,Unwanted Masterwork Greaves are a rare pair of Boots that provide a bonus to Athletics. It is part of the Unwanted set.,,,,,,,,,,
Vital Conduit Boots,,,Footwear,Rare,Medium,2.0kg,240,,,,FALSE,,,Athletics,1,,,,,,,,Vital Conduit,,,,,,,,,2,The Vital Conduit Boots are a pair of rare Boots that grants the wearer temporary Hit Points when they cast a Spell that requires Concentration.,,,,,,,,,,
Boots of Persistence,,,Footwear,Very Rare,Medium,2.0kg,1300,,,,FALSE,,,,,,DEX,1,,,,,Legendary Mobility,,,,,,,,,3,Boots of Persistence is a pair of Boots that grant their wearer permanent Freedom of Movement and Longstrider effects.,,,,,,,,,,
Boots of Psionic Movement,,,Footwear,Very Rare,Medium,2.0kg,450,,,,FALSE,,,,,,DEX,1,,Githborn: Flying Boots,3,Long Rest,Flying Strike,,,,,,,,,3,"Boots of Psionic Movement are a very rare pair of Boots that allow Githyanki wearers to fly, and enhances their attacks with Psychic damage.",,,,,,,,,,